FollowUpID,LeadID,FollowUpDate,CallDuration,ResponseTimeMins,SiteVisit
1_0,1,2024-06-29,12,72,No
1_1,1,2024-06-30,9,5,No
1_2,1,2024-07-01,11,16,No
1_3,1,2024-07-02,1,14,Yes
1_4,1,2024-07-03,11,65,Yes
2_0,2,2024-12-13,7,36,Yes
3_0,3,2024-06-16,2,117,Yes
3_1,3,2024-06-17,3,83,No
4_0,4,2024-08-22,9,97,No
5_0,5,2024-03-27,14,29,Yes
5_1,5,2024-03-28,15,119,No
5_2,5,2024-03-29,7,16,No
5_3,5,2024-03-30,12,93,No
6_0,6,2024-02-21,8,47,No
6_1,6,2024-02-22,11,14,Yes
7_0,7,2024-12-15,3,19,Yes
8_0,8,2024-05-25,8,4,Yes
9_0,9,2024-01-06,10,95,No
9_1,9,2024-01-07,13,22,No
10_0,10,2024-10-27,2,2,Yes
11_0,11,2024-02-05,8,57,No
11_1,11,2024-02-06,13,43,Yes
11_2,11,2024-02-07,1,21,No
11_3,11,2024-02-08,1,97,Yes
12_0,12,2024-04-19,2,24,No
12_1,12,2024-04-20,15,39,No
13_0,13,2024-06-25,2,9,No
13_1,13,2024-06-26,12,48,No
13_2,13,2024-06-27,10,108,No
13_3,13,2024-06-28,15,101,No
13_4,13,2024-06-29,15,36,Yes
14_0,14,2024-07-21,7,57,No
14_1,14,2024-07-22,2,111,No
14_2,14,2024-07-23,7,113,Yes
14_3,14,2024-07-24,9,103,No
15_0,15,2024-01-24,6,73,Yes
15_1,15,2024-01-25,12,51,Yes
15_2,15,2024-01-26,3,56,Yes
15_3,15,2024-01-27,2,81,No
16_0,16,2024-03-01,5,53,No
17_0,17,2024-03-23,9,35,No
18_0,18,2024-02-28,14,80,Yes
19_0,19,2024-05-27,4,41,No
19_1,19,2024-05-28,12,84,No
19_2,19,2024-05-29,15,62,Yes
20_0,20,2024-09-17,14,29,No
20_1,20,2024-09-18,1,23,No
20_2,20,2024-09-19,8,26,No
20_3,20,2024-09-20,7,72,Yes
20_4,20,2024-09-21,2,9,No
21_0,21,2024-04-05,11,35,Yes
21_1,21,2024-04-06,12,78,No
21_2,21,2024-04-07,5,39,No
21_3,21,2024-04-08,15,75,Yes
21_4,21,2024-04-09,3,88,No
22_0,22,2024-02-19,5,39,No
22_1,22,2024-02-20,3,103,No
22_2,22,2024-02-21,7,81,No
22_3,22,2024-02-22,13,89,Yes
22_4,22,2024-02-23,11,103,No
23_0,23,2024-12-15,14,118,No
23_1,23,2024-12-16,14,27,Yes
23_2,23,2024-12-17,15,42,No
24_0,24,2024-04-22,12,78,No
24_1,24,2024-04-23,9,41,Yes
24_2,24,2024-04-24,8,46,No
24_3,24,2024-04-25,9,31,Yes
24_4,24,2024-04-26,2,32,Yes
25_0,25,2024-05-07,9,35,Yes
25_1,25,2024-05-08,7,25,Yes
25_2,25,2024-05-09,9,74,No
25_3,25,2024-05-10,14,6,Yes
26_0,26,2024-06-20,12,11,No
26_1,26,2024-06-21,12,20,No
26_2,26,2024-06-22,3,86,No
27_0,27,2024-03-04,15,119,No
27_1,27,2024-03-05,1,30,No
28_0,28,2024-09-20,10,49,No
29_0,29,2024-05-28,12,13,No
29_1,29,2024-05-29,5,81,No
29_2,29,2024-05-30,4,14,No
29_3,29,2024-05-31,13,36,No
30_0,30,2024-06-18,9,105,Yes
31_0,31,2024-08-09,6,64,No
31_1,31,2024-08-10,7,104,No
31_2,31,2024-08-11,4,92,No
31_3,31,2024-08-12,10,35,No
32_0,32,2024-12-15,14,47,No
32_1,32,2024-12-16,8,1,No
32_2,32,2024-12-17,10,18,Yes
33_0,33,2024-02-07,15,51,No
33_1,33,2024-02-08,10,117,No
33_2,33,2024-02-09,2,21,No
33_3,33,2024-02-10,14,11,Yes
34_0,34,2024-07-30,2,74,No
34_1,34,2024-07-31,5,74,Yes
34_2,34,2024-08-01,15,4,No
35_0,35,2024-10-03,2,110,No
35_1,35,2024-10-04,4,5,No
35_2,35,2024-10-05,3,77,Yes
35_3,35,2024-10-06,13,66,No
36_0,36,2024-11-07,12,12,No
36_1,36,2024-11-08,2,3,No
36_2,36,2024-11-09,9,88,No
37_0,37,2024-01-13,11,73,No
37_1,37,2024-01-14,1,49,Yes
37_2,37,2024-01-15,12,13,No
37_3,37,2024-01-16,15,84,Yes
37_4,37,2024-01-17,3,53,No
38_0,38,2024-12-08,4,57,No
38_1,38,2024-12-09,5,67,No
39_0,39,2024-11-29,7,5,Yes
39_1,39,2024-11-30,13,26,No
39_2,39,2024-12-01,11,93,No
39_3,39,2024-12-02,13,3,No
39_4,39,2024-12-03,9,78,No
40_0,40,2024-07-28,10,50,Yes
40_1,40,2024-07-29,3,36,No
40_2,40,2024-07-30,1,53,No
40_3,40,2024-07-31,14,112,No
41_0,41,2024-09-06,10,37,No
41_1,41,2024-09-07,7,32,No
42_0,42,2024-06-26,1,70,No
42_1,42,2024-06-27,11,26,No
43_0,43,2024-06-23,3,81,No
43_1,43,2024-06-24,1,103,No
44_0,44,2024-12-14,11,93,No
44_1,44,2024-12-15,14,87,Yes
44_2,44,2024-12-16,13,46,No
44_3,44,2024-12-17,9,100,No
45_0,45,2024-03-27,8,17,No
46_0,46,2024-05-26,15,32,No
47_0,47,2024-12-25,4,92,No
47_1,47,2024-12-26,8,107,No
48_0,48,2024-06-30,12,99,Yes
49_0,49,2024-07-05,14,47,No
49_1,49,2024-07-06,10,44,No
50_0,50,2024-07-13,15,31,No
50_1,50,2024-07-14,15,109,Yes
50_2,50,2024-07-15,4,15,Yes
51_0,51,2024-07-29,14,112,No
51_1,51,2024-07-30,14,55,Yes
52_0,52,2024-09-09,4,33,No
53_0,53,2024-05-24,8,88,Yes
54_0,54,2024-03-09,15,109,Yes
54_1,54,2024-03-10,6,93,No
55_0,55,2024-03-18,14,105,Yes
55_1,55,2024-03-19,1,88,Yes
55_2,55,2024-03-20,11,76,No
55_3,55,2024-03-21,5,18,No
56_0,56,2024-08-21,14,72,No
56_1,56,2024-08-22,7,109,No
56_2,56,2024-08-23,10,28,No
57_0,57,2024-02-06,7,16,No
57_1,57,2024-02-07,14,17,No
58_0,58,2024-12-20,7,120,Yes
58_1,58,2024-12-21,15,112,No
58_2,58,2024-12-22,8,71,No
58_3,58,2024-12-23,8,104,No
58_4,58,2024-12-24,10,120,No
59_0,59,2024-10-17,14,90,No
59_1,59,2024-10-18,9,29,No
59_2,59,2024-10-19,13,25,Yes
59_3,59,2024-10-20,14,37,Yes
59_4,59,2024-10-21,5,32,No
60_0,60,2024-05-21,7,76,No
60_1,60,2024-05-22,10,73,No
61_0,61,2024-04-05,7,89,No
61_1,61,2024-04-06,1,115,Yes
61_2,61,2024-04-07,9,97,Yes
61_3,61,2024-04-08,5,44,No
62_0,62,2024-10-28,4,18,No
62_1,62,2024-10-29,9,81,Yes
63_0,63,2024-12-10,8,48,Yes
63_1,63,2024-12-11,10,75,No
64_0,64,2024-06-30,5,25,No
64_1,64,2024-07-01,4,120,No
64_2,64,2024-07-02,5,112,Yes
64_3,64,2024-07-03,9,10,No
65_0,65,2024-09-19,15,91,Yes
65_1,65,2024-09-20,4,66,Yes
66_0,66,2024-02-23,8,9,No
66_1,66,2024-02-24,10,12,No
67_0,67,2024-07-27,10,20,Yes
68_0,68,2024-05-24,12,75,No
68_1,68,2024-05-25,15,72,No
68_2,68,2024-05-26,14,17,No
68_3,68,2024-05-27,13,26,No
69_0,69,2024-06-25,12,4,No
69_1,69,2024-06-26,8,96,No
69_2,69,2024-06-27,8,95,No
70_0,70,2024-07-02,6,66,No
70_1,70,2024-07-03,13,35,Yes
70_2,70,2024-07-04,9,76,Yes
70_3,70,2024-07-05,6,76,Yes
71_0,71,2024-12-06,15,10,No
71_1,71,2024-12-07,9,36,No
71_2,71,2024-12-08,14,4,No
71_3,71,2024-12-09,13,115,No
72_0,72,2024-12-23,1,10,No
72_1,72,2024-12-24,9,73,No
72_2,72,2024-12-25,9,64,No
72_3,72,2024-12-26,14,4,Yes
72_4,72,2024-12-27,8,108,No
73_0,73,2024-01-19,12,13,No
73_1,73,2024-01-20,3,93,No
73_2,73,2024-01-21,10,119,Yes
74_0,74,2024-02-08,11,6,No
75_0,75,2024-08-03,2,108,No
76_0,76,2024-06-09,12,103,No
76_1,76,2024-06-10,13,7,No
76_2,76,2024-06-11,7,17,No
76_3,76,2024-06-12,15,10,No
76_4,76,2024-06-13,11,83,No
77_0,77,2024-01-03,14,75,Yes
78_0,78,2024-06-26,12,101,Yes
78_1,78,2024-06-27,5,99,No
79_0,79,2024-03-07,2,120,Yes
79_1,79,2024-03-08,9,96,No
79_2,79,2024-03-09,4,23,Yes
80_0,80,2024-07-13,13,64,Yes
80_1,80,2024-07-14,3,64,No
80_2,80,2024-07-15,4,90,Yes
80_3,80,2024-07-16,8,12,No
81_0,81,2024-04-14,14,116,Yes
81_1,81,2024-04-15,2,66,Yes
81_2,81,2024-04-16,9,15,Yes
82_0,82,2024-03-06,11,95,Yes
82_1,82,2024-03-07,12,43,Yes
82_2,82,2024-03-08,12,91,No
82_3,82,2024-03-09,14,21,Yes
82_4,82,2024-03-10,13,43,Yes
83_0,83,2024-05-15,4,37,Yes
83_1,83,2024-05-16,9,31,No
83_2,83,2024-05-17,9,14,No
83_3,83,2024-05-18,12,89,No
84_0,84,2024-11-19,1,51,Yes
84_1,84,2024-11-20,7,77,No
84_2,84,2024-11-21,8,57,No
84_3,84,2024-11-22,11,44,Yes
85_0,85,2024-04-07,7,36,No
86_0,86,2024-01-23,12,64,No
86_1,86,2024-01-24,8,27,No
86_2,86,2024-01-25,1,45,Yes
86_3,86,2024-01-26,13,10,No
86_4,86,2024-01-27,11,10,Yes
87_0,87,2024-08-23,10,73,No
87_1,87,2024-08-24,1,42,No
87_2,87,2024-08-25,14,109,No
87_3,87,2024-08-26,5,97,No
87_4,87,2024-08-27,11,107,No
88_0,88,2024-12-03,15,96,Yes
88_1,88,2024-12-04,3,28,No
88_2,88,2024-12-05,10,120,No
89_0,89,2024-04-27,4,92,No
89_1,89,2024-04-28,2,115,No
89_2,89,2024-04-29,10,16,No
90_0,90,2024-07-08,7,78,No
90_1,90,2024-07-09,6,83,Yes
90_2,90,2024-07-10,9,60,No
90_3,90,2024-07-11,3,4,Yes
91_0,91,2024-02-15,14,17,No
91_1,91,2024-02-16,10,27,Yes
92_0,92,2024-08-29,8,62,Yes
93_0,93,2024-05-19,2,113,No
94_0,94,2024-12-11,13,60,No
94_1,94,2024-12-12,13,24,No
94_2,94,2024-12-13,1,72,Yes
95_0,95,2024-06-10,8,73,No
95_1,95,2024-06-11,11,44,No
96_0,96,2024-03-10,14,66,No
96_1,96,2024-03-11,8,94,No
97_0,97,2024-09-12,7,38,Yes
97_1,97,2024-09-13,6,104,No
97_2,97,2024-09-14,8,96,No
97_3,97,2024-09-15,6,15,Yes
97_4,97,2024-09-16,9,32,Yes
98_0,98,2024-05-15,10,31,No
98_1,98,2024-05-16,11,50,No
99_0,99,2024-08-24,9,84,No
100_0,100,2024-10-01,6,90,No
100_1,100,2024-10-02,8,118,Yes
100_2,100,2024-10-03,8,53,Yes
101_0,101,2024-06-17,7,112,No
101_1,101,2024-06-18,7,6,No
102_0,102,2024-09-23,13,98,No
102_1,102,2024-09-24,13,27,Yes
103_0,103,2024-02-06,15,23,No
103_1,103,2024-02-07,10,83,Yes
103_2,103,2024-02-08,11,42,No
103_3,103,2024-02-09,6,86,No
104_0,104,2024-07-03,2,12,No
105_0,105,2024-08-16,1,71,No
105_1,105,2024-08-17,13,104,No
105_2,105,2024-08-18,7,98,Yes
105_3,105,2024-08-19,3,58,Yes
106_0,106,2024-08-07,10,12,Yes
107_0,107,2024-05-31,15,66,No
107_1,107,2024-06-01,15,20,Yes
107_2,107,2024-06-02,8,69,Yes
108_0,108,2024-12-20,2,36,No
108_1,108,2024-12-21,4,113,No
108_2,108,2024-12-22,13,43,No
108_3,108,2024-12-23,12,39,Yes
108_4,108,2024-12-24,4,93,Yes
109_0,109,2024-05-15,6,2,No
110_0,110,2024-06-17,7,13,No
110_1,110,2024-06-18,12,75,No
111_0,111,2024-08-23,15,106,Yes
111_1,111,2024-08-24,1,71,Yes
111_2,111,2024-08-25,3,2,Yes
111_3,111,2024-08-26,10,17,No
111_4,111,2024-08-27,13,120,No
112_0,112,2024-07-16,3,84,No
112_1,112,2024-07-17,5,94,No
112_2,112,2024-07-18,15,94,No
112_3,112,2024-07-19,7,115,Yes
112_4,112,2024-07-20,14,68,No
113_0,113,2024-11-05,15,117,No
113_1,113,2024-11-06,6,25,Yes
113_2,113,2024-11-07,1,31,Yes
114_0,114,2024-10-20,8,10,No
114_1,114,2024-10-21,13,58,No
114_2,114,2024-10-22,2,75,Yes
114_3,114,2024-10-23,1,99,No
115_0,115,2024-01-05,8,2,Yes
115_1,115,2024-01-06,9,76,No
115_2,115,2024-01-07,3,18,Yes
115_3,115,2024-01-08,4,116,No
116_0,116,2024-10-22,3,85,No
116_1,116,2024-10-23,8,2,No
116_2,116,2024-10-24,9,26,No
116_3,116,2024-10-25,13,81,No
116_4,116,2024-10-26,4,29,No
117_0,117,2024-01-03,9,89,No
117_1,117,2024-01-04,4,63,No
118_0,118,2024-07-31,12,108,No
118_1,118,2024-08-01,1,114,No
118_2,118,2024-08-02,1,37,Yes
119_0,119,2024-02-26,3,102,No
120_0,120,2024-08-18,11,5,No
121_0,121,2024-07-13,1,17,Yes
121_1,121,2024-07-14,3,45,No
121_2,121,2024-07-15,12,69,No
121_3,121,2024-07-16,9,31,No
121_4,121,2024-07-17,11,29,No
122_0,122,2024-10-30,15,21,No
122_1,122,2024-10-31,7,90,Yes
122_2,122,2024-11-01,9,117,Yes
123_0,123,2024-02-06,9,89,No
123_1,123,2024-02-07,14,112,No
123_2,123,2024-02-08,15,44,No
123_3,123,2024-02-09,12,44,No
123_4,123,2024-02-10,4,120,No
124_0,124,2024-01-02,12,20,Yes
124_1,124,2024-01-03,9,84,Yes
125_0,125,2024-11-30,5,80,No
126_0,126,2024-10-11,12,94,No
126_1,126,2024-10-12,15,2,No
127_0,127,2024-11-23,9,71,No
127_1,127,2024-11-24,14,23,No
127_2,127,2024-11-25,13,91,No
127_3,127,2024-11-26,1,102,No
128_0,128,2024-01-13,10,101,No
128_1,128,2024-01-14,4,58,Yes
128_2,128,2024-01-15,1,99,No
129_0,129,2024-04-24,15,26,No
130_0,130,2024-05-30,9,71,No
130_1,130,2024-05-31,6,76,No
130_2,130,2024-06-01,12,40,No
131_0,131,2024-02-11,3,88,No
132_0,132,2024-07-04,2,120,No
132_1,132,2024-07-05,5,65,No
133_0,133,2024-06-28,1,39,No
133_1,133,2024-06-29,10,17,No
134_0,134,2024-06-23,7,101,No
134_1,134,2024-06-24,9,15,No
134_2,134,2024-06-25,14,111,No
134_3,134,2024-06-26,10,70,Yes
134_4,134,2024-06-27,5,49,Yes
135_0,135,2024-06-29,12,101,Yes
135_1,135,2024-06-30,15,6,No
135_2,135,2024-07-01,2,32,No
135_3,135,2024-07-02,5,93,No
135_4,135,2024-07-03,7,28,No
136_0,136,2024-07-23,12,68,No
136_1,136,2024-07-24,5,115,No
136_2,136,2024-07-25,7,111,No
137_0,137,2024-01-10,1,23,No
138_0,138,2024-11-06,9,22,No
138_1,138,2024-11-07,4,55,No
139_0,139,2024-10-07,15,59,Yes
139_1,139,2024-10-08,2,69,No
139_2,139,2024-10-09,2,117,No
140_0,140,2024-04-29,3,55,No
140_1,140,2024-04-30,3,93,Yes
141_0,141,2024-01-27,7,113,No
142_0,142,2024-06-10,11,20,No
142_1,142,2024-06-11,3,71,No
142_2,142,2024-06-12,4,21,Yes
142_3,142,2024-06-13,7,22,Yes
142_4,142,2024-06-14,2,14,Yes
143_0,143,2024-10-27,6,89,No
143_1,143,2024-10-28,11,75,No
143_2,143,2024-10-29,8,73,Yes
143_3,143,2024-10-30,9,70,Yes
144_0,144,2024-04-10,12,53,No
144_1,144,2024-04-11,13,82,No
145_0,145,2024-12-25,11,61,No
145_1,145,2024-12-26,1,84,No
146_0,146,2024-03-19,7,36,No
146_1,146,2024-03-20,13,65,Yes
147_0,147,2024-11-10,2,114,No
147_1,147,2024-11-11,2,35,No
147_2,147,2024-11-12,10,61,No
148_0,148,2024-05-29,12,54,No
148_1,148,2024-05-30,7,101,Yes
148_2,148,2024-05-31,4,95,No
148_3,148,2024-06-01,2,95,No
148_4,148,2024-06-02,12,89,No
149_0,149,2024-08-21,14,92,No
149_1,149,2024-08-22,11,107,No
149_2,149,2024-08-23,4,111,No
149_3,149,2024-08-24,11,118,No
149_4,149,2024-08-25,9,30,No
150_0,150,2024-07-18,8,22,Yes
151_0,151,2024-09-23,7,110,No
151_1,151,2024-09-24,1,48,Yes
151_2,151,2024-09-25,8,28,No
152_0,152,2024-06-23,11,22,Yes
152_1,152,2024-06-24,6,62,Yes
152_2,152,2024-06-25,9,39,Yes
153_0,153,2024-04-03,10,110,No
154_0,154,2024-08-04,4,120,Yes
154_1,154,2024-08-05,9,29,Yes
154_2,154,2024-08-06,7,82,No
155_0,155,2024-07-31,6,34,No
155_1,155,2024-08-01,3,35,No
155_2,155,2024-08-02,11,105,No
155_3,155,2024-08-03,4,73,No
156_0,156,2024-08-27,7,109,No
156_1,156,2024-08-28,1,111,Yes
156_2,156,2024-08-29,8,42,No
156_3,156,2024-08-30,12,57,No
157_0,157,2024-12-08,6,103,No
157_1,157,2024-12-09,11,59,Yes
157_2,157,2024-12-10,15,72,No
158_0,158,2024-11-21,15,106,Yes
158_1,158,2024-11-22,15,15,No
158_2,158,2024-11-23,13,64,No
158_3,158,2024-11-24,15,79,Yes
158_4,158,2024-11-25,2,46,No
159_0,159,2024-11-12,4,67,Yes
159_1,159,2024-11-13,4,93,Yes
160_0,160,2024-09-07,6,44,Yes
160_1,160,2024-09-08,7,39,Yes
160_2,160,2024-09-09,11,64,No
160_3,160,2024-09-10,15,16,No
161_0,161,2024-02-05,2,4,Yes
161_1,161,2024-02-06,7,42,Yes
161_2,161,2024-02-07,12,66,No
161_3,161,2024-02-08,1,10,No
162_0,162,2024-03-24,4,80,No
162_1,162,2024-03-25,2,104,No
162_2,162,2024-03-26,5,15,Yes
163_0,163,2024-02-13,7,54,Yes
163_1,163,2024-02-14,11,2,Yes
163_2,163,2024-02-15,6,18,No
163_3,163,2024-02-16,13,69,Yes
163_4,163,2024-02-17,13,40,No
164_0,164,2024-07-01,11,119,No
164_1,164,2024-07-02,11,91,No
165_0,165,2024-01-14,3,59,No
165_1,165,2024-01-15,11,24,Yes
165_2,165,2024-01-16,10,49,Yes
165_3,165,2024-01-17,5,107,Yes
166_0,166,2024-05-17,4,53,Yes
166_1,166,2024-05-18,9,13,Yes
167_0,167,2024-01-05,9,109,No
167_1,167,2024-01-06,12,32,No
167_2,167,2024-01-07,15,49,No
168_0,168,2024-09-26,10,33,No
168_1,168,2024-09-27,6,5,No
168_2,168,2024-09-28,13,84,Yes
168_3,168,2024-09-29,2,57,No
168_4,168,2024-09-30,4,99,No
169_0,169,2024-11-20,6,13,No
169_1,169,2024-11-21,5,37,Yes
169_2,169,2024-11-22,15,66,Yes
169_3,169,2024-11-23,11,10,No
170_0,170,2024-09-25,14,32,No
170_1,170,2024-09-26,10,71,Yes
171_0,171,2024-04-02,8,42,No
171_1,171,2024-04-03,15,77,Yes
171_2,171,2024-04-04,13,39,Yes
171_3,171,2024-04-05,11,1,Yes
172_0,172,2024-12-07,11,94,No
172_1,172,2024-12-08,1,15,No
173_0,173,2024-12-21,7,109,No
173_1,173,2024-12-22,10,30,No
174_0,174,2024-07-22,6,1,No
175_0,175,2024-08-13,15,32,No
175_1,175,2024-08-14,3,14,No
175_2,175,2024-08-15,13,91,No
175_3,175,2024-08-16,10,51,No
176_0,176,2024-04-06,13,112,Yes
176_1,176,2024-04-07,12,20,No
176_2,176,2024-04-08,13,9,Yes
176_3,176,2024-04-09,12,117,Yes
176_4,176,2024-04-10,8,55,No
177_0,177,2024-10-05,4,65,No
177_1,177,2024-10-06,15,57,Yes
178_0,178,2024-02-28,5,24,No
178_1,178,2024-02-29,2,112,No
179_0,179,2024-08-02,5,48,Yes
179_1,179,2024-08-03,10,86,No
179_2,179,2024-08-04,8,37,No
179_3,179,2024-08-05,12,85,No
179_4,179,2024-08-06,8,50,No
180_0,180,2024-05-29,12,1,No
180_1,180,2024-05-30,8,2,No
180_2,180,2024-05-31,4,10,Yes
180_3,180,2024-06-01,14,9,Yes
180_4,180,2024-06-02,3,74,No
181_0,181,2024-07-24,15,87,No
181_1,181,2024-07-25,12,10,No
181_2,181,2024-07-26,1,108,Yes
182_0,182,2024-07-04,14,109,No
182_1,182,2024-07-05,13,8,No
182_2,182,2024-07-06,4,96,Yes
182_3,182,2024-07-07,9,116,Yes
182_4,182,2024-07-08,4,13,No
183_0,183,2024-05-15,13,94,No
184_0,184,2024-09-18,15,86,No
184_1,184,2024-09-19,12,14,No
184_2,184,2024-09-20,2,120,No
184_3,184,2024-09-21,7,31,No
185_0,185,2024-06-29,1,58,No
185_1,185,2024-06-30,13,77,No
186_0,186,2024-07-06,4,18,No
187_0,187,2024-06-30,4,21,No
187_1,187,2024-07-01,13,68,No
187_2,187,2024-07-02,12,66,Yes
187_3,187,2024-07-03,8,79,No
188_0,188,2024-10-02,2,35,Yes
188_1,188,2024-10-03,5,37,Yes
188_2,188,2024-10-04,5,74,Yes
188_3,188,2024-10-05,14,77,No
188_4,188,2024-10-06,10,64,Yes
189_0,189,2024-04-04,11,7,No
189_1,189,2024-04-05,9,110,No
189_2,189,2024-04-06,10,53,No
189_3,189,2024-04-07,9,18,No
189_4,189,2024-04-08,13,68,No
190_0,190,2024-03-28,11,22,No
190_1,190,2024-03-29,3,67,Yes
190_2,190,2024-03-30,10,72,No
190_3,190,2024-03-31,1,114,Yes
191_0,191,2024-01-14,12,14,Yes
191_1,191,2024-01-15,8,110,Yes
191_2,191,2024-01-16,7,58,No
191_3,191,2024-01-17,4,89,No
191_4,191,2024-01-18,14,58,No
192_0,192,2024-03-05,7,90,No
192_1,192,2024-03-06,3,37,Yes
192_2,192,2024-03-07,2,66,No
192_3,192,2024-03-08,2,106,Yes
193_0,193,2024-05-15,15,90,Yes
194_0,194,2024-05-12,13,31,Yes
194_1,194,2024-05-13,2,109,No
194_2,194,2024-05-14,8,40,No
194_3,194,2024-05-15,13,101,No
195_0,195,2024-05-10,4,106,Yes
195_1,195,2024-05-11,2,76,No
195_2,195,2024-05-12,4,5,Yes
196_0,196,2024-01-22,9,95,No
196_1,196,2024-01-23,7,64,No
196_2,196,2024-01-24,5,40,Yes
196_3,196,2024-01-25,1,20,Yes
196_4,196,2024-01-26,1,94,No
197_0,197,2024-02-04,8,3,No
197_1,197,2024-02-05,14,106,No
197_2,197,2024-02-06,9,95,No
197_3,197,2024-02-07,12,47,No
198_0,198,2024-06-03,15,87,No
198_1,198,2024-06-04,1,96,No
198_2,198,2024-06-05,14,61,No
198_3,198,2024-06-06,14,74,Yes
198_4,198,2024-06-07,14,6,Yes
199_0,199,2024-11-12,6,23,No
199_1,199,2024-11-13,7,37,No
199_2,199,2024-11-14,1,72,Yes
199_3,199,2024-11-15,15,58,Yes
200_0,200,2024-05-08,10,74,No
200_1,200,2024-05-09,8,16,No
201_0,201,2024-10-27,7,104,Yes
201_1,201,2024-10-28,8,80,No
201_2,201,2024-10-29,9,13,No
201_3,201,2024-10-30,14,58,Yes
202_0,202,2024-02-16,7,28,No
202_1,202,2024-02-17,9,40,Yes
202_2,202,2024-02-18,14,64,No
202_3,202,2024-02-19,10,63,No
202_4,202,2024-02-20,13,13,No
203_0,203,2024-02-05,8,50,Yes
203_1,203,2024-02-06,9,75,No
203_2,203,2024-02-07,11,104,Yes
203_3,203,2024-02-08,9,117,No
203_4,203,2024-02-09,2,87,No
204_0,204,2024-04-21,15,119,No
205_0,205,2024-02-21,15,11,Yes
205_1,205,2024-02-22,13,14,No
205_2,205,2024-02-23,11,21,Yes
206_0,206,2024-01-08,10,85,No
206_1,206,2024-01-09,11,42,Yes
206_2,206,2024-01-10,4,14,No
207_0,207,2024-08-12,9,67,Yes
207_1,207,2024-08-13,13,106,No
207_2,207,2024-08-14,3,88,Yes
208_0,208,2024-02-10,7,78,Yes
209_0,209,2024-02-03,3,43,No
210_0,210,2024-10-01,13,98,No
210_1,210,2024-10-02,1,6,No
210_2,210,2024-10-03,15,16,No
210_3,210,2024-10-04,5,88,No
210_4,210,2024-10-05,8,51,No
211_0,211,2024-08-24,3,44,No
211_1,211,2024-08-25,3,52,Yes
211_2,211,2024-08-26,6,58,No
212_0,212,2024-12-01,12,4,Yes
212_1,212,2024-12-02,13,106,No
212_2,212,2024-12-03,12,92,Yes
213_0,213,2024-11-14,1,86,Yes
214_0,214,2024-06-16,9,83,Yes
214_1,214,2024-06-17,4,83,No
215_0,215,2024-10-30,5,21,No
215_1,215,2024-10-31,8,98,No
215_2,215,2024-11-01,3,67,Yes
215_3,215,2024-11-02,1,100,No
216_0,216,2024-11-20,6,19,No
216_1,216,2024-11-21,1,30,No
216_2,216,2024-11-22,4,82,Yes
216_3,216,2024-11-23,14,44,No
217_0,217,2024-10-13,5,73,No
217_1,217,2024-10-14,3,44,No
217_2,217,2024-10-15,6,21,Yes
218_0,218,2024-07-27,13,34,No
218_1,218,2024-07-28,10,115,No
218_2,218,2024-07-29,14,12,No
218_3,218,2024-07-30,7,54,No
218_4,218,2024-07-31,5,36,No
219_0,219,2024-09-12,9,80,Yes
220_0,220,2024-02-09,4,109,No
220_1,220,2024-02-10,3,34,No
220_2,220,2024-02-11,13,80,Yes
220_3,220,2024-02-12,7,82,No
221_0,221,2024-02-10,7,115,No
221_1,221,2024-02-11,4,102,No
221_2,221,2024-02-12,8,79,Yes
222_0,222,2024-08-20,11,79,No
222_1,222,2024-08-21,9,114,No
222_2,222,2024-08-22,2,18,No
222_3,222,2024-08-23,6,85,No
222_4,222,2024-08-24,1,77,No
223_0,223,2024-10-14,5,43,No
223_1,223,2024-10-15,5,22,No
223_2,223,2024-10-16,12,117,No
224_0,224,2024-01-04,15,51,No
224_1,224,2024-01-05,12,39,No
224_2,224,2024-01-06,12,40,No
224_3,224,2024-01-07,4,95,No
225_0,225,2024-01-24,4,14,No
225_1,225,2024-01-25,1,18,No
225_2,225,2024-01-26,1,101,No
226_0,226,2024-01-16,5,118,Yes
226_1,226,2024-01-17,10,19,No
227_0,227,2024-08-15,3,107,Yes
227_1,227,2024-08-16,9,63,No
227_2,227,2024-08-17,7,91,No
227_3,227,2024-08-18,8,65,No
227_4,227,2024-08-19,11,92,No
228_0,228,2024-04-26,7,73,Yes
229_0,229,2024-11-09,8,6,No
229_1,229,2024-11-10,10,84,No
230_0,230,2024-08-12,3,61,Yes
230_1,230,2024-08-13,15,37,No
230_2,230,2024-08-14,1,86,Yes
230_3,230,2024-08-15,11,14,No
231_0,231,2024-01-09,5,109,No
231_1,231,2024-01-10,13,31,Yes
231_2,231,2024-01-11,10,8,Yes
232_0,232,2024-10-12,5,12,No
233_0,233,2024-10-23,4,63,No
233_1,233,2024-10-24,10,76,Yes
234_0,234,2024-02-08,11,44,No
234_1,234,2024-02-09,10,91,No
234_2,234,2024-02-10,11,53,No
235_0,235,2024-03-26,11,7,Yes
235_1,235,2024-03-27,1,61,No
236_0,236,2024-02-05,10,93,Yes
237_0,237,2024-08-14,3,41,Yes
237_1,237,2024-08-15,11,87,Yes
237_2,237,2024-08-16,5,26,Yes
237_3,237,2024-08-17,4,88,Yes
238_0,238,2024-12-16,1,27,No
238_1,238,2024-12-17,5,62,No
239_0,239,2024-12-28,3,109,No
239_1,239,2024-12-29,10,98,No
239_2,239,2024-12-30,4,95,No
239_3,239,2024-12-31,9,43,No
239_4,239,2025-01-01,11,102,Yes
240_0,240,2024-10-25,9,2,No
240_1,240,2024-10-26,12,65,Yes
240_2,240,2024-10-27,3,81,No
240_3,240,2024-10-28,6,119,No
240_4,240,2024-10-29,7,119,No
241_0,241,2024-12-25,3,38,No
242_0,242,2024-08-18,11,30,No
242_1,242,2024-08-19,2,70,Yes
242_2,242,2024-08-20,14,70,No
242_3,242,2024-08-21,6,80,No
242_4,242,2024-08-22,12,75,Yes
243_0,243,2024-07-04,11,86,Yes
243_1,243,2024-07-05,10,112,No
244_0,244,2024-08-16,2,80,No
244_1,244,2024-08-17,15,2,Yes
244_2,244,2024-08-18,10,64,No
245_0,245,2024-01-15,13,99,No
245_1,245,2024-01-16,2,64,Yes
246_0,246,2024-05-14,6,70,No
246_1,246,2024-05-15,10,7,No
246_2,246,2024-05-16,7,29,No
247_0,247,2024-11-07,10,48,Yes
247_1,247,2024-11-08,4,79,No
248_0,248,2024-09-30,6,28,No
248_1,248,2024-10-01,13,27,Yes
248_2,248,2024-10-02,2,36,No
249_0,249,2024-03-24,4,96,Yes
250_0,250,2024-01-06,13,18,No
250_1,250,2024-01-07,3,112,No
250_2,250,2024-01-08,3,118,No
250_3,250,2024-01-09,5,97,No
251_0,251,2024-12-17,14,9,No
252_0,252,2024-02-18,8,63,Yes
252_1,252,2024-02-19,13,91,Yes
252_2,252,2024-02-20,11,97,Yes
252_3,252,2024-02-21,11,90,Yes
253_0,253,2024-01-04,11,107,No
253_1,253,2024-01-05,5,6,No
253_2,253,2024-01-06,12,71,No
253_3,253,2024-01-07,12,12,No
254_0,254,2024-06-01,7,9,No
255_0,255,2024-09-28,9,81,No
256_0,256,2024-12-05,10,97,Yes
256_1,256,2024-12-06,7,9,Yes
256_2,256,2024-12-07,14,23,No
256_3,256,2024-12-08,2,95,No
257_0,257,2024-12-24,13,108,No
257_1,257,2024-12-25,4,95,Yes
257_2,257,2024-12-26,12,116,Yes
257_3,257,2024-12-27,14,102,No
257_4,257,2024-12-28,6,49,No
258_0,258,2024-01-27,12,35,No
259_0,259,2024-03-10,3,62,Yes
260_0,260,2024-09-20,14,88,No
260_1,260,2024-09-21,10,55,No
260_2,260,2024-09-22,10,78,No
260_3,260,2024-09-23,7,59,No
261_0,261,2024-04-26,9,44,No
261_1,261,2024-04-27,5,116,No
262_0,262,2024-04-12,10,71,Yes
262_1,262,2024-04-13,7,88,Yes
262_2,262,2024-04-14,5,21,Yes
262_3,262,2024-04-15,12,86,Yes
262_4,262,2024-04-16,1,33,No
263_0,263,2024-07-03,2,26,Yes
263_1,263,2024-07-04,9,87,Yes
264_0,264,2024-10-09,1,75,No
264_1,264,2024-10-10,15,102,No
264_2,264,2024-10-11,8,16,Yes
264_3,264,2024-10-12,2,42,Yes
265_0,265,2024-01-31,10,61,No
265_1,265,2024-02-01,13,57,No
265_2,265,2024-02-02,11,11,Yes
265_3,265,2024-02-03,9,42,No
265_4,265,2024-02-04,11,80,No
266_0,266,2024-02-25,15,21,No
266_1,266,2024-02-26,7,74,Yes
267_0,267,2024-01-23,11,45,No
267_1,267,2024-01-24,13,61,Yes
268_0,268,2024-04-18,15,80,Yes
268_1,268,2024-04-19,12,14,Yes
268_2,268,2024-04-20,13,116,No
268_3,268,2024-04-21,1,6,No
269_0,269,2024-05-13,3,62,No
269_1,269,2024-05-14,13,47,Yes
270_0,270,2024-12-16,11,26,Yes
270_1,270,2024-12-17,8,53,No
270_2,270,2024-12-18,13,53,Yes
270_3,270,2024-12-19,14,16,No
271_0,271,2024-09-16,5,1,No
271_1,271,2024-09-17,13,3,No
271_2,271,2024-09-18,6,7,Yes
271_3,271,2024-09-19,10,12,No
272_0,272,2024-12-16,12,5,No
273_0,273,2024-06-26,9,71,Yes
273_1,273,2024-06-27,1,100,No
273_2,273,2024-06-28,3,92,Yes
273_3,273,2024-06-29,2,84,Yes
273_4,273,2024-06-30,2,107,No
274_0,274,2024-06-18,12,35,No
275_0,275,2024-05-18,9,76,No
275_1,275,2024-05-19,7,56,No
275_2,275,2024-05-20,6,68,Yes
275_3,275,2024-05-21,6,62,No
275_4,275,2024-05-22,8,98,Yes
276_0,276,2024-05-24,6,57,No
276_1,276,2024-05-25,12,48,No
277_0,277,2024-10-28,9,84,No
277_1,277,2024-10-29,3,25,Yes
277_2,277,2024-10-30,1,106,Yes
277_3,277,2024-10-31,13,18,Yes
277_4,277,2024-11-01,7,26,No
278_0,278,2024-04-26,6,32,No
278_1,278,2024-04-27,13,89,No
278_2,278,2024-04-28,6,38,No
278_3,278,2024-04-29,10,3,No
279_0,279,2024-02-13,8,43,Yes
280_0,280,2024-07-03,2,57,Yes
280_1,280,2024-07-04,11,53,No
281_0,281,2024-04-17,7,107,Yes
281_1,281,2024-04-18,3,94,No
281_2,281,2024-04-19,12,100,No
282_0,282,2024-01-03,12,75,No
282_1,282,2024-01-04,13,33,Yes
283_0,283,2024-02-13,8,55,Yes
284_0,284,2024-02-27,11,70,No
285_0,285,2024-10-31,9,24,Yes
286_0,286,2024-12-28,8,93,No
286_1,286,2024-12-29,2,16,Yes
286_2,286,2024-12-30,11,4,No
286_3,286,2024-12-31,12,82,No
286_4,286,2025-01-01,8,39,Yes
287_0,287,2024-08-26,4,65,No
287_1,287,2024-08-27,11,34,No
288_0,288,2024-06-19,13,6,Yes
288_1,288,2024-06-20,13,51,Yes
288_2,288,2024-06-21,11,54,No
288_3,288,2024-06-22,8,12,No
289_0,289,2024-05-07,8,25,Yes
290_0,290,2024-07-15,3,14,No
291_0,291,2024-11-28,13,68,No
291_1,291,2024-11-29,8,69,No
291_2,291,2024-11-30,2,60,No
291_3,291,2024-12-01,4,92,No
291_4,291,2024-12-02,12,49,No
292_0,292,2024-10-27,5,84,No
292_1,292,2024-10-28,4,55,No
293_0,293,2024-01-10,9,118,No
293_1,293,2024-01-11,3,18,No
294_0,294,2024-10-10,10,69,Yes
294_1,294,2024-10-11,10,58,No
294_2,294,2024-10-12,14,77,Yes
294_3,294,2024-10-13,15,114,No
294_4,294,2024-10-14,5,91,Yes
295_0,295,2024-01-28,6,3,Yes
296_0,296,2024-08-12,5,24,No
297_0,297,2024-03-12,6,82,No
297_1,297,2024-03-13,8,67,No
297_2,297,2024-03-14,6,13,No
297_3,297,2024-03-15,11,82,No
297_4,297,2024-03-16,9,96,No
298_0,298,2024-11-29,5,93,No
299_0,299,2024-06-18,1,34,No
299_1,299,2024-06-19,7,83,No
299_2,299,2024-06-20,8,51,No
300_0,300,2024-01-20,6,94,Yes
300_1,300,2024-01-21,5,114,No
300_2,300,2024-01-22,12,21,No
300_3,300,2024-01-23,5,59,Yes
301_0,301,2024-12-09,10,81,Yes
301_1,301,2024-12-10,3,55,No
301_2,301,2024-12-11,8,8,Yes
301_3,301,2024-12-12,6,75,No
302_0,302,2024-02-04,8,26,No
302_1,302,2024-02-05,1,104,No
303_0,303,2024-08-28,12,107,Yes
303_1,303,2024-08-29,6,84,No
303_2,303,2024-08-30,3,22,No
303_3,303,2024-08-31,5,97,No
303_4,303,2024-09-01,9,25,Yes
304_0,304,2024-11-10,12,17,Yes
304_1,304,2024-11-11,9,80,Yes
305_0,305,2024-07-30,6,5,No
305_1,305,2024-07-31,2,61,No
305_2,305,2024-08-01,15,70,Yes
306_0,306,2024-06-15,11,56,Yes
306_1,306,2024-06-16,5,40,No
306_2,306,2024-06-17,7,36,No
306_3,306,2024-06-18,10,39,Yes
307_0,307,2024-11-09,12,12,Yes
308_0,308,2024-03-29,8,20,No
308_1,308,2024-03-30,14,111,Yes
308_2,308,2024-03-31,12,58,Yes
308_3,308,2024-04-01,9,36,No
309_0,309,2024-05-10,6,92,No
309_1,309,2024-05-11,3,14,No
309_2,309,2024-05-12,10,91,No
309_3,309,2024-05-13,13,58,No
310_0,310,2024-04-19,3,118,No
311_0,311,2024-07-01,15,18,No
311_1,311,2024-07-02,4,54,No
312_0,312,2024-09-14,14,61,No
312_1,312,2024-09-15,6,18,Yes
312_2,312,2024-09-16,1,65,No
313_0,313,2024-02-20,7,47,No
314_0,314,2024-07-01,11,41,No
314_1,314,2024-07-02,10,24,No
314_2,314,2024-07-03,5,78,No
314_3,314,2024-07-04,8,52,No
315_0,315,2024-10-22,1,77,Yes
315_1,315,2024-10-23,4,13,No
316_0,316,2024-09-25,3,110,No
316_1,316,2024-09-26,1,113,No
316_2,316,2024-09-27,10,56,No
317_0,317,2024-02-25,9,53,No
317_1,317,2024-02-26,1,66,No
318_0,318,2024-01-06,3,72,No
318_1,318,2024-01-07,3,88,No
318_2,318,2024-01-08,1,65,Yes
318_3,318,2024-01-09,3,38,No
319_0,319,2024-09-02,3,16,Yes
319_1,319,2024-09-03,3,75,No
320_0,320,2024-01-29,4,32,Yes
320_1,320,2024-01-30,5,6,No
321_0,321,2024-08-20,14,84,Yes
321_1,321,2024-08-21,8,23,Yes
321_2,321,2024-08-22,5,32,Yes
321_3,321,2024-08-23,2,69,No
322_0,322,2024-12-07,12,41,Yes
322_1,322,2024-12-08,13,6,Yes
322_2,322,2024-12-09,12,24,No
323_0,323,2024-08-29,8,78,No
323_1,323,2024-08-30,3,10,No
324_0,324,2024-12-09,7,38,Yes
325_0,325,2024-07-30,7,106,No
325_1,325,2024-07-31,8,20,No
325_2,325,2024-08-01,9,39,No
325_3,325,2024-08-02,3,15,No
325_4,325,2024-08-03,3,23,Yes
326_0,326,2024-04-29,10,39,Yes
326_1,326,2024-04-30,11,48,Yes
326_2,326,2024-05-01,12,61,Yes
326_3,326,2024-05-02,15,108,No
326_4,326,2024-05-03,14,23,No
327_0,327,2024-03-25,3,54,No
327_1,327,2024-03-26,6,76,No
327_2,327,2024-03-27,11,110,No
327_3,327,2024-03-28,2,57,No
327_4,327,2024-03-29,7,104,Yes
328_0,328,2024-09-01,14,52,No
328_1,328,2024-09-02,12,55,Yes
328_2,328,2024-09-03,13,24,No
328_3,328,2024-09-04,10,64,No
328_4,328,2024-09-05,9,107,No
329_0,329,2024-12-28,8,32,No
329_1,329,2024-12-29,13,44,Yes
329_2,329,2024-12-30,1,110,Yes
329_3,329,2024-12-31,3,111,No
330_0,330,2024-06-09,10,116,No
330_1,330,2024-06-10,9,5,No
331_0,331,2024-01-04,2,13,No
331_1,331,2024-01-05,15,107,No
331_2,331,2024-01-06,3,31,No
331_3,331,2024-01-07,11,17,Yes
332_0,332,2024-03-24,2,50,No
332_1,332,2024-03-25,2,69,No
333_0,333,2024-10-23,12,88,No
334_0,334,2024-06-22,7,75,Yes
334_1,334,2024-06-23,9,37,No
334_2,334,2024-06-24,13,45,No
335_0,335,2024-09-15,11,60,No
335_1,335,2024-09-16,10,112,No
335_2,335,2024-09-17,4,117,No
335_3,335,2024-09-18,9,76,Yes
335_4,335,2024-09-19,15,36,Yes
336_0,336,2024-02-06,1,4,No
337_0,337,2024-02-22,11,104,No
337_1,337,2024-02-23,12,90,Yes
337_2,337,2024-02-24,15,64,No
337_3,337,2024-02-25,10,94,No
338_0,338,2024-05-09,5,57,No
338_1,338,2024-05-10,13,71,No
338_2,338,2024-05-11,4,87,Yes
338_3,338,2024-05-12,7,99,No
339_0,339,2024-11-09,3,13,Yes
339_1,339,2024-11-10,2,14,No
340_0,340,2024-01-08,8,60,Yes
340_1,340,2024-01-09,14,12,No
340_2,340,2024-01-10,6,73,No
341_0,341,2024-07-17,6,11,No
341_1,341,2024-07-18,14,64,No
341_2,341,2024-07-19,13,109,Yes
341_3,341,2024-07-20,6,29,Yes
341_4,341,2024-07-21,9,78,No
342_0,342,2024-01-20,14,63,No
342_1,342,2024-01-21,6,111,No
342_2,342,2024-01-22,7,13,No
342_3,342,2024-01-23,1,57,Yes
342_4,342,2024-01-24,11,31,Yes
343_0,343,2024-10-09,15,107,No
343_1,343,2024-10-10,4,106,No
344_0,344,2024-05-27,4,69,No
344_1,344,2024-05-28,7,79,No
344_2,344,2024-05-29,13,108,Yes
344_3,344,2024-05-30,11,99,No
345_0,345,2024-07-22,5,101,Yes
345_1,345,2024-07-23,2,28,No
345_2,345,2024-07-24,13,95,No
345_3,345,2024-07-25,3,6,No
345_4,345,2024-07-26,15,47,Yes
346_0,346,2024-08-10,5,113,No
347_0,347,2024-03-17,2,88,Yes
347_1,347,2024-03-18,13,55,No
347_2,347,2024-03-19,10,91,No
347_3,347,2024-03-20,2,101,No
347_4,347,2024-03-21,13,6,No
348_0,348,2024-12-12,11,99,Yes
348_1,348,2024-12-13,4,100,Yes
348_2,348,2024-12-14,11,100,No
348_3,348,2024-12-15,10,35,Yes
349_0,349,2024-02-13,12,56,No
349_1,349,2024-02-14,9,105,No
349_2,349,2024-02-15,5,46,No
349_3,349,2024-02-16,2,92,Yes
349_4,349,2024-02-17,10,116,No
350_0,350,2024-01-19,3,36,No
350_1,350,2024-01-20,9,104,No
350_2,350,2024-01-21,8,77,No
350_3,350,2024-01-22,14,90,No
351_0,351,2024-06-24,1,36,No
351_1,351,2024-06-25,12,42,No
351_2,351,2024-06-26,5,12,No
351_3,351,2024-06-27,3,63,No
352_0,352,2024-06-01,7,74,Yes
352_1,352,2024-06-02,9,115,No
352_2,352,2024-06-03,5,84,No
353_0,353,2024-01-21,5,25,No
353_1,353,2024-01-22,1,101,Yes
353_2,353,2024-01-23,7,29,No
354_0,354,2024-06-30,8,62,No
354_1,354,2024-07-01,6,3,No
354_2,354,2024-07-02,9,113,Yes
354_3,354,2024-07-03,14,49,No
355_0,355,2024-09-01,12,36,Yes
355_1,355,2024-09-02,2,107,Yes
355_2,355,2024-09-03,13,74,No
355_3,355,2024-09-04,7,49,Yes
356_0,356,2024-09-20,12,66,No
356_1,356,2024-09-21,9,55,No
356_2,356,2024-09-22,13,43,Yes
357_0,357,2024-10-14,2,95,No
357_1,357,2024-10-15,7,87,No
357_2,357,2024-10-16,14,20,No
357_3,357,2024-10-17,1,54,Yes
357_4,357,2024-10-18,10,36,Yes
358_0,358,2024-07-18,13,46,No
358_1,358,2024-07-19,9,86,No
358_2,358,2024-07-20,13,19,No
359_0,359,2024-03-20,10,3,No
359_1,359,2024-03-21,1,37,No
359_2,359,2024-03-22,15,41,No
359_3,359,2024-03-23,7,100,Yes
359_4,359,2024-03-24,4,11,Yes
360_0,360,2024-04-01,2,114,No
360_1,360,2024-04-02,15,115,No
360_2,360,2024-04-03,9,63,No
361_0,361,2024-07-14,15,74,No
361_1,361,2024-07-15,10,51,No
362_0,362,2024-03-14,6,22,No
362_1,362,2024-03-15,1,27,No
362_2,362,2024-03-16,6,11,Yes
362_3,362,2024-03-17,15,95,Yes
363_0,363,2024-08-22,2,62,Yes
363_1,363,2024-08-23,14,93,No
364_0,364,2024-08-22,8,44,No
364_1,364,2024-08-23,3,98,No
365_0,365,2024-07-05,13,62,No
366_0,366,2024-06-01,11,32,Yes
366_1,366,2024-06-02,14,111,Yes
366_2,366,2024-06-03,10,120,No
366_3,366,2024-06-04,13,92,No
366_4,366,2024-06-05,5,97,No
367_0,367,2024-11-24,15,104,No
368_0,368,2024-02-29,11,39,No
368_1,368,2024-03-01,13,31,No
368_2,368,2024-03-02,10,113,Yes
369_0,369,2024-01-24,15,56,Yes
369_1,369,2024-01-25,6,70,No
369_2,369,2024-01-26,7,67,No
370_0,370,2024-09-15,13,28,No
370_1,370,2024-09-16,8,20,No
370_2,370,2024-09-17,11,33,No
371_0,371,2024-11-18,3,98,No
371_1,371,2024-11-19,12,60,No
371_2,371,2024-11-20,2,54,No
371_3,371,2024-11-21,14,117,No
371_4,371,2024-11-22,1,16,Yes
372_0,372,2024-03-04,7,43,No
373_0,373,2024-08-03,2,71,No
374_0,374,2024-06-10,12,78,Yes
374_1,374,2024-06-11,11,34,No
374_2,374,2024-06-12,1,31,No
375_0,375,2024-06-10,5,84,No
375_1,375,2024-06-11,15,27,No
376_0,376,2024-02-23,5,98,No
377_0,377,2024-03-31,3,58,No
377_1,377,2024-04-01,3,15,Yes
377_2,377,2024-04-02,5,118,No
377_3,377,2024-04-03,3,4,No
378_0,378,2024-09-12,10,11,No
378_1,378,2024-09-13,9,24,No
378_2,378,2024-09-14,15,18,Yes
378_3,378,2024-09-15,3,98,Yes
379_0,379,2024-10-29,3,77,No
379_1,379,2024-10-30,2,113,No
379_2,379,2024-10-31,8,118,No
379_3,379,2024-11-01,6,90,No
379_4,379,2024-11-02,5,107,No
380_0,380,2024-04-01,11,85,Yes
380_1,380,2024-04-02,15,112,Yes
380_2,380,2024-04-03,11,56,No
381_0,381,2024-11-10,10,55,No
382_0,382,2024-10-28,13,92,Yes
382_1,382,2024-10-29,10,39,No
383_0,383,2024-02-04,4,87,No
383_1,383,2024-02-05,1,8,Yes
383_2,383,2024-02-06,4,55,No
384_0,384,2024-05-11,6,81,Yes
384_1,384,2024-05-12,3,16,No
384_2,384,2024-05-13,15,31,No
385_0,385,2024-03-31,15,61,Yes
385_1,385,2024-04-01,8,96,Yes
385_2,385,2024-04-02,14,77,Yes
386_0,386,2024-05-23,6,112,No
387_0,387,2024-11-15,10,83,Yes
387_1,387,2024-11-16,12,105,No
388_0,388,2024-02-18,2,19,No
388_1,388,2024-02-19,9,4,No
388_2,388,2024-02-20,12,64,No
388_3,388,2024-02-21,8,14,Yes
389_0,389,2024-02-02,1,75,Yes
390_0,390,2024-10-09,12,8,Yes
390_1,390,2024-10-10,4,27,Yes
390_2,390,2024-10-11,6,15,No
390_3,390,2024-10-12,3,46,No
390_4,390,2024-10-13,9,70,Yes
391_0,391,2024-12-11,7,112,No
391_1,391,2024-12-12,13,10,Yes
391_2,391,2024-12-13,9,10,Yes
392_0,392,2024-05-21,10,17,No
392_1,392,2024-05-22,4,10,Yes
392_2,392,2024-05-23,12,102,No
393_0,393,2024-10-11,1,84,No
393_1,393,2024-10-12,13,50,No
393_2,393,2024-10-13,10,34,Yes
393_3,393,2024-10-14,8,59,Yes
393_4,393,2024-10-15,8,66,Yes
394_0,394,2024-07-04,4,43,No
394_1,394,2024-07-05,13,110,No
394_2,394,2024-07-06,10,115,Yes
394_3,394,2024-07-07,7,45,Yes
394_4,394,2024-07-08,3,81,No
395_0,395,2024-05-23,9,103,Yes
395_1,395,2024-05-24,14,107,No
395_2,395,2024-05-25,2,52,No
395_3,395,2024-05-26,5,115,No
396_0,396,2024-02-14,6,89,Yes
396_1,396,2024-02-15,6,47,Yes
397_0,397,2024-03-17,13,12,Yes
397_1,397,2024-03-18,10,75,Yes
397_2,397,2024-03-19,11,119,No
398_0,398,2024-10-18,13,118,No
399_0,399,2024-10-12,4,22,Yes
399_1,399,2024-10-13,5,89,No
399_2,399,2024-10-14,6,120,No
399_3,399,2024-10-15,2,63,Yes
400_0,400,2024-03-13,10,28,No
400_1,400,2024-03-14,9,38,Yes
400_2,400,2024-03-15,4,67,No
400_3,400,2024-03-16,3,49,No
400_4,400,2024-03-17,12,24,No
401_0,401,2024-08-27,14,54,No
401_1,401,2024-08-28,3,59,No
402_0,402,2024-04-23,8,102,No
402_1,402,2024-04-24,6,103,No
402_2,402,2024-04-25,1,118,No
403_0,403,2024-06-04,2,35,Yes
403_1,403,2024-06-05,5,5,No
404_0,404,2024-12-23,1,95,No
404_1,404,2024-12-24,15,88,No
404_2,404,2024-12-25,11,64,Yes
404_3,404,2024-12-26,15,95,No
405_0,405,2024-11-13,15,107,Yes
405_1,405,2024-11-14,12,77,No
405_2,405,2024-11-15,14,51,Yes
406_0,406,2024-08-30,9,102,No
406_1,406,2024-08-31,15,3,No
407_0,407,2024-11-11,5,54,No
407_1,407,2024-11-12,13,68,No
407_2,407,2024-11-13,12,15,No
407_3,407,2024-11-14,7,38,Yes
407_4,407,2024-11-15,4,71,No
408_0,408,2024-02-09,9,55,No
408_1,408,2024-02-10,3,27,Yes
408_2,408,2024-02-11,10,25,No
408_3,408,2024-02-12,4,11,No
408_4,408,2024-02-13,11,113,No
409_0,409,2024-03-30,7,90,No
409_1,409,2024-03-31,6,21,No
410_0,410,2024-11-29,11,1,No
410_1,410,2024-11-30,10,49,No
410_2,410,2024-12-01,11,90,No
411_0,411,2024-01-12,5,69,Yes
411_1,411,2024-01-13,14,53,No
411_2,411,2024-01-14,11,28,Yes
411_3,411,2024-01-15,3,75,No
412_0,412,2024-04-11,9,110,No
412_1,412,2024-04-12,6,4,No
412_2,412,2024-04-13,3,80,Yes
412_3,412,2024-04-14,1,93,Yes
413_0,413,2024-10-20,9,25,No
413_1,413,2024-10-21,13,54,No
414_0,414,2024-11-19,12,34,No
414_1,414,2024-11-20,4,112,Yes
414_2,414,2024-11-21,11,104,No
415_0,415,2024-07-01,9,49,No
415_1,415,2024-07-02,10,119,No
415_2,415,2024-07-03,3,86,No
415_3,415,2024-07-04,6,99,No
416_0,416,2024-05-17,5,37,No
416_1,416,2024-05-18,13,75,No
416_2,416,2024-05-19,6,16,Yes
417_0,417,2024-04-06,2,82,No
417_1,417,2024-04-07,14,107,No
417_2,417,2024-04-08,4,74,No
417_3,417,2024-04-09,11,34,No
418_0,418,2024-03-27,1,93,No
418_1,418,2024-03-28,7,82,No
419_0,419,2024-10-09,9,80,Yes
419_1,419,2024-10-10,15,34,Yes
420_0,420,2024-09-08,13,39,No
420_1,420,2024-09-09,13,92,Yes
420_2,420,2024-09-10,4,47,No
420_3,420,2024-09-11,6,47,No
421_0,421,2024-12-18,8,1,No
421_1,421,2024-12-19,7,63,No
421_2,421,2024-12-20,4,8,No
421_3,421,2024-12-21,6,87,Yes
421_4,421,2024-12-22,12,62,Yes
422_0,422,2024-01-10,6,114,No
422_1,422,2024-01-11,12,56,Yes
422_2,422,2024-01-12,14,80,Yes
422_3,422,2024-01-13,2,86,No
423_0,423,2024-02-28,2,111,Yes
423_1,423,2024-02-29,8,112,No
424_0,424,2024-10-08,6,35,No
424_1,424,2024-10-09,6,18,No
424_2,424,2024-10-10,7,69,No
424_3,424,2024-10-11,1,40,No
425_0,425,2024-06-06,15,63,No
425_1,425,2024-06-07,4,82,No
426_0,426,2024-01-20,4,47,No
426_1,426,2024-01-21,4,39,No
427_0,427,2024-08-25,7,115,No
427_1,427,2024-08-26,15,19,Yes
427_2,427,2024-08-27,15,92,No
428_0,428,2024-11-28,15,60,No
428_1,428,2024-11-29,14,53,Yes
428_2,428,2024-11-30,1,92,No
429_0,429,2024-08-17,4,95,No
429_1,429,2024-08-18,2,32,No
429_2,429,2024-08-19,10,60,No
429_3,429,2024-08-20,4,17,Yes
429_4,429,2024-08-21,11,101,No
430_0,430,2024-09-22,6,32,No
431_0,431,2024-08-18,11,44,No
431_1,431,2024-08-19,2,81,No
431_2,431,2024-08-20,2,23,No
431_3,431,2024-08-21,6,101,Yes
432_0,432,2024-07-06,15,111,No
433_0,433,2024-11-23,9,90,Yes
433_1,433,2024-11-24,8,53,No
434_0,434,2024-03-04,6,95,Yes
434_1,434,2024-03-05,11,110,No
434_2,434,2024-03-06,10,76,No
434_3,434,2024-03-07,12,46,No
435_0,435,2024-09-26,8,57,No
435_1,435,2024-09-27,7,73,No
435_2,435,2024-09-28,11,77,No
436_0,436,2024-10-05,1,22,Yes
436_1,436,2024-10-06,14,24,No
436_2,436,2024-10-07,11,56,No
437_0,437,2024-07-17,2,21,No
437_1,437,2024-07-18,13,53,Yes
437_2,437,2024-07-19,1,80,Yes
437_3,437,2024-07-20,13,11,Yes
437_4,437,2024-07-21,13,25,Yes
438_0,438,2024-11-22,12,70,No
438_1,438,2024-11-23,13,76,Yes
438_2,438,2024-11-24,15,43,Yes
439_0,439,2024-01-20,3,98,No
439_1,439,2024-01-21,12,21,No
440_0,440,2024-08-02,13,109,No
441_0,441,2024-11-06,5,65,No
441_1,441,2024-11-07,7,2,No
441_2,441,2024-11-08,9,71,Yes
441_3,441,2024-11-09,6,79,No
442_0,442,2024-09-18,14,47,Yes
442_1,442,2024-09-19,5,100,Yes
442_2,442,2024-09-20,9,27,Yes
442_3,442,2024-09-21,6,51,No
443_0,443,2024-10-30,11,41,Yes
443_1,443,2024-10-31,10,36,No
444_0,444,2024-01-17,13,64,No
444_1,444,2024-01-18,7,117,No
444_2,444,2024-01-19,14,26,No
444_3,444,2024-01-20,2,4,Yes
445_0,445,2024-03-02,10,9,No
445_1,445,2024-03-03,2,76,No
445_2,445,2024-03-04,3,26,Yes
445_3,445,2024-03-05,10,15,No
446_0,446,2024-04-07,3,11,No
446_1,446,2024-04-08,14,73,No
446_2,446,2024-04-09,9,118,No
446_3,446,2024-04-10,5,105,No
447_0,447,2024-04-18,11,99,No
447_1,447,2024-04-19,11,21,Yes
447_2,447,2024-04-20,3,37,No
447_3,447,2024-04-21,12,110,No
447_4,447,2024-04-22,12,13,No
448_0,448,2024-10-12,7,74,No
448_1,448,2024-10-13,14,9,No
448_2,448,2024-10-14,9,108,No
448_3,448,2024-10-15,2,2,No
449_0,449,2024-01-25,10,47,No
450_0,450,2024-11-27,11,43,No
450_1,450,2024-11-28,12,120,Yes
451_0,451,2024-11-23,12,42,No
451_1,451,2024-11-24,13,12,No
452_0,452,2024-09-07,12,41,Yes
452_1,452,2024-09-08,15,87,No
452_2,452,2024-09-09,7,15,No
453_0,453,2024-03-29,1,19,No
454_0,454,2024-01-03,4,120,Yes
454_1,454,2024-01-04,11,14,No
454_2,454,2024-01-05,2,13,No
454_3,454,2024-01-06,7,107,No
455_0,455,2024-04-28,10,17,Yes
455_1,455,2024-04-29,4,74,No
456_0,456,2024-07-12,15,16,Yes
456_1,456,2024-07-13,7,39,No
456_2,456,2024-07-14,7,90,No
456_3,456,2024-07-15,9,94,No
457_0,457,2024-10-13,2,96,No
458_0,458,2024-10-14,14,25,No
458_1,458,2024-10-15,1,19,No
458_2,458,2024-10-16,2,108,No
458_3,458,2024-10-17,12,108,No
459_0,459,2024-06-28,5,83,No
459_1,459,2024-06-29,12,111,Yes
459_2,459,2024-06-30,3,119,No
460_0,460,2024-09-12,8,94,No
461_0,461,2024-03-26,3,86,No
461_1,461,2024-03-27,1,39,No
461_2,461,2024-03-28,1,19,No
461_3,461,2024-03-29,3,7,Yes
461_4,461,2024-03-30,3,93,No
462_0,462,2024-07-09,11,112,No
462_1,462,2024-07-10,6,53,Yes
462_2,462,2024-07-11,11,33,No
462_3,462,2024-07-12,3,9,No
462_4,462,2024-07-13,2,112,Yes
463_0,463,2024-10-10,5,21,No
463_1,463,2024-10-11,8,10,Yes
463_2,463,2024-10-12,2,33,No
463_3,463,2024-10-13,5,73,No
464_0,464,2024-06-10,11,54,No
464_1,464,2024-06-11,11,72,No
464_2,464,2024-06-12,4,47,No
465_0,465,2024-12-19,5,33,No
465_1,465,2024-12-20,9,31,No
465_2,465,2024-12-21,11,35,No
465_3,465,2024-12-22,12,13,Yes
465_4,465,2024-12-23,9,3,Yes
466_0,466,2024-10-01,8,111,Yes
466_1,466,2024-10-02,9,37,Yes
466_2,466,2024-10-03,1,36,No
466_3,466,2024-10-04,8,33,No
466_4,466,2024-10-05,9,60,Yes
467_0,467,2024-05-30,6,13,Yes
468_0,468,2024-11-03,4,50,Yes
468_1,468,2024-11-04,7,80,No
468_2,468,2024-11-05,1,104,No
468_3,468,2024-11-06,7,93,No
468_4,468,2024-11-07,1,9,Yes
469_0,469,2024-02-12,10,94,No
469_1,469,2024-02-13,12,33,Yes
469_2,469,2024-02-14,8,76,Yes
469_3,469,2024-02-15,11,10,No
470_0,470,2024-12-30,3,24,No
470_1,470,2024-12-31,2,88,No
470_2,470,2025-01-01,8,31,No
471_0,471,2024-06-10,7,12,No
471_1,471,2024-06-11,6,86,Yes
471_2,471,2024-06-12,13,9,No
471_3,471,2024-06-13,14,108,No
471_4,471,2024-06-14,13,56,No
472_0,472,2024-07-16,11,94,No
472_1,472,2024-07-17,10,9,No
473_0,473,2024-12-21,6,46,Yes
474_0,474,2024-03-24,14,27,Yes
474_1,474,2024-03-25,14,74,No
474_2,474,2024-03-26,3,99,Yes
474_3,474,2024-03-27,13,108,No
475_0,475,2024-01-12,6,21,No
475_1,475,2024-01-13,8,97,Yes
475_2,475,2024-01-14,4,53,No
476_0,476,2024-06-25,6,8,No
477_0,477,2024-04-28,4,37,No
478_0,478,2024-11-16,3,19,No
478_1,478,2024-11-17,8,72,No
478_2,478,2024-11-18,12,105,Yes
479_0,479,2024-02-29,11,2,Yes
479_1,479,2024-03-01,4,94,No
479_2,479,2024-03-02,7,116,No
480_0,480,2024-08-27,14,110,No
480_1,480,2024-08-28,9,50,Yes
481_0,481,2024-05-12,10,87,No
481_1,481,2024-05-13,2,9,No
481_2,481,2024-05-14,12,92,No
481_3,481,2024-05-15,14,41,Yes
481_4,481,2024-05-16,1,20,Yes
482_0,482,2024-09-11,5,64,No
483_0,483,2024-06-28,2,91,Yes
483_1,483,2024-06-29,14,27,No
483_2,483,2024-06-30,12,89,Yes
483_3,483,2024-07-01,10,10,No
484_0,484,2024-03-15,15,23,No
485_0,485,2024-04-08,13,4,No
485_1,485,2024-04-09,3,60,Yes
485_2,485,2024-04-10,3,43,No
485_3,485,2024-04-11,1,10,No
485_4,485,2024-04-12,8,54,No
486_0,486,2024-10-28,12,41,No
486_1,486,2024-10-29,2,10,No
486_2,486,2024-10-30,3,111,No
486_3,486,2024-10-31,3,59,No
487_0,487,2024-11-07,15,51,No
487_1,487,2024-11-08,6,107,Yes
487_2,487,2024-11-09,12,117,No
487_3,487,2024-11-10,9,56,Yes
487_4,487,2024-11-11,13,54,No
488_0,488,2024-11-10,3,20,No
489_0,489,2024-07-04,10,25,Yes
489_1,489,2024-07-05,7,107,No
489_2,489,2024-07-06,3,86,No
489_3,489,2024-07-07,8,69,No
490_0,490,2024-03-14,4,95,No
490_1,490,2024-03-15,10,38,No
491_0,491,2024-10-26,14,58,No
491_1,491,2024-10-27,12,20,No
492_0,492,2024-04-02,1,97,No
492_1,492,2024-04-03,13,47,Yes
493_0,493,2024-01-06,12,94,Yes
494_0,494,2024-01-29,10,78,No
495_0,495,2024-01-17,13,71,No
496_0,496,2024-09-02,3,109,No
496_1,496,2024-09-03,3,37,Yes
496_2,496,2024-09-04,14,103,No
496_3,496,2024-09-05,2,101,No
496_4,496,2024-09-06,7,44,No
497_0,497,2024-05-23,4,119,No
497_1,497,2024-05-24,14,15,Yes
498_0,498,2024-06-05,13,99,Yes
498_1,498,2024-06-06,6,10,No
498_2,498,2024-06-07,10,4,No
498_3,498,2024-06-08,9,13,No
499_0,499,2024-01-25,15,88,No
499_1,499,2024-01-26,14,24,No
499_2,499,2024-01-27,10,118,No
499_3,499,2024-01-28,5,1,Yes
500_0,500,2024-09-01,11,93,No
500_1,500,2024-09-02,9,74,No
501_0,501,2024-06-28,4,97,Yes
501_1,501,2024-06-29,10,112,No
502_0,502,2024-07-07,2,35,No
503_0,503,2024-03-08,9,94,Yes
503_1,503,2024-03-09,10,115,No
503_2,503,2024-03-10,13,89,No
503_3,503,2024-03-11,13,25,No
503_4,503,2024-03-12,5,14,No
504_0,504,2024-03-14,13,15,No
505_0,505,2024-09-27,14,41,No
506_0,506,2024-08-13,4,54,No
506_1,506,2024-08-14,7,119,No
506_2,506,2024-08-15,11,59,No
506_3,506,2024-08-16,8,102,No
507_0,507,2024-11-03,9,120,No
507_1,507,2024-11-04,14,67,No
508_0,508,2024-08-01,5,82,Yes
508_1,508,2024-08-02,14,116,No
508_2,508,2024-08-03,14,110,Yes
508_3,508,2024-08-04,15,78,No
508_4,508,2024-08-05,6,93,Yes
509_0,509,2024-08-25,9,9,No
510_0,510,2024-04-17,2,96,No
511_0,511,2024-08-04,11,95,Yes
511_1,511,2024-08-05,10,89,Yes
511_2,511,2024-08-06,7,102,No
511_3,511,2024-08-07,7,85,No
511_4,511,2024-08-08,8,102,No
512_0,512,2024-07-07,1,19,No
512_1,512,2024-07-08,9,117,No
513_0,513,2024-02-24,1,97,No
513_1,513,2024-02-25,6,75,No
513_2,513,2024-02-26,9,2,Yes
513_3,513,2024-02-27,2,24,No
513_4,513,2024-02-28,3,72,No
514_0,514,2024-10-30,10,103,Yes
514_1,514,2024-10-31,13,36,Yes
514_2,514,2024-11-01,11,103,No
515_0,515,2024-07-02,12,114,Yes
515_1,515,2024-07-03,3,17,No
515_2,515,2024-07-04,8,41,Yes
515_3,515,2024-07-05,5,26,No
515_4,515,2024-07-06,9,102,No
516_0,516,2024-10-11,10,114,No
516_1,516,2024-10-12,8,70,Yes
516_2,516,2024-10-13,7,40,No
516_3,516,2024-10-14,11,83,No
517_0,517,2024-12-17,6,28,Yes
517_1,517,2024-12-18,4,37,No
517_2,517,2024-12-19,11,39,Yes
517_3,517,2024-12-20,14,87,No
518_0,518,2024-08-08,8,93,No
519_0,519,2024-04-28,11,6,Yes
519_1,519,2024-04-29,6,31,Yes
519_2,519,2024-04-30,12,20,No
519_3,519,2024-05-01,11,110,No
520_0,520,2024-08-12,6,119,No
520_1,520,2024-08-13,10,97,No
520_2,520,2024-08-14,15,17,No
520_3,520,2024-08-15,8,20,No
520_4,520,2024-08-16,3,57,No
521_0,521,2024-01-25,12,117,No
522_0,522,2024-02-10,4,32,No
523_0,523,2024-06-28,1,35,No
524_0,524,2024-08-11,15,30,Yes
524_1,524,2024-08-12,14,10,No
524_2,524,2024-08-13,14,7,Yes
525_0,525,2024-03-08,6,33,Yes
525_1,525,2024-03-09,1,34,No
525_2,525,2024-03-10,15,98,Yes
525_3,525,2024-03-11,10,73,No
525_4,525,2024-03-12,4,42,No
526_0,526,2024-08-13,7,101,No
526_1,526,2024-08-14,8,27,No
526_2,526,2024-08-15,4,86,Yes
526_3,526,2024-08-16,1,105,No
527_0,527,2024-03-01,9,29,Yes
528_0,528,2024-02-26,14,37,No
529_0,529,2024-12-29,15,61,Yes
529_1,529,2024-12-30,3,49,No
530_0,530,2024-12-28,4,21,Yes
530_1,530,2024-12-29,10,62,No
530_2,530,2024-12-30,5,74,No
530_3,530,2024-12-31,14,90,No
531_0,531,2024-02-25,11,58,No
531_1,531,2024-02-26,10,98,No
531_2,531,2024-02-27,2,56,No
531_3,531,2024-02-28,7,7,Yes
531_4,531,2024-02-29,5,15,No
532_0,532,2024-04-23,9,64,Yes
532_1,532,2024-04-24,3,30,No
532_2,532,2024-04-25,8,39,No
532_3,532,2024-04-26,13,2,No
532_4,532,2024-04-27,12,108,No
533_0,533,2024-09-25,14,47,No
533_1,533,2024-09-26,1,7,Yes
534_0,534,2024-11-26,12,54,No
534_1,534,2024-11-27,15,55,No
534_2,534,2024-11-28,15,103,Yes
534_3,534,2024-11-29,1,54,No
535_0,535,2024-01-11,5,92,Yes
535_1,535,2024-01-12,3,47,No
535_2,535,2024-01-13,11,106,No
535_3,535,2024-01-14,9,117,No
535_4,535,2024-01-15,4,15,No
536_0,536,2024-12-20,12,68,No
536_1,536,2024-12-21,14,7,No
536_2,536,2024-12-22,9,88,No
537_0,537,2024-05-31,4,46,No
538_0,538,2024-01-07,15,37,Yes
538_1,538,2024-01-08,4,115,No
538_2,538,2024-01-09,10,105,No
539_0,539,2024-04-09,10,61,Yes
539_1,539,2024-04-10,7,78,Yes
540_0,540,2024-09-07,6,87,No
541_0,541,2024-01-01,5,91,Yes
541_1,541,2024-01-02,14,113,No
541_2,541,2024-01-03,11,57,No
541_3,541,2024-01-04,13,106,No
542_0,542,2024-08-20,3,90,No
542_1,542,2024-08-21,8,13,No
542_2,542,2024-08-22,12,98,No
543_0,543,2024-09-05,3,93,No
544_0,544,2024-09-20,5,11,Yes
544_1,544,2024-09-21,6,21,Yes
544_2,544,2024-09-22,6,81,No
544_3,544,2024-09-23,7,58,Yes
545_0,545,2024-10-14,14,22,Yes
546_0,546,2024-07-25,4,89,Yes
546_1,546,2024-07-26,13,23,No
546_2,546,2024-07-27,5,61,Yes
547_0,547,2024-09-01,5,101,No
547_1,547,2024-09-02,9,18,No
547_2,547,2024-09-03,8,61,No
547_3,547,2024-09-04,2,95,No
548_0,548,2024-08-05,11,64,No
548_1,548,2024-08-06,7,77,No
549_0,549,2024-08-11,7,55,No
549_1,549,2024-08-12,2,85,Yes
549_2,549,2024-08-13,12,21,No
549_3,549,2024-08-14,13,2,No
550_0,550,2024-04-13,5,2,No
550_1,550,2024-04-14,8,32,No
550_2,550,2024-04-15,13,71,Yes
550_3,550,2024-04-16,13,28,No
550_4,550,2024-04-17,1,68,No
551_0,551,2024-01-01,11,70,Yes
551_1,551,2024-01-02,5,13,No
551_2,551,2024-01-03,8,102,No
551_3,551,2024-01-04,14,117,Yes
551_4,551,2024-01-05,5,72,Yes
552_0,552,2024-12-11,14,34,Yes
552_1,552,2024-12-12,15,111,No
552_2,552,2024-12-13,10,83,No
553_0,553,2024-11-08,6,75,No
553_1,553,2024-11-09,9,83,No
553_2,553,2024-11-10,1,14,No
553_3,553,2024-11-11,13,93,Yes
553_4,553,2024-11-12,12,100,Yes
554_0,554,2024-01-25,6,67,Yes
554_1,554,2024-01-26,13,44,No
554_2,554,2024-01-27,12,94,Yes
554_3,554,2024-01-28,2,38,No
554_4,554,2024-01-29,13,26,No
555_0,555,2024-05-30,4,70,No
555_1,555,2024-05-31,11,52,Yes
555_2,555,2024-06-01,15,39,No
556_0,556,2024-02-24,13,57,Yes
556_1,556,2024-02-25,5,45,Yes
556_2,556,2024-02-26,9,14,No
556_3,556,2024-02-27,2,45,No
556_4,556,2024-02-28,5,105,No
557_0,557,2024-11-20,8,100,Yes
557_1,557,2024-11-21,12,44,Yes
558_0,558,2024-06-26,9,16,No
558_1,558,2024-06-27,5,82,No
558_2,558,2024-06-28,11,118,No
558_3,558,2024-06-29,1,115,No
559_0,559,2024-10-19,9,54,No
559_1,559,2024-10-20,15,90,No
559_2,559,2024-10-21,7,7,Yes
560_0,560,2024-01-17,6,117,No
561_0,561,2024-04-24,15,109,No
562_0,562,2024-06-08,5,61,No
562_1,562,2024-06-09,12,36,No
562_2,562,2024-06-10,7,87,No
562_3,562,2024-06-11,8,104,No
563_0,563,2024-06-08,14,113,No
563_1,563,2024-06-09,9,70,Yes
564_0,564,2024-10-24,14,106,Yes
564_1,564,2024-10-25,13,101,No
564_2,564,2024-10-26,1,71,Yes
565_0,565,2024-11-22,15,31,No
565_1,565,2024-11-23,13,62,No
565_2,565,2024-11-24,12,13,Yes
565_3,565,2024-11-25,10,32,Yes
566_0,566,2024-01-13,7,108,No
567_0,567,2024-07-10,3,86,Yes
567_1,567,2024-07-11,12,68,No
567_2,567,2024-07-12,10,9,No
567_3,567,2024-07-13,5,99,No
567_4,567,2024-07-14,3,119,No
568_0,568,2024-09-24,5,71,Yes
569_0,569,2024-02-01,14,46,No
570_0,570,2024-07-17,5,9,Yes
571_0,571,2024-10-26,8,26,No
571_1,571,2024-10-27,7,100,Yes
571_2,571,2024-10-28,3,41,No
571_3,571,2024-10-29,3,85,No
571_4,571,2024-10-30,12,31,No
572_0,572,2024-05-01,14,26,No
572_1,572,2024-05-02,6,29,No
572_2,572,2024-05-03,3,76,No
573_0,573,2024-05-29,13,30,No
573_1,573,2024-05-30,7,36,Yes
574_0,574,2024-03-20,15,66,Yes
574_1,574,2024-03-21,13,42,Yes
575_0,575,2024-07-27,14,1,No
575_1,575,2024-07-28,15,20,No
575_2,575,2024-07-29,5,119,No
575_3,575,2024-07-30,9,77,Yes
575_4,575,2024-07-31,2,50,No
576_0,576,2024-05-20,3,68,No
576_1,576,2024-05-21,1,94,No
576_2,576,2024-05-22,9,91,No
576_3,576,2024-05-23,10,13,No
577_0,577,2024-01-13,5,50,Yes
577_1,577,2024-01-14,3,103,No
577_2,577,2024-01-15,9,42,Yes
578_0,578,2024-08-10,12,94,No
578_1,578,2024-08-11,7,30,No
578_2,578,2024-08-12,6,21,No
578_3,578,2024-08-13,6,109,No
578_4,578,2024-08-14,8,23,No
579_0,579,2024-04-06,6,32,No
579_1,579,2024-04-07,7,90,No
580_0,580,2024-02-10,13,70,No
580_1,580,2024-02-11,7,95,No
580_2,580,2024-02-12,13,116,Yes
580_3,580,2024-02-13,14,112,No
581_0,581,2024-09-12,13,17,Yes
581_1,581,2024-09-13,15,52,No
581_2,581,2024-09-14,8,36,No
581_3,581,2024-09-15,2,94,No
582_0,582,2024-03-26,9,74,No
582_1,582,2024-03-27,3,6,No
583_0,583,2024-09-22,3,27,Yes
583_1,583,2024-09-23,13,64,No
583_2,583,2024-09-24,9,70,No
583_3,583,2024-09-25,11,8,No
583_4,583,2024-09-26,13,64,No
584_0,584,2024-05-26,10,98,No
584_1,584,2024-05-27,3,80,Yes
585_0,585,2024-08-03,13,109,Yes
585_1,585,2024-08-04,13,64,No
585_2,585,2024-08-05,2,3,Yes
585_3,585,2024-08-06,5,42,Yes
585_4,585,2024-08-07,14,6,No
586_0,586,2024-08-08,13,115,Yes
586_1,586,2024-08-09,9,87,Yes
586_2,586,2024-08-10,6,70,Yes
586_3,586,2024-08-11,8,103,No
587_0,587,2024-08-22,12,11,No
587_1,587,2024-08-23,15,48,Yes
587_2,587,2024-08-24,8,115,No
587_3,587,2024-08-25,1,50,No
588_0,588,2024-05-09,11,73,No
588_1,588,2024-05-10,9,51,No
588_2,588,2024-05-11,7,91,No
588_3,588,2024-05-12,4,94,No
588_4,588,2024-05-13,2,104,No
589_0,589,2024-05-14,3,18,No
589_1,589,2024-05-15,10,66,No
589_2,589,2024-05-16,9,25,No
590_0,590,2024-02-29,1,72,Yes
590_1,590,2024-03-01,6,13,Yes
590_2,590,2024-03-02,7,120,No
590_3,590,2024-03-03,13,61,No
590_4,590,2024-03-04,13,85,No
591_0,591,2024-06-22,4,26,Yes
591_1,591,2024-06-23,15,64,No
591_2,591,2024-06-24,3,68,No
591_3,591,2024-06-25,4,19,No
591_4,591,2024-06-26,5,69,Yes
592_0,592,2024-01-09,15,81,No
592_1,592,2024-01-10,8,111,No
592_2,592,2024-01-11,8,85,Yes
593_0,593,2024-09-27,15,1,No
593_1,593,2024-09-28,3,40,No
594_0,594,2024-04-15,2,27,Yes
595_0,595,2024-06-25,11,45,No
595_1,595,2024-06-26,15,100,No
596_0,596,2024-10-03,13,47,Yes
596_1,596,2024-10-04,6,73,No
596_2,596,2024-10-05,5,104,No
596_3,596,2024-10-06,3,67,No
597_0,597,2024-10-23,1,31,Yes
597_1,597,2024-10-24,3,27,No
597_2,597,2024-10-25,9,69,No
597_3,597,2024-10-26,2,7,No
598_0,598,2024-09-07,3,100,No
598_1,598,2024-09-08,14,32,Yes
598_2,598,2024-09-09,4,75,No
598_3,598,2024-09-10,5,35,Yes
599_0,599,2024-08-09,12,95,No
599_1,599,2024-08-10,5,73,No
599_2,599,2024-08-11,8,53,No
599_3,599,2024-08-12,10,22,Yes
599_4,599,2024-08-13,8,85,No
600_0,600,2024-04-03,13,27,No
600_1,600,2024-04-04,15,91,No
600_2,600,2024-04-05,4,116,No
601_0,601,2024-08-20,3,91,Yes
601_1,601,2024-08-21,10,105,No
601_2,601,2024-08-22,15,19,No
602_0,602,2024-08-13,12,20,No
603_0,603,2024-05-04,6,34,No
603_1,603,2024-05-05,3,82,Yes
603_2,603,2024-05-06,12,89,No
603_3,603,2024-05-07,12,18,No
603_4,603,2024-05-08,2,25,No
604_0,604,2024-08-08,4,119,No
604_1,604,2024-08-09,8,25,Yes
605_0,605,2024-08-31,11,119,Yes
605_1,605,2024-09-01,3,7,No
605_2,605,2024-09-02,15,49,Yes
605_3,605,2024-09-03,7,54,Yes
606_0,606,2024-10-08,8,8,No
606_1,606,2024-10-09,3,40,No
606_2,606,2024-10-10,6,38,No
606_3,606,2024-10-11,2,14,Yes
606_4,606,2024-10-12,15,92,Yes
607_0,607,2024-07-17,9,101,No
607_1,607,2024-07-18,7,108,No
608_0,608,2024-07-28,12,61,No
608_1,608,2024-07-29,2,41,No
608_2,608,2024-07-30,3,81,No
608_3,608,2024-07-31,6,5,No
608_4,608,2024-08-01,1,76,Yes
609_0,609,2024-09-05,8,22,No
609_1,609,2024-09-06,13,50,No
609_2,609,2024-09-07,5,72,No
610_0,610,2024-11-22,9,61,No
611_0,611,2024-03-02,1,10,Yes
612_0,612,2024-12-03,15,34,No
612_1,612,2024-12-04,2,23,No
612_2,612,2024-12-05,10,44,Yes
612_3,612,2024-12-06,2,111,No
613_0,613,2024-05-05,3,66,No
613_1,613,2024-05-06,9,76,No
613_2,613,2024-05-07,2,42,No
613_3,613,2024-05-08,4,102,Yes
613_4,613,2024-05-09,4,69,No
614_0,614,2024-11-15,1,82,No
614_1,614,2024-11-16,10,78,No
615_0,615,2024-05-22,3,67,No
616_0,616,2024-02-09,7,27,No
616_1,616,2024-02-10,14,109,No
617_0,617,2024-03-20,3,82,No
617_1,617,2024-03-21,6,93,No
617_2,617,2024-03-22,11,120,No
617_3,617,2024-03-23,11,14,No
618_0,618,2024-03-18,1,5,Yes
618_1,618,2024-03-19,3,69,No
618_2,618,2024-03-20,9,106,Yes
618_3,618,2024-03-21,4,96,Yes
619_0,619,2024-07-18,6,37,No
619_1,619,2024-07-19,9,82,No
619_2,619,2024-07-20,13,72,No
620_0,620,2024-11-04,2,119,No
620_1,620,2024-11-05,6,116,Yes
621_0,621,2024-12-10,2,70,No
622_0,622,2024-05-15,2,15,No
622_1,622,2024-05-16,8,37,No
622_2,622,2024-05-17,2,70,No
623_0,623,2024-12-31,12,105,Yes
623_1,623,2025-01-01,15,35,No
623_2,623,2025-01-02,7,57,No
623_3,623,2025-01-03,2,4,Yes
623_4,623,2025-01-04,15,7,No
624_0,624,2024-02-29,1,74,Yes
624_1,624,2024-03-01,15,65,No
624_2,624,2024-03-02,14,60,Yes
624_3,624,2024-03-03,4,81,Yes
625_0,625,2024-04-22,15,118,No
625_1,625,2024-04-23,5,110,Yes
626_0,626,2024-05-21,15,98,No
626_1,626,2024-05-22,7,111,No
626_2,626,2024-05-23,2,21,No
627_0,627,2024-04-12,7,112,No
628_0,628,2024-07-27,2,1,Yes
629_0,629,2024-09-20,5,12,No
629_1,629,2024-09-21,10,76,No
629_2,629,2024-09-22,8,90,No
629_3,629,2024-09-23,2,89,Yes
630_0,630,2024-10-10,8,36,Yes
630_1,630,2024-10-11,1,54,No
630_2,630,2024-10-12,5,50,No
630_3,630,2024-10-13,6,22,Yes
631_0,631,2024-11-18,11,63,No
631_1,631,2024-11-19,8,101,No
631_2,631,2024-11-20,5,70,No
631_3,631,2024-11-21,13,5,Yes
632_0,632,2024-04-03,5,102,Yes
633_0,633,2024-05-12,15,75,No
634_0,634,2024-11-18,4,46,No
634_1,634,2024-11-19,14,1,Yes
634_2,634,2024-11-20,12,44,No
634_3,634,2024-11-21,1,14,No
634_4,634,2024-11-22,15,108,No
635_0,635,2024-12-19,2,62,No
636_0,636,2024-08-28,12,65,No
636_1,636,2024-08-29,12,116,Yes
636_2,636,2024-08-30,14,53,No
636_3,636,2024-08-31,2,58,No
637_0,637,2024-03-24,10,22,Yes
637_1,637,2024-03-25,3,46,No
637_2,637,2024-03-26,13,67,No
637_3,637,2024-03-27,9,60,No
638_0,638,2024-07-19,9,119,No
638_1,638,2024-07-20,6,12,Yes
639_0,639,2024-12-09,1,43,No
640_0,640,2024-04-16,8,81,Yes
640_1,640,2024-04-17,15,34,Yes
640_2,640,2024-04-18,8,8,No
640_3,640,2024-04-19,6,2,No
641_0,641,2024-11-21,5,69,Yes
641_1,641,2024-11-22,3,11,No
641_2,641,2024-11-23,13,8,No
641_3,641,2024-11-24,1,66,Yes
641_4,641,2024-11-25,10,108,Yes
642_0,642,2024-10-12,4,14,Yes
642_1,642,2024-10-13,10,65,No
642_2,642,2024-10-14,7,37,No
642_3,642,2024-10-15,7,10,Yes
643_0,643,2024-06-12,1,92,No
643_1,643,2024-06-13,12,83,Yes
643_2,643,2024-06-14,10,58,No
644_0,644,2024-12-26,15,88,No
644_1,644,2024-12-27,10,92,No
644_2,644,2024-12-28,15,2,No
645_0,645,2024-07-12,13,94,No
646_0,646,2024-02-15,5,86,No
646_1,646,2024-02-16,11,16,No
646_2,646,2024-02-17,5,114,Yes
646_3,646,2024-02-18,13,11,Yes
646_4,646,2024-02-19,9,21,No
647_0,647,2024-10-14,10,52,No
647_1,647,2024-10-15,13,66,No
648_0,648,2024-06-30,15,78,No
648_1,648,2024-07-01,14,117,No
649_0,649,2024-01-12,8,103,No
649_1,649,2024-01-13,8,21,No
649_2,649,2024-01-14,5,81,Yes
650_0,650,2024-07-11,1,13,Yes
651_0,651,2024-05-17,13,60,No
652_0,652,2024-01-13,9,108,Yes
653_0,653,2024-03-13,9,35,No
653_1,653,2024-03-14,7,37,No
653_2,653,2024-03-15,4,108,Yes
654_0,654,2024-03-14,12,47,No
654_1,654,2024-03-15,12,4,Yes
654_2,654,2024-03-16,6,114,Yes
654_3,654,2024-03-17,1,77,No
655_0,655,2024-11-11,13,114,No
656_0,656,2024-09-08,6,64,Yes
657_0,657,2024-01-04,5,27,No
657_1,657,2024-01-05,10,68,No
657_2,657,2024-01-06,1,38,Yes
657_3,657,2024-01-07,11,48,No
658_0,658,2024-12-25,8,59,Yes
658_1,658,2024-12-26,15,19,Yes
658_2,658,2024-12-27,6,29,Yes
658_3,658,2024-12-28,7,41,No
658_4,658,2024-12-29,10,41,No
659_0,659,2024-11-23,5,77,Yes
659_1,659,2024-11-24,15,25,No
659_2,659,2024-11-25,9,67,No
660_0,660,2024-05-31,3,119,Yes
660_1,660,2024-06-01,11,22,Yes
660_2,660,2024-06-02,11,3,No
660_3,660,2024-06-03,4,90,Yes
661_0,661,2024-03-09,1,25,Yes
661_1,661,2024-03-10,8,15,No
661_2,661,2024-03-11,11,112,No
661_3,661,2024-03-12,2,8,Yes
662_0,662,2024-11-01,3,93,No
663_0,663,2024-09-30,9,25,No
664_0,664,2024-12-26,5,111,No
664_1,664,2024-12-27,15,69,No
664_2,664,2024-12-28,5,112,No
664_3,664,2024-12-29,14,40,Yes
665_0,665,2024-05-08,10,91,No
665_1,665,2024-05-09,2,17,No
665_2,665,2024-05-10,7,2,Yes
666_0,666,2024-02-11,14,73,No
666_1,666,2024-02-12,8,89,Yes
667_0,667,2024-04-03,15,101,No
667_1,667,2024-04-04,6,74,Yes
668_0,668,2024-02-29,12,102,No
668_1,668,2024-03-01,1,59,No
668_2,668,2024-03-02,11,102,Yes
668_3,668,2024-03-03,14,89,No
669_0,669,2024-06-30,5,64,No
669_1,669,2024-07-01,12,39,Yes
669_2,669,2024-07-02,15,119,No
669_3,669,2024-07-03,7,120,Yes
670_0,670,2024-03-12,5,100,No
670_1,670,2024-03-13,8,9,No
671_0,671,2024-05-28,2,88,Yes
672_0,672,2024-08-16,6,93,No
672_1,672,2024-08-17,1,58,No
672_2,672,2024-08-18,9,26,No
672_3,672,2024-08-19,6,14,Yes
672_4,672,2024-08-20,7,22,No
673_0,673,2024-07-03,1,119,No
673_1,673,2024-07-04,15,72,No
673_2,673,2024-07-05,4,81,Yes
674_0,674,2024-10-03,10,43,No
675_0,675,2024-06-16,14,51,No
675_1,675,2024-06-17,13,9,Yes
675_2,675,2024-06-18,10,55,No
676_0,676,2024-03-17,12,66,No
676_1,676,2024-03-18,2,40,No
676_2,676,2024-03-19,10,50,Yes
676_3,676,2024-03-20,6,28,No
676_4,676,2024-03-21,3,1,Yes
677_0,677,2024-09-04,6,116,Yes
677_1,677,2024-09-05,8,35,No
677_2,677,2024-09-06,1,38,No
678_0,678,2024-01-27,14,5,Yes
678_1,678,2024-01-28,10,96,Yes
678_2,678,2024-01-29,4,110,No
678_3,678,2024-01-30,12,23,Yes
678_4,678,2024-01-31,9,52,No
679_0,679,2024-12-28,14,11,Yes
680_0,680,2024-09-09,15,5,No
680_1,680,2024-09-10,5,87,No
680_2,680,2024-09-11,11,38,No
680_3,680,2024-09-12,6,35,Yes
680_4,680,2024-09-13,10,92,Yes
681_0,681,2024-01-04,3,31,Yes
681_1,681,2024-01-05,9,7,No
681_2,681,2024-01-06,8,44,No
682_0,682,2024-07-31,3,73,No
682_1,682,2024-08-01,5,51,No
682_2,682,2024-08-02,2,67,No
683_0,683,2024-09-16,10,67,No
683_1,683,2024-09-17,8,21,No
683_2,683,2024-09-18,8,19,No
684_0,684,2024-05-08,9,32,No
684_1,684,2024-05-09,15,87,No
685_0,685,2024-07-22,1,3,No
685_1,685,2024-07-23,6,81,No
685_2,685,2024-07-24,4,111,No
686_0,686,2024-10-11,1,24,Yes
686_1,686,2024-10-12,14,72,No
686_2,686,2024-10-13,12,107,No
686_3,686,2024-10-14,5,92,Yes
687_0,687,2024-05-10,8,54,Yes
687_1,687,2024-05-11,13,98,Yes
687_2,687,2024-05-12,5,66,No
687_3,687,2024-05-13,10,76,No
688_0,688,2024-04-11,3,60,No
689_0,689,2024-06-16,11,51,No
690_0,690,2024-12-22,5,53,No
691_0,691,2024-07-17,11,32,No
692_0,692,2024-02-09,12,10,No
693_0,693,2024-04-10,15,16,Yes
694_0,694,2024-06-02,15,32,Yes
694_1,694,2024-06-03,9,14,No
694_2,694,2024-06-04,1,55,No
694_3,694,2024-06-05,7,1,Yes
694_4,694,2024-06-06,15,99,No
695_0,695,2024-01-27,13,32,No
695_1,695,2024-01-28,11,73,Yes
695_2,695,2024-01-29,8,60,No
696_0,696,2024-09-21,13,97,No
697_0,697,2024-10-02,5,112,No
697_1,697,2024-10-03,2,27,No
697_2,697,2024-10-04,8,117,No
697_3,697,2024-10-05,15,92,Yes
697_4,697,2024-10-06,7,23,No
698_0,698,2024-06-27,7,23,Yes
699_0,699,2024-10-18,12,62,No
699_1,699,2024-10-19,13,111,Yes
699_2,699,2024-10-20,7,18,No
700_0,700,2024-03-22,5,30,Yes
701_0,701,2024-07-21,14,22,No
701_1,701,2024-07-22,2,9,No
701_2,701,2024-07-23,14,40,Yes
701_3,701,2024-07-24,4,93,No
702_0,702,2024-11-05,4,22,No
702_1,702,2024-11-06,7,63,Yes
702_2,702,2024-11-07,6,59,No
703_0,703,2024-10-16,3,60,No
704_0,704,2024-07-23,11,25,Yes
704_1,704,2024-07-24,8,70,No
704_2,704,2024-07-25,1,73,No
705_0,705,2024-09-18,14,34,No
705_1,705,2024-09-19,15,79,No
706_0,706,2024-07-20,15,23,Yes
707_0,707,2024-02-24,11,87,Yes
707_1,707,2024-02-25,15,41,No
707_2,707,2024-02-26,10,46,Yes
707_3,707,2024-02-27,6,110,No
708_0,708,2024-06-18,13,93,No
708_1,708,2024-06-19,7,77,Yes
708_2,708,2024-06-20,12,92,No
709_0,709,2024-07-11,14,116,Yes
709_1,709,2024-07-12,11,72,No
710_0,710,2024-08-13,6,65,No
711_0,711,2024-09-15,2,120,Yes
711_1,711,2024-09-16,10,62,Yes
711_2,711,2024-09-17,15,62,No
711_3,711,2024-09-18,4,90,Yes
712_0,712,2024-07-02,3,81,No
712_1,712,2024-07-03,4,108,Yes
712_2,712,2024-07-04,9,56,No
712_3,712,2024-07-05,1,66,Yes
713_0,713,2024-03-15,7,10,No
713_1,713,2024-03-16,15,50,No
713_2,713,2024-03-17,10,116,No
713_3,713,2024-03-18,6,87,No
714_0,714,2024-03-26,6,23,No
715_0,715,2024-10-05,9,46,No
715_1,715,2024-10-06,8,109,No
715_2,715,2024-10-07,12,92,No
716_0,716,2024-11-04,6,43,No
717_0,717,2024-05-11,5,66,Yes
717_1,717,2024-05-12,3,46,No
717_2,717,2024-05-13,2,13,No
717_3,717,2024-05-14,1,56,No
718_0,718,2024-12-22,7,59,No
718_1,718,2024-12-23,7,41,No
718_2,718,2024-12-24,11,114,No
719_0,719,2024-12-31,11,28,No
719_1,719,2025-01-01,7,63,No
719_2,719,2025-01-02,15,115,No
720_0,720,2024-06-14,11,108,No
721_0,721,2024-07-24,12,107,Yes
721_1,721,2024-07-25,14,22,Yes
721_2,721,2024-07-26,2,115,No
721_3,721,2024-07-27,6,16,No
722_0,722,2024-01-01,10,36,No
722_1,722,2024-01-02,10,42,Yes
723_0,723,2024-07-06,3,97,Yes
724_0,724,2024-12-31,7,53,No
725_0,725,2024-11-06,4,93,No
725_1,725,2024-11-07,4,95,Yes
726_0,726,2024-07-08,12,38,Yes
726_1,726,2024-07-09,15,24,No
727_0,727,2024-01-15,9,31,No
727_1,727,2024-01-16,8,59,Yes
728_0,728,2024-02-19,14,13,Yes
728_1,728,2024-02-20,7,80,No
728_2,728,2024-02-21,12,12,Yes
729_0,729,2024-04-04,13,17,No
729_1,729,2024-04-05,12,78,No
730_0,730,2024-05-06,8,51,No
730_1,730,2024-05-07,15,14,No
730_2,730,2024-05-08,10,55,No
730_3,730,2024-05-09,14,78,No
730_4,730,2024-05-10,5,93,No
731_0,731,2024-11-20,10,75,No
731_1,731,2024-11-21,12,106,No
732_0,732,2024-07-05,3,113,No
732_1,732,2024-07-06,13,38,No
732_2,732,2024-07-07,11,78,Yes
732_3,732,2024-07-08,14,73,Yes
732_4,732,2024-07-09,1,105,Yes
733_0,733,2024-10-31,13,83,No
733_1,733,2024-11-01,14,81,No
733_2,733,2024-11-02,10,101,No
734_0,734,2024-10-25,5,74,No
734_1,734,2024-10-26,10,53,Yes
734_2,734,2024-10-27,11,106,No
735_0,735,2024-07-11,11,92,No
735_1,735,2024-07-12,9,81,No
735_2,735,2024-07-13,2,30,Yes
736_0,736,2024-08-25,7,21,No
737_0,737,2024-11-25,13,60,No
737_1,737,2024-11-26,11,62,No
737_2,737,2024-11-27,7,75,Yes
737_3,737,2024-11-28,4,80,Yes
737_4,737,2024-11-29,1,29,No
738_0,738,2024-04-05,3,113,Yes
739_0,739,2024-10-03,1,18,No
740_0,740,2024-09-17,9,25,No
740_1,740,2024-09-18,1,107,Yes
741_0,741,2024-10-12,12,17,Yes
741_1,741,2024-10-13,15,101,Yes
742_0,742,2024-01-10,3,108,No
742_1,742,2024-01-11,4,69,No
743_0,743,2024-12-02,3,86,No
743_1,743,2024-12-03,9,106,Yes
743_2,743,2024-12-04,12,35,No
743_3,743,2024-12-05,10,114,No
744_0,744,2024-10-12,14,82,No
745_0,745,2024-03-09,7,69,No
746_0,746,2024-06-24,12,33,No
747_0,747,2024-09-01,3,66,No
747_1,747,2024-09-02,8,52,Yes
747_2,747,2024-09-03,7,4,No
747_3,747,2024-09-04,5,70,No
747_4,747,2024-09-05,1,70,No
748_0,748,2024-08-01,4,84,No
748_1,748,2024-08-02,9,119,Yes
749_0,749,2024-05-02,8,54,Yes
749_1,749,2024-05-03,4,79,No
749_2,749,2024-05-04,10,74,No
749_3,749,2024-05-05,5,72,No
750_0,750,2024-12-07,14,25,Yes
750_1,750,2024-12-08,6,10,No
750_2,750,2024-12-09,14,14,No
751_0,751,2024-01-13,10,97,No
751_1,751,2024-01-14,15,38,No
752_0,752,2024-07-27,5,78,No
752_1,752,2024-07-28,6,101,No
752_2,752,2024-07-29,15,95,No
752_3,752,2024-07-30,13,22,No
752_4,752,2024-07-31,8,120,Yes
753_0,753,2024-02-21,5,66,Yes
753_1,753,2024-02-22,8,89,Yes
753_2,753,2024-02-23,3,81,No
754_0,754,2024-11-15,6,82,No
754_1,754,2024-11-16,13,63,No
754_2,754,2024-11-17,3,104,No
754_3,754,2024-11-18,12,58,No
754_4,754,2024-11-19,9,25,Yes
755_0,755,2024-02-22,3,107,No
755_1,755,2024-02-23,10,56,Yes
755_2,755,2024-02-24,5,9,No
755_3,755,2024-02-25,4,41,No
755_4,755,2024-02-26,10,109,Yes
756_0,756,2024-10-27,6,79,No
756_1,756,2024-10-28,4,89,No
756_2,756,2024-10-29,9,10,Yes
756_3,756,2024-10-30,9,67,Yes
757_0,757,2024-06-12,12,84,No
758_0,758,2024-11-09,11,18,No
758_1,758,2024-11-10,11,19,Yes
758_2,758,2024-11-11,5,76,No
758_3,758,2024-11-12,11,23,No
758_4,758,2024-11-13,3,81,No
759_0,759,2024-07-10,4,80,No
759_1,759,2024-07-11,9,114,No
760_0,760,2024-06-13,15,19,No
760_1,760,2024-06-14,10,35,Yes
761_0,761,2024-06-04,14,54,No
761_1,761,2024-06-05,9,6,No
762_0,762,2024-03-17,6,68,No
762_1,762,2024-03-18,13,66,No
763_0,763,2024-10-11,7,73,No
763_1,763,2024-10-12,9,4,No
763_2,763,2024-10-13,8,31,Yes
763_3,763,2024-10-14,10,102,No
763_4,763,2024-10-15,7,77,No
764_0,764,2024-10-12,5,20,Yes
765_0,765,2024-10-08,4,10,Yes
765_1,765,2024-10-09,4,30,No
765_2,765,2024-10-10,10,29,No
766_0,766,2024-11-01,7,77,No
766_1,766,2024-11-02,1,60,No
766_2,766,2024-11-03,7,34,Yes
767_0,767,2024-12-18,3,2,No
768_0,768,2024-06-26,12,32,No
768_1,768,2024-06-27,2,33,No
769_0,769,2024-04-15,13,7,No
769_1,769,2024-04-16,12,16,Yes
769_2,769,2024-04-17,3,60,No
770_0,770,2024-12-26,12,101,No
770_1,770,2024-12-27,6,82,No
771_0,771,2024-06-08,13,114,No
771_1,771,2024-06-09,9,40,No
771_2,771,2024-06-10,3,102,No
772_0,772,2024-08-03,11,6,Yes
772_1,772,2024-08-04,1,57,No
772_2,772,2024-08-05,4,53,Yes
773_0,773,2024-01-11,15,17,No
774_0,774,2024-02-11,8,59,No
774_1,774,2024-02-12,11,78,No
774_2,774,2024-02-13,13,8,No
774_3,774,2024-02-14,10,35,Yes
775_0,775,2024-02-29,2,52,No
776_0,776,2024-06-14,6,74,No
777_0,777,2024-12-16,13,74,No
778_0,778,2024-12-25,12,61,No
778_1,778,2024-12-26,4,113,No
778_2,778,2024-12-27,7,66,No
778_3,778,2024-12-28,6,94,Yes
778_4,778,2024-12-29,2,104,Yes
779_0,779,2024-10-04,1,4,No
779_1,779,2024-10-05,3,111,No
779_2,779,2024-10-06,8,86,No
779_3,779,2024-10-07,1,119,No
780_0,780,2024-04-02,4,94,No
780_1,780,2024-04-03,5,95,No
780_2,780,2024-04-04,5,41,Yes
780_3,780,2024-04-05,10,1,Yes
781_0,781,2024-09-11,2,27,Yes
781_1,781,2024-09-12,15,48,No
782_0,782,2024-05-30,4,81,No
782_1,782,2024-05-31,1,79,Yes
782_2,782,2024-06-01,2,6,No
783_0,783,2024-07-12,9,35,No
783_1,783,2024-07-13,13,65,Yes
783_2,783,2024-07-14,5,33,No
783_3,783,2024-07-15,1,43,Yes
784_0,784,2024-07-19,13,62,No
784_1,784,2024-07-20,10,31,No
784_2,784,2024-07-21,10,18,No
784_3,784,2024-07-22,8,7,No
784_4,784,2024-07-23,14,73,No
785_0,785,2024-12-06,2,2,Yes
785_1,785,2024-12-07,3,91,No
785_2,785,2024-12-08,3,78,Yes
786_0,786,2024-01-05,9,74,No
786_1,786,2024-01-06,3,2,No
787_0,787,2024-10-03,5,70,Yes
788_0,788,2024-10-24,3,13,No
789_0,789,2024-09-16,3,54,Yes
790_0,790,2024-01-10,10,82,No
790_1,790,2024-01-11,2,51,No
790_2,790,2024-01-12,12,54,No
791_0,791,2024-12-27,1,43,Yes
791_1,791,2024-12-28,12,56,No
791_2,791,2024-12-29,7,59,No
791_3,791,2024-12-30,11,14,Yes
791_4,791,2024-12-31,3,101,No
792_0,792,2024-04-04,12,29,Yes
792_1,792,2024-04-05,2,64,Yes
792_2,792,2024-04-06,14,41,No
792_3,792,2024-04-07,6,107,No
792_4,792,2024-04-08,9,61,Yes
793_0,793,2024-01-11,8,92,Yes
793_1,793,2024-01-12,11,62,No
794_0,794,2024-09-12,15,115,No
795_0,795,2024-01-15,1,82,Yes
795_1,795,2024-01-16,12,1,No
796_0,796,2024-10-03,10,110,No
796_1,796,2024-10-04,3,83,No
797_0,797,2024-09-22,1,112,Yes
797_1,797,2024-09-23,3,68,Yes
797_2,797,2024-09-24,13,38,No
797_3,797,2024-09-25,4,100,No
798_0,798,2024-05-06,1,70,Yes
799_0,799,2024-07-31,12,96,Yes
799_1,799,2024-08-01,3,109,No
799_2,799,2024-08-02,12,82,Yes
800_0,800,2024-04-24,14,66,No
800_1,800,2024-04-25,3,90,No
800_2,800,2024-04-26,1,110,Yes
801_0,801,2024-11-24,1,71,Yes
801_1,801,2024-11-25,14,46,No
801_2,801,2024-11-26,5,33,Yes
801_3,801,2024-11-27,14,35,No
801_4,801,2024-11-28,8,24,Yes
802_0,802,2024-10-01,15,40,No
803_0,803,2024-05-12,1,105,No
804_0,804,2024-11-02,14,24,No
804_1,804,2024-11-03,12,3,No
804_2,804,2024-11-04,11,13,No
805_0,805,2024-09-24,8,55,No
805_1,805,2024-09-25,9,1,No
805_2,805,2024-09-26,3,32,Yes
805_3,805,2024-09-27,14,52,No
806_0,806,2024-04-11,2,31,No
806_1,806,2024-04-12,8,22,Yes
806_2,806,2024-04-13,15,36,Yes
806_3,806,2024-04-14,4,26,No
806_4,806,2024-04-15,5,60,No
807_0,807,2024-06-11,4,105,No
807_1,807,2024-06-12,4,57,No
807_2,807,2024-06-13,13,66,No
807_3,807,2024-06-14,14,37,Yes
808_0,808,2024-09-05,4,70,No
808_1,808,2024-09-06,7,71,No
808_2,808,2024-09-07,5,60,Yes
808_3,808,2024-09-08,3,77,No
808_4,808,2024-09-09,12,63,No
809_0,809,2024-08-29,14,106,No
809_1,809,2024-08-30,5,7,No
809_2,809,2024-08-31,12,16,Yes
810_0,810,2024-11-24,6,112,Yes
810_1,810,2024-11-25,7,112,No
810_2,810,2024-11-26,6,25,No
810_3,810,2024-11-27,15,95,No
810_4,810,2024-11-28,5,10,No
811_0,811,2024-03-30,7,75,No
812_0,812,2024-09-25,10,69,Yes
812_1,812,2024-09-26,14,18,Yes
812_2,812,2024-09-27,5,79,No
813_0,813,2024-05-14,5,28,Yes
813_1,813,2024-05-15,14,75,No
813_2,813,2024-05-16,7,96,Yes
813_3,813,2024-05-17,4,64,No
813_4,813,2024-05-18,14,87,No
814_0,814,2024-12-10,13,54,No
814_1,814,2024-12-11,10,111,No
814_2,814,2024-12-12,12,111,No
814_3,814,2024-12-13,14,11,No
814_4,814,2024-12-14,8,77,No
815_0,815,2024-09-12,15,34,No
815_1,815,2024-09-13,12,101,No
816_0,816,2024-12-03,8,4,Yes
816_1,816,2024-12-04,3,69,No
816_2,816,2024-12-05,13,85,No
817_0,817,2024-05-06,4,2,Yes
818_0,818,2024-01-05,11,87,No
818_1,818,2024-01-06,5,78,Yes
818_2,818,2024-01-07,4,99,No
818_3,818,2024-01-08,3,68,Yes
819_0,819,2024-01-08,15,47,No
820_0,820,2024-04-12,13,27,Yes
821_0,821,2024-08-19,15,47,Yes
821_1,821,2024-08-20,3,13,Yes
821_2,821,2024-08-21,1,64,Yes
822_0,822,2024-12-25,15,107,No
822_1,822,2024-12-26,1,89,No
822_2,822,2024-12-27,1,107,Yes
822_3,822,2024-12-28,14,91,Yes
822_4,822,2024-12-29,1,70,No
823_0,823,2024-02-09,1,48,Yes
823_1,823,2024-02-10,13,86,No
823_2,823,2024-02-11,12,87,Yes
824_0,824,2024-04-21,15,5,No
825_0,825,2024-03-06,3,105,Yes
825_1,825,2024-03-07,9,119,No
825_2,825,2024-03-08,3,112,Yes
825_3,825,2024-03-09,4,61,No
826_0,826,2024-10-01,13,75,Yes
826_1,826,2024-10-02,5,86,No
826_2,826,2024-10-03,4,44,No
826_3,826,2024-10-04,9,88,Yes
826_4,826,2024-10-05,4,45,No
827_0,827,2024-11-03,12,110,No
828_0,828,2024-12-19,15,73,No
828_1,828,2024-12-20,13,74,No
828_2,828,2024-12-21,5,102,No
828_3,828,2024-12-22,11,16,Yes
829_0,829,2024-02-11,3,73,No
829_1,829,2024-02-12,8,115,Yes
829_2,829,2024-02-13,14,51,No
829_3,829,2024-02-14,6,59,Yes
829_4,829,2024-02-15,7,53,No
830_0,830,2024-10-14,13,71,Yes
830_1,830,2024-10-15,10,11,Yes
830_2,830,2024-10-16,9,113,No
830_3,830,2024-10-17,9,2,Yes
831_0,831,2024-09-10,9,63,Yes
832_0,832,2024-11-01,2,117,Yes
833_0,833,2024-09-21,7,8,No
833_1,833,2024-09-22,11,94,No
833_2,833,2024-09-23,4,84,Yes
834_0,834,2024-08-01,7,56,Yes
834_1,834,2024-08-02,5,58,Yes
835_0,835,2024-11-11,5,111,No
836_0,836,2024-01-10,5,54,Yes
837_0,837,2024-08-21,15,78,No
837_1,837,2024-08-22,15,62,No
837_2,837,2024-08-23,1,19,No
837_3,837,2024-08-24,1,52,Yes
837_4,837,2024-08-25,12,102,Yes
838_0,838,2024-01-10,15,43,No
838_1,838,2024-01-11,12,45,No
838_2,838,2024-01-12,8,108,No
839_0,839,2024-11-18,5,93,No
839_1,839,2024-11-19,8,72,Yes
839_2,839,2024-11-20,10,75,No
839_3,839,2024-11-21,5,17,No
839_4,839,2024-11-22,10,98,Yes
840_0,840,2024-12-10,10,107,Yes
841_0,841,2024-01-26,8,48,No
841_1,841,2024-01-27,12,80,No
842_0,842,2024-04-17,1,46,No
842_1,842,2024-04-18,11,107,No
842_2,842,2024-04-19,6,57,No
843_0,843,2024-11-03,11,85,No
843_1,843,2024-11-04,8,30,No
843_2,843,2024-11-05,4,87,Yes
844_0,844,2024-04-01,3,56,No
844_1,844,2024-04-02,2,20,No
845_0,845,2024-10-14,13,71,No
845_1,845,2024-10-15,9,72,No
845_2,845,2024-10-16,5,89,No
845_3,845,2024-10-17,8,101,No
845_4,845,2024-10-18,11,59,Yes
846_0,846,2024-03-21,10,115,No
846_1,846,2024-03-22,9,38,Yes
846_2,846,2024-03-23,8,17,No
846_3,846,2024-03-24,13,6,Yes
847_0,847,2024-12-15,9,74,No
847_1,847,2024-12-16,8,91,No
848_0,848,2024-05-16,8,67,No
849_0,849,2024-10-12,14,102,No
849_1,849,2024-10-13,9,42,No
850_0,850,2024-04-16,8,112,No
850_1,850,2024-04-17,15,29,Yes
850_2,850,2024-04-18,10,54,No
850_3,850,2024-04-19,15,98,No
850_4,850,2024-04-20,6,101,No
851_0,851,2024-08-18,4,70,No
851_1,851,2024-08-19,10,76,No
851_2,851,2024-08-20,5,36,No
852_0,852,2024-07-22,10,26,Yes
852_1,852,2024-07-23,9,40,Yes
852_2,852,2024-07-24,10,90,No
852_3,852,2024-07-25,4,62,No
852_4,852,2024-07-26,9,23,Yes
853_0,853,2024-11-16,11,108,Yes
854_0,854,2024-10-23,4,22,Yes
854_1,854,2024-10-24,14,33,No
854_2,854,2024-10-25,15,88,No
855_0,855,2024-10-10,1,84,No
855_1,855,2024-10-11,11,64,No
855_2,855,2024-10-12,12,18,No
855_3,855,2024-10-13,7,12,No
856_0,856,2024-01-18,9,39,No
856_1,856,2024-01-19,14,19,Yes
856_2,856,2024-01-20,10,44,No
856_3,856,2024-01-21,11,67,No
856_4,856,2024-01-22,1,35,Yes
857_0,857,2024-04-06,5,93,No
857_1,857,2024-04-07,12,96,No
858_0,858,2024-04-19,11,88,Yes
858_1,858,2024-04-20,12,93,No
858_2,858,2024-04-21,2,91,Yes
858_3,858,2024-04-22,2,96,Yes
858_4,858,2024-04-23,15,74,Yes
859_0,859,2024-01-02,13,57,No
860_0,860,2024-04-05,2,116,No
860_1,860,2024-04-06,15,73,No
860_2,860,2024-04-07,9,120,Yes
861_0,861,2024-03-06,11,100,No
861_1,861,2024-03-07,7,30,Yes
861_2,861,2024-03-08,4,50,No
861_3,861,2024-03-09,4,14,Yes
861_4,861,2024-03-10,4,56,No
862_0,862,2024-12-11,4,93,No
863_0,863,2024-12-27,1,44,No
863_1,863,2024-12-28,6,118,No
864_0,864,2024-03-25,12,61,No
864_1,864,2024-03-26,4,113,Yes
864_2,864,2024-03-27,4,110,Yes
864_3,864,2024-03-28,15,107,No
865_0,865,2024-01-06,8,92,No
865_1,865,2024-01-07,11,23,No
865_2,865,2024-01-08,12,35,No
865_3,865,2024-01-09,4,59,No
866_0,866,2024-04-07,1,1,No
866_1,866,2024-04-08,13,93,No
867_0,867,2024-02-16,1,28,No
868_0,868,2024-06-16,7,38,No
868_1,868,2024-06-17,4,56,No
868_2,868,2024-06-18,4,102,No
868_3,868,2024-06-19,5,74,Yes
869_0,869,2024-07-23,14,70,No
869_1,869,2024-07-24,12,23,No
869_2,869,2024-07-25,7,78,No
870_0,870,2024-10-05,5,21,No
870_1,870,2024-10-06,4,30,No
870_2,870,2024-10-07,11,63,Yes
871_0,871,2024-12-23,8,60,No
871_1,871,2024-12-24,1,27,Yes
871_2,871,2024-12-25,5,73,No
871_3,871,2024-12-26,3,78,No
872_0,872,2024-08-26,11,32,No
872_1,872,2024-08-27,9,9,Yes
872_2,872,2024-08-28,1,47,Yes
872_3,872,2024-08-29,8,48,Yes
873_0,873,2024-11-19,11,15,No
873_1,873,2024-11-20,1,60,No
873_2,873,2024-11-21,5,75,No
873_3,873,2024-11-22,8,37,No
873_4,873,2024-11-23,13,11,Yes
874_0,874,2024-10-21,4,80,No
874_1,874,2024-10-22,12,103,Yes
874_2,874,2024-10-23,14,71,No
874_3,874,2024-10-24,14,20,No
874_4,874,2024-10-25,2,91,No
875_0,875,2024-07-25,1,61,Yes
875_1,875,2024-07-26,3,105,Yes
876_0,876,2024-06-04,8,101,Yes
877_0,877,2024-05-22,11,55,No
877_1,877,2024-05-23,6,40,No
877_2,877,2024-05-24,8,80,Yes
877_3,877,2024-05-25,3,26,Yes
878_0,878,2024-05-03,9,37,Yes
878_1,878,2024-05-04,1,104,No
878_2,878,2024-05-05,3,30,No
878_3,878,2024-05-06,13,30,No
879_0,879,2024-09-16,6,50,No
879_1,879,2024-09-17,14,84,Yes
880_0,880,2024-10-15,8,21,No
880_1,880,2024-10-16,15,13,No
880_2,880,2024-10-17,11,12,Yes
881_0,881,2024-12-25,12,114,No
881_1,881,2024-12-26,11,49,No
881_2,881,2024-12-27,3,58,No
881_3,881,2024-12-28,13,6,Yes
881_4,881,2024-12-29,14,108,Yes
882_0,882,2024-04-22,7,57,Yes
882_1,882,2024-04-23,5,42,No
883_0,883,2024-07-17,15,8,No
883_1,883,2024-07-18,14,50,No
884_0,884,2024-06-15,2,5,No
884_1,884,2024-06-16,9,58,No
884_2,884,2024-06-17,2,110,No
884_3,884,2024-06-18,6,13,Yes
885_0,885,2024-07-02,13,1,No
885_1,885,2024-07-03,2,32,No
885_2,885,2024-07-04,8,96,No
886_0,886,2024-02-13,13,86,Yes
886_1,886,2024-02-14,14,45,No
886_2,886,2024-02-15,1,89,Yes
887_0,887,2024-06-26,7,99,Yes
887_1,887,2024-06-27,2,97,No
887_2,887,2024-06-28,14,33,No
888_0,888,2024-04-02,4,113,Yes
888_1,888,2024-04-03,7,24,No
888_2,888,2024-04-04,6,76,Yes
889_0,889,2024-03-06,7,55,No
890_0,890,2024-05-19,13,92,Yes
891_0,891,2024-01-18,12,54,Yes
891_1,891,2024-01-19,12,86,Yes
891_2,891,2024-01-20,12,79,No
892_0,892,2024-02-02,14,105,Yes
892_1,892,2024-02-03,2,120,No
892_2,892,2024-02-04,11,10,Yes
893_0,893,2024-11-28,14,35,No
893_1,893,2024-11-29,4,6,No
893_2,893,2024-11-30,10,60,No
893_3,893,2024-12-01,1,85,Yes
894_0,894,2024-06-16,15,33,No
894_1,894,2024-06-17,2,39,Yes
894_2,894,2024-06-18,10,107,Yes
894_3,894,2024-06-19,10,83,No
895_0,895,2024-05-28,15,14,Yes
895_1,895,2024-05-29,6,114,No
896_0,896,2024-11-14,4,1,No
896_1,896,2024-11-15,15,34,No
896_2,896,2024-11-16,13,22,No
896_3,896,2024-11-17,2,112,No
897_0,897,2024-01-24,9,88,Yes
897_1,897,2024-01-25,9,70,Yes
897_2,897,2024-01-26,9,16,Yes
897_3,897,2024-01-27,7,79,No
898_0,898,2024-01-11,13,101,No
899_0,899,2024-05-04,10,110,Yes
899_1,899,2024-05-05,11,81,No
899_2,899,2024-05-06,9,81,No
899_3,899,2024-05-07,2,91,No
900_0,900,2024-02-12,8,34,No
900_1,900,2024-02-13,3,61,Yes
900_2,900,2024-02-14,6,46,No
900_3,900,2024-02-15,1,67,No
900_4,900,2024-02-16,1,55,No
901_0,901,2024-10-30,8,6,No
902_0,902,2024-06-29,11,31,Yes
902_1,902,2024-06-30,3,67,No
902_2,902,2024-07-01,13,54,No
902_3,902,2024-07-02,10,6,No
902_4,902,2024-07-03,12,18,No
903_0,903,2024-11-01,5,111,No
904_0,904,2024-03-09,11,102,No
904_1,904,2024-03-10,1,27,No
904_2,904,2024-03-11,15,73,No
905_0,905,2024-04-19,2,79,Yes
905_1,905,2024-04-20,9,19,No
905_2,905,2024-04-21,14,40,Yes
905_3,905,2024-04-22,6,65,No
906_0,906,2024-10-26,13,86,No
906_1,906,2024-10-27,13,93,Yes
907_0,907,2024-09-07,6,100,Yes
907_1,907,2024-09-08,11,119,Yes
907_2,907,2024-09-09,6,43,Yes
907_3,907,2024-09-10,11,78,No
907_4,907,2024-09-11,13,27,No
908_0,908,2024-06-12,2,63,No
908_1,908,2024-06-13,2,114,No
909_0,909,2024-04-17,1,97,No
909_1,909,2024-04-18,14,99,No
909_2,909,2024-04-19,12,85,No
910_0,910,2024-01-05,4,45,No
910_1,910,2024-01-06,6,28,No
910_2,910,2024-01-07,14,46,No
910_3,910,2024-01-08,2,117,No
911_0,911,2024-02-24,5,56,No
912_0,912,2024-06-19,5,116,No
912_1,912,2024-06-20,8,28,No
912_2,912,2024-06-21,8,115,No
913_0,913,2024-12-02,2,36,No
913_1,913,2024-12-03,8,16,No
913_2,913,2024-12-04,6,95,No
914_0,914,2024-06-16,5,66,No
914_1,914,2024-06-17,6,11,Yes
914_2,914,2024-06-18,12,8,No
914_3,914,2024-06-19,7,112,Yes
915_0,915,2024-11-20,2,47,No
916_0,916,2024-10-04,10,30,No
916_1,916,2024-10-05,12,3,No
917_0,917,2024-07-09,8,113,Yes
917_1,917,2024-07-10,9,48,No
917_2,917,2024-07-11,2,49,No
918_0,918,2024-09-10,10,109,No
918_1,918,2024-09-11,8,37,No
918_2,918,2024-09-12,11,79,No
918_3,918,2024-09-13,2,58,No
919_0,919,2024-03-12,14,90,No
919_1,919,2024-03-13,6,117,No
920_0,920,2024-09-07,14,53,No
920_1,920,2024-09-08,1,46,No
921_0,921,2024-01-03,4,46,No
922_0,922,2024-09-13,11,59,Yes
922_1,922,2024-09-14,4,80,Yes
923_0,923,2024-02-17,2,9,No
923_1,923,2024-02-18,9,64,No
923_2,923,2024-02-19,10,32,No
924_0,924,2024-11-06,10,41,No
924_1,924,2024-11-07,12,120,No
924_2,924,2024-11-08,2,119,No
924_3,924,2024-11-09,4,119,Yes
925_0,925,2024-11-05,4,17,Yes
926_0,926,2024-10-06,15,20,Yes
926_1,926,2024-10-07,4,28,No
926_2,926,2024-10-08,14,115,No
926_3,926,2024-10-09,10,42,No
926_4,926,2024-10-10,12,67,No
927_0,927,2024-06-26,15,44,No
927_1,927,2024-06-27,15,106,Yes
927_2,927,2024-06-28,7,105,No
928_0,928,2024-04-25,7,15,Yes
928_1,928,2024-04-26,4,95,Yes
928_2,928,2024-04-27,12,37,No
928_3,928,2024-04-28,15,16,No
929_0,929,2024-03-20,8,14,Yes
929_1,929,2024-03-21,12,104,Yes
929_2,929,2024-03-22,8,100,No
929_3,929,2024-03-23,10,66,No
930_0,930,2024-02-27,4,74,Yes
930_1,930,2024-02-28,15,15,No
931_0,931,2024-02-19,6,112,Yes
931_1,931,2024-02-20,11,8,No
931_2,931,2024-02-21,13,53,Yes
931_3,931,2024-02-22,15,17,No
931_4,931,2024-02-23,3,32,No
932_0,932,2024-10-10,2,30,No
932_1,932,2024-10-11,13,90,No
932_2,932,2024-10-12,7,104,Yes
932_3,932,2024-10-13,6,45,Yes
932_4,932,2024-10-14,7,45,No
933_0,933,2024-10-22,15,98,No
933_1,933,2024-10-23,14,91,No
933_2,933,2024-10-24,14,72,No
933_3,933,2024-10-25,14,77,Yes
934_0,934,2024-10-18,2,95,No
934_1,934,2024-10-19,5,33,No
934_2,934,2024-10-20,3,33,No
934_3,934,2024-10-21,10,57,Yes
935_0,935,2024-09-07,7,101,No
935_1,935,2024-09-08,2,4,Yes
935_2,935,2024-09-09,11,65,No
935_3,935,2024-09-10,3,30,Yes
935_4,935,2024-09-11,15,118,No
936_0,936,2024-01-29,10,59,No
936_1,936,2024-01-30,4,11,No
936_2,936,2024-01-31,15,56,Yes
936_3,936,2024-02-01,7,22,No
936_4,936,2024-02-02,11,78,No
937_0,937,2024-11-17,3,24,No
937_1,937,2024-11-18,15,6,No
938_0,938,2024-01-07,10,31,No
938_1,938,2024-01-08,5,45,Yes
938_2,938,2024-01-09,13,85,Yes
938_3,938,2024-01-10,4,96,Yes
939_0,939,2024-08-06,7,115,No
939_1,939,2024-08-07,5,106,Yes
940_0,940,2024-11-19,10,89,No
940_1,940,2024-11-20,5,109,Yes
941_0,941,2024-07-09,1,33,No
941_1,941,2024-07-10,7,99,Yes
941_2,941,2024-07-11,12,101,Yes
941_3,941,2024-07-12,6,28,No
941_4,941,2024-07-13,5,8,No
942_0,942,2024-08-27,8,79,Yes
943_0,943,2024-09-24,2,73,Yes
943_1,943,2024-09-25,4,5,No
943_2,943,2024-09-26,2,106,No
943_3,943,2024-09-27,8,12,No
943_4,943,2024-09-28,7,30,No
944_0,944,2024-10-23,5,70,No
944_1,944,2024-10-24,2,63,Yes
944_2,944,2024-10-25,3,93,Yes
944_3,944,2024-10-26,7,98,Yes
944_4,944,2024-10-27,3,25,Yes
945_0,945,2024-09-12,5,117,No
946_0,946,2024-09-18,9,107,No
946_1,946,2024-09-19,4,95,Yes
946_2,946,2024-09-20,13,4,No
947_0,947,2024-04-13,4,63,No
947_1,947,2024-04-14,10,80,Yes
948_0,948,2024-03-07,1,60,Yes
949_0,949,2024-07-30,2,109,No
949_1,949,2024-07-31,10,57,Yes
949_2,949,2024-08-01,6,10,Yes
949_3,949,2024-08-02,3,28,No
950_0,950,2024-12-28,10,7,No
950_1,950,2024-12-29,11,70,No
950_2,950,2024-12-30,6,78,Yes
950_3,950,2024-12-31,13,118,No
950_4,950,2025-01-01,8,29,No
951_0,951,2024-08-09,12,37,Yes
951_1,951,2024-08-10,10,56,No
951_2,951,2024-08-11,1,34,Yes
951_3,951,2024-08-12,4,55,No
952_0,952,2024-11-02,2,38,Yes
952_1,952,2024-11-03,1,112,No
952_2,952,2024-11-04,1,46,Yes
952_3,952,2024-11-05,2,87,No
953_0,953,2024-12-31,10,36,No
953_1,953,2025-01-01,3,59,Yes
954_0,954,2024-10-07,6,120,No
955_0,955,2024-02-22,7,77,No
955_1,955,2024-02-23,12,49,No
955_2,955,2024-02-24,14,94,No
956_0,956,2024-01-09,5,21,Yes
957_0,957,2024-03-27,2,56,No
957_1,957,2024-03-28,2,69,No
957_2,957,2024-03-29,10,43,No
957_3,957,2024-03-30,1,107,No
957_4,957,2024-03-31,4,85,No
958_0,958,2024-01-29,8,68,No
958_1,958,2024-01-30,3,54,No
958_2,958,2024-01-31,7,119,No
958_3,958,2024-02-01,12,107,Yes
959_0,959,2024-11-30,10,13,No
959_1,959,2024-12-01,7,49,No
959_2,959,2024-12-02,8,103,No
959_3,959,2024-12-03,1,65,Yes
959_4,959,2024-12-04,3,90,Yes
960_0,960,2024-09-29,12,66,Yes
960_1,960,2024-09-30,2,95,Yes
961_0,961,2024-06-14,14,19,No
961_1,961,2024-06-15,14,36,Yes
961_2,961,2024-06-16,1,74,No
961_3,961,2024-06-17,5,31,No
961_4,961,2024-06-18,15,47,No
962_0,962,2024-06-04,7,25,No
962_1,962,2024-06-05,12,83,No
963_0,963,2024-02-08,9,20,No
963_1,963,2024-02-09,9,120,No
963_2,963,2024-02-10,15,34,No
964_0,964,2024-05-12,6,40,No
964_1,964,2024-05-13,14,102,No
964_2,964,2024-05-14,11,92,No
965_0,965,2024-05-27,10,13,No
965_1,965,2024-05-28,1,111,Yes
965_2,965,2024-05-29,8,119,No
966_0,966,2024-03-06,1,25,No
966_1,966,2024-03-07,12,71,Yes
966_2,966,2024-03-08,2,13,Yes
966_3,966,2024-03-09,6,24,Yes
966_4,966,2024-03-10,4,117,No
967_0,967,2024-02-11,11,67,No
967_1,967,2024-02-12,7,53,No
968_0,968,2024-01-01,8,38,No
968_1,968,2024-01-02,8,61,No
968_2,968,2024-01-03,13,75,No
969_0,969,2024-02-03,13,9,No
969_1,969,2024-02-04,12,115,Yes
970_0,970,2024-01-06,11,70,No
970_1,970,2024-01-07,6,44,No
970_2,970,2024-01-08,14,75,No
971_0,971,2024-10-12,9,12,No
972_0,972,2024-11-29,11,103,No
973_0,973,2024-01-14,2,22,No
973_1,973,2024-01-15,15,74,No
973_2,973,2024-01-16,3,103,No
974_0,974,2024-10-20,12,73,Yes
974_1,974,2024-10-21,4,91,Yes
974_2,974,2024-10-22,8,104,No
974_3,974,2024-10-23,11,77,Yes
975_0,975,2024-12-09,10,32,No
975_1,975,2024-12-10,3,69,Yes
976_0,976,2024-07-20,3,40,Yes
977_0,977,2024-10-19,12,99,Yes
977_1,977,2024-10-20,14,40,Yes
977_2,977,2024-10-21,5,4,Yes
977_3,977,2024-10-22,10,115,No
978_0,978,2024-05-04,1,13,Yes
979_0,979,2024-09-09,5,93,No
979_1,979,2024-09-10,1,89,No
979_2,979,2024-09-11,14,43,No
979_3,979,2024-09-12,3,113,No
979_4,979,2024-09-13,3,49,No
980_0,980,2024-05-26,4,67,No
980_1,980,2024-05-27,10,67,Yes
980_2,980,2024-05-28,10,32,No
981_0,981,2024-02-25,11,46,No
981_1,981,2024-02-26,7,97,No
981_2,981,2024-02-27,5,76,No
981_3,981,2024-02-28,2,54,No
981_4,981,2024-02-29,9,107,No
982_0,982,2024-06-15,9,32,No
982_1,982,2024-06-16,15,40,Yes
982_2,982,2024-06-17,14,119,Yes
983_0,983,2024-07-29,11,94,No
984_0,984,2024-01-26,8,37,Yes
984_1,984,2024-01-27,15,87,No
984_2,984,2024-01-28,13,114,No
984_3,984,2024-01-29,11,44,No
984_4,984,2024-01-30,7,4,No
985_0,985,2024-10-18,9,12,No
985_1,985,2024-10-19,4,30,No
985_2,985,2024-10-20,14,96,No
986_0,986,2024-02-13,11,1,Yes
986_1,986,2024-02-14,5,14,No
987_0,987,2024-11-17,1,112,Yes
987_1,987,2024-11-18,11,83,No
987_2,987,2024-11-19,5,113,No
988_0,988,2024-04-13,12,68,No
988_1,988,2024-04-14,9,115,No
988_2,988,2024-04-15,1,46,No
988_3,988,2024-04-16,10,55,Yes
989_0,989,2024-07-19,5,86,No
989_1,989,2024-07-20,12,45,Yes
989_2,989,2024-07-21,12,78,Yes
989_3,989,2024-07-22,9,48,No
989_4,989,2024-07-23,14,109,No
990_0,990,2024-01-27,11,16,Yes
990_1,990,2024-01-28,13,81,Yes
990_2,990,2024-01-29,4,93,Yes
990_3,990,2024-01-30,7,39,No
991_0,991,2024-02-09,15,85,No
991_1,991,2024-02-10,3,31,No
991_2,991,2024-02-11,5,58,No
992_0,992,2024-10-02,15,86,Yes
992_1,992,2024-10-03,1,99,No
992_2,992,2024-10-04,12,99,No
993_0,993,2024-02-05,15,61,No
993_1,993,2024-02-06,9,51,No
994_0,994,2024-07-14,1,93,No
994_1,994,2024-07-15,10,32,No
994_2,994,2024-07-16,11,86,No
995_0,995,2024-10-09,11,32,No
995_1,995,2024-10-10,12,29,No
995_2,995,2024-10-11,2,67,Yes
995_3,995,2024-10-12,1,69,Yes
996_0,996,2024-12-18,5,59,No
996_1,996,2024-12-19,2,78,No
996_2,996,2024-12-20,6,32,No
997_0,997,2024-04-09,13,12,No
997_1,997,2024-04-10,4,33,Yes
997_2,997,2024-04-11,4,102,No
997_3,997,2024-04-12,5,14,No
997_4,997,2024-04-13,7,117,No
998_0,998,2024-08-24,9,32,Yes
998_1,998,2024-08-25,3,63,No
998_2,998,2024-08-26,14,68,No
998_3,998,2024-08-27,13,36,No
998_4,998,2024-08-28,2,77,Yes
999_0,999,2024-03-07,6,1,No
1000_0,1000,2024-11-05,10,3,No
1000_1,1000,2024-11-06,8,65,No
1001_0,1001,2024-06-27,7,81,Yes
1001_1,1001,2024-06-28,12,86,No
1002_0,1002,2024-11-24,13,88,No
1003_0,1003,2024-02-18,15,80,No
1003_1,1003,2024-02-19,10,57,No
1003_2,1003,2024-02-20,12,115,No
1003_3,1003,2024-02-21,1,51,Yes
1004_0,1004,2024-07-29,3,79,No
1004_1,1004,2024-07-30,6,79,No
1004_2,1004,2024-07-31,9,54,No
1005_0,1005,2024-04-28,7,44,No
1005_1,1005,2024-04-29,2,25,No
1005_2,1005,2024-04-30,14,27,No
1005_3,1005,2024-05-01,8,72,No
1006_0,1006,2024-10-05,6,53,No
1006_1,1006,2024-10-06,11,113,No
1006_2,1006,2024-10-07,12,29,No
1006_3,1006,2024-10-08,11,9,No
1007_0,1007,2024-05-04,10,17,No
1007_1,1007,2024-05-05,14,16,Yes
1007_2,1007,2024-05-06,6,71,No
1008_0,1008,2024-08-13,3,95,Yes
1008_1,1008,2024-08-14,6,109,No
1008_2,1008,2024-08-15,6,24,Yes
1008_3,1008,2024-08-16,3,66,No
1009_0,1009,2024-01-09,8,12,No
1009_1,1009,2024-01-10,10,103,Yes
1009_2,1009,2024-01-11,1,26,No
1009_3,1009,2024-01-12,11,78,No
1009_4,1009,2024-01-13,4,35,No
1010_0,1010,2024-10-01,5,43,No
1010_1,1010,2024-10-02,12,113,No
1010_2,1010,2024-10-03,9,21,No
1010_3,1010,2024-10-04,15,66,No
1011_0,1011,2024-12-06,4,7,Yes
1011_1,1011,2024-12-07,13,7,No
1011_2,1011,2024-12-08,14,33,No
1012_0,1012,2024-05-16,9,76,Yes
1012_1,1012,2024-05-17,1,103,No
1013_0,1013,2024-10-31,13,62,Yes
1014_0,1014,2024-09-29,9,10,No
1014_1,1014,2024-09-30,11,17,Yes
1014_2,1014,2024-10-01,11,39,No
1015_0,1015,2024-07-15,5,18,Yes
1015_1,1015,2024-07-16,2,46,No
1015_2,1015,2024-07-17,5,48,No
1015_3,1015,2024-07-18,2,69,Yes
1015_4,1015,2024-07-19,15,5,Yes
1016_0,1016,2024-01-17,4,27,Yes
1016_1,1016,2024-01-18,8,6,No
1017_0,1017,2024-12-13,12,21,Yes
1017_1,1017,2024-12-14,2,96,Yes
1017_2,1017,2024-12-15,15,96,No
1017_3,1017,2024-12-16,9,64,No
1018_0,1018,2024-07-19,12,24,No
1018_1,1018,2024-07-20,2,21,No
1018_2,1018,2024-07-21,13,90,No
1019_0,1019,2024-07-20,4,120,Yes
1020_0,1020,2024-02-14,5,60,No
1020_1,1020,2024-02-15,14,10,Yes
1020_2,1020,2024-02-16,4,68,No
1020_3,1020,2024-02-17,14,44,No
1020_4,1020,2024-02-18,2,107,No
1021_0,1021,2024-05-22,13,53,Yes
1021_1,1021,2024-05-23,1,79,No
1021_2,1021,2024-05-24,8,39,Yes
1021_3,1021,2024-05-25,13,18,No
1021_4,1021,2024-05-26,5,111,No
1022_0,1022,2024-03-14,6,12,No
1023_0,1023,2024-09-10,3,108,No
1024_0,1024,2024-07-27,5,92,Yes
1024_1,1024,2024-07-28,9,28,Yes
1025_0,1025,2024-10-20,12,13,Yes
1025_1,1025,2024-10-21,13,52,No
1025_2,1025,2024-10-22,12,7,No
1025_3,1025,2024-10-23,7,108,Yes
1025_4,1025,2024-10-24,15,111,No
1026_0,1026,2024-04-08,10,88,Yes
1026_1,1026,2024-04-09,11,81,No
1026_2,1026,2024-04-10,12,12,Yes
1026_3,1026,2024-04-11,8,96,No
1026_4,1026,2024-04-12,8,105,No
1027_0,1027,2024-12-24,1,98,No
1027_1,1027,2024-12-25,15,29,No
1027_2,1027,2024-12-26,2,120,Yes
1027_3,1027,2024-12-27,14,8,No
1028_0,1028,2024-04-02,10,64,No
1028_1,1028,2024-04-03,9,84,Yes
1029_0,1029,2024-08-06,4,23,No
1029_1,1029,2024-08-07,10,5,No
1030_0,1030,2024-06-02,7,1,Yes
1030_1,1030,2024-06-03,6,9,No
1031_0,1031,2024-12-21,10,13,No
1032_0,1032,2024-11-19,6,2,Yes
1032_1,1032,2024-11-20,14,16,Yes
1033_0,1033,2024-06-27,10,114,Yes
1033_1,1033,2024-06-28,8,97,No
1033_2,1033,2024-06-29,14,71,Yes
1034_0,1034,2024-07-26,11,103,No
1034_1,1034,2024-07-27,9,73,Yes
1035_0,1035,2024-12-15,4,22,No
1035_1,1035,2024-12-16,12,110,No
1035_2,1035,2024-12-17,10,60,Yes
1035_3,1035,2024-12-18,10,18,No
1035_4,1035,2024-12-19,15,88,No
1036_0,1036,2024-11-28,12,92,Yes
1037_0,1037,2024-09-28,10,108,No
1037_1,1037,2024-09-29,11,108,No
1038_0,1038,2024-07-08,2,6,No
1038_1,1038,2024-07-09,7,98,No
1038_2,1038,2024-07-10,13,16,Yes
1039_0,1039,2024-07-28,14,57,Yes
1039_1,1039,2024-07-29,8,2,No
1040_0,1040,2024-01-26,11,119,No
1040_1,1040,2024-01-27,5,84,Yes
1040_2,1040,2024-01-28,13,5,No
1041_0,1041,2024-01-16,6,37,No
1041_1,1041,2024-01-17,9,3,No
1041_2,1041,2024-01-18,12,90,No
1042_0,1042,2024-09-14,11,44,No
1042_1,1042,2024-09-15,5,17,Yes
1042_2,1042,2024-09-16,14,72,No
1042_3,1042,2024-09-17,7,37,No
1042_4,1042,2024-09-18,5,41,No
1043_0,1043,2024-02-27,11,27,No
1044_0,1044,2024-10-28,10,85,No
1044_1,1044,2024-10-29,12,73,No
1044_2,1044,2024-10-30,2,118,No
1045_0,1045,2024-11-08,2,115,No
1045_1,1045,2024-11-09,12,19,No
1046_0,1046,2024-05-14,15,72,No
1046_1,1046,2024-05-15,14,88,No
1046_2,1046,2024-05-16,3,1,No
1046_3,1046,2024-05-17,8,96,Yes
1046_4,1046,2024-05-18,13,68,No
1047_0,1047,2024-08-20,14,27,No
1047_1,1047,2024-08-21,12,30,No
1047_2,1047,2024-08-22,7,76,No
1048_0,1048,2024-03-30,3,6,No
1048_1,1048,2024-03-31,9,71,Yes
1048_2,1048,2024-04-01,9,32,No
1049_0,1049,2024-04-19,13,111,Yes
1050_0,1050,2024-07-31,10,27,No
1050_1,1050,2024-08-01,10,12,No
1051_0,1051,2024-05-15,7,90,No
1051_1,1051,2024-05-16,1,25,No
1051_2,1051,2024-05-17,15,93,No
1052_0,1052,2024-03-27,15,114,No
1052_1,1052,2024-03-28,4,80,No
1053_0,1053,2024-04-13,4,12,No
1053_1,1053,2024-04-14,15,72,No
1053_2,1053,2024-04-15,9,34,No
1053_3,1053,2024-04-16,10,51,Yes
1054_0,1054,2024-01-01,1,3,No
1054_1,1054,2024-01-02,15,74,No
1054_2,1054,2024-01-03,11,102,Yes
1054_3,1054,2024-01-04,4,77,Yes
1054_4,1054,2024-01-05,4,100,No
1055_0,1055,2024-11-17,4,55,No
1055_1,1055,2024-11-18,10,85,No
1055_2,1055,2024-11-19,1,20,Yes
1055_3,1055,2024-11-20,14,115,No
1055_4,1055,2024-11-21,13,9,No
1056_0,1056,2024-02-04,3,88,No
1057_0,1057,2024-02-12,7,63,No
1057_1,1057,2024-02-13,9,46,Yes
1057_2,1057,2024-02-14,4,19,No
1057_3,1057,2024-02-15,9,42,Yes
1058_0,1058,2024-09-10,12,61,No
1058_1,1058,2024-09-11,5,3,Yes
1058_2,1058,2024-09-12,10,27,No
1058_3,1058,2024-09-13,12,107,No
1058_4,1058,2024-09-14,11,86,No
1059_0,1059,2024-03-18,14,2,Yes
1059_1,1059,2024-03-19,8,96,Yes
1059_2,1059,2024-03-20,14,23,No
1059_3,1059,2024-03-21,7,54,No
1059_4,1059,2024-03-22,5,20,No
1060_0,1060,2024-03-21,5,66,Yes
1061_0,1061,2024-11-16,1,30,No
1061_1,1061,2024-11-17,1,83,Yes
1061_2,1061,2024-11-18,11,75,No
1061_3,1061,2024-11-19,5,81,Yes
1061_4,1061,2024-11-20,4,99,No
1062_0,1062,2024-10-09,15,5,Yes
1062_1,1062,2024-10-10,4,97,No
1062_2,1062,2024-10-11,8,4,Yes
1062_3,1062,2024-10-12,10,67,No
1062_4,1062,2024-10-13,7,23,No
1063_0,1063,2024-12-15,12,52,No
1063_1,1063,2024-12-16,14,25,No
1064_0,1064,2024-09-27,7,92,No
1064_1,1064,2024-09-28,1,106,No
1064_2,1064,2024-09-29,9,5,No
1064_3,1064,2024-09-30,10,85,No
1064_4,1064,2024-10-01,7,63,Yes
1065_0,1065,2024-11-01,13,63,No
1065_1,1065,2024-11-02,9,92,No
1065_2,1065,2024-11-03,7,88,No
1066_0,1066,2024-12-08,10,14,No
1066_1,1066,2024-12-09,10,72,No
1067_0,1067,2024-11-10,15,4,No
1067_1,1067,2024-11-11,14,96,Yes
1067_2,1067,2024-11-12,7,117,No
1067_3,1067,2024-11-13,15,105,No
1067_4,1067,2024-11-14,1,99,No
1068_0,1068,2024-09-18,15,87,Yes
1069_0,1069,2024-02-07,1,33,No
1069_1,1069,2024-02-08,7,99,No
1069_2,1069,2024-02-09,15,106,Yes
1069_3,1069,2024-02-10,14,66,No
1070_0,1070,2024-10-16,3,16,No
1070_1,1070,2024-10-17,7,108,No
1070_2,1070,2024-10-18,3,110,No
1071_0,1071,2024-03-04,11,59,No
1071_1,1071,2024-03-05,14,93,No
1072_0,1072,2024-12-12,5,76,No
1072_1,1072,2024-12-13,2,34,Yes
1072_2,1072,2024-12-14,15,17,Yes
1072_3,1072,2024-12-15,6,8,No
1072_4,1072,2024-12-16,5,44,Yes
1073_0,1073,2024-07-30,1,99,No
1074_0,1074,2024-12-15,1,58,No
1074_1,1074,2024-12-16,12,68,No
1074_2,1074,2024-12-17,5,107,No
1074_3,1074,2024-12-18,5,59,No
1075_0,1075,2024-06-01,13,111,No
1075_1,1075,2024-06-02,2,83,No
1076_0,1076,2024-05-02,12,84,Yes
1076_1,1076,2024-05-03,8,46,No
1077_0,1077,2024-10-20,1,98,No
1077_1,1077,2024-10-21,4,109,No
1077_2,1077,2024-10-22,1,63,No
1077_3,1077,2024-10-23,11,13,No
1078_0,1078,2024-04-30,8,89,No
1078_1,1078,2024-05-01,9,77,No
1078_2,1078,2024-05-02,15,88,Yes
1078_3,1078,2024-05-03,10,61,No
1078_4,1078,2024-05-04,8,48,No
1079_0,1079,2024-10-21,15,22,No
1080_0,1080,2024-01-18,7,116,No
1080_1,1080,2024-01-19,15,83,Yes
1080_2,1080,2024-01-20,12,30,No
1080_3,1080,2024-01-21,12,24,No
1080_4,1080,2024-01-22,14,52,No
1081_0,1081,2024-06-20,14,59,No
1081_1,1081,2024-06-21,10,18,No
1081_2,1081,2024-06-22,11,114,Yes
1081_3,1081,2024-06-23,2,24,Yes
1081_4,1081,2024-06-24,2,111,No
1082_0,1082,2024-02-13,14,60,No
1082_1,1082,2024-02-14,14,18,No
1082_2,1082,2024-02-15,6,66,No
1083_0,1083,2024-10-16,8,19,No
1083_1,1083,2024-10-17,14,64,Yes
1083_2,1083,2024-10-18,6,54,No
1083_3,1083,2024-10-19,8,18,No
1084_0,1084,2024-08-17,1,4,No
1084_1,1084,2024-08-18,1,76,Yes
1085_0,1085,2024-12-03,4,7,No
1085_1,1085,2024-12-04,3,112,No
1085_2,1085,2024-12-05,13,98,No
1086_0,1086,2024-06-22,12,53,Yes
1086_1,1086,2024-06-23,5,68,No
1086_2,1086,2024-06-24,10,22,No
1086_3,1086,2024-06-25,1,4,No
1086_4,1086,2024-06-26,15,20,Yes
1087_0,1087,2024-08-10,3,65,No
1087_1,1087,2024-08-11,15,44,Yes
1087_2,1087,2024-08-12,2,71,No
1087_3,1087,2024-08-13,8,67,Yes
1088_0,1088,2024-08-06,1,70,Yes
1088_1,1088,2024-08-07,10,79,Yes
1089_0,1089,2024-03-23,11,79,No
1089_1,1089,2024-03-24,8,75,No
1089_2,1089,2024-03-25,4,15,Yes
1089_3,1089,2024-03-26,8,81,No
1090_0,1090,2024-03-08,7,33,Yes
1091_0,1091,2024-01-22,9,29,Yes
1091_1,1091,2024-01-23,7,110,Yes
1091_2,1091,2024-01-24,3,118,Yes
1092_0,1092,2024-04-30,10,55,No
1093_0,1093,2024-08-14,8,39,No
1093_1,1093,2024-08-15,1,109,No
1094_0,1094,2024-05-18,13,105,Yes
1094_1,1094,2024-05-19,2,17,No
1094_2,1094,2024-05-20,5,76,No
1095_0,1095,2024-02-11,6,39,No
1095_1,1095,2024-02-12,11,28,No
1095_2,1095,2024-02-13,15,114,Yes
1095_3,1095,2024-02-14,9,13,Yes
1095_4,1095,2024-02-15,2,79,Yes
1096_0,1096,2024-01-10,4,32,No
1096_1,1096,2024-01-11,7,14,Yes
1096_2,1096,2024-01-12,6,97,No
1096_3,1096,2024-01-13,1,24,No
1097_0,1097,2024-08-21,14,115,No
1097_1,1097,2024-08-22,12,75,Yes
1097_2,1097,2024-08-23,6,77,No
1098_0,1098,2024-11-22,14,92,No
1099_0,1099,2024-09-06,12,2,No
1100_0,1100,2024-11-11,12,103,No
1100_1,1100,2024-11-12,3,21,No
1100_2,1100,2024-11-13,6,37,No
1101_0,1101,2024-12-03,9,25,Yes
1102_0,1102,2024-04-15,11,79,Yes
1102_1,1102,2024-04-16,8,95,No
1102_2,1102,2024-04-17,15,101,No
1103_0,1103,2024-07-28,4,5,No
1103_1,1103,2024-07-29,3,79,No
1104_0,1104,2024-03-28,5,76,No
1105_0,1105,2024-10-02,7,119,No
1105_1,1105,2024-10-03,2,99,No
1106_0,1106,2024-03-11,4,87,No
1106_1,1106,2024-03-12,10,12,Yes
1107_0,1107,2024-06-03,15,120,Yes
1107_1,1107,2024-06-04,3,29,No
1107_2,1107,2024-06-05,8,98,Yes
1107_3,1107,2024-06-06,3,28,No
1108_0,1108,2024-01-12,7,13,Yes
1109_0,1109,2024-07-20,4,21,Yes
1109_1,1109,2024-07-21,13,115,No
1109_2,1109,2024-07-22,9,77,No
1109_3,1109,2024-07-23,2,58,No
1109_4,1109,2024-07-24,11,14,Yes
1110_0,1110,2024-09-27,12,81,Yes
1110_1,1110,2024-09-28,9,45,Yes
1110_2,1110,2024-09-29,5,72,Yes
1110_3,1110,2024-09-30,15,27,No
1111_0,1111,2024-01-31,2,64,No
1112_0,1112,2024-01-22,13,74,Yes
1113_0,1113,2024-06-07,3,92,No
1114_0,1114,2024-08-07,10,80,No
1114_1,1114,2024-08-08,13,97,No
1115_0,1115,2024-10-20,10,67,No
1115_1,1115,2024-10-21,12,96,Yes
1115_2,1115,2024-10-22,9,114,Yes
1115_3,1115,2024-10-23,11,105,No
1116_0,1116,2024-03-16,4,43,No
1116_1,1116,2024-03-17,11,17,No
1117_0,1117,2024-10-08,15,89,Yes
1117_1,1117,2024-10-09,11,20,Yes
1117_2,1117,2024-10-10,14,100,No
1118_0,1118,2024-03-13,4,101,No
1118_1,1118,2024-03-14,9,6,No
1118_2,1118,2024-03-15,12,86,Yes
1118_3,1118,2024-03-16,15,11,Yes
1119_0,1119,2024-05-30,2,16,No
1119_1,1119,2024-05-31,14,89,Yes
1119_2,1119,2024-06-01,8,17,No
1119_3,1119,2024-06-02,4,82,No
1119_4,1119,2024-06-03,6,112,No
1120_0,1120,2024-01-30,8,20,No
1120_1,1120,2024-01-31,5,2,No
1120_2,1120,2024-02-01,11,24,Yes
1121_0,1121,2024-03-18,6,26,Yes
1121_1,1121,2024-03-19,12,113,No
1121_2,1121,2024-03-20,4,3,No
1121_3,1121,2024-03-21,15,11,No
1122_0,1122,2024-03-29,4,23,No
1122_1,1122,2024-03-30,4,66,Yes
1123_0,1123,2024-10-31,2,43,Yes
1124_0,1124,2024-09-04,11,71,Yes
1124_1,1124,2024-09-05,4,116,No
1124_2,1124,2024-09-06,3,41,No
1124_3,1124,2024-09-07,5,65,No
1124_4,1124,2024-09-08,12,97,No
1125_0,1125,2024-09-04,15,63,No
1125_1,1125,2024-09-05,9,44,No
1125_2,1125,2024-09-06,5,54,No
1125_3,1125,2024-09-07,11,112,Yes
1125_4,1125,2024-09-08,7,101,No
1126_0,1126,2024-06-13,13,56,No
1126_1,1126,2024-06-14,13,25,No
1126_2,1126,2024-06-15,1,50,No
1126_3,1126,2024-06-16,13,41,No
1126_4,1126,2024-06-17,4,92,No
1127_0,1127,2024-02-09,14,13,No
1127_1,1127,2024-02-10,12,10,No
1127_2,1127,2024-02-11,14,87,No
1127_3,1127,2024-02-12,6,55,No
1128_0,1128,2024-03-10,7,6,No
1128_1,1128,2024-03-11,9,89,No
1128_2,1128,2024-03-12,14,43,No
1128_3,1128,2024-03-13,12,96,No
1129_0,1129,2024-07-04,8,92,No
1129_1,1129,2024-07-05,1,24,No
1129_2,1129,2024-07-06,11,93,No
1130_0,1130,2024-02-18,3,51,Yes
1130_1,1130,2024-02-19,14,31,No
1130_2,1130,2024-02-20,10,109,Yes
1130_3,1130,2024-02-21,5,15,No
1131_0,1131,2024-10-16,12,73,Yes
1131_1,1131,2024-10-17,3,55,No
1131_2,1131,2024-10-18,2,111,No
1131_3,1131,2024-10-19,8,19,Yes
1131_4,1131,2024-10-20,5,109,No
1132_0,1132,2024-10-04,1,44,No
1133_0,1133,2024-09-12,14,112,No
1134_0,1134,2024-12-24,3,114,Yes
1135_0,1135,2024-02-18,1,72,No
1135_1,1135,2024-02-19,7,109,No
1136_0,1136,2024-03-09,7,50,No
1136_1,1136,2024-03-10,4,3,No
1136_2,1136,2024-03-11,10,100,No
1136_3,1136,2024-03-12,13,28,No
1136_4,1136,2024-03-13,1,119,No
1137_0,1137,2024-09-04,14,72,No
1137_1,1137,2024-09-05,6,101,No
1138_0,1138,2024-06-10,3,18,No
1138_1,1138,2024-06-11,13,59,Yes
1138_2,1138,2024-06-12,11,85,No
1138_3,1138,2024-06-13,6,23,No
1139_0,1139,2024-01-15,1,29,No
1139_1,1139,2024-01-16,9,76,Yes
1140_0,1140,2024-03-16,5,104,Yes
1140_1,1140,2024-03-17,8,83,Yes
1140_2,1140,2024-03-18,14,20,Yes
1140_3,1140,2024-03-19,11,57,Yes
1140_4,1140,2024-03-20,12,90,Yes
1141_0,1141,2024-04-23,7,63,Yes
1142_0,1142,2024-08-18,15,44,Yes
1142_1,1142,2024-08-19,10,68,No
1143_0,1143,2024-05-11,10,46,No
1143_1,1143,2024-05-12,4,22,No
1143_2,1143,2024-05-13,6,15,No
1144_0,1144,2024-07-06,8,84,No
1144_1,1144,2024-07-07,3,111,No
1144_2,1144,2024-07-08,7,97,Yes
1145_0,1145,2024-03-22,5,88,No
1145_1,1145,2024-03-23,4,82,No
1146_0,1146,2024-05-19,6,114,No
1146_1,1146,2024-05-20,1,11,Yes
1146_2,1146,2024-05-21,13,75,No
1146_3,1146,2024-05-22,4,22,No
1147_0,1147,2024-01-12,13,7,Yes
1147_1,1147,2024-01-13,2,6,No
1147_2,1147,2024-01-14,3,62,Yes
1148_0,1148,2024-12-29,14,59,No
1148_1,1148,2024-12-30,8,68,Yes
1148_2,1148,2024-12-31,12,86,No
1149_0,1149,2024-04-17,1,107,No
1149_1,1149,2024-04-18,6,78,No
1149_2,1149,2024-04-19,2,34,Yes
1150_0,1150,2024-05-31,7,41,No
1150_1,1150,2024-06-01,5,87,No
1150_2,1150,2024-06-02,2,113,No
1150_3,1150,2024-06-03,6,116,No
1150_4,1150,2024-06-04,12,32,Yes
1151_0,1151,2024-10-17,5,32,No
1152_0,1152,2024-11-15,5,7,No
1152_1,1152,2024-11-16,4,57,Yes
1152_2,1152,2024-11-17,10,81,No
1152_3,1152,2024-11-18,1,41,No
1153_0,1153,2024-04-20,12,117,No
1153_1,1153,2024-04-21,15,23,No
1153_2,1153,2024-04-22,6,2,No
1153_3,1153,2024-04-23,6,10,No
1154_0,1154,2024-04-04,2,22,No
1154_1,1154,2024-04-05,12,17,No
1154_2,1154,2024-04-06,6,76,No
1154_3,1154,2024-04-07,6,65,Yes
1154_4,1154,2024-04-08,10,32,No
1155_0,1155,2024-08-05,13,33,No
1155_1,1155,2024-08-06,15,64,Yes
1156_0,1156,2024-06-08,7,101,Yes
1156_1,1156,2024-06-09,6,78,Yes
1156_2,1156,2024-06-10,15,72,No
1156_3,1156,2024-06-11,14,27,No
1156_4,1156,2024-06-12,10,21,Yes
1157_0,1157,2024-09-01,6,29,No
1157_1,1157,2024-09-02,10,45,No
1157_2,1157,2024-09-03,6,6,No
1157_3,1157,2024-09-04,7,21,No
1158_0,1158,2024-09-05,9,84,No
1158_1,1158,2024-09-06,4,9,No
1158_2,1158,2024-09-07,11,68,No
1158_3,1158,2024-09-08,13,11,No
1158_4,1158,2024-09-09,3,9,No
1159_0,1159,2024-06-02,10,73,Yes
1159_1,1159,2024-06-03,12,102,No
1159_2,1159,2024-06-04,14,93,No
1159_3,1159,2024-06-05,5,18,No
1160_0,1160,2024-04-15,11,109,No
1160_1,1160,2024-04-16,14,46,Yes
1161_0,1161,2024-02-12,10,85,Yes
1161_1,1161,2024-02-13,14,77,No
1162_0,1162,2024-06-25,13,48,Yes
1162_1,1162,2024-06-26,11,76,No
1162_2,1162,2024-06-27,11,68,No
1163_0,1163,2024-04-07,4,115,Yes
1163_1,1163,2024-04-08,13,43,No
1163_2,1163,2024-04-09,9,117,No
1164_0,1164,2024-07-04,14,32,Yes
1164_1,1164,2024-07-05,9,77,No
1165_0,1165,2024-08-23,12,78,No
1165_1,1165,2024-08-24,11,105,Yes
1165_2,1165,2024-08-25,14,65,Yes
1166_0,1166,2024-07-11,11,97,No
1166_1,1166,2024-07-12,1,32,No
1166_2,1166,2024-07-13,15,104,No
1166_3,1166,2024-07-14,2,89,No
1166_4,1166,2024-07-15,11,98,No
1167_0,1167,2024-05-20,11,34,No
1168_0,1168,2024-10-16,12,8,No
1168_1,1168,2024-10-17,3,96,Yes
1168_2,1168,2024-10-18,3,10,Yes
1168_3,1168,2024-10-19,13,30,Yes
1168_4,1168,2024-10-20,7,107,No
1169_0,1169,2024-11-12,3,97,No
1169_1,1169,2024-11-13,10,30,Yes
1169_2,1169,2024-11-14,1,60,Yes
1169_3,1169,2024-11-15,3,35,No
1169_4,1169,2024-11-16,10,20,No
1170_0,1170,2024-06-17,11,95,No
1170_1,1170,2024-06-18,6,79,No
1170_2,1170,2024-06-19,14,103,No
1171_0,1171,2024-02-16,10,18,No
1171_1,1171,2024-02-17,10,23,Yes
1171_2,1171,2024-02-18,7,52,No
1171_3,1171,2024-02-19,14,106,No
1172_0,1172,2024-03-15,8,62,No
1172_1,1172,2024-03-16,11,51,No
1173_0,1173,2024-01-24,15,95,No
1174_0,1174,2024-03-17,3,19,No
1175_0,1175,2024-11-30,12,14,No
1175_1,1175,2024-12-01,12,30,Yes
1175_2,1175,2024-12-02,2,38,No
1175_3,1175,2024-12-03,4,70,No
1176_0,1176,2024-09-12,7,22,No
1177_0,1177,2024-09-14,15,2,No
1177_1,1177,2024-09-15,10,87,No
1177_2,1177,2024-09-16,8,3,No
1177_3,1177,2024-09-17,4,10,No
1177_4,1177,2024-09-18,3,106,No
1178_0,1178,2024-03-01,13,118,No
1178_1,1178,2024-03-02,5,67,Yes
1179_0,1179,2024-05-03,13,93,Yes
1179_1,1179,2024-05-04,10,7,Yes
1179_2,1179,2024-05-05,7,54,No
1179_3,1179,2024-05-06,11,59,Yes
1180_0,1180,2024-08-27,13,23,No
1181_0,1181,2024-05-02,4,2,No
1181_1,1181,2024-05-03,12,27,No
1182_0,1182,2024-04-03,4,93,No
1183_0,1183,2024-01-20,7,63,No
1183_1,1183,2024-01-21,3,44,Yes
1184_0,1184,2024-05-30,11,51,No
1184_1,1184,2024-05-31,11,1,No
1184_2,1184,2024-06-01,15,99,Yes
1185_0,1185,2024-10-29,3,94,No
1185_1,1185,2024-10-30,2,59,No
1186_0,1186,2024-01-11,3,117,No
1186_1,1186,2024-01-12,14,65,No
1186_2,1186,2024-01-13,1,91,No
1187_0,1187,2024-10-11,8,14,No
1187_1,1187,2024-10-12,13,53,No
1187_2,1187,2024-10-13,7,45,Yes
1187_3,1187,2024-10-14,13,15,No
1188_0,1188,2024-05-10,2,57,No
1188_1,1188,2024-05-11,2,59,Yes
1188_2,1188,2024-05-12,11,89,Yes
1189_0,1189,2024-12-05,3,22,Yes
1189_1,1189,2024-12-06,1,62,No
1189_2,1189,2024-12-07,2,57,No
1189_3,1189,2024-12-08,11,85,Yes
1190_0,1190,2024-12-10,9,4,No
1190_1,1190,2024-12-11,12,88,No
1190_2,1190,2024-12-12,12,62,Yes
1190_3,1190,2024-12-13,14,24,No
1191_0,1191,2024-03-29,4,79,No
1191_1,1191,2024-03-30,3,62,Yes
1191_2,1191,2024-03-31,11,44,No
1191_3,1191,2024-04-01,7,56,Yes
1192_0,1192,2024-08-11,13,48,No
1193_0,1193,2024-02-23,2,39,No
1193_1,1193,2024-02-24,4,47,No
1193_2,1193,2024-02-25,7,84,No
1194_0,1194,2024-01-01,5,35,Yes
1194_1,1194,2024-01-02,11,9,Yes
1195_0,1195,2024-11-16,2,90,Yes
1195_1,1195,2024-11-17,4,94,Yes
1195_2,1195,2024-11-18,11,67,No
1195_3,1195,2024-11-19,14,27,Yes
1196_0,1196,2024-06-14,15,9,No
1196_1,1196,2024-06-15,1,12,Yes
1197_0,1197,2024-10-06,6,84,No
1198_0,1198,2024-06-07,5,72,No
1198_1,1198,2024-06-08,10,99,Yes
1198_2,1198,2024-06-09,5,97,No
1198_3,1198,2024-06-10,13,33,No
1198_4,1198,2024-06-11,12,5,No
1199_0,1199,2024-12-08,11,59,Yes
1199_1,1199,2024-12-09,3,43,No
1199_2,1199,2024-12-10,6,47,Yes
1200_0,1200,2024-12-04,6,33,No
1200_1,1200,2024-12-05,2,71,Yes
1201_0,1201,2024-06-03,6,117,Yes
1202_0,1202,2024-12-04,5,106,No
1202_1,1202,2024-12-05,9,110,No
1202_2,1202,2024-12-06,12,66,Yes
1202_3,1202,2024-12-07,13,55,No
1202_4,1202,2024-12-08,12,99,No
1203_0,1203,2024-03-23,3,66,No
1203_1,1203,2024-03-24,7,110,Yes
1204_0,1204,2024-04-23,2,56,No
1205_0,1205,2024-04-10,8,73,No
1206_0,1206,2024-06-21,3,79,No
1207_0,1207,2024-12-05,2,64,Yes
1207_1,1207,2024-12-06,4,11,Yes
1207_2,1207,2024-12-07,10,98,Yes
1208_0,1208,2024-12-21,8,111,No
1208_1,1208,2024-12-22,15,5,Yes
1208_2,1208,2024-12-23,6,83,No
1208_3,1208,2024-12-24,7,55,Yes
1208_4,1208,2024-12-25,4,17,No
1209_0,1209,2024-04-24,2,25,No
1209_1,1209,2024-04-25,11,38,Yes
1210_0,1210,2024-07-14,2,120,No
1210_1,1210,2024-07-15,11,103,Yes
1211_0,1211,2024-01-17,2,9,No
1211_1,1211,2024-01-18,6,86,Yes
1211_2,1211,2024-01-19,5,30,No
1211_3,1211,2024-01-20,14,24,No
1211_4,1211,2024-01-21,7,28,Yes
1212_0,1212,2024-12-29,2,46,Yes
1212_1,1212,2024-12-30,14,62,No
1213_0,1213,2024-11-17,11,30,No
1214_0,1214,2024-08-30,1,13,No
1214_1,1214,2024-08-31,1,87,No
1215_0,1215,2024-09-20,7,38,No
1215_1,1215,2024-09-21,10,45,No
1215_2,1215,2024-09-22,4,13,No
1216_0,1216,2024-05-19,9,21,Yes
1217_0,1217,2024-02-03,1,115,No
1218_0,1218,2024-06-27,5,60,No
1219_0,1219,2024-09-22,5,25,Yes
1219_1,1219,2024-09-23,3,96,No
1219_2,1219,2024-09-24,7,3,No
1219_3,1219,2024-09-25,1,17,No
1219_4,1219,2024-09-26,14,84,No
1220_0,1220,2024-02-28,10,44,No
1221_0,1221,2024-01-03,13,20,Yes
1221_1,1221,2024-01-04,10,33,No
1221_2,1221,2024-01-05,4,81,No
1222_0,1222,2024-10-27,5,21,No
1222_1,1222,2024-10-28,4,1,Yes
1222_2,1222,2024-10-29,15,39,No
1222_3,1222,2024-10-30,7,29,Yes
1222_4,1222,2024-10-31,1,12,No
1223_0,1223,2024-07-04,2,38,No
1223_1,1223,2024-07-05,13,15,No
1223_2,1223,2024-07-06,14,26,No
1223_3,1223,2024-07-07,7,48,No
1224_0,1224,2024-10-28,15,62,No
1224_1,1224,2024-10-29,9,86,No
1224_2,1224,2024-10-30,6,37,Yes
1224_3,1224,2024-10-31,12,65,No
1224_4,1224,2024-11-01,11,28,Yes
1225_0,1225,2024-08-23,11,21,No
1225_1,1225,2024-08-24,10,42,No
1225_2,1225,2024-08-25,10,80,No
1226_0,1226,2024-01-23,8,75,Yes
1227_0,1227,2024-05-03,11,81,No
1228_0,1228,2024-09-14,11,44,Yes
1229_0,1229,2024-03-31,8,103,No
1230_0,1230,2024-01-23,1,91,No
1230_1,1230,2024-01-24,1,51,Yes
1230_2,1230,2024-01-25,8,38,Yes
1231_0,1231,2024-02-19,14,102,No
1231_1,1231,2024-02-20,7,55,No
1231_2,1231,2024-02-21,13,96,Yes
1231_3,1231,2024-02-22,9,120,No
1231_4,1231,2024-02-23,14,35,No
1232_0,1232,2024-01-13,1,90,No
1232_1,1232,2024-01-14,4,15,Yes
1232_2,1232,2024-01-15,10,9,No
1232_3,1232,2024-01-16,12,106,Yes
1233_0,1233,2024-04-05,13,6,No
1233_1,1233,2024-04-06,7,39,Yes
1233_2,1233,2024-04-07,14,70,Yes
1234_0,1234,2024-01-07,15,16,Yes
1235_0,1235,2024-05-09,12,67,No
1235_1,1235,2024-05-10,15,103,Yes
1236_0,1236,2024-08-09,11,16,No
1236_1,1236,2024-08-10,2,105,No
1236_2,1236,2024-08-11,5,71,No
1237_0,1237,2024-07-16,10,92,Yes
1237_1,1237,2024-07-17,1,50,No
1238_0,1238,2024-11-02,12,45,No
1238_1,1238,2024-11-03,11,14,Yes
1238_2,1238,2024-11-04,9,7,Yes
1238_3,1238,2024-11-05,9,24,Yes
1238_4,1238,2024-11-06,14,16,No
1239_0,1239,2024-01-01,15,11,No
1239_1,1239,2024-01-02,7,113,No
1239_2,1239,2024-01-03,12,100,No
1239_3,1239,2024-01-04,14,4,No
1239_4,1239,2024-01-05,14,32,No
1240_0,1240,2024-03-31,5,16,No
1240_1,1240,2024-04-01,11,41,No
1240_2,1240,2024-04-02,2,15,Yes
1241_0,1241,2024-01-09,11,53,No
1241_1,1241,2024-01-10,5,113,Yes
1241_2,1241,2024-01-11,9,26,No
1241_3,1241,2024-01-12,12,65,No
1241_4,1241,2024-01-13,10,60,No
1242_0,1242,2024-03-07,8,82,No
1242_1,1242,2024-03-08,15,111,Yes
1242_2,1242,2024-03-09,3,23,No
1242_3,1242,2024-03-10,2,2,Yes
1242_4,1242,2024-03-11,15,75,No
1243_0,1243,2024-05-08,4,50,No
1244_0,1244,2024-01-12,13,81,No
1244_1,1244,2024-01-13,9,27,No
1244_2,1244,2024-01-14,12,11,No
1245_0,1245,2024-09-24,6,4,No
1245_1,1245,2024-09-25,11,84,No
1246_0,1246,2024-07-18,8,78,No
1246_1,1246,2024-07-19,5,55,No
1247_0,1247,2024-04-09,1,44,Yes
1248_0,1248,2024-11-23,5,55,No
1248_1,1248,2024-11-24,11,108,No
1248_2,1248,2024-11-25,4,46,No
1248_3,1248,2024-11-26,10,42,No
1248_4,1248,2024-11-27,6,19,Yes
1249_0,1249,2024-12-09,10,27,No
1250_0,1250,2024-09-13,2,26,No
1250_1,1250,2024-09-14,13,21,No
1250_2,1250,2024-09-15,14,85,Yes
1250_3,1250,2024-09-16,3,71,Yes
1250_4,1250,2024-09-17,7,116,No
1251_0,1251,2024-01-11,3,12,No
1252_0,1252,2024-02-02,9,87,No
1253_0,1253,2024-07-26,5,106,Yes
1253_1,1253,2024-07-27,1,114,No
1253_2,1253,2024-07-28,13,4,No
1254_0,1254,2024-02-19,11,45,No
1254_1,1254,2024-02-20,6,58,No
1254_2,1254,2024-02-21,14,116,No
1254_3,1254,2024-02-22,15,14,No
1254_4,1254,2024-02-23,9,90,Yes
1255_0,1255,2024-01-22,10,102,No
1255_1,1255,2024-01-23,15,117,No
1255_2,1255,2024-01-24,9,29,Yes
1255_3,1255,2024-01-25,6,92,No
1256_0,1256,2024-11-23,1,23,Yes
1256_1,1256,2024-11-24,13,120,Yes
1257_0,1257,2024-01-10,3,26,No
1258_0,1258,2024-03-17,11,61,No
1258_1,1258,2024-03-18,8,94,No
1258_2,1258,2024-03-19,15,67,No
1259_0,1259,2024-10-26,15,12,Yes
1259_1,1259,2024-10-27,3,32,Yes
1259_2,1259,2024-10-28,10,29,Yes
1260_0,1260,2024-09-09,4,111,No
1260_1,1260,2024-09-10,11,76,Yes
1260_2,1260,2024-09-11,7,91,No
1260_3,1260,2024-09-12,3,24,No
1260_4,1260,2024-09-13,2,99,No
1261_0,1261,2024-02-24,7,4,No
1261_1,1261,2024-02-25,7,60,No
1262_0,1262,2024-11-09,9,73,Yes
1262_1,1262,2024-11-10,13,89,Yes
1262_2,1262,2024-11-11,1,97,No
1262_3,1262,2024-11-12,2,119,Yes
1263_0,1263,2024-11-30,12,48,No
1264_0,1264,2024-04-24,12,1,No
1264_1,1264,2024-04-25,4,27,No
1265_0,1265,2024-04-18,2,3,No
1265_1,1265,2024-04-19,5,113,Yes
1265_2,1265,2024-04-20,14,65,Yes
1265_3,1265,2024-04-21,14,75,No
1265_4,1265,2024-04-22,10,61,No
1266_0,1266,2024-08-23,14,15,Yes
1266_1,1266,2024-08-24,2,95,No
1266_2,1266,2024-08-25,15,9,No
1266_3,1266,2024-08-26,13,41,Yes
1266_4,1266,2024-08-27,4,35,Yes
1267_0,1267,2024-07-29,8,68,Yes
1267_1,1267,2024-07-30,8,13,Yes
1267_2,1267,2024-07-31,7,7,Yes
1267_3,1267,2024-08-01,14,118,No
1267_4,1267,2024-08-02,10,26,No
1268_0,1268,2024-05-08,12,53,Yes
1268_1,1268,2024-05-09,5,21,Yes
1269_0,1269,2024-04-09,13,54,No
1270_0,1270,2024-03-06,7,31,No
1270_1,1270,2024-03-07,15,70,No
1270_2,1270,2024-03-08,3,93,No
1270_3,1270,2024-03-09,8,72,No
1270_4,1270,2024-03-10,7,113,Yes
1271_0,1271,2024-09-29,5,109,No
1272_0,1272,2024-07-04,9,16,No
1272_1,1272,2024-07-05,11,68,No
1272_2,1272,2024-07-06,11,107,No
1273_0,1273,2024-11-22,3,16,No
1273_1,1273,2024-11-23,14,71,No
1274_0,1274,2024-03-15,7,110,No
1275_0,1275,2024-04-23,9,71,No
1276_0,1276,2024-02-22,1,108,No
1276_1,1276,2024-02-23,10,100,No
1276_2,1276,2024-02-24,9,94,No
1276_3,1276,2024-02-25,13,18,No
1276_4,1276,2024-02-26,14,117,Yes
1277_0,1277,2024-10-13,6,41,No
1277_1,1277,2024-10-14,13,75,No
1277_2,1277,2024-10-15,13,76,No
1277_3,1277,2024-10-16,13,13,No
1277_4,1277,2024-10-17,2,101,No
1278_0,1278,2024-01-02,1,32,No
1278_1,1278,2024-01-03,7,68,Yes
1278_2,1278,2024-01-04,3,4,No
1278_3,1278,2024-01-05,11,7,No
1278_4,1278,2024-01-06,2,32,No
1279_0,1279,2024-04-07,11,50,No
1280_0,1280,2024-04-23,12,70,Yes
1281_0,1281,2024-02-08,12,34,No
1281_1,1281,2024-02-09,5,110,No
1281_2,1281,2024-02-10,3,98,Yes
1281_3,1281,2024-02-11,1,13,No
1281_4,1281,2024-02-12,10,4,No
1282_0,1282,2024-01-10,3,78,No
1282_1,1282,2024-01-11,14,35,No
1282_2,1282,2024-01-12,1,102,No
1282_3,1282,2024-01-13,11,46,No
1282_4,1282,2024-01-14,12,15,No
1283_0,1283,2024-12-31,1,44,No
1283_1,1283,2025-01-01,9,11,No
1283_2,1283,2025-01-02,14,90,No
1283_3,1283,2025-01-03,5,112,No
1284_0,1284,2024-04-24,3,37,Yes
1284_1,1284,2024-04-25,8,21,No
1285_0,1285,2024-01-05,5,67,Yes
1285_1,1285,2024-01-06,6,88,No
1285_2,1285,2024-01-07,6,23,No
1285_3,1285,2024-01-08,6,38,Yes
1285_4,1285,2024-01-09,14,112,No
1286_0,1286,2024-12-12,12,56,No
1286_1,1286,2024-12-13,3,100,No
1286_2,1286,2024-12-14,3,39,Yes
1287_0,1287,2024-08-24,10,114,Yes
1287_1,1287,2024-08-25,8,46,No
1287_2,1287,2024-08-26,4,60,No
1287_3,1287,2024-08-27,2,77,No
1287_4,1287,2024-08-28,4,56,No
1288_0,1288,2024-08-25,6,36,No
1288_1,1288,2024-08-26,12,69,Yes
1288_2,1288,2024-08-27,15,120,No
1288_3,1288,2024-08-28,6,40,Yes
1288_4,1288,2024-08-29,2,44,No
1289_0,1289,2024-10-10,8,18,Yes
1290_0,1290,2024-08-02,13,27,Yes
1290_1,1290,2024-08-03,4,23,No
1290_2,1290,2024-08-04,3,106,No
1291_0,1291,2024-01-28,1,26,No
1291_1,1291,2024-01-29,7,115,Yes
1291_2,1291,2024-01-30,11,29,No
1291_3,1291,2024-01-31,9,54,No
1292_0,1292,2024-12-31,2,16,Yes
1292_1,1292,2025-01-01,1,76,No
1292_2,1292,2025-01-02,10,25,Yes
1293_0,1293,2024-09-25,9,31,No
1293_1,1293,2024-09-26,13,49,Yes
1293_2,1293,2024-09-27,8,53,No
1293_3,1293,2024-09-28,9,37,No
1293_4,1293,2024-09-29,14,28,No
1294_0,1294,2024-10-11,5,44,No
1294_1,1294,2024-10-12,1,118,No
1294_2,1294,2024-10-13,3,20,No
1294_3,1294,2024-10-14,8,112,No
1295_0,1295,2024-09-27,1,57,No
1296_0,1296,2024-09-11,15,94,No
1296_1,1296,2024-09-12,10,101,No
1296_2,1296,2024-09-13,15,112,No
1296_3,1296,2024-09-14,11,70,No
1296_4,1296,2024-09-15,2,10,Yes
1297_0,1297,2024-07-09,2,115,No
1297_1,1297,2024-07-10,9,103,No
1297_2,1297,2024-07-11,14,23,No
1297_3,1297,2024-07-12,3,32,No
1297_4,1297,2024-07-13,9,41,No
1298_0,1298,2024-08-01,13,36,No
1298_1,1298,2024-08-02,7,72,No
1298_2,1298,2024-08-03,4,47,No
1298_3,1298,2024-08-04,14,95,No
1298_4,1298,2024-08-05,9,67,Yes
1299_0,1299,2024-04-04,11,20,Yes
1300_0,1300,2024-07-25,3,32,No
1300_1,1300,2024-07-26,1,19,No
1300_2,1300,2024-07-27,12,79,No
1301_0,1301,2024-03-03,7,87,Yes
1301_1,1301,2024-03-04,3,6,No
1301_2,1301,2024-03-05,13,112,No
1301_3,1301,2024-03-06,6,48,No
1301_4,1301,2024-03-07,11,100,No
1302_0,1302,2024-11-29,6,91,No
1302_1,1302,2024-11-30,3,76,No
1302_2,1302,2024-12-01,9,30,Yes
1302_3,1302,2024-12-02,8,84,Yes
1303_0,1303,2024-07-06,15,83,No
1303_1,1303,2024-07-07,11,75,No
1303_2,1303,2024-07-08,13,83,Yes
1304_0,1304,2024-11-30,4,78,No
1304_1,1304,2024-12-01,5,44,Yes
1304_2,1304,2024-12-02,6,91,No
1305_0,1305,2024-12-06,11,37,No
1305_1,1305,2024-12-07,12,120,Yes
1305_2,1305,2024-12-08,5,35,Yes
1305_3,1305,2024-12-09,1,85,No
1306_0,1306,2024-12-10,2,21,No
1306_1,1306,2024-12-11,4,11,No
1307_0,1307,2024-03-28,4,115,Yes
1307_1,1307,2024-03-29,8,59,Yes
1307_2,1307,2024-03-30,9,27,No
1307_3,1307,2024-03-31,3,47,No
1307_4,1307,2024-04-01,12,105,No
1308_0,1308,2024-05-30,5,55,No
1308_1,1308,2024-05-31,4,16,No
1308_2,1308,2024-06-01,11,35,No
1308_3,1308,2024-06-02,13,93,No
1308_4,1308,2024-06-03,4,51,Yes
1309_0,1309,2024-12-07,3,11,No
1309_1,1309,2024-12-08,4,63,No
1309_2,1309,2024-12-09,11,39,Yes
1309_3,1309,2024-12-10,10,5,No
1309_4,1309,2024-12-11,15,20,No
1310_0,1310,2024-02-14,7,51,Yes
1310_1,1310,2024-02-15,8,76,No
1310_2,1310,2024-02-16,7,114,Yes
1310_3,1310,2024-02-17,14,54,No
1310_4,1310,2024-02-18,12,37,Yes
1311_0,1311,2024-09-15,14,57,No
1311_1,1311,2024-09-16,2,38,No
1311_2,1311,2024-09-17,14,110,Yes
1311_3,1311,2024-09-18,8,60,No
1311_4,1311,2024-09-19,8,115,No
1312_0,1312,2024-01-17,2,75,No
1312_1,1312,2024-01-18,8,11,No
1312_2,1312,2024-01-19,4,75,No
1312_3,1312,2024-01-20,2,22,Yes
1313_0,1313,2024-11-01,14,23,Yes
1313_1,1313,2024-11-02,14,26,No
1314_0,1314,2024-01-05,11,34,Yes
1314_1,1314,2024-01-06,13,49,No
1314_2,1314,2024-01-07,7,93,No
1314_3,1314,2024-01-08,14,86,No
1314_4,1314,2024-01-09,12,29,No
1315_0,1315,2024-04-29,8,2,No
1315_1,1315,2024-04-30,10,24,No
1315_2,1315,2024-05-01,4,71,Yes
1315_3,1315,2024-05-02,11,100,Yes
1316_0,1316,2024-08-18,9,108,Yes
1317_0,1317,2024-05-07,15,8,No
1317_1,1317,2024-05-08,3,7,No
1317_2,1317,2024-05-09,14,18,Yes
1318_0,1318,2024-07-24,14,1,No
1318_1,1318,2024-07-25,2,28,No
1318_2,1318,2024-07-26,3,32,No
1318_3,1318,2024-07-27,14,44,No
1318_4,1318,2024-07-28,5,108,Yes
1319_0,1319,2024-03-07,7,32,No
1319_1,1319,2024-03-08,12,16,Yes
1319_2,1319,2024-03-09,13,21,Yes
1319_3,1319,2024-03-10,7,84,Yes
1320_0,1320,2024-08-30,7,65,Yes
1320_1,1320,2024-08-31,15,54,No
1320_2,1320,2024-09-01,5,18,No
1321_0,1321,2024-06-04,7,78,No
1321_1,1321,2024-06-05,2,109,No
1321_2,1321,2024-06-06,12,106,No
1322_0,1322,2024-07-31,15,6,Yes
1323_0,1323,2024-05-06,1,102,Yes
1323_1,1323,2024-05-07,10,67,No
1323_2,1323,2024-05-08,7,116,Yes
1324_0,1324,2024-11-15,1,57,No
1324_1,1324,2024-11-16,14,56,No
1325_0,1325,2024-10-05,3,86,No
1325_1,1325,2024-10-06,13,72,No
1326_0,1326,2024-10-30,13,39,No
1327_0,1327,2024-09-18,5,111,No
1327_1,1327,2024-09-19,12,39,No
1327_2,1327,2024-09-20,13,119,No
1328_0,1328,2024-10-10,11,60,No
1329_0,1329,2024-03-15,8,107,No
1329_1,1329,2024-03-16,6,45,No
1329_2,1329,2024-03-17,13,100,No
1329_3,1329,2024-03-18,7,10,No
1330_0,1330,2024-06-05,3,103,No
1331_0,1331,2024-09-17,1,74,Yes
1331_1,1331,2024-09-18,15,39,No
1331_2,1331,2024-09-19,12,59,Yes
1331_3,1331,2024-09-20,12,97,No
1331_4,1331,2024-09-21,10,46,No
1332_0,1332,2024-08-19,9,40,No
1332_1,1332,2024-08-20,14,17,Yes
1332_2,1332,2024-08-21,2,15,No
1332_3,1332,2024-08-22,3,70,Yes
1333_0,1333,2024-10-04,7,40,No
1333_1,1333,2024-10-05,8,115,No
1333_2,1333,2024-10-06,2,12,No
1334_0,1334,2024-01-21,12,80,Yes
1335_0,1335,2024-05-01,5,51,Yes
1335_1,1335,2024-05-02,2,34,No
1335_2,1335,2024-05-03,1,108,No
1335_3,1335,2024-05-04,8,73,Yes
1335_4,1335,2024-05-05,11,80,Yes
1336_0,1336,2024-07-24,10,96,No
1336_1,1336,2024-07-25,8,1,No
1336_2,1336,2024-07-26,13,27,Yes
1336_3,1336,2024-07-27,7,94,No
1337_0,1337,2024-04-17,6,104,Yes
1337_1,1337,2024-04-18,9,100,No
1337_2,1337,2024-04-19,9,29,No
1337_3,1337,2024-04-20,1,88,Yes
1337_4,1337,2024-04-21,6,109,Yes
1338_0,1338,2024-08-03,9,67,No
1338_1,1338,2024-08-04,1,115,Yes
1338_2,1338,2024-08-05,10,106,Yes
1338_3,1338,2024-08-06,15,96,No
1339_0,1339,2024-06-15,1,91,Yes
1339_1,1339,2024-06-16,2,98,Yes
1339_2,1339,2024-06-17,7,11,No
1339_3,1339,2024-06-18,13,40,No
1339_4,1339,2024-06-19,8,108,No
1340_0,1340,2024-10-09,6,102,Yes
1340_1,1340,2024-10-10,3,41,No
1341_0,1341,2024-06-10,9,34,No
1341_1,1341,2024-06-11,6,83,Yes
1341_2,1341,2024-06-12,14,68,No
1341_3,1341,2024-06-13,14,68,Yes
1341_4,1341,2024-06-14,13,69,No
1342_0,1342,2024-03-11,8,75,Yes
1343_0,1343,2024-09-27,8,64,No
1343_1,1343,2024-09-28,10,16,No
1343_2,1343,2024-09-29,13,38,No
1343_3,1343,2024-09-30,11,33,No
1344_0,1344,2024-09-21,1,75,No
1344_1,1344,2024-09-22,1,99,Yes
1344_2,1344,2024-09-23,5,82,No
1345_0,1345,2024-06-16,8,1,No
1345_1,1345,2024-06-17,6,50,Yes
1345_2,1345,2024-06-18,15,17,Yes
1345_3,1345,2024-06-19,15,109,Yes
1346_0,1346,2024-07-03,7,15,Yes
1346_1,1346,2024-07-04,13,18,No
1346_2,1346,2024-07-05,2,50,No
1346_3,1346,2024-07-06,14,51,No
1347_0,1347,2024-05-16,2,41,No
1347_1,1347,2024-05-17,8,33,No
1348_0,1348,2024-03-30,1,28,No
1349_0,1349,2024-02-10,9,53,Yes
1349_1,1349,2024-02-11,4,101,Yes
1350_0,1350,2024-05-02,15,8,No
1351_0,1351,2024-03-06,11,12,No
1351_1,1351,2024-03-07,4,13,No
1351_2,1351,2024-03-08,3,41,Yes
1351_3,1351,2024-03-09,1,19,No
1351_4,1351,2024-03-10,13,18,No
1352_0,1352,2024-02-28,3,108,No
1352_1,1352,2024-02-29,13,98,No
1352_2,1352,2024-03-01,5,91,No
1352_3,1352,2024-03-02,15,3,No
1353_0,1353,2024-11-14,11,11,No
1353_1,1353,2024-11-15,11,58,No
1353_2,1353,2024-11-16,13,2,No
1354_0,1354,2024-05-10,13,6,No
1354_1,1354,2024-05-11,5,4,No
1354_2,1354,2024-05-12,12,27,No
1354_3,1354,2024-05-13,11,24,No
1355_0,1355,2024-11-04,1,98,No
1355_1,1355,2024-11-05,3,64,No
1356_0,1356,2024-05-18,7,12,No
1356_1,1356,2024-05-19,10,74,Yes
1356_2,1356,2024-05-20,2,111,No
1356_3,1356,2024-05-21,2,88,No
1356_4,1356,2024-05-22,10,54,No
1357_0,1357,2024-04-28,10,8,No
1357_1,1357,2024-04-29,13,4,No
1358_0,1358,2024-06-04,9,36,Yes
1359_0,1359,2024-10-10,12,8,Yes
1359_1,1359,2024-10-11,8,67,No
1360_0,1360,2024-01-08,9,69,No
1360_1,1360,2024-01-09,15,38,No
1360_2,1360,2024-01-10,13,51,No
1360_3,1360,2024-01-11,2,106,No
1360_4,1360,2024-01-12,1,27,No
1361_0,1361,2024-01-16,13,96,No
1361_1,1361,2024-01-17,13,71,No
1362_0,1362,2024-12-16,15,3,No
1363_0,1363,2024-12-06,13,61,No
1363_1,1363,2024-12-07,15,107,No
1363_2,1363,2024-12-08,1,70,Yes
1364_0,1364,2024-12-10,10,82,No
1364_1,1364,2024-12-11,4,42,Yes
1364_2,1364,2024-12-12,3,15,No
1364_3,1364,2024-12-13,2,46,No
1365_0,1365,2024-02-04,5,87,Yes
1365_1,1365,2024-02-05,11,33,No
1365_2,1365,2024-02-06,9,46,No
1366_0,1366,2024-12-18,12,49,No
1366_1,1366,2024-12-19,12,120,Yes
1366_2,1366,2024-12-20,1,48,No
1366_3,1366,2024-12-21,14,76,Yes
1367_0,1367,2024-04-05,12,114,No
1367_1,1367,2024-04-06,6,35,No
1367_2,1367,2024-04-07,4,46,Yes
1368_0,1368,2024-01-13,1,33,Yes
1368_1,1368,2024-01-14,4,112,Yes
1368_2,1368,2024-01-15,8,47,Yes
1368_3,1368,2024-01-16,13,116,Yes
1368_4,1368,2024-01-17,14,44,No
1369_0,1369,2024-10-05,2,109,Yes
1369_1,1369,2024-10-06,1,42,No
1370_0,1370,2024-03-05,12,49,No
1370_1,1370,2024-03-06,6,18,No
1370_2,1370,2024-03-07,7,80,Yes
1370_3,1370,2024-03-08,4,22,No
1371_0,1371,2024-05-30,3,53,No
1371_1,1371,2024-05-31,14,77,No
1371_2,1371,2024-06-01,2,32,No
1371_3,1371,2024-06-02,8,28,Yes
1371_4,1371,2024-06-03,13,100,No
1372_0,1372,2024-08-09,11,46,Yes
1373_0,1373,2024-05-15,10,78,Yes
1373_1,1373,2024-05-16,10,54,Yes
1373_2,1373,2024-05-17,1,32,No
1373_3,1373,2024-05-18,13,83,No
1373_4,1373,2024-05-19,15,97,No
1374_0,1374,2024-09-10,6,30,Yes
1374_1,1374,2024-09-11,1,114,Yes
1374_2,1374,2024-09-12,4,74,Yes
1374_3,1374,2024-09-13,4,97,No
1375_0,1375,2024-06-16,10,84,No
1376_0,1376,2024-02-27,11,47,Yes
1376_1,1376,2024-02-28,11,60,No
1376_2,1376,2024-02-29,5,34,No
1377_0,1377,2024-04-11,2,74,No
1377_1,1377,2024-04-12,4,19,Yes
1377_2,1377,2024-04-13,5,57,No
1378_0,1378,2024-06-19,7,83,No
1378_1,1378,2024-06-20,5,68,No
1378_2,1378,2024-06-21,5,62,No
1379_0,1379,2024-02-09,9,79,Yes
1379_1,1379,2024-02-10,15,42,No
1379_2,1379,2024-02-11,14,97,Yes
1380_0,1380,2024-08-30,10,84,No
1380_1,1380,2024-08-31,15,76,No
1381_0,1381,2024-08-21,6,43,No
1381_1,1381,2024-08-22,15,111,No
1382_0,1382,2024-01-22,1,20,Yes
1382_1,1382,2024-01-23,15,18,No
1383_0,1383,2024-01-08,2,20,No
1383_1,1383,2024-01-09,10,99,No
1384_0,1384,2024-07-26,7,27,No
1384_1,1384,2024-07-27,9,67,No
1384_2,1384,2024-07-28,3,12,Yes
1385_0,1385,2024-08-11,1,81,No
1385_1,1385,2024-08-12,3,40,Yes
1385_2,1385,2024-08-13,12,59,Yes
1385_3,1385,2024-08-14,1,52,Yes
1385_4,1385,2024-08-15,1,117,No
1386_0,1386,2024-02-23,4,30,No
1387_0,1387,2024-02-26,10,75,No
1387_1,1387,2024-02-27,9,120,Yes
1388_0,1388,2024-03-10,11,60,Yes
1389_0,1389,2024-04-27,5,45,Yes
1389_1,1389,2024-04-28,11,15,No
1389_2,1389,2024-04-29,2,96,No
1389_3,1389,2024-04-30,7,89,Yes
1390_0,1390,2024-07-18,11,55,No
1391_0,1391,2024-08-31,9,37,Yes
1391_1,1391,2024-09-01,4,67,No
1392_0,1392,2024-01-24,4,74,No
1392_1,1392,2024-01-25,8,23,Yes
1392_2,1392,2024-01-26,14,18,No
1393_0,1393,2024-05-17,2,55,Yes
1394_0,1394,2024-12-03,14,5,No
1394_1,1394,2024-12-04,15,97,Yes
1394_2,1394,2024-12-05,13,33,Yes
1395_0,1395,2024-03-22,4,32,No
1395_1,1395,2024-03-23,15,87,Yes
1395_2,1395,2024-03-24,11,66,Yes
1395_3,1395,2024-03-25,9,40,No
1395_4,1395,2024-03-26,12,85,No
1396_0,1396,2024-06-05,10,74,No
1396_1,1396,2024-06-06,12,29,No
1397_0,1397,2024-12-21,2,60,No
1397_1,1397,2024-12-22,15,110,No
1397_2,1397,2024-12-23,14,40,No
1397_3,1397,2024-12-24,9,114,Yes
1397_4,1397,2024-12-25,13,44,No
1398_0,1398,2024-11-10,9,53,Yes
1398_1,1398,2024-11-11,4,4,No
1399_0,1399,2024-07-24,7,6,No
1400_0,1400,2024-03-05,2,72,No
1400_1,1400,2024-03-06,14,10,No
1400_2,1400,2024-03-07,6,25,No
1400_3,1400,2024-03-08,7,74,Yes
1401_0,1401,2024-08-10,14,20,No
1401_1,1401,2024-08-11,1,92,Yes
1401_2,1401,2024-08-12,13,51,Yes
1401_3,1401,2024-08-13,7,48,Yes
1401_4,1401,2024-08-14,5,54,No
1402_0,1402,2024-01-14,15,6,No
1403_0,1403,2024-07-08,14,86,No
1404_0,1404,2024-06-10,11,73,No
1404_1,1404,2024-06-11,9,84,No
1404_2,1404,2024-06-12,13,60,No
1404_3,1404,2024-06-13,12,90,No
1404_4,1404,2024-06-14,9,79,Yes
1405_0,1405,2024-10-01,9,11,No
1406_0,1406,2024-12-13,2,17,No
1406_1,1406,2024-12-14,8,26,Yes
1406_2,1406,2024-12-15,5,51,No
1407_0,1407,2024-09-27,10,80,Yes
1407_1,1407,2024-09-28,12,120,No
1407_2,1407,2024-09-29,9,28,Yes
1407_3,1407,2024-09-30,15,5,Yes
1407_4,1407,2024-10-01,15,20,No
1408_0,1408,2024-04-11,6,71,No
1408_1,1408,2024-04-12,12,58,No
1409_0,1409,2024-06-03,5,113,No
1410_0,1410,2024-03-01,5,42,No
1410_1,1410,2024-03-02,14,12,Yes
1410_2,1410,2024-03-03,13,46,Yes
1410_3,1410,2024-03-04,8,33,No
1411_0,1411,2024-08-12,13,118,Yes
1411_1,1411,2024-08-13,11,77,Yes
1411_2,1411,2024-08-14,13,87,Yes
1411_3,1411,2024-08-15,10,95,No
1412_0,1412,2024-04-07,12,19,No
1413_0,1413,2024-08-17,6,69,No
1413_1,1413,2024-08-18,11,25,No
1414_0,1414,2024-08-23,9,89,No
1414_1,1414,2024-08-24,8,99,Yes
1414_2,1414,2024-08-25,10,61,Yes
1414_3,1414,2024-08-26,3,80,No
1415_0,1415,2024-12-02,7,14,No
1415_1,1415,2024-12-03,5,57,No
1415_2,1415,2024-12-04,10,117,No
1415_3,1415,2024-12-05,9,96,Yes
1415_4,1415,2024-12-06,4,92,No
1416_0,1416,2024-02-01,14,34,Yes
1416_1,1416,2024-02-02,4,38,No
1416_2,1416,2024-02-03,11,13,No
1416_3,1416,2024-02-04,1,4,Yes
1417_0,1417,2024-04-06,9,47,No
1417_1,1417,2024-04-07,10,44,No
1418_0,1418,2024-01-10,10,62,No
1418_1,1418,2024-01-11,12,41,Yes
1418_2,1418,2024-01-12,7,29,No
1418_3,1418,2024-01-13,3,10,No
1418_4,1418,2024-01-14,7,104,No
1419_0,1419,2024-09-15,8,60,Yes
1419_1,1419,2024-09-16,6,77,No
1419_2,1419,2024-09-17,14,14,Yes
1419_3,1419,2024-09-18,7,67,No
1419_4,1419,2024-09-19,1,22,Yes
1420_0,1420,2024-07-30,10,119,No
1420_1,1420,2024-07-31,8,82,No
1421_0,1421,2024-02-04,15,78,No
1421_1,1421,2024-02-05,12,32,No
1422_0,1422,2024-03-18,10,114,Yes
1422_1,1422,2024-03-19,14,119,No
1423_0,1423,2024-04-01,10,32,No
1423_1,1423,2024-04-02,15,32,Yes
1423_2,1423,2024-04-03,8,91,Yes
1423_3,1423,2024-04-04,13,57,Yes
1423_4,1423,2024-04-05,12,90,No
1424_0,1424,2024-03-16,1,55,No
1424_1,1424,2024-03-17,9,21,Yes
1424_2,1424,2024-03-18,9,35,Yes
1425_0,1425,2024-02-22,1,12,No
1425_1,1425,2024-02-23,11,108,No
1425_2,1425,2024-02-24,3,60,No
1425_3,1425,2024-02-25,10,58,Yes
1425_4,1425,2024-02-26,8,87,No
1426_0,1426,2024-07-17,9,85,No
1426_1,1426,2024-07-18,8,41,Yes
1426_2,1426,2024-07-19,8,55,No
1426_3,1426,2024-07-20,14,36,No
1427_0,1427,2024-11-04,12,93,Yes
1427_1,1427,2024-11-05,7,76,Yes
1428_0,1428,2024-05-03,3,17,No
1428_1,1428,2024-05-04,1,96,No
1428_2,1428,2024-05-05,6,49,No
1428_3,1428,2024-05-06,10,76,Yes
1428_4,1428,2024-05-07,12,105,No
1429_0,1429,2024-02-01,7,96,No
1429_1,1429,2024-02-02,8,104,Yes
1429_2,1429,2024-02-03,14,4,Yes
1430_0,1430,2024-09-26,3,103,No
1430_1,1430,2024-09-27,7,118,Yes
1430_2,1430,2024-09-28,14,24,No
1430_3,1430,2024-09-29,2,87,Yes
1431_0,1431,2024-10-18,9,68,No
1431_1,1431,2024-10-19,10,14,Yes
1432_0,1432,2024-11-28,5,116,No
1433_0,1433,2024-02-19,15,61,No
1433_1,1433,2024-02-20,7,103,Yes
1433_2,1433,2024-02-21,14,62,No
1434_0,1434,2024-12-17,5,49,Yes
1435_0,1435,2024-02-27,8,25,No
1436_0,1436,2024-06-30,2,65,No
1437_0,1437,2024-05-31,13,89,No
1437_1,1437,2024-06-01,3,28,No
1437_2,1437,2024-06-02,8,16,No
1438_0,1438,2024-06-09,2,120,Yes
1438_1,1438,2024-06-10,12,27,No
1439_0,1439,2024-01-26,2,86,Yes
1439_1,1439,2024-01-27,14,27,No
1439_2,1439,2024-01-28,5,17,No
1439_3,1439,2024-01-29,10,100,No
1439_4,1439,2024-01-30,5,65,No
1440_0,1440,2024-01-27,14,65,No
1440_1,1440,2024-01-28,4,111,No
1441_0,1441,2024-07-07,2,96,No
1441_1,1441,2024-07-08,7,84,No
1441_2,1441,2024-07-09,10,57,Yes
1441_3,1441,2024-07-10,3,107,Yes
1441_4,1441,2024-07-11,7,27,No
1442_0,1442,2024-11-12,10,71,No
1442_1,1442,2024-11-13,12,80,No
1442_2,1442,2024-11-14,8,59,Yes
1442_3,1442,2024-11-15,2,117,No
1443_0,1443,2024-05-24,5,7,No
1443_1,1443,2024-05-25,5,2,Yes
1444_0,1444,2024-10-26,3,60,No
1444_1,1444,2024-10-27,8,48,No
1445_0,1445,2024-09-14,3,49,Yes
1445_1,1445,2024-09-15,1,5,No
1445_2,1445,2024-09-16,12,110,No
1445_3,1445,2024-09-17,9,11,No
1446_0,1446,2024-08-24,1,89,No
1446_1,1446,2024-08-25,3,34,No
1447_0,1447,2024-06-14,8,24,Yes
1447_1,1447,2024-06-15,9,34,No
1448_0,1448,2024-05-13,11,86,No
1448_1,1448,2024-05-14,1,111,Yes
1448_2,1448,2024-05-15,15,20,Yes
1449_0,1449,2024-11-05,10,5,No
1449_1,1449,2024-11-06,6,63,No
1450_0,1450,2024-06-10,6,3,No
1450_1,1450,2024-06-11,7,89,No
1451_0,1451,2024-09-24,9,97,No
1451_1,1451,2024-09-25,8,50,No
1451_2,1451,2024-09-26,6,71,No
1451_3,1451,2024-09-27,12,78,Yes
1451_4,1451,2024-09-28,5,72,No
1452_0,1452,2024-03-18,9,95,No
1452_1,1452,2024-03-19,10,54,No
1452_2,1452,2024-03-20,6,66,Yes
1453_0,1453,2024-10-08,2,37,No
1453_1,1453,2024-10-09,12,13,No
1454_0,1454,2024-09-18,11,71,Yes
1454_1,1454,2024-09-19,12,78,No
1454_2,1454,2024-09-20,4,91,Yes
1454_3,1454,2024-09-21,15,3,No
1455_0,1455,2024-08-26,1,106,No
1455_1,1455,2024-08-27,2,57,No
1455_2,1455,2024-08-28,9,101,No
1455_3,1455,2024-08-29,10,105,Yes
1456_0,1456,2024-01-20,6,120,Yes
1456_1,1456,2024-01-21,8,84,Yes
1456_2,1456,2024-01-22,13,66,Yes
1456_3,1456,2024-01-23,1,87,No
1456_4,1456,2024-01-24,9,12,No
1457_0,1457,2024-01-05,5,16,No
1457_1,1457,2024-01-06,7,36,No
1458_0,1458,2024-01-12,5,84,Yes
1458_1,1458,2024-01-13,8,84,Yes
1458_2,1458,2024-01-14,9,83,No
1458_3,1458,2024-01-15,1,100,No
1458_4,1458,2024-01-16,11,27,Yes
1459_0,1459,2024-07-16,6,120,No
1459_1,1459,2024-07-17,8,119,Yes
1459_2,1459,2024-07-18,4,43,No
1459_3,1459,2024-07-19,11,78,Yes
1460_0,1460,2024-04-12,1,102,No
1460_1,1460,2024-04-13,4,100,No
1461_0,1461,2024-07-12,7,69,No
1461_1,1461,2024-07-13,4,79,No
1461_2,1461,2024-07-14,10,85,No
1462_0,1462,2024-12-04,9,52,No
1462_1,1462,2024-12-05,7,80,No
1463_0,1463,2024-04-23,6,49,Yes
1463_1,1463,2024-04-24,9,95,No
1463_2,1463,2024-04-25,9,91,Yes
1463_3,1463,2024-04-26,4,21,No
1464_0,1464,2024-11-23,11,17,No
1465_0,1465,2024-07-25,15,96,Yes
1465_1,1465,2024-07-26,3,81,No
1465_2,1465,2024-07-27,7,116,Yes
1465_3,1465,2024-07-28,14,18,Yes
1465_4,1465,2024-07-29,13,118,No
1466_0,1466,2024-08-13,9,70,No
1466_1,1466,2024-08-14,13,103,No
1467_0,1467,2024-01-02,10,15,No
1467_1,1467,2024-01-03,1,31,Yes
1467_2,1467,2024-01-04,13,33,No
1467_3,1467,2024-01-05,11,19,No
1467_4,1467,2024-01-06,8,20,No
1468_0,1468,2024-04-21,14,114,No
1469_0,1469,2024-01-05,5,89,Yes
1469_1,1469,2024-01-06,9,100,No
1469_2,1469,2024-01-07,4,44,No
1469_3,1469,2024-01-08,13,86,Yes
1470_0,1470,2024-05-02,2,5,No
1470_1,1470,2024-05-03,5,72,Yes
1470_2,1470,2024-05-04,11,45,Yes
1470_3,1470,2024-05-05,7,95,Yes
1470_4,1470,2024-05-06,14,96,Yes
1471_0,1471,2024-07-29,9,78,No
1472_0,1472,2024-11-27,1,31,Yes
1472_1,1472,2024-11-28,13,60,No
1472_2,1472,2024-11-29,10,73,No
1472_3,1472,2024-11-30,11,75,No
1472_4,1472,2024-12-01,12,41,No
1473_0,1473,2024-07-13,12,7,No
1473_1,1473,2024-07-14,15,30,Yes
1473_2,1473,2024-07-15,9,83,No
1473_3,1473,2024-07-16,9,12,No
1473_4,1473,2024-07-17,3,16,No
1474_0,1474,2024-11-24,7,11,No
1474_1,1474,2024-11-25,12,49,Yes
1474_2,1474,2024-11-26,10,28,Yes
1475_0,1475,2024-05-22,1,115,No
1475_1,1475,2024-05-23,15,119,No
1475_2,1475,2024-05-24,4,22,No
1476_0,1476,2024-11-17,14,9,No
1477_0,1477,2024-01-01,10,78,No
1478_0,1478,2024-10-29,13,6,No
1478_1,1478,2024-10-30,4,83,No
1478_2,1478,2024-10-31,7,60,No
1479_0,1479,2024-10-01,4,57,No
1479_1,1479,2024-10-02,3,88,No
1480_0,1480,2024-03-01,7,104,Yes
1481_0,1481,2024-12-21,3,58,Yes
1481_1,1481,2024-12-22,12,106,Yes
1481_2,1481,2024-12-23,14,42,No
1482_0,1482,2024-04-24,12,108,Yes
1482_1,1482,2024-04-25,1,27,Yes
1483_0,1483,2024-01-09,12,1,Yes
1483_1,1483,2024-01-10,1,68,No
1483_2,1483,2024-01-11,13,67,No
1483_3,1483,2024-01-12,2,11,No
1483_4,1483,2024-01-13,2,46,No
1484_0,1484,2024-01-02,13,74,Yes
1485_0,1485,2024-10-24,2,33,No
1485_1,1485,2024-10-25,14,78,Yes
1485_2,1485,2024-10-26,4,109,Yes
1486_0,1486,2024-06-12,9,39,No
1486_1,1486,2024-06-13,1,32,No
1487_0,1487,2024-04-17,13,106,No
1487_1,1487,2024-04-18,12,76,Yes
1488_0,1488,2024-07-05,4,80,No
1489_0,1489,2024-05-22,4,52,No
1489_1,1489,2024-05-23,3,7,No
1489_2,1489,2024-05-24,7,71,Yes
1489_3,1489,2024-05-25,5,79,Yes
1489_4,1489,2024-05-26,11,62,No
1490_0,1490,2024-10-24,7,6,No
1490_1,1490,2024-10-25,8,73,No
1491_0,1491,2024-05-06,2,98,No
1492_0,1492,2024-11-21,10,10,Yes
1493_0,1493,2024-05-26,14,72,Yes
1493_1,1493,2024-05-27,3,74,Yes
1494_0,1494,2024-06-03,1,79,No
1494_1,1494,2024-06-04,14,12,No
1494_2,1494,2024-06-05,14,23,No
1494_3,1494,2024-06-06,12,91,Yes
1495_0,1495,2024-07-19,3,82,Yes
1495_1,1495,2024-07-20,13,11,No
1496_0,1496,2024-08-10,13,7,No
1496_1,1496,2024-08-11,10,65,No
1496_2,1496,2024-08-12,13,108,Yes
1496_3,1496,2024-08-13,1,58,Yes
1497_0,1497,2024-08-03,3,20,No
1497_1,1497,2024-08-04,7,50,No
1498_0,1498,2024-06-21,15,75,No
1498_1,1498,2024-06-22,13,85,Yes
1498_2,1498,2024-06-23,12,97,No
1498_3,1498,2024-06-24,14,34,No
1498_4,1498,2024-06-25,13,84,Yes
1499_0,1499,2024-02-04,13,8,No
1499_1,1499,2024-02-05,6,112,Yes
1499_2,1499,2024-02-06,7,49,Yes
1499_3,1499,2024-02-07,1,84,No
1499_4,1499,2024-02-08,12,26,No
1500_0,1500,2024-03-27,11,57,No
1500_1,1500,2024-03-28,6,7,No
1500_2,1500,2024-03-29,11,9,Yes
1500_3,1500,2024-03-30,2,109,No
1500_4,1500,2024-03-31,11,69,Yes
1501_0,1501,2024-06-15,3,25,No
1501_1,1501,2024-06-16,10,98,Yes
1501_2,1501,2024-06-17,1,22,No
1501_3,1501,2024-06-18,11,33,Yes
1502_0,1502,2024-11-21,11,99,No
1502_1,1502,2024-11-22,11,53,Yes
1502_2,1502,2024-11-23,3,13,Yes
1502_3,1502,2024-11-24,5,82,Yes
1502_4,1502,2024-11-25,12,26,No
1503_0,1503,2024-06-28,2,64,Yes
1503_1,1503,2024-06-29,14,45,No
1503_2,1503,2024-06-30,6,98,No
1503_3,1503,2024-07-01,9,32,No
1504_0,1504,2024-08-27,12,36,No
1504_1,1504,2024-08-28,13,90,No
1504_2,1504,2024-08-29,6,44,Yes
1505_0,1505,2024-01-01,14,105,Yes
1505_1,1505,2024-01-02,10,81,No
1506_0,1506,2024-09-04,12,116,Yes
1506_1,1506,2024-09-05,7,25,No
1507_0,1507,2024-10-29,4,3,Yes
1507_1,1507,2024-10-30,5,120,No
1507_2,1507,2024-10-31,9,102,Yes
1508_0,1508,2024-01-27,7,59,No
1508_1,1508,2024-01-28,9,12,No
1508_2,1508,2024-01-29,15,80,No
1509_0,1509,2024-02-13,11,61,No
1509_1,1509,2024-02-14,5,39,No
1509_2,1509,2024-02-15,10,24,No
1509_3,1509,2024-02-16,5,104,No
1509_4,1509,2024-02-17,2,12,No
1510_0,1510,2024-11-08,4,68,Yes
1510_1,1510,2024-11-09,8,26,No
1510_2,1510,2024-11-10,12,65,No
1510_3,1510,2024-11-11,12,112,No
1511_0,1511,2024-10-31,1,19,No
1512_0,1512,2024-04-20,6,104,No
1512_1,1512,2024-04-21,11,5,Yes
1512_2,1512,2024-04-22,13,7,No
1513_0,1513,2024-07-31,3,90,No
1513_1,1513,2024-08-01,14,83,No
1514_0,1514,2024-05-26,7,54,Yes
1514_1,1514,2024-05-27,2,81,No
1514_2,1514,2024-05-28,10,87,Yes
1514_3,1514,2024-05-29,4,38,No
1514_4,1514,2024-05-30,7,89,Yes
1515_0,1515,2024-05-31,12,52,No
1515_1,1515,2024-06-01,1,85,No
1516_0,1516,2024-10-28,9,75,No
1516_1,1516,2024-10-29,7,61,No
1516_2,1516,2024-10-30,5,40,No
1516_3,1516,2024-10-31,6,34,No
1517_0,1517,2024-11-07,3,57,No
1518_0,1518,2024-09-06,12,114,No
1519_0,1519,2024-09-12,3,118,Yes
1519_1,1519,2024-09-13,15,87,No
1519_2,1519,2024-09-14,15,49,No
1519_3,1519,2024-09-15,1,36,Yes
1519_4,1519,2024-09-16,11,62,No
1520_0,1520,2024-12-20,10,109,No
1521_0,1521,2024-06-27,7,94,No
1521_1,1521,2024-06-28,12,56,No
1521_2,1521,2024-06-29,15,73,Yes
1522_0,1522,2024-11-21,9,52,No
1522_1,1522,2024-11-22,10,118,No
1522_2,1522,2024-11-23,6,11,No
1522_3,1522,2024-11-24,1,114,No
1522_4,1522,2024-11-25,7,31,Yes
1523_0,1523,2024-06-08,2,34,No
1524_0,1524,2024-02-08,10,87,No
1524_1,1524,2024-02-09,7,119,No
1524_2,1524,2024-02-10,10,91,No
1524_3,1524,2024-02-11,3,99,No
1524_4,1524,2024-02-12,15,49,No
1525_0,1525,2024-08-10,3,1,No
1525_1,1525,2024-08-11,12,115,No
1525_2,1525,2024-08-12,8,105,No
1526_0,1526,2024-11-07,5,1,No
1526_1,1526,2024-11-08,3,7,No
1526_2,1526,2024-11-09,9,26,Yes
1526_3,1526,2024-11-10,12,35,No
1527_0,1527,2024-10-05,15,110,Yes
1527_1,1527,2024-10-06,8,86,Yes
1527_2,1527,2024-10-07,15,18,Yes
1527_3,1527,2024-10-08,5,66,No
1527_4,1527,2024-10-09,1,104,Yes
1528_0,1528,2024-12-25,8,25,No
1528_1,1528,2024-12-26,13,37,Yes
1528_2,1528,2024-12-27,1,89,No
1528_3,1528,2024-12-28,9,3,No
1529_0,1529,2024-09-25,5,28,No
1530_0,1530,2024-08-10,8,36,No
1530_1,1530,2024-08-11,5,4,No
1530_2,1530,2024-08-12,3,73,Yes
1531_0,1531,2024-01-23,11,76,No
1531_1,1531,2024-01-24,2,49,No
1531_2,1531,2024-01-25,10,25,No
1532_0,1532,2024-06-06,6,32,No
1533_0,1533,2024-10-04,9,92,Yes
1533_1,1533,2024-10-05,6,50,No
1533_2,1533,2024-10-06,4,84,No
1534_0,1534,2024-05-30,3,53,Yes
1534_1,1534,2024-05-31,10,24,No
1534_2,1534,2024-06-01,14,64,No
1535_0,1535,2024-04-19,7,97,No
1536_0,1536,2024-06-10,13,72,No
1536_1,1536,2024-06-11,1,98,No
1536_2,1536,2024-06-12,5,81,No
1536_3,1536,2024-06-13,3,108,No
1537_0,1537,2024-01-21,15,8,No
1538_0,1538,2024-03-29,14,55,Yes
1538_1,1538,2024-03-30,8,85,Yes
1538_2,1538,2024-03-31,14,25,No
1538_3,1538,2024-04-01,6,61,No
1539_0,1539,2024-05-15,10,53,No
1539_1,1539,2024-05-16,14,36,No
1539_2,1539,2024-05-17,6,117,No
1540_0,1540,2024-05-22,2,37,Yes
1541_0,1541,2024-02-17,7,110,No
1541_1,1541,2024-02-18,4,98,Yes
1541_2,1541,2024-02-19,14,1,No
1542_0,1542,2024-05-01,8,85,Yes
1542_1,1542,2024-05-02,7,37,No
1542_2,1542,2024-05-03,8,104,No
1543_0,1543,2024-04-16,13,40,No
1543_1,1543,2024-04-17,8,120,No
1544_0,1544,2024-08-11,6,36,Yes
1544_1,1544,2024-08-12,3,105,No
1544_2,1544,2024-08-13,2,18,Yes
1545_0,1545,2024-04-06,9,64,Yes
1546_0,1546,2024-05-12,9,113,No
1547_0,1547,2024-05-05,1,79,No
1547_1,1547,2024-05-06,2,41,No
1548_0,1548,2024-02-03,13,67,No
1548_1,1548,2024-02-04,15,28,No
1548_2,1548,2024-02-05,11,45,No
1548_3,1548,2024-02-06,15,90,No
1548_4,1548,2024-02-07,10,22,Yes
1549_0,1549,2024-02-28,6,21,No
1549_1,1549,2024-02-29,14,100,No
1549_2,1549,2024-03-01,6,93,Yes
1549_3,1549,2024-03-02,14,94,No
1550_0,1550,2024-07-10,6,47,No
1551_0,1551,2024-03-24,2,19,No
1551_1,1551,2024-03-25,12,10,No
1551_2,1551,2024-03-26,3,10,No
1551_3,1551,2024-03-27,9,36,Yes
1552_0,1552,2024-04-04,3,20,Yes
1553_0,1553,2024-02-07,2,13,No
1553_1,1553,2024-02-08,7,118,No
1553_2,1553,2024-02-09,14,86,No
1553_3,1553,2024-02-10,15,75,No
1554_0,1554,2024-09-26,7,5,No
1554_1,1554,2024-09-27,14,42,No
1554_2,1554,2024-09-28,8,29,No
1555_0,1555,2024-10-19,3,30,No
1555_1,1555,2024-10-20,7,85,No
1555_2,1555,2024-10-21,11,83,No
1555_3,1555,2024-10-22,12,82,Yes
1556_0,1556,2024-10-08,1,40,No
1556_1,1556,2024-10-09,14,68,No
1556_2,1556,2024-10-10,12,73,No
1556_3,1556,2024-10-11,13,27,No
1557_0,1557,2024-05-23,7,29,No
1557_1,1557,2024-05-24,13,21,No
1557_2,1557,2024-05-25,7,14,No
1557_3,1557,2024-05-26,8,36,No
1558_0,1558,2024-09-16,9,3,Yes
1558_1,1558,2024-09-17,14,98,No
1558_2,1558,2024-09-18,11,96,No
1558_3,1558,2024-09-19,1,69,Yes
1559_0,1559,2024-09-14,1,114,No
1559_1,1559,2024-09-15,13,90,No
1560_0,1560,2024-09-24,11,24,No
1560_1,1560,2024-09-25,13,96,No
1561_0,1561,2024-08-09,12,49,No
1561_1,1561,2024-08-10,5,78,No
1561_2,1561,2024-08-11,1,18,No
1562_0,1562,2024-06-27,12,64,No
1562_1,1562,2024-06-28,7,104,Yes
1562_2,1562,2024-06-29,9,74,Yes
1562_3,1562,2024-06-30,10,53,Yes
1563_0,1563,2024-06-02,14,40,No
1564_0,1564,2024-09-13,14,26,No
1564_1,1564,2024-09-14,8,17,Yes
1564_2,1564,2024-09-15,6,25,No
1564_3,1564,2024-09-16,7,77,No
1565_0,1565,2024-07-12,2,104,Yes
1565_1,1565,2024-07-13,8,82,No
1565_2,1565,2024-07-14,7,42,No
1566_0,1566,2024-08-04,5,57,Yes
1566_1,1566,2024-08-05,10,9,No
1567_0,1567,2024-08-22,6,15,Yes
1567_1,1567,2024-08-23,8,30,Yes
1567_2,1567,2024-08-24,14,49,No
1567_3,1567,2024-08-25,2,61,Yes
1567_4,1567,2024-08-26,2,96,Yes
1568_0,1568,2024-05-11,5,89,No
1568_1,1568,2024-05-12,2,25,Yes
1568_2,1568,2024-05-13,3,67,No
1569_0,1569,2024-08-24,8,38,No
1569_1,1569,2024-08-25,1,35,No
1569_2,1569,2024-08-26,8,99,No
1570_0,1570,2024-07-07,15,3,Yes
1571_0,1571,2024-05-06,12,12,No
1571_1,1571,2024-05-07,8,66,No
1571_2,1571,2024-05-08,12,112,No
1571_3,1571,2024-05-09,11,13,Yes
1572_0,1572,2024-02-28,6,18,Yes
1573_0,1573,2024-06-24,8,54,No
1573_1,1573,2024-06-25,3,119,No
1573_2,1573,2024-06-26,5,45,No
1574_0,1574,2024-10-01,2,82,No
1574_1,1574,2024-10-02,1,53,No
1575_0,1575,2024-11-26,2,31,No
1575_1,1575,2024-11-27,7,71,No
1576_0,1576,2024-04-29,1,96,No
1576_1,1576,2024-04-30,10,57,No
1577_0,1577,2024-09-21,6,44,No
1577_1,1577,2024-09-22,1,7,No
1577_2,1577,2024-09-23,13,77,No
1577_3,1577,2024-09-24,4,83,Yes
1577_4,1577,2024-09-25,1,97,No
1578_0,1578,2024-07-27,5,100,Yes
1578_1,1578,2024-07-28,13,91,No
1579_0,1579,2024-01-24,12,68,Yes
1579_1,1579,2024-01-25,2,7,No
1579_2,1579,2024-01-26,9,27,No
1579_3,1579,2024-01-27,13,22,Yes
1580_0,1580,2024-01-29,14,120,Yes
1581_0,1581,2024-09-24,1,17,Yes
1581_1,1581,2024-09-25,3,75,No
1581_2,1581,2024-09-26,14,69,No
1582_0,1582,2024-01-24,2,42,No
1582_1,1582,2024-01-25,7,80,No
1582_2,1582,2024-01-26,1,23,Yes
1582_3,1582,2024-01-27,7,24,No
1582_4,1582,2024-01-28,3,89,Yes
1583_0,1583,2024-05-14,10,70,No
1584_0,1584,2024-03-27,5,80,Yes
1584_1,1584,2024-03-28,11,44,No
1584_2,1584,2024-03-29,9,42,No
1584_3,1584,2024-03-30,12,104,Yes
1584_4,1584,2024-03-31,6,90,No
1585_0,1585,2024-06-04,4,4,No
1585_1,1585,2024-06-05,2,47,Yes
1586_0,1586,2024-01-13,5,30,No
1587_0,1587,2024-07-21,4,88,No
1587_1,1587,2024-07-22,14,34,No
1588_0,1588,2024-02-13,8,6,No
1589_0,1589,2024-01-19,8,114,No
1589_1,1589,2024-01-20,8,62,No
1589_2,1589,2024-01-21,12,25,No
1590_0,1590,2024-07-21,1,114,No
1590_1,1590,2024-07-22,9,39,No
1591_0,1591,2024-12-05,1,64,Yes
1591_1,1591,2024-12-06,6,99,No
1592_0,1592,2024-07-24,13,77,No
1592_1,1592,2024-07-25,11,94,No
1592_2,1592,2024-07-26,9,63,No
1592_3,1592,2024-07-27,14,76,No
1592_4,1592,2024-07-28,13,24,Yes
1593_0,1593,2024-01-05,8,106,No
1593_1,1593,2024-01-06,15,8,No
1594_0,1594,2024-02-04,6,107,No
1594_1,1594,2024-02-05,15,41,Yes
1594_2,1594,2024-02-06,8,96,No
1594_3,1594,2024-02-07,7,40,Yes
1594_4,1594,2024-02-08,6,1,Yes
1595_0,1595,2024-06-23,10,57,No
1596_0,1596,2024-09-30,4,82,No
1596_1,1596,2024-10-01,5,107,No
1596_2,1596,2024-10-02,10,62,No
1596_3,1596,2024-10-03,9,67,No
1596_4,1596,2024-10-04,5,30,No
1597_0,1597,2024-08-28,13,67,Yes
1597_1,1597,2024-08-29,11,45,Yes
1597_2,1597,2024-08-30,10,65,No
1598_0,1598,2024-02-24,3,47,Yes
1598_1,1598,2024-02-25,15,45,Yes
1598_2,1598,2024-02-26,2,113,No
1598_3,1598,2024-02-27,12,89,No
1598_4,1598,2024-02-28,9,37,Yes
1599_0,1599,2024-01-03,2,86,Yes
1599_1,1599,2024-01-04,6,45,No
1600_0,1600,2024-10-06,7,59,Yes
1600_1,1600,2024-10-07,11,120,No
1601_0,1601,2024-07-29,12,97,Yes
1601_1,1601,2024-07-30,9,44,No
1601_2,1601,2024-07-31,3,107,Yes
1601_3,1601,2024-08-01,11,95,Yes
1601_4,1601,2024-08-02,5,44,Yes
1602_0,1602,2024-09-10,14,109,No
1602_1,1602,2024-09-11,2,81,Yes
1602_2,1602,2024-09-12,13,37,Yes
1603_0,1603,2024-08-11,3,20,Yes
1603_1,1603,2024-08-12,15,82,No
1603_2,1603,2024-08-13,7,43,Yes
1603_3,1603,2024-08-14,15,9,No
1604_0,1604,2024-03-06,14,70,No
1604_1,1604,2024-03-07,7,97,No
1604_2,1604,2024-03-08,14,83,Yes
1604_3,1604,2024-03-09,14,17,No
1605_0,1605,2024-11-23,2,88,No
1605_1,1605,2024-11-24,9,24,No
1605_2,1605,2024-11-25,5,87,Yes
1605_3,1605,2024-11-26,1,110,No
1605_4,1605,2024-11-27,12,99,Yes
1606_0,1606,2024-08-18,12,63,No
1606_1,1606,2024-08-19,1,2,No
1607_0,1607,2024-03-18,4,47,No
1607_1,1607,2024-03-19,6,70,Yes
1607_2,1607,2024-03-20,9,16,Yes
1608_0,1608,2024-04-29,3,104,No
1608_1,1608,2024-04-30,2,35,Yes
1608_2,1608,2024-05-01,8,12,No
1608_3,1608,2024-05-02,9,22,Yes
1608_4,1608,2024-05-03,4,60,No
1609_0,1609,2024-09-10,7,89,No
1609_1,1609,2024-09-11,13,109,Yes
1609_2,1609,2024-09-12,9,35,Yes
1610_0,1610,2024-01-08,2,94,No
1610_1,1610,2024-01-09,4,68,No
1610_2,1610,2024-01-10,1,42,No
1611_0,1611,2024-06-26,8,55,No
1612_0,1612,2024-03-15,9,27,Yes
1612_1,1612,2024-03-16,13,36,No
1612_2,1612,2024-03-17,6,5,No
1613_0,1613,2024-06-16,8,22,No
1614_0,1614,2024-09-04,10,106,No
1614_1,1614,2024-09-05,7,86,Yes
1614_2,1614,2024-09-06,1,84,No
1615_0,1615,2024-11-26,14,27,No
1616_0,1616,2024-11-19,9,62,Yes
1617_0,1617,2024-07-24,8,48,No
1617_1,1617,2024-07-25,15,35,Yes
1617_2,1617,2024-07-26,8,28,Yes
1617_3,1617,2024-07-27,12,24,Yes
1617_4,1617,2024-07-28,4,34,Yes
1618_0,1618,2024-09-12,15,7,No
1619_0,1619,2024-04-20,4,105,No
1619_1,1619,2024-04-21,1,97,No
1620_0,1620,2024-01-22,11,64,No
1620_1,1620,2024-01-23,3,108,No
1621_0,1621,2024-05-19,11,108,No
1621_1,1621,2024-05-20,8,24,No
1621_2,1621,2024-05-21,11,115,No
1622_0,1622,2024-11-06,3,107,Yes
1622_1,1622,2024-11-07,12,29,No
1622_2,1622,2024-11-08,11,67,No
1622_3,1622,2024-11-09,3,32,No
1623_0,1623,2024-09-22,15,71,No
1623_1,1623,2024-09-23,3,29,Yes
1624_0,1624,2024-06-08,3,115,No
1624_1,1624,2024-06-09,1,22,No
1624_2,1624,2024-06-10,11,75,No
1625_0,1625,2024-07-18,10,38,No
1625_1,1625,2024-07-19,10,25,No
1625_2,1625,2024-07-20,14,52,No
1626_0,1626,2024-04-02,4,113,No
1626_1,1626,2024-04-03,13,42,No
1626_2,1626,2024-04-04,12,118,No
1626_3,1626,2024-04-05,2,104,No
1626_4,1626,2024-04-06,11,74,No
1627_0,1627,2024-10-09,15,112,No
1627_1,1627,2024-10-10,6,50,Yes
1627_2,1627,2024-10-11,3,86,No
1627_3,1627,2024-10-12,6,107,No
1627_4,1627,2024-10-13,14,12,No
1628_0,1628,2024-03-17,15,113,Yes
1628_1,1628,2024-03-18,2,18,No
1628_2,1628,2024-03-19,5,68,No
1628_3,1628,2024-03-20,9,32,No
1629_0,1629,2024-05-04,7,116,Yes
1629_1,1629,2024-05-05,3,82,No
1629_2,1629,2024-05-06,2,70,Yes
1629_3,1629,2024-05-07,4,41,Yes
1630_0,1630,2024-12-16,1,92,No
1630_1,1630,2024-12-17,9,85,No
1630_2,1630,2024-12-18,9,14,No
1631_0,1631,2024-08-21,10,105,No
1632_0,1632,2024-04-12,8,83,Yes
1632_1,1632,2024-04-13,1,46,No
1632_2,1632,2024-04-14,15,83,No
1632_3,1632,2024-04-15,4,48,No
1633_0,1633,2024-07-23,11,80,Yes
1633_1,1633,2024-07-24,3,114,No
1633_2,1633,2024-07-25,3,63,No
1633_3,1633,2024-07-26,15,46,Yes
1634_0,1634,2024-11-12,13,44,No
1635_0,1635,2024-12-10,2,10,No
1635_1,1635,2024-12-11,1,97,Yes
1635_2,1635,2024-12-12,1,29,No
1636_0,1636,2024-09-10,9,56,No
1637_0,1637,2024-07-05,5,98,No
1637_1,1637,2024-07-06,5,98,No
1637_2,1637,2024-07-07,1,74,Yes
1637_3,1637,2024-07-08,15,43,No
1638_0,1638,2024-12-17,11,14,Yes
1638_1,1638,2024-12-18,2,20,Yes
1639_0,1639,2024-09-19,11,71,No
1639_1,1639,2024-09-20,9,40,No
1640_0,1640,2024-05-26,2,112,No
1640_1,1640,2024-05-27,9,52,No
1640_2,1640,2024-05-28,6,101,No
1641_0,1641,2024-03-14,2,32,No
1641_1,1641,2024-03-15,7,119,No
1641_2,1641,2024-03-16,8,87,No
1642_0,1642,2024-08-04,11,86,No
1642_1,1642,2024-08-05,7,55,Yes
1643_0,1643,2024-09-01,1,13,No
1644_0,1644,2024-05-16,1,46,No
1645_0,1645,2024-11-23,5,115,No
1645_1,1645,2024-11-24,9,58,No
1646_0,1646,2024-08-03,13,31,Yes
1647_0,1647,2024-06-16,9,87,No
1647_1,1647,2024-06-17,8,24,Yes
1647_2,1647,2024-06-18,12,83,No
1647_3,1647,2024-06-19,1,91,No
1648_0,1648,2024-12-06,2,84,No
1649_0,1649,2024-10-09,13,5,No
1649_1,1649,2024-10-10,5,18,Yes
1650_0,1650,2024-02-24,13,64,No
1651_0,1651,2024-05-25,9,11,No
1652_0,1652,2024-01-22,1,71,No
1652_1,1652,2024-01-23,8,23,Yes
1652_2,1652,2024-01-24,9,88,No
1652_3,1652,2024-01-25,13,34,No
1652_4,1652,2024-01-26,7,74,Yes
1653_0,1653,2024-04-04,5,47,No
1653_1,1653,2024-04-05,12,66,No
1653_2,1653,2024-04-06,7,63,Yes
1653_3,1653,2024-04-07,7,55,Yes
1653_4,1653,2024-04-08,7,103,Yes
1654_0,1654,2024-09-16,12,110,Yes
1654_1,1654,2024-09-17,14,105,Yes
1655_0,1655,2024-07-21,14,39,No
1655_1,1655,2024-07-22,13,71,Yes
1655_2,1655,2024-07-23,4,34,No
1655_3,1655,2024-07-24,7,89,No
1656_0,1656,2024-02-11,11,73,No
1656_1,1656,2024-02-12,15,25,No
1656_2,1656,2024-02-13,9,9,Yes
1656_3,1656,2024-02-14,14,30,Yes
1657_0,1657,2024-03-01,1,64,No
1657_1,1657,2024-03-02,9,88,No
1657_2,1657,2024-03-03,13,75,Yes
1657_3,1657,2024-03-04,13,62,Yes
1658_0,1658,2024-02-02,2,71,Yes
1658_1,1658,2024-02-03,11,56,No
1658_2,1658,2024-02-04,6,11,No
1658_3,1658,2024-02-05,13,60,No
1659_0,1659,2024-06-22,10,57,No
1660_0,1660,2024-08-24,7,83,No
1660_1,1660,2024-08-25,12,64,Yes
1660_2,1660,2024-08-26,8,23,No
1660_3,1660,2024-08-27,13,37,Yes
1660_4,1660,2024-08-28,4,54,No
1661_0,1661,2024-03-27,15,97,No
1661_1,1661,2024-03-28,5,35,No
1661_2,1661,2024-03-29,15,55,No
1662_0,1662,2024-12-12,15,9,No
1662_1,1662,2024-12-13,10,91,No
1663_0,1663,2024-01-03,2,27,Yes
1663_1,1663,2024-01-04,11,115,No
1663_2,1663,2024-01-05,6,95,No
1664_0,1664,2024-05-29,8,54,No
1664_1,1664,2024-05-30,1,31,No
1664_2,1664,2024-05-31,4,47,Yes
1664_3,1664,2024-06-01,2,14,No
1665_0,1665,2024-02-28,10,64,Yes
1665_1,1665,2024-02-29,8,110,No
1665_2,1665,2024-03-01,2,111,No
1665_3,1665,2024-03-02,12,83,No
1666_0,1666,2024-11-17,10,39,No
1666_1,1666,2024-11-18,1,23,No
1666_2,1666,2024-11-19,1,76,Yes
1666_3,1666,2024-11-20,15,40,No
1666_4,1666,2024-11-21,3,84,No
1667_0,1667,2024-07-23,6,86,No
1667_1,1667,2024-07-24,6,90,No
1667_2,1667,2024-07-25,10,101,No
1667_3,1667,2024-07-26,9,115,Yes
1668_0,1668,2024-03-28,14,104,No
1668_1,1668,2024-03-29,9,69,No
1668_2,1668,2024-03-30,4,90,No
1669_0,1669,2024-01-09,9,110,No
1669_1,1669,2024-01-10,8,34,Yes
1669_2,1669,2024-01-11,6,1,No
1669_3,1669,2024-01-12,6,72,No
1669_4,1669,2024-01-13,14,38,No
1670_0,1670,2024-10-17,4,56,No
1670_1,1670,2024-10-18,12,98,No
1671_0,1671,2024-09-10,4,41,Yes
1672_0,1672,2024-03-23,8,6,Yes
1672_1,1672,2024-03-24,4,90,No
1672_2,1672,2024-03-25,11,43,No
1672_3,1672,2024-03-26,15,31,Yes
1673_0,1673,2024-08-12,10,81,No
1673_1,1673,2024-08-13,15,36,No
1673_2,1673,2024-08-14,7,32,No
1674_0,1674,2024-11-22,8,42,No
1674_1,1674,2024-11-23,8,80,No
1674_2,1674,2024-11-24,12,31,Yes
1674_3,1674,2024-11-25,13,43,No
1675_0,1675,2024-07-27,12,53,No
1675_1,1675,2024-07-28,15,107,No
1675_2,1675,2024-07-29,5,56,Yes
1675_3,1675,2024-07-30,13,65,No
1676_0,1676,2024-03-17,14,69,Yes
1676_1,1676,2024-03-18,14,41,No
1677_0,1677,2024-01-03,7,81,No
1677_1,1677,2024-01-04,9,54,No
1677_2,1677,2024-01-05,5,53,Yes
1678_0,1678,2024-05-24,13,59,No
1678_1,1678,2024-05-25,6,22,Yes
1679_0,1679,2024-04-11,8,43,No
1679_1,1679,2024-04-12,14,39,No
1679_2,1679,2024-04-13,6,65,No
1679_3,1679,2024-04-14,5,70,No
1679_4,1679,2024-04-15,10,29,No
1680_0,1680,2024-09-09,6,47,No
1681_0,1681,2024-07-20,14,70,No
1681_1,1681,2024-07-21,10,30,No
1681_2,1681,2024-07-22,8,102,Yes
1681_3,1681,2024-07-23,14,54,Yes
1682_0,1682,2024-03-20,8,114,No
1682_1,1682,2024-03-21,14,102,No
1682_2,1682,2024-03-22,7,20,Yes
1683_0,1683,2024-06-03,8,21,Yes
1683_1,1683,2024-06-04,7,62,Yes
1683_2,1683,2024-06-05,13,26,No
1683_3,1683,2024-06-06,9,89,No
1683_4,1683,2024-06-07,11,100,No
1684_0,1684,2024-09-24,14,71,Yes
1684_1,1684,2024-09-25,3,50,No
1684_2,1684,2024-09-26,14,98,No
1684_3,1684,2024-09-27,9,53,No
1684_4,1684,2024-09-28,13,95,No
1685_0,1685,2024-09-17,2,100,No
1685_1,1685,2024-09-18,10,107,No
1686_0,1686,2024-11-30,10,48,No
1686_1,1686,2024-12-01,10,40,No
1686_2,1686,2024-12-02,2,86,No
1686_3,1686,2024-12-03,1,75,No
1687_0,1687,2024-11-09,9,111,No
1687_1,1687,2024-11-10,5,6,No
1687_2,1687,2024-11-11,14,26,No
1687_3,1687,2024-11-12,13,48,Yes
1687_4,1687,2024-11-13,12,3,No
1688_0,1688,2024-01-07,5,36,Yes
1689_0,1689,2024-12-02,10,3,No
1689_1,1689,2024-12-03,5,33,No
1690_0,1690,2024-05-08,6,96,No
1690_1,1690,2024-05-09,2,93,Yes
1690_2,1690,2024-05-10,3,90,No
1691_0,1691,2024-01-22,11,54,Yes
1691_1,1691,2024-01-23,15,94,No
1691_2,1691,2024-01-24,6,78,No
1691_3,1691,2024-01-25,9,106,No
1692_0,1692,2024-03-22,9,13,No
1692_1,1692,2024-03-23,12,40,No
1692_2,1692,2024-03-24,3,98,Yes
1692_3,1692,2024-03-25,2,64,No
1692_4,1692,2024-03-26,4,108,Yes
1693_0,1693,2024-12-08,3,70,No
1693_1,1693,2024-12-09,7,39,No
1693_2,1693,2024-12-10,9,114,No
1693_3,1693,2024-12-11,4,51,No
1694_0,1694,2024-07-12,4,48,Yes
1694_1,1694,2024-07-13,11,69,No
1694_2,1694,2024-07-14,14,5,No
1695_0,1695,2024-10-12,10,99,No
1695_1,1695,2024-10-13,6,77,No
1695_2,1695,2024-10-14,10,98,Yes
1695_3,1695,2024-10-15,1,109,No
1696_0,1696,2024-09-30,5,32,No
1696_1,1696,2024-10-01,11,86,No
1696_2,1696,2024-10-02,2,88,No
1696_3,1696,2024-10-03,10,10,No
1696_4,1696,2024-10-04,11,63,No
1697_0,1697,2024-01-31,2,54,No
1697_1,1697,2024-02-01,11,61,No
1697_2,1697,2024-02-02,8,28,No
1697_3,1697,2024-02-03,6,104,Yes
1697_4,1697,2024-02-04,12,70,No
1698_0,1698,2024-10-05,5,56,Yes
1699_0,1699,2024-04-10,1,68,No
1699_1,1699,2024-04-11,10,49,No
1700_0,1700,2024-04-26,8,80,No
1700_1,1700,2024-04-27,2,72,No
1700_2,1700,2024-04-28,9,47,No
1700_3,1700,2024-04-29,3,5,No
1700_4,1700,2024-04-30,10,62,No
1701_0,1701,2024-08-08,15,39,No
1701_1,1701,2024-08-09,4,113,No
1701_2,1701,2024-08-10,6,79,No
1702_0,1702,2024-11-04,1,103,No
1702_1,1702,2024-11-05,15,17,No
1702_2,1702,2024-11-06,14,64,No
1703_0,1703,2024-07-24,8,42,Yes
1703_1,1703,2024-07-25,13,66,Yes
1704_0,1704,2024-01-24,10,120,No
1704_1,1704,2024-01-25,10,64,No
1704_2,1704,2024-01-26,2,98,No
1705_0,1705,2024-02-16,1,85,No
1705_1,1705,2024-02-17,14,31,Yes
1705_2,1705,2024-02-18,3,36,No
1706_0,1706,2024-12-19,8,96,Yes
1707_0,1707,2024-11-24,12,59,No
1707_1,1707,2024-11-25,10,45,Yes
1707_2,1707,2024-11-26,10,100,Yes
1708_0,1708,2024-11-12,7,7,Yes
1708_1,1708,2024-11-13,14,110,Yes
1708_2,1708,2024-11-14,13,48,Yes
1708_3,1708,2024-11-15,7,10,Yes
1709_0,1709,2024-02-05,12,113,Yes
1709_1,1709,2024-02-06,10,93,Yes
1709_2,1709,2024-02-07,1,77,No
1710_0,1710,2024-01-18,11,7,Yes
1710_1,1710,2024-01-19,6,77,Yes
1710_2,1710,2024-01-20,5,4,No
1711_0,1711,2024-11-20,14,111,No
1711_1,1711,2024-11-21,5,14,No
1711_2,1711,2024-11-22,9,34,Yes
1711_3,1711,2024-11-23,11,35,Yes
1711_4,1711,2024-11-24,1,13,Yes
1712_0,1712,2024-02-21,14,75,No
1712_1,1712,2024-02-22,5,82,No
1713_0,1713,2024-04-27,9,60,Yes
1713_1,1713,2024-04-28,7,44,No
1713_2,1713,2024-04-29,7,68,No
1713_3,1713,2024-04-30,14,48,No
1713_4,1713,2024-05-01,1,85,No
1714_0,1714,2024-04-12,6,73,No
1714_1,1714,2024-04-13,10,39,No
1714_2,1714,2024-04-14,5,96,No
1714_3,1714,2024-04-15,6,76,Yes
1714_4,1714,2024-04-16,12,25,Yes
1715_0,1715,2024-08-01,14,15,No
1715_1,1715,2024-08-02,2,105,No
1715_2,1715,2024-08-03,14,48,No
1716_0,1716,2024-12-04,1,38,Yes
1716_1,1716,2024-12-05,5,72,No
1716_2,1716,2024-12-06,5,75,Yes
1717_0,1717,2024-03-14,7,62,No
1717_1,1717,2024-03-15,11,82,No
1718_0,1718,2024-11-13,3,60,Yes
1719_0,1719,2024-02-22,1,6,No
1719_1,1719,2024-02-23,12,55,No
1719_2,1719,2024-02-24,11,28,Yes
1720_0,1720,2024-09-20,8,48,No
1720_1,1720,2024-09-21,3,24,Yes
1720_2,1720,2024-09-22,12,39,Yes
1721_0,1721,2024-07-04,11,42,Yes
1721_1,1721,2024-07-05,5,82,No
1721_2,1721,2024-07-06,9,57,No
1721_3,1721,2024-07-07,8,82,No
1722_0,1722,2024-02-17,1,117,Yes
1722_1,1722,2024-02-18,3,35,Yes
1722_2,1722,2024-02-19,10,47,No
1722_3,1722,2024-02-20,15,44,Yes
1723_0,1723,2024-08-31,12,88,No
1724_0,1724,2024-02-01,9,108,No
1724_1,1724,2024-02-02,14,67,No
1724_2,1724,2024-02-03,11,48,No
1724_3,1724,2024-02-04,4,90,Yes
1725_0,1725,2024-03-26,7,47,No
1725_1,1725,2024-03-27,15,37,No
1725_2,1725,2024-03-28,15,93,Yes
1726_0,1726,2024-01-25,4,75,No
1726_1,1726,2024-01-26,12,30,No
1726_2,1726,2024-01-27,5,17,Yes
1726_3,1726,2024-01-28,5,38,Yes
1727_0,1727,2024-12-26,5,10,No
1727_1,1727,2024-12-27,8,27,No
1728_0,1728,2024-02-18,13,67,Yes
1728_1,1728,2024-02-19,13,2,Yes
1729_0,1729,2024-12-28,5,69,No
1729_1,1729,2024-12-29,12,5,No
1729_2,1729,2024-12-30,13,72,No
1730_0,1730,2024-03-17,12,74,No
1730_1,1730,2024-03-18,4,107,No
1731_0,1731,2024-06-10,14,42,Yes
1731_1,1731,2024-06-11,11,54,No
1732_0,1732,2024-03-04,11,119,Yes
1733_0,1733,2024-02-16,7,92,No
1733_1,1733,2024-02-17,4,6,No
1733_2,1733,2024-02-18,10,96,No
1733_3,1733,2024-02-19,5,75,Yes
1733_4,1733,2024-02-20,5,31,No
1734_0,1734,2024-12-19,13,96,No
1735_0,1735,2024-05-04,15,117,No
1735_1,1735,2024-05-05,13,48,Yes
1735_2,1735,2024-05-06,5,85,Yes
1735_3,1735,2024-05-07,9,11,No
1736_0,1736,2024-12-05,12,102,Yes
1736_1,1736,2024-12-06,9,84,No
1736_2,1736,2024-12-07,13,95,No
1736_3,1736,2024-12-08,4,112,Yes
1736_4,1736,2024-12-09,12,111,No
1737_0,1737,2024-10-30,6,20,No
1737_1,1737,2024-10-31,11,29,Yes
1737_2,1737,2024-11-01,13,109,No
1738_0,1738,2024-08-14,13,117,No
1738_1,1738,2024-08-15,15,89,Yes
1739_0,1739,2024-12-10,1,82,Yes
1740_0,1740,2024-04-05,7,115,No
1740_1,1740,2024-04-06,11,118,No
1740_2,1740,2024-04-07,4,106,Yes
1740_3,1740,2024-04-08,10,24,Yes
1740_4,1740,2024-04-09,4,100,No
1741_0,1741,2024-11-02,1,8,No
1742_0,1742,2024-03-01,1,91,No
1742_1,1742,2024-03-02,1,67,No
1742_2,1742,2024-03-03,12,5,No
1742_3,1742,2024-03-04,7,98,No
1743_0,1743,2024-11-05,10,78,No
1743_1,1743,2024-11-06,8,64,Yes
1744_0,1744,2024-08-28,7,99,No
1744_1,1744,2024-08-29,13,40,No
1744_2,1744,2024-08-30,2,54,No
1745_0,1745,2024-07-08,10,7,No
1745_1,1745,2024-07-09,2,80,No
1745_2,1745,2024-07-10,5,21,Yes
1745_3,1745,2024-07-11,1,60,No
1745_4,1745,2024-07-12,5,57,Yes
1746_0,1746,2024-09-13,5,31,Yes
1746_1,1746,2024-09-14,4,6,No
1746_2,1746,2024-09-15,11,87,Yes
1746_3,1746,2024-09-16,3,15,No
1746_4,1746,2024-09-17,2,8,No
1747_0,1747,2024-03-01,3,16,No
1748_0,1748,2024-11-11,3,15,No
1749_0,1749,2024-04-22,3,9,No
1749_1,1749,2024-04-23,4,71,Yes
1749_2,1749,2024-04-24,10,107,Yes
1750_0,1750,2024-10-26,10,97,No
1751_0,1751,2024-02-17,12,39,No
1752_0,1752,2024-05-27,15,117,No
1752_1,1752,2024-05-28,8,6,Yes
1752_2,1752,2024-05-29,6,11,No
1752_3,1752,2024-05-30,3,51,No
1753_0,1753,2024-06-14,12,101,Yes
1753_1,1753,2024-06-15,5,85,No
1753_2,1753,2024-06-16,10,104,No
1754_0,1754,2024-03-03,3,31,No
1754_1,1754,2024-03-04,13,26,No
1754_2,1754,2024-03-05,15,92,Yes
1755_0,1755,2024-01-19,5,34,No
1756_0,1756,2024-07-20,12,12,No
1756_1,1756,2024-07-21,14,93,Yes
1756_2,1756,2024-07-22,9,112,No
1756_3,1756,2024-07-23,13,26,Yes
1756_4,1756,2024-07-24,4,22,No
1757_0,1757,2024-05-25,2,67,No
1757_1,1757,2024-05-26,7,37,No
1758_0,1758,2024-12-14,12,32,No
1758_1,1758,2024-12-15,14,71,Yes
1759_0,1759,2024-10-01,9,116,No
1760_0,1760,2024-08-04,7,99,No
1760_1,1760,2024-08-05,15,10,No
1760_2,1760,2024-08-06,12,83,Yes
1760_3,1760,2024-08-07,1,32,Yes
1761_0,1761,2024-08-14,1,65,No
1761_1,1761,2024-08-15,2,89,No
1761_2,1761,2024-08-16,11,91,Yes
1761_3,1761,2024-08-17,2,47,No
1761_4,1761,2024-08-18,15,81,No
1762_0,1762,2024-06-07,2,34,No
1762_1,1762,2024-06-08,11,54,No
1762_2,1762,2024-06-09,9,100,Yes
1763_0,1763,2024-09-29,10,17,Yes
1763_1,1763,2024-09-30,7,119,No
1763_2,1763,2024-10-01,9,73,No
1763_3,1763,2024-10-02,11,77,No
1763_4,1763,2024-10-03,12,49,Yes
1764_0,1764,2024-07-14,4,10,Yes
1764_1,1764,2024-07-15,2,25,No
1765_0,1765,2024-08-15,7,74,No
1765_1,1765,2024-08-16,6,116,No
1765_2,1765,2024-08-17,8,65,No
1766_0,1766,2024-11-23,3,23,Yes
1766_1,1766,2024-11-24,15,29,No
1767_0,1767,2024-05-04,15,39,Yes
1767_1,1767,2024-05-05,14,62,No
1767_2,1767,2024-05-06,5,3,No
1767_3,1767,2024-05-07,5,75,Yes
1767_4,1767,2024-05-08,11,103,No
1768_0,1768,2024-07-12,9,83,Yes
1768_1,1768,2024-07-13,5,114,No
1768_2,1768,2024-07-14,6,12,No
1768_3,1768,2024-07-15,12,11,No
1769_0,1769,2024-03-10,9,94,Yes
1769_1,1769,2024-03-11,14,120,No
1770_0,1770,2024-09-01,5,32,Yes
1770_1,1770,2024-09-02,3,22,No
1770_2,1770,2024-09-03,11,49,No
1770_3,1770,2024-09-04,4,54,No
1771_0,1771,2024-05-23,2,6,No
1771_1,1771,2024-05-24,11,15,No
1771_2,1771,2024-05-25,8,103,Yes
1771_3,1771,2024-05-26,11,41,Yes
1771_4,1771,2024-05-27,2,17,No
1772_0,1772,2024-09-05,2,18,Yes
1772_1,1772,2024-09-06,7,15,No
1772_2,1772,2024-09-07,15,64,No
1772_3,1772,2024-09-08,14,64,No
1773_0,1773,2024-05-22,3,26,No
1773_1,1773,2024-05-23,3,70,No
1773_2,1773,2024-05-24,7,50,No
1773_3,1773,2024-05-25,10,8,Yes
1773_4,1773,2024-05-26,15,24,No
1774_0,1774,2024-03-27,4,2,No
1774_1,1774,2024-03-28,12,1,No
1774_2,1774,2024-03-29,13,18,Yes
1774_3,1774,2024-03-30,6,42,Yes
1774_4,1774,2024-03-31,2,83,Yes
1775_0,1775,2024-06-15,9,25,Yes
1775_1,1775,2024-06-16,15,70,Yes
1775_2,1775,2024-06-17,14,1,Yes
1776_0,1776,2024-02-06,13,114,No
1776_1,1776,2024-02-07,10,11,No
1777_0,1777,2024-03-28,11,27,Yes
1777_1,1777,2024-03-29,11,90,Yes
1777_2,1777,2024-03-30,12,93,Yes
1778_0,1778,2024-09-12,7,34,Yes
1778_1,1778,2024-09-13,1,69,No
1778_2,1778,2024-09-14,1,37,No
1779_0,1779,2024-04-27,11,53,No
1779_1,1779,2024-04-28,15,45,No
1780_0,1780,2024-07-17,9,36,No
1780_1,1780,2024-07-18,13,69,No
1780_2,1780,2024-07-19,13,108,No
1780_3,1780,2024-07-20,11,120,No
1780_4,1780,2024-07-21,8,48,No
1781_0,1781,2024-01-04,11,3,No
1781_1,1781,2024-01-05,9,110,No
1781_2,1781,2024-01-06,1,83,No
1782_0,1782,2024-04-26,7,19,No
1782_1,1782,2024-04-27,7,19,Yes
1783_0,1783,2024-09-30,6,38,Yes
1783_1,1783,2024-10-01,12,13,No
1783_2,1783,2024-10-02,15,54,No
1783_3,1783,2024-10-03,10,48,No
1783_4,1783,2024-10-04,9,118,Yes
1784_0,1784,2024-09-27,14,51,Yes
1784_1,1784,2024-09-28,15,76,Yes
1784_2,1784,2024-09-29,7,74,Yes
1785_0,1785,2024-09-11,6,96,Yes
1785_1,1785,2024-09-12,14,97,No
1785_2,1785,2024-09-13,14,115,No
1786_0,1786,2024-12-11,10,30,Yes
1786_1,1786,2024-12-12,6,78,No
1786_2,1786,2024-12-13,4,15,No
1786_3,1786,2024-12-14,15,20,No
1786_4,1786,2024-12-15,13,92,Yes
1787_0,1787,2024-04-08,4,105,No
1787_1,1787,2024-04-09,15,109,No
1788_0,1788,2024-02-01,11,103,No
1789_0,1789,2024-06-03,9,94,Yes
1789_1,1789,2024-06-04,1,28,No
1789_2,1789,2024-06-05,3,93,No
1790_0,1790,2024-04-29,9,109,No
1791_0,1791,2024-01-27,5,63,No
1791_1,1791,2024-01-28,11,88,No
1791_2,1791,2024-01-29,4,49,No
1791_3,1791,2024-01-30,7,55,Yes
1791_4,1791,2024-01-31,12,26,No
1792_0,1792,2024-02-21,14,22,No
1793_0,1793,2024-06-30,13,35,Yes
1793_1,1793,2024-07-01,15,51,Yes
1794_0,1794,2024-09-04,10,46,No
1794_1,1794,2024-09-05,10,96,Yes
1794_2,1794,2024-09-06,14,6,No
1794_3,1794,2024-09-07,11,26,No
1794_4,1794,2024-09-08,10,48,No
1795_0,1795,2024-11-26,9,22,Yes
1795_1,1795,2024-11-27,13,45,No
1795_2,1795,2024-11-28,11,49,No
1796_0,1796,2024-11-06,15,79,No
1797_0,1797,2024-04-30,13,45,No
1797_1,1797,2024-05-01,6,80,No
1797_2,1797,2024-05-02,10,92,Yes
1798_0,1798,2024-07-22,4,87,No
1798_1,1798,2024-07-23,1,17,Yes
1798_2,1798,2024-07-24,14,71,No
1799_0,1799,2024-05-10,10,28,Yes
1800_0,1800,2024-10-12,5,30,Yes
1800_1,1800,2024-10-13,9,104,No
1800_2,1800,2024-10-14,11,62,No
1801_0,1801,2024-07-12,4,113,No
1801_1,1801,2024-07-13,4,42,Yes
1802_0,1802,2024-10-14,11,88,No
1803_0,1803,2024-09-05,2,109,No
1803_1,1803,2024-09-06,14,99,No
1803_2,1803,2024-09-07,6,11,No
1803_3,1803,2024-09-08,12,86,Yes
1803_4,1803,2024-09-09,13,57,No
1804_0,1804,2024-08-19,2,34,Yes
1804_1,1804,2024-08-20,12,1,No
1805_0,1805,2024-04-21,15,89,No
1805_1,1805,2024-04-22,14,47,No
1805_2,1805,2024-04-23,14,59,No
1806_0,1806,2024-12-02,10,29,Yes
1806_1,1806,2024-12-03,1,6,Yes
1807_0,1807,2024-05-02,6,28,Yes
1807_1,1807,2024-05-03,5,105,No
1807_2,1807,2024-05-04,7,85,No
1807_3,1807,2024-05-05,11,116,Yes
1808_0,1808,2024-01-01,5,68,No
1808_1,1808,2024-01-02,4,69,No
1809_0,1809,2024-04-07,8,64,No
1810_0,1810,2024-02-29,15,114,Yes
1810_1,1810,2024-03-01,1,22,No
1811_0,1811,2024-11-28,5,118,No
1811_1,1811,2024-11-29,10,29,Yes
1811_2,1811,2024-11-30,9,77,Yes
1811_3,1811,2024-12-01,5,108,No
1812_0,1812,2024-09-07,4,51,No
1812_1,1812,2024-09-08,1,76,Yes
1812_2,1812,2024-09-09,12,120,Yes
1813_0,1813,2024-07-26,6,100,No
1813_1,1813,2024-07-27,4,115,No
1813_2,1813,2024-07-28,2,90,No
1813_3,1813,2024-07-29,13,73,Yes
1813_4,1813,2024-07-30,10,66,No
1814_0,1814,2024-04-17,9,109,Yes
1815_0,1815,2024-07-06,5,15,No
1815_1,1815,2024-07-07,15,91,No
1815_2,1815,2024-07-08,10,120,No
1815_3,1815,2024-07-09,7,34,No
1816_0,1816,2024-10-19,1,11,No
1816_1,1816,2024-10-20,9,52,Yes
1817_0,1817,2024-07-08,14,34,No
1817_1,1817,2024-07-09,8,5,No
1818_0,1818,2024-04-11,1,32,Yes
1819_0,1819,2024-09-05,5,60,No
1819_1,1819,2024-09-06,14,103,No
1819_2,1819,2024-09-07,4,26,No
1819_3,1819,2024-09-08,15,94,No
1819_4,1819,2024-09-09,1,61,Yes
1820_0,1820,2024-12-16,3,111,No
1820_1,1820,2024-12-17,9,1,No
1821_0,1821,2024-11-30,6,50,Yes
1821_1,1821,2024-12-01,9,43,No
1822_0,1822,2024-03-30,3,61,No
1822_1,1822,2024-03-31,13,44,No
1823_0,1823,2024-02-14,8,6,No
1824_0,1824,2024-03-19,9,98,Yes
1824_1,1824,2024-03-20,15,47,No
1824_2,1824,2024-03-21,11,53,Yes
1825_0,1825,2024-07-15,4,108,No
1825_1,1825,2024-07-16,2,114,No
1826_0,1826,2024-06-18,9,93,No
1826_1,1826,2024-06-19,1,22,Yes
1826_2,1826,2024-06-20,14,65,No
1827_0,1827,2024-02-24,1,34,No
1827_1,1827,2024-02-25,6,17,No
1827_2,1827,2024-02-26,4,119,Yes
1827_3,1827,2024-02-27,3,86,Yes
1827_4,1827,2024-02-28,10,83,No
1828_0,1828,2024-01-15,8,77,Yes
1828_1,1828,2024-01-16,7,79,No
1829_0,1829,2024-08-24,10,112,Yes
1829_1,1829,2024-08-25,5,16,Yes
1829_2,1829,2024-08-26,12,99,No
1829_3,1829,2024-08-27,8,98,No
1829_4,1829,2024-08-28,9,78,Yes
1830_0,1830,2024-05-06,9,62,No
1831_0,1831,2024-12-23,7,7,No
1832_0,1832,2024-08-31,2,55,No
1832_1,1832,2024-09-01,14,114,No
1832_2,1832,2024-09-02,15,85,No
1832_3,1832,2024-09-03,9,104,No
1833_0,1833,2024-11-29,5,85,No
1833_1,1833,2024-11-30,4,96,Yes
1833_2,1833,2024-12-01,9,37,Yes
1834_0,1834,2024-06-22,1,94,Yes
1834_1,1834,2024-06-23,4,76,No
1834_2,1834,2024-06-24,12,64,No
1834_3,1834,2024-06-25,14,39,No
1835_0,1835,2024-12-10,12,57,No
1835_1,1835,2024-12-11,9,101,Yes
1835_2,1835,2024-12-12,1,54,No
1835_3,1835,2024-12-13,6,115,Yes
1836_0,1836,2024-10-08,4,109,No
1836_1,1836,2024-10-09,2,31,Yes
1837_0,1837,2024-11-26,8,72,No
1837_1,1837,2024-11-27,12,4,No
1837_2,1837,2024-11-28,8,108,No
1837_3,1837,2024-11-29,15,115,Yes
1837_4,1837,2024-11-30,2,81,No
1838_0,1838,2024-02-20,12,110,No
1838_1,1838,2024-02-21,13,119,No
1839_0,1839,2024-08-12,10,111,No
1840_0,1840,2024-04-27,15,52,No
1840_1,1840,2024-04-28,10,106,Yes
1840_2,1840,2024-04-29,9,104,Yes
1840_3,1840,2024-04-30,1,51,No
1841_0,1841,2024-04-01,15,26,Yes
1841_1,1841,2024-04-02,10,11,No
1841_2,1841,2024-04-03,5,49,No
1841_3,1841,2024-04-04,10,14,No
1842_0,1842,2024-10-13,9,37,Yes
1842_1,1842,2024-10-14,5,85,No
1842_2,1842,2024-10-15,1,118,Yes
1842_3,1842,2024-10-16,3,109,Yes
1842_4,1842,2024-10-17,9,67,No
1843_0,1843,2024-05-05,5,29,No
1843_1,1843,2024-05-06,1,92,No
1843_2,1843,2024-05-07,7,58,No
1843_3,1843,2024-05-08,9,69,No
1843_4,1843,2024-05-09,15,98,Yes
1844_0,1844,2024-08-10,10,44,No
1844_1,1844,2024-08-11,15,15,No
1844_2,1844,2024-08-12,15,37,No
1844_3,1844,2024-08-13,10,60,No
1845_0,1845,2024-06-06,1,68,Yes
1845_1,1845,2024-06-07,12,13,Yes
1845_2,1845,2024-06-08,6,55,No
1846_0,1846,2024-05-11,9,92,No
1846_1,1846,2024-05-12,7,56,No
1846_2,1846,2024-05-13,13,37,No
1846_3,1846,2024-05-14,15,20,No
1847_0,1847,2024-07-22,1,30,Yes
1847_1,1847,2024-07-23,13,23,No
1848_0,1848,2024-11-05,14,1,No
1849_0,1849,2024-12-31,9,48,No
1849_1,1849,2025-01-01,10,36,No
1849_2,1849,2025-01-02,7,86,No
1849_3,1849,2025-01-03,3,41,No
1849_4,1849,2025-01-04,8,81,No
1850_0,1850,2024-05-11,5,17,No
1850_1,1850,2024-05-12,8,47,Yes
1850_2,1850,2024-05-13,10,1,No
1851_0,1851,2024-07-28,10,52,No
1852_0,1852,2024-05-26,8,117,No
1853_0,1853,2024-04-02,9,81,Yes
1853_1,1853,2024-04-03,13,31,No
1853_2,1853,2024-04-04,10,102,No
1853_3,1853,2024-04-05,5,48,No
1854_0,1854,2024-02-22,13,70,Yes
1854_1,1854,2024-02-23,12,113,No
1854_2,1854,2024-02-24,7,80,No
1854_3,1854,2024-02-25,12,102,No
1855_0,1855,2024-10-10,5,100,Yes
1855_1,1855,2024-10-11,6,30,Yes
1855_2,1855,2024-10-12,6,95,No
1855_3,1855,2024-10-13,8,9,Yes
1856_0,1856,2024-02-03,14,61,No
1856_1,1856,2024-02-04,10,68,No
1857_0,1857,2024-12-09,10,70,No
1857_1,1857,2024-12-10,3,25,No
1857_2,1857,2024-12-11,12,94,No
1857_3,1857,2024-12-12,10,89,No
1857_4,1857,2024-12-13,10,82,Yes
1858_0,1858,2024-07-08,6,116,Yes
1858_1,1858,2024-07-09,14,56,Yes
1858_2,1858,2024-07-10,2,63,No
1858_3,1858,2024-07-11,12,90,No
1858_4,1858,2024-07-12,12,110,No
1859_0,1859,2024-02-10,4,93,No
1860_0,1860,2024-11-03,3,114,No
1861_0,1861,2024-06-17,6,117,No
1861_1,1861,2024-06-18,5,68,Yes
1861_2,1861,2024-06-19,14,97,Yes
1861_3,1861,2024-06-20,6,57,No
1861_4,1861,2024-06-21,13,16,No
1862_0,1862,2024-01-20,6,63,No
1862_1,1862,2024-01-21,10,106,Yes
1863_0,1863,2024-07-19,2,19,No
1863_1,1863,2024-07-20,8,78,No
1863_2,1863,2024-07-21,7,11,No
1863_3,1863,2024-07-22,14,64,No
1863_4,1863,2024-07-23,1,18,Yes
1864_0,1864,2024-07-19,7,113,No
1864_1,1864,2024-07-20,12,21,No
1865_0,1865,2024-08-14,2,64,No
1865_1,1865,2024-08-15,10,20,No
1866_0,1866,2024-12-11,8,118,No
1866_1,1866,2024-12-12,5,14,No
1866_2,1866,2024-12-13,15,44,Yes
1866_3,1866,2024-12-14,10,117,No
1866_4,1866,2024-12-15,4,73,Yes
1867_0,1867,2024-06-06,5,69,No
1868_0,1868,2024-04-24,3,52,No
1868_1,1868,2024-04-25,4,83,Yes
1868_2,1868,2024-04-26,7,94,No
1868_3,1868,2024-04-27,1,106,No
1868_4,1868,2024-04-28,7,91,No
1869_0,1869,2024-07-29,5,24,Yes
1870_0,1870,2024-06-27,10,43,No
1871_0,1871,2024-11-26,14,68,No
1871_1,1871,2024-11-27,15,36,No
1871_2,1871,2024-11-28,10,120,No
1871_3,1871,2024-11-29,13,16,No
1871_4,1871,2024-11-30,9,3,No
1872_0,1872,2024-04-09,4,55,Yes
1873_0,1873,2024-07-27,15,83,No
1873_1,1873,2024-07-28,9,94,Yes
1873_2,1873,2024-07-29,3,5,No
1873_3,1873,2024-07-30,10,16,Yes
1873_4,1873,2024-07-31,3,104,Yes
1874_0,1874,2024-04-09,5,35,No
1874_1,1874,2024-04-10,11,10,Yes
1874_2,1874,2024-04-11,7,5,No
1874_3,1874,2024-04-12,3,38,No
1875_0,1875,2024-12-13,9,102,No
1875_1,1875,2024-12-14,12,35,Yes
1876_0,1876,2024-10-12,13,116,No
1877_0,1877,2024-04-22,10,99,Yes
1878_0,1878,2024-10-07,12,45,No
1878_1,1878,2024-10-08,5,72,Yes
1878_2,1878,2024-10-09,13,96,No
1878_3,1878,2024-10-10,2,41,No
1879_0,1879,2024-03-21,2,103,Yes
1879_1,1879,2024-03-22,5,74,Yes
1880_0,1880,2024-09-16,4,51,Yes
1880_1,1880,2024-09-17,7,110,Yes
1880_2,1880,2024-09-18,9,20,No
1880_3,1880,2024-09-19,5,41,No
1881_0,1881,2024-06-07,5,99,Yes
1881_1,1881,2024-06-08,6,6,No
1881_2,1881,2024-06-09,10,89,No
1882_0,1882,2024-07-15,11,93,No
1883_0,1883,2024-12-28,3,39,No
1884_0,1884,2024-09-09,8,112,Yes
1885_0,1885,2024-12-16,14,116,Yes
1885_1,1885,2024-12-17,4,107,No
1886_0,1886,2024-06-15,6,14,No
1887_0,1887,2024-11-29,1,117,Yes
1887_1,1887,2024-11-30,4,27,No
1887_2,1887,2024-12-01,4,119,No
1887_3,1887,2024-12-02,12,110,No
1887_4,1887,2024-12-03,7,6,No
1888_0,1888,2024-05-23,7,97,No
1889_0,1889,2024-08-06,5,91,Yes
1889_1,1889,2024-08-07,12,50,Yes
1890_0,1890,2024-07-12,14,5,No
1890_1,1890,2024-07-13,12,39,No
1890_2,1890,2024-07-14,2,24,No
1890_3,1890,2024-07-15,6,29,Yes
1891_0,1891,2024-01-02,11,34,No
1891_1,1891,2024-01-03,10,60,No
1891_2,1891,2024-01-04,4,31,No
1891_3,1891,2024-01-05,6,71,Yes
1892_0,1892,2024-09-20,10,92,Yes
1892_1,1892,2024-09-21,2,94,No
1892_2,1892,2024-09-22,3,1,Yes
1892_3,1892,2024-09-23,1,92,Yes
1892_4,1892,2024-09-24,1,64,No
1893_0,1893,2024-12-28,7,117,Yes
1894_0,1894,2024-04-15,4,59,Yes
1895_0,1895,2024-12-03,3,9,No
1896_0,1896,2024-05-30,4,93,No
1897_0,1897,2024-06-18,2,23,No
1897_1,1897,2024-06-19,6,72,Yes
1898_0,1898,2024-09-11,2,62,No
1898_1,1898,2024-09-12,13,104,Yes
1899_0,1899,2024-07-14,10,68,No
1899_1,1899,2024-07-15,5,34,Yes
1899_2,1899,2024-07-16,14,52,No
1899_3,1899,2024-07-17,12,38,No
1900_0,1900,2024-04-26,3,109,Yes
1900_1,1900,2024-04-27,15,43,No
1900_2,1900,2024-04-28,7,23,No
1901_0,1901,2024-09-11,13,79,No
1902_0,1902,2024-01-08,6,84,No
1902_1,1902,2024-01-09,9,7,Yes
1902_2,1902,2024-01-10,14,39,Yes
1902_3,1902,2024-01-11,2,71,No
1903_0,1903,2024-04-01,13,112,Yes
1903_1,1903,2024-04-02,5,111,Yes
1903_2,1903,2024-04-03,6,5,Yes
1903_3,1903,2024-04-04,3,113,Yes
1904_0,1904,2024-03-16,6,59,No
1905_0,1905,2024-10-23,9,117,No
1905_1,1905,2024-10-24,10,35,Yes
1906_0,1906,2024-12-02,1,107,No
1906_1,1906,2024-12-03,4,3,No
1906_2,1906,2024-12-04,5,6,Yes
1906_3,1906,2024-12-05,3,115,No
1907_0,1907,2024-10-17,7,93,Yes
1907_1,1907,2024-10-18,14,19,No
1907_2,1907,2024-10-19,11,26,No
1907_3,1907,2024-10-20,4,60,No
1908_0,1908,2024-01-21,10,117,No
1908_1,1908,2024-01-22,3,62,Yes
1908_2,1908,2024-01-23,14,44,No
1908_3,1908,2024-01-24,5,24,No
1909_0,1909,2024-09-05,15,26,Yes
1909_1,1909,2024-09-06,13,56,No
1910_0,1910,2024-02-19,2,91,No
1910_1,1910,2024-02-20,7,36,Yes
1911_0,1911,2024-08-02,11,87,Yes
1911_1,1911,2024-08-03,1,5,No
1911_2,1911,2024-08-04,9,19,Yes
1912_0,1912,2024-01-06,8,57,No
1912_1,1912,2024-01-07,1,111,No
1912_2,1912,2024-01-08,11,32,Yes
1912_3,1912,2024-01-09,12,11,No
1912_4,1912,2024-01-10,15,90,No
1913_0,1913,2024-04-28,12,21,No
1913_1,1913,2024-04-29,3,43,No
1913_2,1913,2024-04-30,2,15,No
1913_3,1913,2024-05-01,8,9,No
1914_0,1914,2024-02-04,5,30,No
1914_1,1914,2024-02-05,7,66,No
1914_2,1914,2024-02-06,11,93,No
1914_3,1914,2024-02-07,1,114,Yes
1914_4,1914,2024-02-08,12,39,No
1915_0,1915,2024-09-21,13,101,Yes
1915_1,1915,2024-09-22,9,37,No
1915_2,1915,2024-09-23,13,120,Yes
1916_0,1916,2024-10-22,8,21,Yes
1916_1,1916,2024-10-23,11,37,No
1916_2,1916,2024-10-24,6,106,No
1916_3,1916,2024-10-25,14,99,Yes
1916_4,1916,2024-10-26,4,63,No
1917_0,1917,2024-01-22,14,83,No
1917_1,1917,2024-01-23,2,44,Yes
1917_2,1917,2024-01-24,7,54,Yes
1917_3,1917,2024-01-25,12,86,No
1917_4,1917,2024-01-26,11,97,No
1918_0,1918,2024-02-10,11,107,No
1918_1,1918,2024-02-11,11,18,No
1918_2,1918,2024-02-12,5,61,Yes
1918_3,1918,2024-02-13,14,70,Yes
1918_4,1918,2024-02-14,10,110,No
1919_0,1919,2024-05-01,11,70,No
1919_1,1919,2024-05-02,10,105,No
1920_0,1920,2024-04-27,6,120,No
1921_0,1921,2024-07-22,3,31,No
1921_1,1921,2024-07-23,7,115,No
1921_2,1921,2024-07-24,13,97,No
1921_3,1921,2024-07-25,11,1,No
1921_4,1921,2024-07-26,2,34,No
1922_0,1922,2024-09-09,9,99,Yes
1922_1,1922,2024-09-10,15,48,Yes
1923_0,1923,2024-04-29,6,93,Yes
1923_1,1923,2024-04-30,2,19,Yes
1923_2,1923,2024-05-01,3,51,Yes
1923_3,1923,2024-05-02,2,57,No
1924_0,1924,2024-11-19,2,82,No
1925_0,1925,2024-06-22,5,76,Yes
1925_1,1925,2024-06-23,5,67,Yes
1925_2,1925,2024-06-24,1,109,No
1926_0,1926,2024-02-06,11,27,No
1926_1,1926,2024-02-07,7,29,No
1926_2,1926,2024-02-08,7,24,No
1926_3,1926,2024-02-09,9,102,Yes
1927_0,1927,2024-08-31,8,31,No
1927_1,1927,2024-09-01,15,58,No
1928_0,1928,2024-05-23,6,53,No
1928_1,1928,2024-05-24,5,38,Yes
1928_2,1928,2024-05-25,1,103,No
1928_3,1928,2024-05-26,3,77,Yes
1928_4,1928,2024-05-27,13,74,No
1929_0,1929,2024-03-02,10,117,No
1929_1,1929,2024-03-03,5,43,Yes
1929_2,1929,2024-03-04,4,1,No
1929_3,1929,2024-03-05,4,89,Yes
1930_0,1930,2024-05-03,12,2,No
1930_1,1930,2024-05-04,12,82,No
1930_2,1930,2024-05-05,10,18,No
1931_0,1931,2024-02-25,1,38,No
1931_1,1931,2024-02-26,11,20,No
1931_2,1931,2024-02-27,5,87,No
1931_3,1931,2024-02-28,12,50,No
1932_0,1932,2024-04-17,1,56,Yes
1932_1,1932,2024-04-18,2,64,No
1932_2,1932,2024-04-19,2,102,No
1932_3,1932,2024-04-20,11,57,No
1933_0,1933,2024-11-04,10,5,No
1933_1,1933,2024-11-05,14,60,Yes
1933_2,1933,2024-11-06,3,81,No
1933_3,1933,2024-11-07,11,2,Yes
1933_4,1933,2024-11-08,11,60,No
1934_0,1934,2024-01-10,15,76,Yes
1934_1,1934,2024-01-11,6,80,No
1934_2,1934,2024-01-12,12,42,No
1934_3,1934,2024-01-13,7,61,Yes
1935_0,1935,2024-11-03,5,32,No
1935_1,1935,2024-11-04,10,22,No
1935_2,1935,2024-11-05,4,61,No
1936_0,1936,2024-09-04,11,85,Yes
1936_1,1936,2024-09-05,3,10,Yes
1936_2,1936,2024-09-06,2,11,Yes
1936_3,1936,2024-09-07,6,106,Yes
1937_0,1937,2024-11-15,11,113,No
1937_1,1937,2024-11-16,6,98,Yes
1937_2,1937,2024-11-17,11,15,No
1937_3,1937,2024-11-18,11,47,No
1937_4,1937,2024-11-19,14,20,Yes
1938_0,1938,2024-07-13,1,85,No
1938_1,1938,2024-07-14,11,96,No
1938_2,1938,2024-07-15,15,111,No
1938_3,1938,2024-07-16,9,113,No
1939_0,1939,2024-05-11,15,116,Yes
1939_1,1939,2024-05-12,4,60,No
1939_2,1939,2024-05-13,13,23,No
1939_3,1939,2024-05-14,7,117,No
1940_0,1940,2024-07-13,13,35,Yes
1940_1,1940,2024-07-14,2,67,Yes
1940_2,1940,2024-07-15,6,68,No
1941_0,1941,2024-07-10,3,41,No
1941_1,1941,2024-07-11,15,48,No
1941_2,1941,2024-07-12,8,83,Yes
1941_3,1941,2024-07-13,10,43,No
1942_0,1942,2024-01-21,8,26,No
1943_0,1943,2024-10-13,1,107,Yes
1944_0,1944,2024-07-13,9,76,No
1944_1,1944,2024-07-14,5,74,No
1945_0,1945,2024-07-06,3,100,Yes
1945_1,1945,2024-07-07,10,43,No
1945_2,1945,2024-07-08,2,4,No
1945_3,1945,2024-07-09,15,1,No
1946_0,1946,2024-08-27,14,43,Yes
1946_1,1946,2024-08-28,11,75,No
1946_2,1946,2024-08-29,7,79,No
1947_0,1947,2024-10-22,5,106,Yes
1947_1,1947,2024-10-23,4,109,No
1948_0,1948,2024-07-03,6,58,Yes
1948_1,1948,2024-07-04,8,37,No
1949_0,1949,2024-09-22,4,46,Yes
1949_1,1949,2024-09-23,7,30,Yes
1949_2,1949,2024-09-24,4,65,No
1949_3,1949,2024-09-25,8,36,Yes
1949_4,1949,2024-09-26,6,104,No
1950_0,1950,2024-02-09,11,111,Yes
1950_1,1950,2024-02-10,13,7,No
1950_2,1950,2024-02-11,10,52,No
1950_3,1950,2024-02-12,10,10,No
1950_4,1950,2024-02-13,2,81,Yes
1951_0,1951,2024-06-23,6,81,No
1951_1,1951,2024-06-24,1,73,Yes
1951_2,1951,2024-06-25,1,55,No
1951_3,1951,2024-06-26,13,118,Yes
1951_4,1951,2024-06-27,10,28,No
1952_0,1952,2024-01-01,12,12,No
1952_1,1952,2024-01-02,15,113,Yes
1953_0,1953,2024-12-04,2,76,No
1953_1,1953,2024-12-05,11,34,No
1954_0,1954,2024-10-24,12,2,No
1954_1,1954,2024-10-25,2,113,No
1954_2,1954,2024-10-26,4,84,No
1954_3,1954,2024-10-27,15,80,No
1955_0,1955,2024-06-03,14,117,Yes
1955_1,1955,2024-06-04,9,37,No
1955_2,1955,2024-06-05,11,109,No
1955_3,1955,2024-06-06,5,60,No
1956_0,1956,2024-04-24,9,111,Yes
1956_1,1956,2024-04-25,14,112,No
1956_2,1956,2024-04-26,13,28,Yes
1956_3,1956,2024-04-27,12,20,Yes
1957_0,1957,2024-04-04,10,47,Yes
1957_1,1957,2024-04-05,13,2,Yes
1957_2,1957,2024-04-06,11,38,No
1958_0,1958,2024-02-16,4,27,No
1958_1,1958,2024-02-17,10,63,No
1959_0,1959,2024-07-13,5,64,No
1959_1,1959,2024-07-14,6,75,No
1959_2,1959,2024-07-15,10,97,No
1959_3,1959,2024-07-16,8,47,No
1960_0,1960,2024-10-30,4,91,No
1961_0,1961,2024-07-16,5,61,Yes
1961_1,1961,2024-07-17,15,110,Yes
1962_0,1962,2024-05-06,13,95,No
1962_1,1962,2024-05-07,15,54,No
1962_2,1962,2024-05-08,12,43,No
1962_3,1962,2024-05-09,6,110,Yes
1962_4,1962,2024-05-10,5,78,No
1963_0,1963,2024-04-10,10,108,Yes
1963_1,1963,2024-04-11,11,113,Yes
1964_0,1964,2024-07-27,5,78,No
1965_0,1965,2024-11-23,4,76,No
1965_1,1965,2024-11-24,9,72,No
1965_2,1965,2024-11-25,4,97,No
1966_0,1966,2024-06-22,5,4,No
1967_0,1967,2024-02-28,2,66,No
1967_1,1967,2024-02-29,14,112,No
1967_2,1967,2024-03-01,6,8,No
1967_3,1967,2024-03-02,5,41,No
1967_4,1967,2024-03-03,13,76,No
1968_0,1968,2024-05-29,3,39,No
1968_1,1968,2024-05-30,3,51,Yes
1968_2,1968,2024-05-31,6,106,No
1968_3,1968,2024-06-01,12,92,Yes
1969_0,1969,2024-02-25,13,93,No
1969_1,1969,2024-02-26,3,116,Yes
1969_2,1969,2024-02-27,10,54,No
1969_3,1969,2024-02-28,7,54,Yes
1970_0,1970,2024-12-19,12,56,No
1970_1,1970,2024-12-20,13,104,No
1970_2,1970,2024-12-21,8,102,Yes
1970_3,1970,2024-12-22,3,104,Yes
1970_4,1970,2024-12-23,9,47,No
1971_0,1971,2024-04-12,4,92,Yes
1972_0,1972,2024-01-19,11,48,No
1972_1,1972,2024-01-20,6,114,No
1973_0,1973,2024-10-25,15,29,No
1973_1,1973,2024-10-26,6,54,No
1973_2,1973,2024-10-27,11,105,No
1973_3,1973,2024-10-28,14,103,No
1973_4,1973,2024-10-29,14,3,Yes
1974_0,1974,2024-09-02,15,73,Yes
1974_1,1974,2024-09-03,2,82,Yes
1975_0,1975,2024-08-20,14,39,Yes
1976_0,1976,2024-12-24,1,32,Yes
1976_1,1976,2024-12-25,11,19,No
1976_2,1976,2024-12-26,14,116,No
1977_0,1977,2024-04-15,10,95,No
1977_1,1977,2024-04-16,6,81,No
1977_2,1977,2024-04-17,3,95,Yes
1977_3,1977,2024-04-18,11,89,Yes
1977_4,1977,2024-04-19,13,55,No
1978_0,1978,2024-03-03,6,41,Yes
1979_0,1979,2024-10-20,4,93,No
1979_1,1979,2024-10-21,13,108,Yes
1980_0,1980,2024-07-10,6,8,No
1980_1,1980,2024-07-11,8,16,No
1980_2,1980,2024-07-12,7,55,No
1981_0,1981,2024-02-22,11,64,No
1981_1,1981,2024-02-23,1,91,No
1981_2,1981,2024-02-24,3,14,Yes
1981_3,1981,2024-02-25,8,113,No
1981_4,1981,2024-02-26,2,117,No
1982_0,1982,2024-06-05,9,9,No
1982_1,1982,2024-06-06,14,32,No
1982_2,1982,2024-06-07,2,109,Yes
1983_0,1983,2024-09-13,10,75,No
1984_0,1984,2024-05-08,2,9,No
1984_1,1984,2024-05-09,11,45,No
1984_2,1984,2024-05-10,7,50,Yes
1985_0,1985,2024-06-25,4,101,Yes
1985_1,1985,2024-06-26,12,17,No
1985_2,1985,2024-06-27,5,97,No
1986_0,1986,2024-04-20,15,72,No
1987_0,1987,2024-07-11,4,60,Yes
1987_1,1987,2024-07-12,4,76,No
1988_0,1988,2024-10-12,12,109,No
1988_1,1988,2024-10-13,13,82,No
1988_2,1988,2024-10-14,4,87,Yes
1988_3,1988,2024-10-15,3,2,No
1988_4,1988,2024-10-16,7,2,Yes
1989_0,1989,2024-04-12,11,3,No
1989_1,1989,2024-04-13,14,46,No
1989_2,1989,2024-04-14,7,73,No
1989_3,1989,2024-04-15,2,4,Yes
1989_4,1989,2024-04-16,12,28,No
1990_0,1990,2024-01-15,11,11,Yes
1990_1,1990,2024-01-16,4,109,No
1990_2,1990,2024-01-17,9,88,No
1990_3,1990,2024-01-18,14,99,No
1991_0,1991,2024-06-05,2,53,Yes
1991_1,1991,2024-06-06,7,98,No
1992_0,1992,2024-07-04,7,105,No
1992_1,1992,2024-07-05,13,74,No
1992_2,1992,2024-07-06,14,84,Yes
1993_0,1993,2024-10-23,6,103,No
1993_1,1993,2024-10-24,7,22,No
1994_0,1994,2024-08-11,5,19,No
1994_1,1994,2024-08-12,1,2,Yes
1994_2,1994,2024-08-13,11,23,No
1995_0,1995,2024-07-04,14,3,No
1995_1,1995,2024-07-05,8,71,No
1996_0,1996,2024-01-22,12,72,No
1996_1,1996,2024-01-23,2,93,Yes
1996_2,1996,2024-01-24,4,15,No
1996_3,1996,2024-01-25,2,61,Yes
1996_4,1996,2024-01-26,9,77,No
1997_0,1997,2024-07-08,11,114,No
1998_0,1998,2024-07-31,8,24,Yes
1998_1,1998,2024-08-01,8,78,No
1998_2,1998,2024-08-02,15,23,No
1999_0,1999,2024-02-19,12,99,Yes
1999_1,1999,2024-02-20,2,82,Yes
1999_2,1999,2024-02-21,8,81,No
2000_0,2000,2024-07-14,2,23,Yes
2000_1,2000,2024-07-15,9,30,No
2000_2,2000,2024-07-16,7,111,No
2000_3,2000,2024-07-17,7,69,No
2001_0,2001,2024-09-01,15,96,No
2001_1,2001,2024-09-02,12,97,Yes
2001_2,2001,2024-09-03,11,112,No
2001_3,2001,2024-09-04,8,58,Yes
2002_0,2002,2024-11-22,13,69,No
2002_1,2002,2024-11-23,14,70,No
2002_2,2002,2024-11-24,10,41,No
2003_0,2003,2024-07-25,14,89,No
2004_0,2004,2024-06-23,8,111,No
2004_1,2004,2024-06-24,6,61,No
2004_2,2004,2024-06-25,3,68,Yes
2004_3,2004,2024-06-26,14,97,No
2004_4,2004,2024-06-27,3,60,Yes
2005_0,2005,2024-06-24,6,64,Yes
2006_0,2006,2024-08-15,15,62,No
2006_1,2006,2024-08-16,12,7,No
2006_2,2006,2024-08-17,6,115,No
2007_0,2007,2024-05-26,6,17,No
2007_1,2007,2024-05-27,7,62,No
2007_2,2007,2024-05-28,13,100,Yes
2007_3,2007,2024-05-29,15,75,No
2008_0,2008,2024-04-06,1,31,No
2008_1,2008,2024-04-07,13,83,No
2008_2,2008,2024-04-08,6,38,Yes
2008_3,2008,2024-04-09,12,48,No
2009_0,2009,2024-12-16,8,10,No
2009_1,2009,2024-12-17,10,10,No
2009_2,2009,2024-12-18,9,99,No
2009_3,2009,2024-12-19,1,120,Yes
2010_0,2010,2024-07-17,5,61,Yes
2010_1,2010,2024-07-18,1,56,No
2010_2,2010,2024-07-19,15,58,No
2011_0,2011,2024-06-22,5,12,No
2011_1,2011,2024-06-23,2,84,No
2012_0,2012,2024-02-05,11,7,No
2012_1,2012,2024-02-06,15,112,No
2013_0,2013,2024-09-09,2,23,No
2013_1,2013,2024-09-10,12,4,No
2013_2,2013,2024-09-11,4,22,Yes
2014_0,2014,2024-08-12,12,97,No
2014_1,2014,2024-08-13,2,23,No
2014_2,2014,2024-08-14,15,109,No
2015_0,2015,2024-09-30,1,61,No
2015_1,2015,2024-10-01,8,112,No
2015_2,2015,2024-10-02,13,16,No
2015_3,2015,2024-10-03,7,41,Yes
2015_4,2015,2024-10-04,3,86,No
2016_0,2016,2024-05-05,15,62,No
2016_1,2016,2024-05-06,6,74,No
2017_0,2017,2024-11-06,2,8,No
2017_1,2017,2024-11-07,8,53,No
2017_2,2017,2024-11-08,6,11,No
2017_3,2017,2024-11-09,3,57,No
2017_4,2017,2024-11-10,14,74,Yes
2018_0,2018,2024-02-29,9,85,Yes
2019_0,2019,2024-03-05,6,89,Yes
2019_1,2019,2024-03-06,3,47,No
2019_2,2019,2024-03-07,1,53,Yes
2019_3,2019,2024-03-08,15,67,Yes
2019_4,2019,2024-03-09,3,8,Yes
2020_0,2020,2024-10-14,11,93,Yes
2021_0,2021,2024-07-25,8,104,No
2021_1,2021,2024-07-26,3,3,No
2022_0,2022,2024-05-17,11,98,No
2022_1,2022,2024-05-18,1,9,Yes
2023_0,2023,2024-09-17,15,61,No
2023_1,2023,2024-09-18,14,21,No
2023_2,2023,2024-09-19,8,67,No
2024_0,2024,2024-02-17,2,35,No
2024_1,2024,2024-02-18,11,9,No
2024_2,2024,2024-02-19,5,57,No
2024_3,2024,2024-02-20,12,97,No
2024_4,2024,2024-02-21,11,61,No
2025_0,2025,2024-06-24,8,87,No
2026_0,2026,2024-10-14,7,38,Yes
2026_1,2026,2024-10-15,12,95,No
2026_2,2026,2024-10-16,13,66,No
2027_0,2027,2024-10-16,8,36,Yes
2027_1,2027,2024-10-17,15,79,No
2027_2,2027,2024-10-18,3,87,No
2027_3,2027,2024-10-19,10,19,No
2028_0,2028,2024-04-27,2,28,No
2028_1,2028,2024-04-28,15,14,No
2029_0,2029,2024-10-22,15,58,No
2029_1,2029,2024-10-23,14,97,Yes
2029_2,2029,2024-10-24,11,107,No
2030_0,2030,2024-11-08,13,90,No
2031_0,2031,2024-07-04,3,120,No
2031_1,2031,2024-07-05,7,47,No
2031_2,2031,2024-07-06,2,28,Yes
2032_0,2032,2024-05-21,4,79,Yes
2032_1,2032,2024-05-22,5,10,Yes
2032_2,2032,2024-05-23,4,4,Yes
2032_3,2032,2024-05-24,4,81,Yes
2032_4,2032,2024-05-25,7,98,No
2033_0,2033,2024-02-11,11,110,No
2033_1,2033,2024-02-12,13,17,No
2033_2,2033,2024-02-13,4,87,No
2033_3,2033,2024-02-14,9,57,No
2033_4,2033,2024-02-15,3,39,No
2034_0,2034,2024-01-03,12,10,Yes
2034_1,2034,2024-01-04,7,53,No
2034_2,2034,2024-01-05,14,23,No
2035_0,2035,2024-02-15,14,78,No
2035_1,2035,2024-02-16,10,29,No
2035_2,2035,2024-02-17,4,33,No
2036_0,2036,2024-09-10,4,78,Yes
2036_1,2036,2024-09-11,12,71,Yes
2036_2,2036,2024-09-12,15,36,Yes
2036_3,2036,2024-09-13,1,111,No
2037_0,2037,2024-12-16,12,20,No
2037_1,2037,2024-12-17,10,89,No
2038_0,2038,2024-03-12,12,109,No
2038_1,2038,2024-03-13,2,64,No
2039_0,2039,2024-03-21,14,62,Yes
2039_1,2039,2024-03-22,4,91,No
2040_0,2040,2024-08-13,7,69,No
2040_1,2040,2024-08-14,9,103,No
2040_2,2040,2024-08-15,3,97,No
2041_0,2041,2024-07-25,10,90,No
2042_0,2042,2024-07-07,15,100,No
2043_0,2043,2024-06-09,8,50,Yes
2044_0,2044,2024-06-26,10,6,Yes
2044_1,2044,2024-06-27,11,85,No
2044_2,2044,2024-06-28,7,92,No
2044_3,2044,2024-06-29,13,86,No
2045_0,2045,2024-09-26,1,95,Yes
2045_1,2045,2024-09-27,3,103,No
2046_0,2046,2024-09-04,4,66,No
2046_1,2046,2024-09-05,10,109,No
2046_2,2046,2024-09-06,13,33,No
2046_3,2046,2024-09-07,2,42,No
2046_4,2046,2024-09-08,10,49,Yes
2047_0,2047,2024-12-21,9,32,No
2048_0,2048,2024-06-25,2,102,No
2048_1,2048,2024-06-26,3,74,Yes
2048_2,2048,2024-06-27,12,98,No
2048_3,2048,2024-06-28,2,113,No
2048_4,2048,2024-06-29,8,5,No
2049_0,2049,2024-11-02,8,117,No
2049_1,2049,2024-11-03,1,48,Yes
2049_2,2049,2024-11-04,3,113,No
2049_3,2049,2024-11-05,8,28,Yes
2050_0,2050,2024-02-10,1,89,No
2050_1,2050,2024-02-11,8,14,Yes
2050_2,2050,2024-02-12,7,109,No
2051_0,2051,2024-05-01,7,18,Yes
2052_0,2052,2024-04-27,7,70,Yes
2053_0,2053,2024-02-27,4,22,No
2053_1,2053,2024-02-28,3,7,No
2054_0,2054,2024-03-26,2,83,Yes
2055_0,2055,2024-01-01,3,46,No
2055_1,2055,2024-01-02,15,14,No
2055_2,2055,2024-01-03,2,45,No
2056_0,2056,2024-05-01,11,105,Yes
2056_1,2056,2024-05-02,12,120,No
2056_2,2056,2024-05-03,10,26,Yes
2057_0,2057,2024-12-18,9,35,No
2057_1,2057,2024-12-19,7,106,Yes
2057_2,2057,2024-12-20,9,90,No
2057_3,2057,2024-12-21,2,10,No
2058_0,2058,2024-05-21,9,72,No
2058_1,2058,2024-05-22,15,25,No
2058_2,2058,2024-05-23,13,22,Yes
2058_3,2058,2024-05-24,2,78,No
2059_0,2059,2024-06-10,8,120,No
2060_0,2060,2024-01-18,6,107,No
2060_1,2060,2024-01-19,14,70,No
2060_2,2060,2024-01-20,5,43,Yes
2060_3,2060,2024-01-21,8,1,No
2060_4,2060,2024-01-22,4,14,No
2061_0,2061,2024-04-20,3,87,No
2061_1,2061,2024-04-21,7,23,No
2062_0,2062,2024-09-10,15,110,Yes
2062_1,2062,2024-09-11,5,14,No
2062_2,2062,2024-09-12,14,54,No
2062_3,2062,2024-09-13,1,102,Yes
2062_4,2062,2024-09-14,1,28,No
2063_0,2063,2024-08-13,4,112,Yes
2063_1,2063,2024-08-14,1,42,Yes
2064_0,2064,2024-01-26,12,32,No
2064_1,2064,2024-01-27,4,59,No
2064_2,2064,2024-01-28,7,102,No
2064_3,2064,2024-01-29,12,21,No
2064_4,2064,2024-01-30,11,57,Yes
2065_0,2065,2024-11-14,2,31,Yes
2065_1,2065,2024-11-15,13,115,No
2065_2,2065,2024-11-16,13,59,Yes
2066_0,2066,2024-07-10,15,22,No
2066_1,2066,2024-07-11,5,105,No
2066_2,2066,2024-07-12,11,31,No
2066_3,2066,2024-07-13,2,108,Yes
2067_0,2067,2024-01-20,12,112,No
2067_1,2067,2024-01-21,14,93,No
2068_0,2068,2024-03-07,6,99,No
2068_1,2068,2024-03-08,11,74,No
2068_2,2068,2024-03-09,7,37,No
2069_0,2069,2024-02-25,11,39,Yes
2069_1,2069,2024-02-26,14,18,No
2070_0,2070,2024-09-30,1,22,No
2071_0,2071,2024-04-02,8,5,No
2072_0,2072,2024-02-20,2,10,No
2072_1,2072,2024-02-21,14,95,No
2073_0,2073,2024-04-16,5,78,No
2073_1,2073,2024-04-17,4,35,Yes
2074_0,2074,2024-03-09,1,107,Yes
2074_1,2074,2024-03-10,12,2,No
2074_2,2074,2024-03-11,10,96,Yes
2075_0,2075,2024-01-29,5,80,Yes
2075_1,2075,2024-01-30,14,111,No
2076_0,2076,2024-11-12,6,85,Yes
2076_1,2076,2024-11-13,6,88,No
2076_2,2076,2024-11-14,15,75,Yes
2076_3,2076,2024-11-15,12,109,No
2076_4,2076,2024-11-16,10,110,No
2077_0,2077,2024-08-05,14,82,No
2077_1,2077,2024-08-06,7,15,No
2077_2,2077,2024-08-07,9,96,No
2077_3,2077,2024-08-08,10,93,No
2078_0,2078,2024-08-24,12,109,No
2079_0,2079,2024-08-30,5,19,Yes
2079_1,2079,2024-08-31,3,4,No
2079_2,2079,2024-09-01,5,48,Yes
2080_0,2080,2024-03-09,7,108,No
2080_1,2080,2024-03-10,13,66,No
2080_2,2080,2024-03-11,1,87,No
2080_3,2080,2024-03-12,10,29,Yes
2081_0,2081,2024-05-06,1,112,Yes
2081_1,2081,2024-05-07,15,108,No
2081_2,2081,2024-05-08,3,13,No
2081_3,2081,2024-05-09,11,13,No
2081_4,2081,2024-05-10,8,44,No
2082_0,2082,2024-06-12,1,112,Yes
2082_1,2082,2024-06-13,7,6,No
2082_2,2082,2024-06-14,7,24,No
2083_0,2083,2024-03-17,13,16,No
2084_0,2084,2024-02-28,7,12,No
2084_1,2084,2024-02-29,6,76,No
2085_0,2085,2024-03-03,13,107,No
2085_1,2085,2024-03-04,3,116,No
2086_0,2086,2024-09-29,9,68,No
2086_1,2086,2024-09-30,2,92,No
2086_2,2086,2024-10-01,15,79,Yes
2086_3,2086,2024-10-02,3,1,Yes
2086_4,2086,2024-10-03,2,89,Yes
2087_0,2087,2024-05-09,4,90,Yes
2087_1,2087,2024-05-10,15,23,No
2088_0,2088,2024-03-15,3,34,No
2088_1,2088,2024-03-16,3,79,Yes
2088_2,2088,2024-03-17,15,26,Yes
2088_3,2088,2024-03-18,7,42,No
2088_4,2088,2024-03-19,7,9,Yes
2089_0,2089,2024-12-13,14,90,No
2089_1,2089,2024-12-14,2,67,Yes
2090_0,2090,2024-03-18,2,23,No
2091_0,2091,2024-08-29,6,33,No
2091_1,2091,2024-08-30,12,20,Yes
2091_2,2091,2024-08-31,8,28,Yes
2091_3,2091,2024-09-01,7,19,Yes
2091_4,2091,2024-09-02,5,103,No
2092_0,2092,2024-07-21,2,109,No
2092_1,2092,2024-07-22,14,29,Yes
2092_2,2092,2024-07-23,7,41,No
2092_3,2092,2024-07-24,6,71,No
2093_0,2093,2024-01-21,8,14,No
2093_1,2093,2024-01-22,6,82,Yes
2093_2,2093,2024-01-23,9,77,No
2093_3,2093,2024-01-24,3,110,Yes
2093_4,2093,2024-01-25,1,13,Yes
2094_0,2094,2024-07-30,9,85,Yes
2094_1,2094,2024-07-31,3,38,No
2094_2,2094,2024-08-01,2,39,No
2094_3,2094,2024-08-02,11,76,Yes
2094_4,2094,2024-08-03,13,86,Yes
2095_0,2095,2024-07-06,6,53,No
2095_1,2095,2024-07-07,3,69,No
2096_0,2096,2024-06-07,11,61,No
2096_1,2096,2024-06-08,9,32,No
2096_2,2096,2024-06-09,3,51,Yes
2097_0,2097,2024-08-16,2,77,Yes
2097_1,2097,2024-08-17,1,88,No
2097_2,2097,2024-08-18,8,11,Yes
2098_0,2098,2024-05-19,12,42,No
2098_1,2098,2024-05-20,7,105,Yes
2098_2,2098,2024-05-21,2,43,No
2099_0,2099,2024-12-09,4,108,Yes
2099_1,2099,2024-12-10,7,103,Yes
2099_2,2099,2024-12-11,10,24,Yes
2099_3,2099,2024-12-12,2,14,No
2099_4,2099,2024-12-13,13,97,No
2100_0,2100,2024-07-11,15,20,Yes
2100_1,2100,2024-07-12,14,17,No
2100_2,2100,2024-07-13,10,30,No
2101_0,2101,2024-07-26,6,55,No
2101_1,2101,2024-07-27,3,104,No
2101_2,2101,2024-07-28,3,7,No
2101_3,2101,2024-07-29,7,6,No
2102_0,2102,2024-10-01,14,75,No
2102_1,2102,2024-10-02,13,9,No
2103_0,2103,2024-04-11,13,73,No
2103_1,2103,2024-04-12,15,87,No
2103_2,2103,2024-04-13,1,57,No
2103_3,2103,2024-04-14,12,88,No
2104_0,2104,2024-05-01,8,91,No
2104_1,2104,2024-05-02,7,109,No
2104_2,2104,2024-05-03,14,110,Yes
2104_3,2104,2024-05-04,9,87,No
2105_0,2105,2024-06-05,12,7,No
2105_1,2105,2024-06-06,9,67,Yes
2105_2,2105,2024-06-07,13,103,No
2105_3,2105,2024-06-08,9,68,Yes
2105_4,2105,2024-06-09,10,73,Yes
2106_0,2106,2024-09-26,12,42,Yes
2106_1,2106,2024-09-27,5,70,No
2106_2,2106,2024-09-28,3,55,Yes
2106_3,2106,2024-09-29,6,87,Yes
2106_4,2106,2024-09-30,8,8,No
2107_0,2107,2024-02-23,12,46,No
2107_1,2107,2024-02-24,5,78,Yes
2107_2,2107,2024-02-25,14,102,No
2107_3,2107,2024-02-26,3,28,Yes
2108_0,2108,2024-12-22,5,14,No
2108_1,2108,2024-12-23,4,84,No
2108_2,2108,2024-12-24,2,22,No
2109_0,2109,2024-11-06,5,102,No
2109_1,2109,2024-11-07,15,109,Yes
2109_2,2109,2024-11-08,9,109,Yes
2109_3,2109,2024-11-09,1,88,Yes
2109_4,2109,2024-11-10,8,36,Yes
2110_0,2110,2024-11-10,14,60,No
2110_1,2110,2024-11-11,5,76,No
2110_2,2110,2024-11-12,2,56,Yes
2111_0,2111,2024-06-18,11,47,Yes
2111_1,2111,2024-06-19,10,3,No
2111_2,2111,2024-06-20,12,66,Yes
2111_3,2111,2024-06-21,1,72,No
2111_4,2111,2024-06-22,5,64,No
2112_0,2112,2024-09-10,7,94,Yes
2112_1,2112,2024-09-11,14,63,Yes
2112_2,2112,2024-09-12,14,64,No
2112_3,2112,2024-09-13,6,80,No
2113_0,2113,2024-06-29,7,40,No
2113_1,2113,2024-06-30,2,13,No
2113_2,2113,2024-07-01,9,116,No
2113_3,2113,2024-07-02,2,101,Yes
2113_4,2113,2024-07-03,5,61,Yes
2114_0,2114,2024-11-23,3,50,Yes
2114_1,2114,2024-11-24,2,76,No
2114_2,2114,2024-11-25,13,28,No
2115_0,2115,2024-01-01,7,106,Yes
2115_1,2115,2024-01-02,11,65,No
2115_2,2115,2024-01-03,4,32,No
2115_3,2115,2024-01-04,13,79,No
2115_4,2115,2024-01-05,9,43,No
2116_0,2116,2024-03-08,12,91,Yes
2116_1,2116,2024-03-09,3,36,No
2116_2,2116,2024-03-10,4,80,Yes
2116_3,2116,2024-03-11,15,104,No
2116_4,2116,2024-03-12,7,104,No
2117_0,2117,2024-09-11,7,82,No
2117_1,2117,2024-09-12,7,74,No
2117_2,2117,2024-09-13,6,23,No
2117_3,2117,2024-09-14,14,46,No
2117_4,2117,2024-09-15,9,101,Yes
2118_0,2118,2024-08-13,8,27,No
2118_1,2118,2024-08-14,13,92,No
2118_2,2118,2024-08-15,5,3,No
2118_3,2118,2024-08-16,5,45,No
2118_4,2118,2024-08-17,12,95,Yes
2119_0,2119,2024-01-13,2,101,No
2119_1,2119,2024-01-14,12,112,No
2119_2,2119,2024-01-15,8,104,No
2119_3,2119,2024-01-16,11,110,No
2120_0,2120,2024-09-20,14,86,No
2120_1,2120,2024-09-21,4,61,No
2121_0,2121,2024-11-27,11,72,Yes
2121_1,2121,2024-11-28,7,25,No
2122_0,2122,2024-06-17,1,37,Yes
2123_0,2123,2024-02-06,11,24,No
2124_0,2124,2024-01-05,4,55,No
2125_0,2125,2024-12-22,11,48,No
2125_1,2125,2024-12-23,14,83,Yes
2125_2,2125,2024-12-24,13,112,No
2126_0,2126,2024-07-10,6,60,Yes
2126_1,2126,2024-07-11,5,47,No
2126_2,2126,2024-07-12,9,86,No
2126_3,2126,2024-07-13,14,72,No
2127_0,2127,2024-01-09,15,49,No
2128_0,2128,2024-06-08,10,36,Yes
2128_1,2128,2024-06-09,9,10,Yes
2128_2,2128,2024-06-10,1,44,No
2128_3,2128,2024-06-11,2,61,No
2129_0,2129,2024-10-08,4,34,No
2130_0,2130,2024-10-07,2,14,Yes
2130_1,2130,2024-10-08,15,67,Yes
2130_2,2130,2024-10-09,12,120,No
2131_0,2131,2024-01-04,1,65,No
2131_1,2131,2024-01-05,13,72,Yes
2131_2,2131,2024-01-06,12,15,Yes
2131_3,2131,2024-01-07,7,15,No
2132_0,2132,2024-06-10,3,32,No
2132_1,2132,2024-06-11,9,94,Yes
2132_2,2132,2024-06-12,4,48,No
2132_3,2132,2024-06-13,7,71,Yes
2132_4,2132,2024-06-14,13,78,No
2133_0,2133,2024-07-04,15,80,No
2134_0,2134,2024-08-21,13,114,Yes
2134_1,2134,2024-08-22,5,53,No
2134_2,2134,2024-08-23,7,49,No
2134_3,2134,2024-08-24,15,87,Yes
2134_4,2134,2024-08-25,5,98,No
2135_0,2135,2024-10-10,1,104,No
2135_1,2135,2024-10-11,9,79,No
2135_2,2135,2024-10-12,2,113,Yes
2135_3,2135,2024-10-13,13,106,No
2136_0,2136,2024-12-11,7,57,No
2137_0,2137,2024-09-27,3,102,No
2138_0,2138,2024-11-20,15,19,Yes
2138_1,2138,2024-11-21,9,32,No
2138_2,2138,2024-11-22,3,109,No
2139_0,2139,2024-12-02,7,39,No
2139_1,2139,2024-12-03,2,39,No
2139_2,2139,2024-12-04,14,33,No
2139_3,2139,2024-12-05,4,60,No
2140_0,2140,2024-01-28,8,58,No
2140_1,2140,2024-01-29,10,91,No
2140_2,2140,2024-01-30,13,80,No
2141_0,2141,2024-11-09,1,102,No
2141_1,2141,2024-11-10,15,11,Yes
2142_0,2142,2024-02-25,4,29,No
2142_1,2142,2024-02-26,15,120,No
2142_2,2142,2024-02-27,2,35,Yes
2143_0,2143,2024-05-11,9,101,Yes
2144_0,2144,2024-03-20,7,110,No
2144_1,2144,2024-03-21,9,79,No
2145_0,2145,2024-05-10,4,22,No
2145_1,2145,2024-05-11,12,11,No
2145_2,2145,2024-05-12,3,92,No
2145_3,2145,2024-05-13,14,9,No
2145_4,2145,2024-05-14,15,30,No
2146_0,2146,2024-03-12,10,15,No
2146_1,2146,2024-03-13,15,111,No
2146_2,2146,2024-03-14,10,66,No
2146_3,2146,2024-03-15,3,108,Yes
2147_0,2147,2024-06-09,14,54,Yes
2147_1,2147,2024-06-10,13,106,Yes
2147_2,2147,2024-06-11,1,120,Yes
2147_3,2147,2024-06-12,8,85,Yes
2148_0,2148,2024-07-29,8,26,Yes
2148_1,2148,2024-07-30,13,13,No
2148_2,2148,2024-07-31,3,39,Yes
2148_3,2148,2024-08-01,8,99,Yes
2149_0,2149,2024-10-03,9,108,No
2149_1,2149,2024-10-04,7,63,Yes
2149_2,2149,2024-10-05,7,19,No
2149_3,2149,2024-10-06,2,96,No
2149_4,2149,2024-10-07,14,11,No
2150_0,2150,2024-10-26,11,70,No
2151_0,2151,2024-05-15,6,29,No
2151_1,2151,2024-05-16,7,23,No
2151_2,2151,2024-05-17,1,8,No
2151_3,2151,2024-05-18,15,72,No
2151_4,2151,2024-05-19,11,85,No
2152_0,2152,2024-12-29,1,87,No
2152_1,2152,2024-12-30,15,33,No
2152_2,2152,2024-12-31,1,68,Yes
2152_3,2152,2025-01-01,5,94,No
2152_4,2152,2025-01-02,13,108,No
2153_0,2153,2024-04-02,13,84,Yes
2154_0,2154,2024-04-11,15,36,No
2154_1,2154,2024-04-12,7,2,No
2154_2,2154,2024-04-13,13,103,No
2155_0,2155,2024-03-14,12,98,No
2155_1,2155,2024-03-15,5,82,No
2156_0,2156,2024-02-23,4,85,No
2156_1,2156,2024-02-24,13,28,No
2157_0,2157,2024-02-08,5,63,No
2157_1,2157,2024-02-09,3,88,Yes
2158_0,2158,2024-08-26,3,4,No
2159_0,2159,2024-01-22,12,64,No
2159_1,2159,2024-01-23,12,85,No
2159_2,2159,2024-01-24,6,97,Yes
2159_3,2159,2024-01-25,4,21,No
2160_0,2160,2024-08-22,10,37,No
2160_1,2160,2024-08-23,2,74,No
2160_2,2160,2024-08-24,6,101,No
2161_0,2161,2024-08-22,7,105,No
2162_0,2162,2024-02-20,6,18,No
2162_1,2162,2024-02-21,9,58,No
2162_2,2162,2024-02-22,11,76,Yes
2162_3,2162,2024-02-23,12,47,Yes
2162_4,2162,2024-02-24,14,105,No
2163_0,2163,2024-07-03,10,37,No
2163_1,2163,2024-07-04,5,21,No
2164_0,2164,2024-11-12,5,63,No
2165_0,2165,2024-11-27,11,9,Yes
2166_0,2166,2024-09-25,4,14,Yes
2166_1,2166,2024-09-26,5,102,No
2166_2,2166,2024-09-27,15,16,No
2166_3,2166,2024-09-28,4,117,Yes
2166_4,2166,2024-09-29,2,38,Yes
2167_0,2167,2024-04-19,1,28,No
2167_1,2167,2024-04-20,1,85,No
2167_2,2167,2024-04-21,6,10,No
2167_3,2167,2024-04-22,10,4,No
2167_4,2167,2024-04-23,6,63,Yes
2168_0,2168,2024-12-18,14,76,No
2168_1,2168,2024-12-19,1,97,No
2168_2,2168,2024-12-20,2,88,Yes
2168_3,2168,2024-12-21,9,30,No
2169_0,2169,2024-01-22,2,13,No
2169_1,2169,2024-01-23,5,8,Yes
2169_2,2169,2024-01-24,2,22,Yes
2170_0,2170,2024-01-10,15,13,No
2171_0,2171,2024-05-17,3,115,No
2172_0,2172,2024-10-01,13,52,Yes
2172_1,2172,2024-10-02,12,101,No
2173_0,2173,2024-01-29,9,111,No
2173_1,2173,2024-01-30,1,7,No
2173_2,2173,2024-01-31,2,99,No
2173_3,2173,2024-02-01,8,113,No
2174_0,2174,2024-02-23,12,75,No
2175_0,2175,2024-09-15,15,44,Yes
2175_1,2175,2024-09-16,3,58,No
2175_2,2175,2024-09-17,2,70,Yes
2175_3,2175,2024-09-18,12,32,No
2176_0,2176,2024-10-19,7,45,Yes
2176_1,2176,2024-10-20,7,49,No
2176_2,2176,2024-10-21,5,104,No
2176_3,2176,2024-10-22,15,44,Yes
2177_0,2177,2024-08-08,8,10,No
2178_0,2178,2024-08-16,3,11,Yes
2178_1,2178,2024-08-17,11,16,No
2178_2,2178,2024-08-18,5,9,No
2179_0,2179,2024-06-14,7,23,No
2179_1,2179,2024-06-15,7,15,No
2179_2,2179,2024-06-16,4,43,No
2179_3,2179,2024-06-17,4,118,No
2179_4,2179,2024-06-18,15,106,No
2180_0,2180,2024-10-08,13,97,Yes
2180_1,2180,2024-10-09,10,68,No
2180_2,2180,2024-10-10,2,80,No
2180_3,2180,2024-10-11,10,35,No
2180_4,2180,2024-10-12,3,101,No
2181_0,2181,2024-07-25,3,50,No
2181_1,2181,2024-07-26,13,8,Yes
2181_2,2181,2024-07-27,8,1,Yes
2182_0,2182,2024-03-20,5,21,No
2182_1,2182,2024-03-21,6,84,No
2182_2,2182,2024-03-22,6,59,No
2183_0,2183,2024-11-28,2,21,No
2183_1,2183,2024-11-29,7,22,Yes
2183_2,2183,2024-11-30,4,46,No
2183_3,2183,2024-12-01,9,11,No
2183_4,2183,2024-12-02,3,103,No
2184_0,2184,2024-02-06,7,50,Yes
2184_1,2184,2024-02-07,12,66,No
2184_2,2184,2024-02-08,1,57,Yes
2184_3,2184,2024-02-09,12,30,No
2184_4,2184,2024-02-10,3,70,No
2185_0,2185,2024-07-28,1,52,No
2185_1,2185,2024-07-29,12,117,No
2185_2,2185,2024-07-30,12,90,Yes
2185_3,2185,2024-07-31,6,22,Yes
2185_4,2185,2024-08-01,12,103,No
2186_0,2186,2024-07-06,12,99,Yes
2186_1,2186,2024-07-07,1,70,No
2187_0,2187,2024-03-25,11,42,No
2188_0,2188,2024-05-10,13,18,No
2188_1,2188,2024-05-11,10,53,Yes
2189_0,2189,2024-07-30,11,109,Yes
2189_1,2189,2024-07-31,6,30,Yes
2189_2,2189,2024-08-01,9,41,No
2190_0,2190,2024-10-21,10,21,No
2190_1,2190,2024-10-22,14,67,No
2191_0,2191,2024-08-11,6,96,No
2191_1,2191,2024-08-12,12,59,No
2192_0,2192,2024-02-26,8,115,No
2192_1,2192,2024-02-27,15,72,No
2193_0,2193,2024-01-24,11,102,No
2193_1,2193,2024-01-25,13,80,No
2193_2,2193,2024-01-26,9,35,No
2193_3,2193,2024-01-27,1,73,No
2194_0,2194,2024-10-14,13,35,Yes
2194_1,2194,2024-10-15,10,11,No
2195_0,2195,2024-06-05,12,93,No
2195_1,2195,2024-06-06,7,10,Yes
2195_2,2195,2024-06-07,4,80,No
2195_3,2195,2024-06-08,3,63,Yes
2196_0,2196,2024-06-07,8,22,No
2196_1,2196,2024-06-08,6,86,Yes
2196_2,2196,2024-06-09,13,73,No
2197_0,2197,2024-05-25,6,24,No
2197_1,2197,2024-05-26,5,3,No
2197_2,2197,2024-05-27,9,76,No
2198_0,2198,2024-02-09,13,43,No
2198_1,2198,2024-02-10,10,95,Yes
2198_2,2198,2024-02-11,11,41,Yes
2199_0,2199,2024-09-01,14,95,Yes
2199_1,2199,2024-09-02,6,75,No
2199_2,2199,2024-09-03,12,16,No
2199_3,2199,2024-09-04,12,48,No
2200_0,2200,2024-10-31,7,81,No
2201_0,2201,2024-04-04,14,86,No
2202_0,2202,2024-09-19,14,66,Yes
2202_1,2202,2024-09-20,9,17,Yes
2202_2,2202,2024-09-21,6,97,No
2202_3,2202,2024-09-22,1,33,No
2202_4,2202,2024-09-23,12,113,No
2203_0,2203,2024-11-20,9,1,No
2204_0,2204,2024-11-23,9,120,Yes
2204_1,2204,2024-11-24,13,112,Yes
2204_2,2204,2024-11-25,1,46,No
2204_3,2204,2024-11-26,7,95,No
2204_4,2204,2024-11-27,11,107,No
2205_0,2205,2024-01-13,2,16,No
2205_1,2205,2024-01-14,10,94,Yes
2205_2,2205,2024-01-15,9,8,No
2205_3,2205,2024-01-16,7,1,Yes
2205_4,2205,2024-01-17,12,65,No
2206_0,2206,2024-11-02,5,35,No
2206_1,2206,2024-11-03,15,51,No
2206_2,2206,2024-11-04,2,19,No
2206_3,2206,2024-11-05,3,39,Yes
2206_4,2206,2024-11-06,4,99,No
2207_0,2207,2024-11-08,4,21,No
2207_1,2207,2024-11-09,6,95,No
2208_0,2208,2024-05-13,14,76,Yes
2208_1,2208,2024-05-14,11,111,No
2208_2,2208,2024-05-15,15,13,No
2209_0,2209,2024-05-18,3,1,No
2209_1,2209,2024-05-19,10,64,Yes
2209_2,2209,2024-05-20,8,108,No
2209_3,2209,2024-05-21,7,7,No
2209_4,2209,2024-05-22,14,13,Yes
2210_0,2210,2024-06-24,14,78,No
2210_1,2210,2024-06-25,12,24,No
2210_2,2210,2024-06-26,6,82,No
2211_0,2211,2024-05-09,6,5,No
2211_1,2211,2024-05-10,7,13,No
2211_2,2211,2024-05-11,2,7,No
2211_3,2211,2024-05-12,12,96,Yes
2212_0,2212,2024-09-29,13,66,No
2213_0,2213,2024-07-30,12,74,Yes
2213_1,2213,2024-07-31,2,34,No
2213_2,2213,2024-08-01,14,81,No
2213_3,2213,2024-08-02,15,18,No
2213_4,2213,2024-08-03,12,82,Yes
2214_0,2214,2024-12-11,9,91,No
2214_1,2214,2024-12-12,1,108,No
2214_2,2214,2024-12-13,14,31,No
2214_3,2214,2024-12-14,12,19,No
2215_0,2215,2024-05-22,2,113,No
2215_1,2215,2024-05-23,6,61,Yes
2215_2,2215,2024-05-24,15,24,No
2215_3,2215,2024-05-25,4,95,No
2215_4,2215,2024-05-26,3,11,No
2216_0,2216,2024-08-02,4,115,No
2216_1,2216,2024-08-03,14,114,Yes
2216_2,2216,2024-08-04,9,93,No
2216_3,2216,2024-08-05,12,115,No
2217_0,2217,2024-09-25,15,53,No
2217_1,2217,2024-09-26,14,113,No
2217_2,2217,2024-09-27,5,104,No
2217_3,2217,2024-09-28,1,9,No
2217_4,2217,2024-09-29,1,104,No
2218_0,2218,2024-09-04,4,47,No
2218_1,2218,2024-09-05,12,42,Yes
2219_0,2219,2024-04-09,2,71,Yes
2219_1,2219,2024-04-10,3,86,Yes
2219_2,2219,2024-04-11,13,96,No
2219_3,2219,2024-04-12,13,109,No
2219_4,2219,2024-04-13,2,51,No
2220_0,2220,2024-04-13,7,107,Yes
2220_1,2220,2024-04-14,2,88,No
2221_0,2221,2024-09-30,12,77,No
2221_1,2221,2024-10-01,1,67,No
2222_0,2222,2024-10-03,7,117,No
2222_1,2222,2024-10-04,7,67,No
2222_2,2222,2024-10-05,5,14,No
2222_3,2222,2024-10-06,14,90,No
2222_4,2222,2024-10-07,11,34,No
2223_0,2223,2024-01-20,12,14,No
2223_1,2223,2024-01-21,13,38,No
2223_2,2223,2024-01-22,10,94,Yes
2223_3,2223,2024-01-23,8,15,No
2223_4,2223,2024-01-24,13,74,No
2224_0,2224,2024-07-29,6,70,No
2224_1,2224,2024-07-30,6,119,No
2224_2,2224,2024-07-31,9,81,No
2225_0,2225,2024-04-24,3,120,No
2226_0,2226,2024-07-22,8,105,Yes
2226_1,2226,2024-07-23,13,6,Yes
2226_2,2226,2024-07-24,2,10,Yes
2227_0,2227,2024-05-22,15,93,No
2228_0,2228,2024-03-14,11,79,No
2228_1,2228,2024-03-15,12,20,No
2229_0,2229,2024-03-02,8,53,Yes
2229_1,2229,2024-03-03,12,105,No
2229_2,2229,2024-03-04,10,7,Yes
2229_3,2229,2024-03-05,10,31,No
2229_4,2229,2024-03-06,3,71,No
2230_0,2230,2024-12-03,2,10,No
2230_1,2230,2024-12-04,3,67,No
2230_2,2230,2024-12-05,3,65,No
2230_3,2230,2024-12-06,7,36,Yes
2230_4,2230,2024-12-07,6,27,No
2231_0,2231,2024-02-03,8,2,Yes
2231_1,2231,2024-02-04,10,12,Yes
2231_2,2231,2024-02-05,10,53,No
2231_3,2231,2024-02-06,1,69,Yes
2232_0,2232,2024-03-22,11,99,Yes
2233_0,2233,2024-05-23,9,78,Yes
2233_1,2233,2024-05-24,6,46,No
2234_0,2234,2024-01-09,15,65,No
2234_1,2234,2024-01-10,5,92,No
2234_2,2234,2024-01-11,11,34,No
2234_3,2234,2024-01-12,4,115,No
2235_0,2235,2024-08-23,4,72,No
2235_1,2235,2024-08-24,11,24,No
2235_2,2235,2024-08-25,1,47,Yes
2236_0,2236,2024-08-14,1,93,No
2236_1,2236,2024-08-15,11,59,Yes
2236_2,2236,2024-08-16,9,37,No
2237_0,2237,2024-10-27,10,103,No
2237_1,2237,2024-10-28,3,47,No
2237_2,2237,2024-10-29,14,103,Yes
2237_3,2237,2024-10-30,1,17,No
2237_4,2237,2024-10-31,8,30,No
2238_0,2238,2024-06-01,6,68,No
2238_1,2238,2024-06-02,3,6,Yes
2238_2,2238,2024-06-03,7,100,No
2239_0,2239,2024-01-24,4,59,Yes
2239_1,2239,2024-01-25,5,91,No
2240_0,2240,2024-01-22,5,59,No
2240_1,2240,2024-01-23,11,82,Yes
2240_2,2240,2024-01-24,5,64,Yes
2240_3,2240,2024-01-25,2,25,No
2240_4,2240,2024-01-26,11,82,Yes
2241_0,2241,2024-10-06,13,21,No
2241_1,2241,2024-10-07,12,29,Yes
2241_2,2241,2024-10-08,4,1,Yes
2241_3,2241,2024-10-09,8,61,Yes
2242_0,2242,2024-07-05,10,107,No
2242_1,2242,2024-07-06,12,42,Yes
2243_0,2243,2024-07-09,15,33,No
2243_1,2243,2024-07-10,15,60,Yes
2243_2,2243,2024-07-11,6,37,No
2243_3,2243,2024-07-12,8,27,Yes
2244_0,2244,2024-07-25,1,3,Yes
2244_1,2244,2024-07-26,14,8,No
2245_0,2245,2024-06-11,4,51,Yes
2245_1,2245,2024-06-12,5,28,No
2245_2,2245,2024-06-13,10,67,No
2245_3,2245,2024-06-14,2,63,No
2246_0,2246,2024-04-11,10,116,Yes
2246_1,2246,2024-04-12,1,91,No
2246_2,2246,2024-04-13,8,24,No
2246_3,2246,2024-04-14,3,93,No
2247_0,2247,2024-05-27,12,78,No
2248_0,2248,2024-07-27,7,27,Yes
2248_1,2248,2024-07-28,5,75,No
2248_2,2248,2024-07-29,7,3,Yes
2249_0,2249,2024-12-05,1,49,Yes
2249_1,2249,2024-12-06,2,28,Yes
2249_2,2249,2024-12-07,7,98,No
2249_3,2249,2024-12-08,1,11,Yes
2250_0,2250,2024-08-22,2,93,Yes
2250_1,2250,2024-08-23,15,98,No
2250_2,2250,2024-08-24,2,11,No
2250_3,2250,2024-08-25,10,36,No
2250_4,2250,2024-08-26,11,51,Yes
2251_0,2251,2024-05-27,15,29,No
2251_1,2251,2024-05-28,15,99,No
2252_0,2252,2024-10-31,10,4,No
2252_1,2252,2024-11-01,7,7,No
2253_0,2253,2024-06-22,3,106,Yes
2253_1,2253,2024-06-23,7,17,No
2253_2,2253,2024-06-24,5,25,Yes
2254_0,2254,2024-01-25,2,56,No
2254_1,2254,2024-01-26,13,93,No
2254_2,2254,2024-01-27,9,54,Yes
2254_3,2254,2024-01-28,2,66,No
2255_0,2255,2024-02-01,7,34,No
2255_1,2255,2024-02-02,1,22,No
2255_2,2255,2024-02-03,13,80,No
2256_0,2256,2024-10-06,7,60,No
2256_1,2256,2024-10-07,5,108,Yes
2256_2,2256,2024-10-08,7,13,No
2256_3,2256,2024-10-09,6,47,No
2257_0,2257,2024-08-29,15,66,Yes
2258_0,2258,2024-09-16,2,115,No
2259_0,2259,2024-02-12,8,97,No
2259_1,2259,2024-02-13,4,11,No
2259_2,2259,2024-02-14,10,20,No
2260_0,2260,2024-10-29,13,70,No
2260_1,2260,2024-10-30,5,58,No
2260_2,2260,2024-10-31,12,92,No
2260_3,2260,2024-11-01,13,55,Yes
2260_4,2260,2024-11-02,14,3,No
2261_0,2261,2024-09-26,2,105,Yes
2262_0,2262,2024-03-19,7,68,No
2262_1,2262,2024-03-20,8,6,No
2262_2,2262,2024-03-21,1,120,Yes
2263_0,2263,2024-11-21,3,85,No
2263_1,2263,2024-11-22,2,86,Yes
2263_2,2263,2024-11-23,15,71,Yes
2263_3,2263,2024-11-24,4,120,No
2263_4,2263,2024-11-25,6,113,Yes
2264_0,2264,2024-09-14,15,34,No
2264_1,2264,2024-09-15,1,24,No
2264_2,2264,2024-09-16,6,38,No
2265_0,2265,2024-05-13,4,27,Yes
2266_0,2266,2024-05-27,6,69,No
2266_1,2266,2024-05-28,11,81,No
2266_2,2266,2024-05-29,15,69,Yes
2266_3,2266,2024-05-30,6,11,Yes
2266_4,2266,2024-05-31,2,11,No
2267_0,2267,2024-10-30,13,11,No
2268_0,2268,2024-03-31,9,67,No
2268_1,2268,2024-04-01,3,16,No
2268_2,2268,2024-04-02,3,78,No
2269_0,2269,2024-04-19,11,83,No
2269_1,2269,2024-04-20,7,5,No
2269_2,2269,2024-04-21,5,119,No
2269_3,2269,2024-04-22,8,18,No
2269_4,2269,2024-04-23,14,111,No
2270_0,2270,2024-11-13,1,56,No
2270_1,2270,2024-11-14,7,103,No
2270_2,2270,2024-11-15,10,27,No
2270_3,2270,2024-11-16,8,20,Yes
2271_0,2271,2024-11-10,10,50,No
2271_1,2271,2024-11-11,10,11,No
2271_2,2271,2024-11-12,9,117,No
2272_0,2272,2024-10-03,2,63,Yes
2272_1,2272,2024-10-04,12,27,No
2272_2,2272,2024-10-05,3,14,No
2272_3,2272,2024-10-06,9,34,Yes
2272_4,2272,2024-10-07,5,10,Yes
2273_0,2273,2024-07-12,3,49,Yes
2273_1,2273,2024-07-13,4,53,No
2273_2,2273,2024-07-14,14,108,No
2273_3,2273,2024-07-15,9,60,No
2273_4,2273,2024-07-16,10,74,No
2274_0,2274,2024-02-05,5,55,No
2274_1,2274,2024-02-06,3,109,Yes
2274_2,2274,2024-02-07,15,25,No
2274_3,2274,2024-02-08,4,90,No
2275_0,2275,2024-01-09,3,66,No
2275_1,2275,2024-01-10,7,80,Yes
2276_0,2276,2024-01-31,11,17,No
2276_1,2276,2024-02-01,4,49,No
2276_2,2276,2024-02-02,1,7,No
2277_0,2277,2024-10-29,11,56,No
2277_1,2277,2024-10-30,5,53,No
2277_2,2277,2024-10-31,7,94,No
2277_3,2277,2024-11-01,8,108,No
2277_4,2277,2024-11-02,4,120,No
2278_0,2278,2024-01-11,3,34,No
2278_1,2278,2024-01-12,3,71,Yes
2278_2,2278,2024-01-13,13,99,Yes
2278_3,2278,2024-01-14,10,17,No
2279_0,2279,2024-07-09,13,15,Yes
2279_1,2279,2024-07-10,2,78,Yes
2279_2,2279,2024-07-11,12,31,No
2279_3,2279,2024-07-12,4,68,Yes
2280_0,2280,2024-07-01,4,86,No
2281_0,2281,2024-11-05,10,60,Yes
2281_1,2281,2024-11-06,5,120,No
2281_2,2281,2024-11-07,15,81,No
2281_3,2281,2024-11-08,11,118,No
2282_0,2282,2024-08-06,11,113,No
2282_1,2282,2024-08-07,3,67,No
2282_2,2282,2024-08-08,7,70,Yes
2282_3,2282,2024-08-09,15,70,Yes
2282_4,2282,2024-08-10,2,5,No
2283_0,2283,2024-04-05,11,70,No
2284_0,2284,2024-04-19,4,46,No
2284_1,2284,2024-04-20,13,119,No
2284_2,2284,2024-04-21,7,50,No
2285_0,2285,2024-07-06,14,78,Yes
2285_1,2285,2024-07-07,11,15,No
2285_2,2285,2024-07-08,8,108,No
2286_0,2286,2024-03-03,11,27,No
2286_1,2286,2024-03-04,7,67,No
2286_2,2286,2024-03-05,3,51,Yes
2287_0,2287,2024-09-17,7,87,Yes
2288_0,2288,2024-04-01,7,112,No
2289_0,2289,2024-01-24,4,103,No
2289_1,2289,2024-01-25,14,119,Yes
2289_2,2289,2024-01-26,12,4,No
2290_0,2290,2024-11-22,5,78,No
2290_1,2290,2024-11-23,11,92,No
2291_0,2291,2024-04-25,1,28,No
2291_1,2291,2024-04-26,7,83,No
2291_2,2291,2024-04-27,3,66,Yes
2291_3,2291,2024-04-28,15,35,No
2291_4,2291,2024-04-29,9,78,No
2292_0,2292,2024-08-31,8,90,No
2292_1,2292,2024-09-01,2,63,No
2292_2,2292,2024-09-02,10,74,No
2293_0,2293,2024-09-25,12,112,No
2293_1,2293,2024-09-26,10,49,Yes
2293_2,2293,2024-09-27,10,71,No
2293_3,2293,2024-09-28,4,54,No
2293_4,2293,2024-09-29,6,61,No
2294_0,2294,2024-03-13,14,31,Yes
2294_1,2294,2024-03-14,10,80,No
2294_2,2294,2024-03-15,4,90,Yes
2294_3,2294,2024-03-16,9,79,Yes
2295_0,2295,2024-08-05,8,85,No
2295_1,2295,2024-08-06,6,26,Yes
2295_2,2295,2024-08-07,1,108,Yes
2295_3,2295,2024-08-08,4,116,No
2296_0,2296,2024-08-10,3,103,Yes
2296_1,2296,2024-08-11,6,44,Yes
2296_2,2296,2024-08-12,6,73,No
2297_0,2297,2024-01-30,6,72,No
2297_1,2297,2024-01-31,11,4,Yes
2297_2,2297,2024-02-01,5,96,No
2297_3,2297,2024-02-02,3,44,No
2298_0,2298,2024-05-27,1,101,Yes
2298_1,2298,2024-05-28,1,32,No
2298_2,2298,2024-05-29,10,66,No
2298_3,2298,2024-05-30,4,83,Yes
2299_0,2299,2024-11-29,5,28,Yes
2299_1,2299,2024-11-30,4,27,No
2299_2,2299,2024-12-01,14,82,Yes
2299_3,2299,2024-12-02,6,76,Yes
2299_4,2299,2024-12-03,15,4,No
2300_0,2300,2024-07-31,15,9,No
2300_1,2300,2024-08-01,4,87,No
2300_2,2300,2024-08-02,9,34,No
2300_3,2300,2024-08-03,9,8,Yes
2300_4,2300,2024-08-04,9,2,No
2301_0,2301,2024-09-03,7,89,Yes
2302_0,2302,2024-01-18,11,59,No
2302_1,2302,2024-01-19,7,20,Yes
2303_0,2303,2024-05-03,8,71,No
2303_1,2303,2024-05-04,3,51,No
2304_0,2304,2024-11-08,7,89,No
2304_1,2304,2024-11-09,2,83,No
2304_2,2304,2024-11-10,2,57,Yes
2305_0,2305,2024-11-18,4,57,Yes
2305_1,2305,2024-11-19,5,65,No
2306_0,2306,2024-04-06,10,59,Yes
2307_0,2307,2024-06-23,10,105,No
2307_1,2307,2024-06-24,8,62,No
2308_0,2308,2024-03-14,11,2,No
2308_1,2308,2024-03-15,8,104,No
2309_0,2309,2024-03-13,12,11,No
2309_1,2309,2024-03-14,10,86,No
2309_2,2309,2024-03-15,1,53,No
2309_3,2309,2024-03-16,7,94,No
2309_4,2309,2024-03-17,11,68,Yes
2310_0,2310,2024-09-27,1,62,No
2310_1,2310,2024-09-28,13,50,Yes
2310_2,2310,2024-09-29,1,96,No
2311_0,2311,2024-12-14,15,30,No
2311_1,2311,2024-12-15,15,82,No
2311_2,2311,2024-12-16,1,18,Yes
2311_3,2311,2024-12-17,2,68,No
2312_0,2312,2024-02-20,5,5,Yes
2313_0,2313,2024-02-07,12,63,No
2313_1,2313,2024-02-08,14,85,Yes
2313_2,2313,2024-02-09,10,60,No
2313_3,2313,2024-02-10,1,101,No
2314_0,2314,2024-09-17,11,18,Yes
2314_1,2314,2024-09-18,4,22,No
2314_2,2314,2024-09-19,6,20,No
2314_3,2314,2024-09-20,4,55,No
2315_0,2315,2024-11-03,7,46,No
2316_0,2316,2024-08-10,5,27,Yes
2316_1,2316,2024-08-11,9,64,Yes
2317_0,2317,2024-09-07,14,35,Yes
2318_0,2318,2024-11-03,1,7,No
2318_1,2318,2024-11-04,7,42,Yes
2319_0,2319,2024-11-16,11,120,No
2319_1,2319,2024-11-17,9,69,Yes
2319_2,2319,2024-11-18,12,46,Yes
2319_3,2319,2024-11-19,1,71,No
2319_4,2319,2024-11-20,12,89,No
2320_0,2320,2024-04-21,6,68,No
2320_1,2320,2024-04-22,12,11,Yes
2320_2,2320,2024-04-23,14,116,No
2320_3,2320,2024-04-24,11,40,No
2321_0,2321,2024-08-05,3,56,Yes
2321_1,2321,2024-08-06,6,96,No
2321_2,2321,2024-08-07,6,108,No
2321_3,2321,2024-08-08,3,116,Yes
2322_0,2322,2024-09-26,4,15,No
2322_1,2322,2024-09-27,9,52,Yes
2322_2,2322,2024-09-28,10,32,No
2322_3,2322,2024-09-29,10,33,No
2322_4,2322,2024-09-30,13,23,No
2323_0,2323,2024-10-25,9,56,No
2323_1,2323,2024-10-26,11,113,No
2323_2,2323,2024-10-27,1,7,No
2324_0,2324,2024-10-31,11,67,Yes
2325_0,2325,2024-08-26,9,17,No
2326_0,2326,2024-12-11,2,64,Yes
2326_1,2326,2024-12-12,7,35,No
2326_2,2326,2024-12-13,7,48,No
2326_3,2326,2024-12-14,13,108,Yes
2326_4,2326,2024-12-15,3,71,No
2327_0,2327,2024-12-08,10,70,Yes
2327_1,2327,2024-12-09,11,51,No
2327_2,2327,2024-12-10,10,45,No
2328_0,2328,2024-10-02,8,80,Yes
2329_0,2329,2024-02-24,11,45,No
2329_1,2329,2024-02-25,13,18,Yes
2329_2,2329,2024-02-26,12,89,Yes
2330_0,2330,2024-06-05,15,60,No
2330_1,2330,2024-06-06,10,109,Yes
2330_2,2330,2024-06-07,6,74,No
2331_0,2331,2024-05-28,1,77,No
2331_1,2331,2024-05-29,9,85,No
2331_2,2331,2024-05-30,5,40,Yes
2331_3,2331,2024-05-31,1,90,No
2332_0,2332,2024-09-28,14,113,No
2332_1,2332,2024-09-29,7,117,No
2332_2,2332,2024-09-30,14,75,No
2332_3,2332,2024-10-01,14,88,No
2332_4,2332,2024-10-02,7,55,No
2333_0,2333,2024-06-14,1,57,No
2333_1,2333,2024-06-15,6,48,No
2334_0,2334,2024-11-18,8,10,No
2334_1,2334,2024-11-19,14,14,No
2334_2,2334,2024-11-20,12,52,No
2335_0,2335,2024-10-19,7,60,No
2335_1,2335,2024-10-20,8,119,No
2336_0,2336,2024-10-02,7,79,No
2336_1,2336,2024-10-03,3,33,No
2336_2,2336,2024-10-04,9,46,No
2336_3,2336,2024-10-05,6,64,No
2336_4,2336,2024-10-06,3,25,No
2337_0,2337,2024-08-30,10,111,No
2337_1,2337,2024-08-31,1,49,No
2338_0,2338,2024-04-21,11,42,No
2338_1,2338,2024-04-22,3,99,No
2338_2,2338,2024-04-23,11,67,Yes
2339_0,2339,2024-10-19,13,61,No
2339_1,2339,2024-10-20,10,63,Yes
2339_2,2339,2024-10-21,1,45,No
2340_0,2340,2024-03-31,1,44,No
2340_1,2340,2024-04-01,1,67,No
2341_0,2341,2024-07-29,4,18,No
2342_0,2342,2024-10-27,14,99,No
2342_1,2342,2024-10-28,13,42,No
2342_2,2342,2024-10-29,3,59,No
2342_3,2342,2024-10-30,4,119,No
2343_0,2343,2024-10-28,12,86,Yes
2343_1,2343,2024-10-29,12,50,No
2343_2,2343,2024-10-30,10,118,No
2343_3,2343,2024-10-31,3,116,No
2343_4,2343,2024-11-01,1,86,No
2344_0,2344,2024-01-11,13,69,No
2344_1,2344,2024-01-12,5,69,No
2344_2,2344,2024-01-13,9,108,No
2344_3,2344,2024-01-14,4,102,No
2345_0,2345,2024-11-26,5,27,No
2346_0,2346,2024-03-03,10,23,No
2346_1,2346,2024-03-04,8,98,No
2346_2,2346,2024-03-05,10,50,No
2346_3,2346,2024-03-06,2,111,No
2346_4,2346,2024-03-07,3,62,No
2347_0,2347,2024-10-03,6,11,No
2347_1,2347,2024-10-04,3,22,Yes
2347_2,2347,2024-10-05,2,90,No
2348_0,2348,2024-06-01,10,22,No
2348_1,2348,2024-06-02,12,62,No
2348_2,2348,2024-06-03,5,36,No
2348_3,2348,2024-06-04,13,68,No
2348_4,2348,2024-06-05,10,9,Yes
2349_0,2349,2024-09-24,1,18,No
2349_1,2349,2024-09-25,14,119,No
2349_2,2349,2024-09-26,2,77,No
2349_3,2349,2024-09-27,4,118,No
2349_4,2349,2024-09-28,6,63,No
2350_0,2350,2024-08-16,14,27,Yes
2350_1,2350,2024-08-17,14,35,No
2350_2,2350,2024-08-18,11,38,Yes
2350_3,2350,2024-08-19,3,112,Yes
2350_4,2350,2024-08-20,3,54,No
2351_0,2351,2024-04-15,1,39,No
2351_1,2351,2024-04-16,3,56,No
2351_2,2351,2024-04-17,5,27,Yes
2352_0,2352,2024-09-09,7,13,No
2352_1,2352,2024-09-10,2,83,No
2353_0,2353,2024-12-20,2,11,No
2354_0,2354,2024-08-08,10,6,Yes
2354_1,2354,2024-08-09,4,26,No
2354_2,2354,2024-08-10,10,58,No
2354_3,2354,2024-08-11,8,42,No
2355_0,2355,2024-12-26,9,85,Yes
2355_1,2355,2024-12-27,15,73,No
2355_2,2355,2024-12-28,5,115,No
2356_0,2356,2024-10-18,6,58,No
2356_1,2356,2024-10-19,7,86,No
2356_2,2356,2024-10-20,8,13,Yes
2357_0,2357,2024-12-31,6,2,No
2357_1,2357,2025-01-01,15,61,Yes
2357_2,2357,2025-01-02,1,29,No
2357_3,2357,2025-01-03,13,84,No
2358_0,2358,2024-04-06,8,63,No
2358_1,2358,2024-04-07,10,46,Yes
2359_0,2359,2024-11-10,8,17,No
2359_1,2359,2024-11-11,13,10,Yes
2359_2,2359,2024-11-12,13,60,No
2360_0,2360,2024-07-08,13,9,No
2360_1,2360,2024-07-09,1,97,No
2360_2,2360,2024-07-10,13,40,No
2360_3,2360,2024-07-11,4,108,No
2360_4,2360,2024-07-12,14,79,Yes
2361_0,2361,2024-10-03,10,115,Yes
2362_0,2362,2024-07-19,10,100,No
2363_0,2363,2024-11-25,15,58,No
2364_0,2364,2024-10-06,6,56,No
2364_1,2364,2024-10-07,11,54,No
2365_0,2365,2024-06-25,6,16,No
2365_1,2365,2024-06-26,8,23,No
2366_0,2366,2024-08-24,15,10,No
2366_1,2366,2024-08-25,4,47,Yes
2367_0,2367,2024-12-29,13,116,Yes
2367_1,2367,2024-12-30,3,27,No
2367_2,2367,2024-12-31,11,74,No
2367_3,2367,2025-01-01,6,68,No
2368_0,2368,2024-01-25,8,45,Yes
2368_1,2368,2024-01-26,4,91,No
2368_2,2368,2024-01-27,8,103,No
2369_0,2369,2024-10-16,6,15,No
2369_1,2369,2024-10-17,5,84,No
2369_2,2369,2024-10-18,10,91,No
2369_3,2369,2024-10-19,2,109,No
2370_0,2370,2024-05-25,13,3,Yes
2370_1,2370,2024-05-26,12,115,No
2371_0,2371,2024-01-20,7,52,Yes
2371_1,2371,2024-01-21,2,32,No
2371_2,2371,2024-01-22,7,30,No
2372_0,2372,2024-10-15,1,69,No
2372_1,2372,2024-10-16,11,112,No
2372_2,2372,2024-10-17,14,93,No
2372_3,2372,2024-10-18,5,96,No
2373_0,2373,2024-04-04,13,82,No
2374_0,2374,2024-11-01,13,28,No
2375_0,2375,2024-12-04,1,102,Yes
2375_1,2375,2024-12-05,4,119,No
2375_2,2375,2024-12-06,1,55,No
2376_0,2376,2024-11-02,8,2,Yes
2377_0,2377,2024-07-16,15,113,No
2377_1,2377,2024-07-17,1,49,No
2377_2,2377,2024-07-18,9,33,No
2377_3,2377,2024-07-19,5,68,Yes
2377_4,2377,2024-07-20,7,11,Yes
2378_0,2378,2024-01-20,14,50,No
2379_0,2379,2024-08-18,7,58,No
2379_1,2379,2024-08-19,4,91,Yes
2379_2,2379,2024-08-20,11,65,Yes
2379_3,2379,2024-08-21,1,108,No
2379_4,2379,2024-08-22,11,10,Yes
2380_0,2380,2024-08-30,6,112,No
2380_1,2380,2024-08-31,6,92,Yes
2380_2,2380,2024-09-01,2,65,Yes
2380_3,2380,2024-09-02,5,96,No
2381_0,2381,2024-07-19,5,103,No
2382_0,2382,2024-08-15,1,17,No
2383_0,2383,2024-02-03,15,79,Yes
2383_1,2383,2024-02-04,3,75,No
2383_2,2383,2024-02-05,14,116,Yes
2383_3,2383,2024-02-06,10,117,No
2383_4,2383,2024-02-07,11,97,No
2384_0,2384,2024-04-29,4,102,No
2384_1,2384,2024-04-30,13,74,No
2384_2,2384,2024-05-01,10,42,No
2384_3,2384,2024-05-02,15,52,Yes
2385_0,2385,2024-12-09,2,49,Yes
2385_1,2385,2024-12-10,3,102,No
2385_2,2385,2024-12-11,13,56,Yes
2386_0,2386,2024-10-11,7,84,No
2386_1,2386,2024-10-12,10,33,Yes
2386_2,2386,2024-10-13,15,8,No
2386_3,2386,2024-10-14,5,4,Yes
2387_0,2387,2024-03-21,15,44,No
2388_0,2388,2024-02-03,2,17,Yes
2388_1,2388,2024-02-04,1,52,No
2388_2,2388,2024-02-05,9,26,No
2388_3,2388,2024-02-06,5,77,Yes
2388_4,2388,2024-02-07,3,61,Yes
2389_0,2389,2024-08-26,5,6,No
2389_1,2389,2024-08-27,10,116,No
2390_0,2390,2024-08-16,14,47,No
2390_1,2390,2024-08-17,7,63,No
2390_2,2390,2024-08-18,8,41,Yes
2391_0,2391,2024-10-24,5,93,No
2391_1,2391,2024-10-25,8,99,No
2391_2,2391,2024-10-26,3,48,Yes
2392_0,2392,2024-07-22,10,18,No
2393_0,2393,2024-09-01,13,6,No
2393_1,2393,2024-09-02,8,27,Yes
2393_2,2393,2024-09-03,14,103,Yes
2393_3,2393,2024-09-04,13,104,No
2393_4,2393,2024-09-05,14,11,Yes
2394_0,2394,2024-11-21,7,97,No
2395_0,2395,2024-04-08,10,53,No
2396_0,2396,2024-09-24,3,31,No
2396_1,2396,2024-09-25,14,120,No
2397_0,2397,2024-11-23,14,14,No
2397_1,2397,2024-11-24,2,56,Yes
2397_2,2397,2024-11-25,3,95,No
2398_0,2398,2024-08-06,9,3,No
2398_1,2398,2024-08-07,5,32,Yes
2398_2,2398,2024-08-08,11,23,No
2398_3,2398,2024-08-09,6,25,Yes
2399_0,2399,2024-03-27,11,42,Yes
2399_1,2399,2024-03-28,6,107,No
2399_2,2399,2024-03-29,1,6,No
2400_0,2400,2024-05-12,13,93,No
2401_0,2401,2024-10-13,1,1,No
2401_1,2401,2024-10-14,15,15,No
2401_2,2401,2024-10-15,4,16,No
2401_3,2401,2024-10-16,6,53,Yes
2401_4,2401,2024-10-17,10,114,No
2402_0,2402,2024-06-30,5,84,No
2402_1,2402,2024-07-01,8,19,No
2403_0,2403,2024-11-06,5,73,No
2403_1,2403,2024-11-07,10,83,No
2403_2,2403,2024-11-08,1,30,No
2404_0,2404,2024-06-11,7,23,No
2405_0,2405,2024-07-29,15,54,No
2405_1,2405,2024-07-30,11,37,No
2405_2,2405,2024-07-31,3,57,No
2406_0,2406,2024-03-04,13,84,No
2406_1,2406,2024-03-05,2,29,No
2407_0,2407,2024-05-30,4,5,No
2407_1,2407,2024-05-31,11,11,No
2407_2,2407,2024-06-01,6,92,Yes
2408_0,2408,2024-03-31,9,74,No
2408_1,2408,2024-04-01,10,69,No
2408_2,2408,2024-04-02,12,28,No
2409_0,2409,2024-06-24,11,20,Yes
2409_1,2409,2024-06-25,10,96,No
2410_0,2410,2024-02-26,12,114,Yes
2410_1,2410,2024-02-27,5,65,No
2410_2,2410,2024-02-28,11,107,Yes
2411_0,2411,2024-03-09,4,10,No
2412_0,2412,2024-11-10,6,93,No
2412_1,2412,2024-11-11,13,65,No
2413_0,2413,2024-01-02,2,62,Yes
2413_1,2413,2024-01-03,3,27,Yes
2413_2,2413,2024-01-04,12,38,No
2414_0,2414,2024-07-27,7,47,Yes
2414_1,2414,2024-07-28,8,5,No
2414_2,2414,2024-07-29,7,96,No
2414_3,2414,2024-07-30,7,93,Yes
2415_0,2415,2024-12-29,11,23,No
2416_0,2416,2024-06-25,1,78,No
2416_1,2416,2024-06-26,10,32,Yes
2417_0,2417,2024-03-12,8,45,No
2417_1,2417,2024-03-13,14,45,No
2418_0,2418,2024-08-18,14,108,Yes
2418_1,2418,2024-08-19,11,102,No
2419_0,2419,2024-10-13,3,118,No
2419_1,2419,2024-10-14,14,29,Yes
2419_2,2419,2024-10-15,13,110,No
2419_3,2419,2024-10-16,12,15,No
2419_4,2419,2024-10-17,2,3,Yes
2420_0,2420,2024-04-05,8,43,No
2420_1,2420,2024-04-06,12,26,No
2420_2,2420,2024-04-07,12,80,Yes
2421_0,2421,2024-04-17,8,33,No
2421_1,2421,2024-04-18,13,117,Yes
2421_2,2421,2024-04-19,11,4,No
2422_0,2422,2024-12-18,12,42,Yes
2423_0,2423,2024-08-30,1,45,No
2423_1,2423,2024-08-31,3,52,No
2423_2,2423,2024-09-01,9,40,No
2423_3,2423,2024-09-02,13,9,No
2423_4,2423,2024-09-03,7,45,No
2424_0,2424,2024-04-09,4,85,Yes
2424_1,2424,2024-04-10,8,73,No
2424_2,2424,2024-04-11,9,102,No
2424_3,2424,2024-04-12,9,26,Yes
2424_4,2424,2024-04-13,4,30,No
2425_0,2425,2024-09-26,13,66,No
2425_1,2425,2024-09-27,11,103,No
2426_0,2426,2024-12-30,10,74,Yes
2426_1,2426,2024-12-31,12,15,Yes
2426_2,2426,2025-01-01,5,56,Yes
2426_3,2426,2025-01-02,2,30,No
2426_4,2426,2025-01-03,3,74,No
2427_0,2427,2024-05-01,2,17,No
2427_1,2427,2024-05-02,5,37,Yes
2427_2,2427,2024-05-03,15,47,No
2427_3,2427,2024-05-04,3,44,No
2428_0,2428,2024-10-12,11,75,No
2429_0,2429,2024-05-25,8,93,Yes
2429_1,2429,2024-05-26,14,63,No
2430_0,2430,2024-04-19,8,57,No
2430_1,2430,2024-04-20,1,87,No
2430_2,2430,2024-04-21,7,33,Yes
2431_0,2431,2024-07-01,4,21,No
2431_1,2431,2024-07-02,10,3,No
2431_2,2431,2024-07-03,13,3,Yes
2431_3,2431,2024-07-04,7,15,No
2432_0,2432,2024-08-14,8,9,No
2432_1,2432,2024-08-15,13,38,No
2433_0,2433,2024-02-28,1,41,No
2433_1,2433,2024-02-29,10,109,No
2433_2,2433,2024-03-01,12,78,No
2433_3,2433,2024-03-02,5,107,No
2434_0,2434,2024-02-19,15,9,No
2434_1,2434,2024-02-20,13,49,No
2435_0,2435,2024-06-18,11,34,No
2435_1,2435,2024-06-19,7,105,No
2436_0,2436,2024-11-03,9,69,No
2437_0,2437,2024-11-04,2,53,Yes
2437_1,2437,2024-11-05,15,60,Yes
2438_0,2438,2024-05-01,1,9,Yes
2438_1,2438,2024-05-02,6,31,Yes
2439_0,2439,2024-03-30,15,28,No
2439_1,2439,2024-03-31,5,114,Yes
2439_2,2439,2024-04-01,13,40,No
2439_3,2439,2024-04-02,8,18,Yes
2439_4,2439,2024-04-03,11,98,Yes
2440_0,2440,2024-09-27,15,103,Yes
2440_1,2440,2024-09-28,13,65,Yes
2441_0,2441,2024-11-13,7,109,Yes
2441_1,2441,2024-11-14,1,119,No
2441_2,2441,2024-11-15,11,48,No
2442_0,2442,2024-10-12,5,103,No
2442_1,2442,2024-10-13,6,81,No
2442_2,2442,2024-10-14,14,38,No
2442_3,2442,2024-10-15,1,16,No
2443_0,2443,2024-06-23,2,106,No
2443_1,2443,2024-06-24,7,45,Yes
2444_0,2444,2024-11-18,4,87,Yes
2445_0,2445,2024-08-29,6,27,Yes
2445_1,2445,2024-08-30,12,15,No
2445_2,2445,2024-08-31,9,112,Yes
2446_0,2446,2024-11-13,7,78,No
2446_1,2446,2024-11-14,12,108,No
2446_2,2446,2024-11-15,14,21,Yes
2447_0,2447,2024-03-25,4,49,No
2447_1,2447,2024-03-26,6,11,No
2447_2,2447,2024-03-27,9,14,Yes
2447_3,2447,2024-03-28,15,64,Yes
2448_0,2448,2024-01-04,6,117,No
2448_1,2448,2024-01-05,11,72,Yes
2449_0,2449,2024-01-30,11,18,No
2449_1,2449,2024-01-31,12,37,Yes
2449_2,2449,2024-02-01,6,95,No
2449_3,2449,2024-02-02,2,6,Yes
2449_4,2449,2024-02-03,8,81,No
2450_0,2450,2024-02-06,13,107,Yes
2451_0,2451,2024-04-03,1,28,No
2451_1,2451,2024-04-04,9,73,Yes
2451_2,2451,2024-04-05,13,66,Yes
2451_3,2451,2024-04-06,12,79,No
2451_4,2451,2024-04-07,14,93,No
2452_0,2452,2024-03-27,5,72,Yes
2453_0,2453,2024-09-14,6,72,Yes
2453_1,2453,2024-09-15,1,114,No
2454_0,2454,2024-07-02,14,75,No
2454_1,2454,2024-07-03,5,11,No
2455_0,2455,2024-10-14,9,43,Yes
2455_1,2455,2024-10-15,15,9,No
2455_2,2455,2024-10-16,10,53,No
2456_0,2456,2024-02-13,2,104,Yes
2456_1,2456,2024-02-14,5,52,Yes
2457_0,2457,2024-01-03,14,116,No
2457_1,2457,2024-01-04,4,30,No
2457_2,2457,2024-01-05,2,32,No
2457_3,2457,2024-01-06,3,56,No
2458_0,2458,2024-05-19,2,103,No
2459_0,2459,2024-06-03,11,96,No
2459_1,2459,2024-06-04,14,38,Yes
2459_2,2459,2024-06-05,9,108,Yes
2460_0,2460,2024-01-13,2,75,Yes
2460_1,2460,2024-01-14,9,68,Yes
2460_2,2460,2024-01-15,13,119,Yes
2460_3,2460,2024-01-16,4,37,No
2461_0,2461,2024-03-24,5,23,No
2461_1,2461,2024-03-25,2,12,No
2461_2,2461,2024-03-26,15,63,No
2461_3,2461,2024-03-27,7,50,No
2462_0,2462,2024-10-19,7,25,No
2462_1,2462,2024-10-20,4,54,No
2462_2,2462,2024-10-21,14,59,No
2462_3,2462,2024-10-22,11,66,No
2463_0,2463,2024-07-20,11,7,No
2463_1,2463,2024-07-21,14,25,No
2464_0,2464,2024-03-04,9,115,No
2464_1,2464,2024-03-05,4,56,No
2465_0,2465,2024-02-03,10,68,No
2465_1,2465,2024-02-04,12,51,No
2466_0,2466,2024-12-14,13,81,No
2466_1,2466,2024-12-15,9,101,No
2466_2,2466,2024-12-16,15,33,No
2467_0,2467,2024-08-01,7,46,No
2467_1,2467,2024-08-02,14,30,No
2467_2,2467,2024-08-03,6,12,No
2468_0,2468,2024-10-15,15,82,No
2469_0,2469,2024-10-05,5,32,No
2469_1,2469,2024-10-06,1,4,No
2469_2,2469,2024-10-07,6,72,No
2469_3,2469,2024-10-08,8,58,Yes
2470_0,2470,2024-01-01,12,107,Yes
2470_1,2470,2024-01-02,13,109,Yes
2471_0,2471,2024-01-28,6,91,No
2471_1,2471,2024-01-29,1,60,No
2471_2,2471,2024-01-30,13,40,No
2471_3,2471,2024-01-31,13,25,Yes
2471_4,2471,2024-02-01,4,52,No
2472_0,2472,2024-12-15,10,91,Yes
2472_1,2472,2024-12-16,9,54,No
2472_2,2472,2024-12-17,1,8,No
2472_3,2472,2024-12-18,6,25,No
2473_0,2473,2024-04-26,7,8,Yes
2473_1,2473,2024-04-27,2,107,No
2473_2,2473,2024-04-28,5,44,Yes
2473_3,2473,2024-04-29,2,52,No
2474_0,2474,2024-06-09,15,88,Yes
2474_1,2474,2024-06-10,14,19,No
2474_2,2474,2024-06-11,9,34,No
2474_3,2474,2024-06-12,14,27,No
2475_0,2475,2024-06-11,11,89,Yes
2476_0,2476,2024-01-28,3,94,No
2476_1,2476,2024-01-29,9,96,No
2476_2,2476,2024-01-30,6,64,No
2476_3,2476,2024-01-31,9,39,Yes
2476_4,2476,2024-02-01,3,113,No
2477_0,2477,2024-08-02,11,18,No
2477_1,2477,2024-08-03,15,51,Yes
2477_2,2477,2024-08-04,13,39,No
2477_3,2477,2024-08-05,1,111,No
2477_4,2477,2024-08-06,8,19,No
2478_0,2478,2024-06-13,3,47,No
2478_1,2478,2024-06-14,9,10,Yes
2478_2,2478,2024-06-15,2,111,Yes
2478_3,2478,2024-06-16,9,53,No
2479_0,2479,2024-11-14,5,103,No
2480_0,2480,2024-10-29,8,45,No
2480_1,2480,2024-10-30,5,96,No
2480_2,2480,2024-10-31,9,28,No
2481_0,2481,2024-10-24,8,119,No
2481_1,2481,2024-10-25,13,104,Yes
2482_0,2482,2024-12-17,10,49,No
2483_0,2483,2024-08-27,14,73,No
2484_0,2484,2024-01-25,13,109,No
2484_1,2484,2024-01-26,15,61,Yes
2484_2,2484,2024-01-27,15,120,No
2484_3,2484,2024-01-28,13,4,Yes
2484_4,2484,2024-01-29,9,74,No
2485_0,2485,2024-10-09,14,40,No
2486_0,2486,2024-12-20,2,58,No
2486_1,2486,2024-12-21,2,15,No
2486_2,2486,2024-12-22,5,17,No
2486_3,2486,2024-12-23,13,26,No
2487_0,2487,2024-06-01,15,111,Yes
2487_1,2487,2024-06-02,14,46,No
2487_2,2487,2024-06-03,6,79,No
2487_3,2487,2024-06-04,15,98,No
2488_0,2488,2024-10-19,9,38,Yes
2488_1,2488,2024-10-20,2,59,No
2489_0,2489,2024-02-05,10,13,Yes
2489_1,2489,2024-02-06,11,32,Yes
2489_2,2489,2024-02-07,2,102,Yes
2489_3,2489,2024-02-08,5,74,No
2489_4,2489,2024-02-09,1,107,No
2490_0,2490,2024-07-23,3,51,Yes
2491_0,2491,2024-07-25,2,104,No
2491_1,2491,2024-07-26,10,96,No
2491_2,2491,2024-07-27,4,12,Yes
2491_3,2491,2024-07-28,1,107,Yes
2491_4,2491,2024-07-29,5,19,Yes
2492_0,2492,2024-05-27,14,7,No
2492_1,2492,2024-05-28,8,15,Yes
2493_0,2493,2024-07-31,12,94,No
2493_1,2493,2024-08-01,12,98,No
2493_2,2493,2024-08-02,15,49,No
2494_0,2494,2024-05-07,9,61,No
2494_1,2494,2024-05-08,3,82,Yes
2494_2,2494,2024-05-09,2,30,No
2495_0,2495,2024-10-04,9,93,No
2495_1,2495,2024-10-05,11,6,No
2495_2,2495,2024-10-06,2,94,No
2495_3,2495,2024-10-07,11,18,No
2495_4,2495,2024-10-08,10,78,Yes
2496_0,2496,2024-09-24,5,31,Yes
2496_1,2496,2024-09-25,15,111,No
2497_0,2497,2024-10-14,2,1,No
2497_1,2497,2024-10-15,6,75,No
2497_2,2497,2024-10-16,2,32,Yes
2498_0,2498,2024-12-25,2,96,No
2498_1,2498,2024-12-26,4,9,No
2498_2,2498,2024-12-27,5,48,No
2498_3,2498,2024-12-28,1,96,No
2498_4,2498,2024-12-29,3,83,Yes
2499_0,2499,2024-02-17,3,97,Yes
2499_1,2499,2024-02-18,6,6,Yes
2499_2,2499,2024-02-19,9,53,No
2499_3,2499,2024-02-20,14,76,No
2500_0,2500,2024-10-19,3,55,Yes
2500_1,2500,2024-10-20,10,96,No
2501_0,2501,2024-02-24,2,40,Yes
2501_1,2501,2024-02-25,9,86,No
2502_0,2502,2024-11-03,13,91,Yes
2502_1,2502,2024-11-04,5,4,No
2502_2,2502,2024-11-05,5,24,Yes
2503_0,2503,2024-06-22,15,116,No
2504_0,2504,2024-12-11,9,53,No
2505_0,2505,2024-08-29,11,72,No
2505_1,2505,2024-08-30,6,75,Yes
2505_2,2505,2024-08-31,14,39,No
2506_0,2506,2024-04-23,13,12,No
2506_1,2506,2024-04-24,2,94,Yes
2506_2,2506,2024-04-25,6,96,No
2506_3,2506,2024-04-26,10,37,No
2507_0,2507,2024-05-29,11,21,No
2507_1,2507,2024-05-30,3,106,Yes
2508_0,2508,2024-05-08,13,75,No
2508_1,2508,2024-05-09,3,34,No
2508_2,2508,2024-05-10,4,34,No
2508_3,2508,2024-05-11,14,74,No
2508_4,2508,2024-05-12,14,16,No
2509_0,2509,2024-12-23,8,76,No
2509_1,2509,2024-12-24,7,64,No
2509_2,2509,2024-12-25,1,13,No
2509_3,2509,2024-12-26,11,58,No
2509_4,2509,2024-12-27,8,2,No
2510_0,2510,2024-05-18,3,3,No
2510_1,2510,2024-05-19,3,42,Yes
2510_2,2510,2024-05-20,11,102,No
2510_3,2510,2024-05-21,3,68,No
2510_4,2510,2024-05-22,9,37,No
2511_0,2511,2024-12-12,11,118,No
2511_1,2511,2024-12-13,7,38,Yes
2512_0,2512,2024-04-12,3,91,No
2512_1,2512,2024-04-13,11,111,No
2513_0,2513,2024-07-09,6,7,Yes
2513_1,2513,2024-07-10,12,79,Yes
2513_2,2513,2024-07-11,14,57,No
2513_3,2513,2024-07-12,4,66,No
2514_0,2514,2024-09-28,9,26,Yes
2515_0,2515,2024-06-02,1,50,No
2515_1,2515,2024-06-03,11,59,No
2515_2,2515,2024-06-04,5,50,No
2515_3,2515,2024-06-05,4,38,No
2515_4,2515,2024-06-06,4,58,No
2516_0,2516,2024-10-09,7,3,No
2516_1,2516,2024-10-10,11,89,No
2516_2,2516,2024-10-11,10,27,No
2516_3,2516,2024-10-12,6,99,No
2517_0,2517,2024-06-23,8,90,No
2517_1,2517,2024-06-24,9,87,No
2518_0,2518,2024-11-03,15,111,Yes
2518_1,2518,2024-11-04,11,75,No
2518_2,2518,2024-11-05,6,110,No
2519_0,2519,2024-12-01,7,7,No
2519_1,2519,2024-12-02,10,6,No
2520_0,2520,2024-11-29,14,3,No
2521_0,2521,2024-03-23,5,22,Yes
2522_0,2522,2024-06-08,7,77,No
2522_1,2522,2024-06-09,14,54,No
2522_2,2522,2024-06-10,11,43,No
2523_0,2523,2024-04-08,4,75,No
2524_0,2524,2024-11-06,12,83,No
2524_1,2524,2024-11-07,8,43,No
2524_2,2524,2024-11-08,5,49,No
2524_3,2524,2024-11-09,6,17,No
2524_4,2524,2024-11-10,7,48,No
2525_0,2525,2024-12-18,14,69,No
2526_0,2526,2024-09-13,11,97,Yes
2526_1,2526,2024-09-14,15,24,No
2526_2,2526,2024-09-15,14,57,No
2527_0,2527,2024-05-10,12,110,Yes
2527_1,2527,2024-05-11,10,26,No
2527_2,2527,2024-05-12,12,74,No
2528_0,2528,2024-08-25,15,61,No
2528_1,2528,2024-08-26,11,56,Yes
2528_2,2528,2024-08-27,5,53,Yes
2528_3,2528,2024-08-28,5,117,No
2528_4,2528,2024-08-29,11,15,No
2529_0,2529,2024-11-15,15,5,No
2529_1,2529,2024-11-16,2,15,No
2529_2,2529,2024-11-17,14,104,No
2529_3,2529,2024-11-18,8,99,No
2530_0,2530,2024-06-23,10,2,Yes
2530_1,2530,2024-06-24,1,83,No
2530_2,2530,2024-06-25,12,102,No
2530_3,2530,2024-06-26,1,36,No
2530_4,2530,2024-06-27,14,78,No
2531_0,2531,2024-06-19,8,84,No
2531_1,2531,2024-06-20,1,93,No
2531_2,2531,2024-06-21,3,99,No
2531_3,2531,2024-06-22,15,91,No
2532_0,2532,2024-10-01,12,95,No
2532_1,2532,2024-10-02,10,87,Yes
2532_2,2532,2024-10-03,2,51,No
2532_3,2532,2024-10-04,10,94,No
2533_0,2533,2024-09-12,7,77,No
2533_1,2533,2024-09-13,4,47,Yes
2533_2,2533,2024-09-14,13,29,No
2534_0,2534,2024-10-29,12,80,No
2534_1,2534,2024-10-30,4,21,Yes
2534_2,2534,2024-10-31,13,19,No
2534_3,2534,2024-11-01,11,81,Yes
2535_0,2535,2024-02-11,12,68,No
2535_1,2535,2024-02-12,8,48,No
2536_0,2536,2024-05-02,1,56,No
2536_1,2536,2024-05-03,3,98,No
2536_2,2536,2024-05-04,2,10,Yes
2536_3,2536,2024-05-05,4,48,No
2536_4,2536,2024-05-06,2,108,No
2537_0,2537,2024-12-12,1,113,Yes
2537_1,2537,2024-12-13,4,105,No
2537_2,2537,2024-12-14,6,32,No
2537_3,2537,2024-12-15,10,42,Yes
2538_0,2538,2024-05-23,11,46,Yes
2539_0,2539,2024-12-09,15,50,Yes
2539_1,2539,2024-12-10,7,61,No
2540_0,2540,2024-01-08,5,91,Yes
2540_1,2540,2024-01-09,2,93,No
2540_2,2540,2024-01-10,2,11,No
2540_3,2540,2024-01-11,13,53,No
2540_4,2540,2024-01-12,2,12,No
2541_0,2541,2024-05-07,9,95,No
2542_0,2542,2024-11-06,11,107,Yes
2542_1,2542,2024-11-07,4,106,No
2543_0,2543,2024-04-04,11,73,No
2543_1,2543,2024-04-05,3,106,Yes
2543_2,2543,2024-04-06,12,75,No
2544_0,2544,2024-11-25,4,35,No
2545_0,2545,2024-04-17,2,29,No
2545_1,2545,2024-04-18,8,10,No
2545_2,2545,2024-04-19,8,99,No
2545_3,2545,2024-04-20,9,46,No
2546_0,2546,2024-06-17,8,36,Yes
2546_1,2546,2024-06-18,8,23,Yes
2546_2,2546,2024-06-19,2,115,No
2546_3,2546,2024-06-20,3,88,No
2546_4,2546,2024-06-21,9,26,No
2547_0,2547,2024-07-15,10,89,Yes
2547_1,2547,2024-07-16,9,14,No
2547_2,2547,2024-07-17,9,31,No
2547_3,2547,2024-07-18,9,32,Yes
2548_0,2548,2024-08-14,2,106,No
2548_1,2548,2024-08-15,11,5,No
2548_2,2548,2024-08-16,10,2,No
2548_3,2548,2024-08-17,14,109,Yes
2548_4,2548,2024-08-18,3,39,No
2549_0,2549,2024-02-06,4,92,No
2549_1,2549,2024-02-07,6,64,Yes
2549_2,2549,2024-02-08,6,17,No
2549_3,2549,2024-02-09,10,35,No
2550_0,2550,2024-12-31,2,9,Yes
2550_1,2550,2025-01-01,1,109,No
2550_2,2550,2025-01-02,2,57,Yes
2550_3,2550,2025-01-03,13,54,Yes
2551_0,2551,2024-10-21,2,100,No
2551_1,2551,2024-10-22,5,112,No
2552_0,2552,2024-08-26,1,57,No
2552_1,2552,2024-08-27,1,97,Yes
2553_0,2553,2024-09-06,7,6,Yes
2553_1,2553,2024-09-07,15,66,No
2554_0,2554,2024-05-21,14,36,No
2554_1,2554,2024-05-22,14,62,No
2554_2,2554,2024-05-23,15,37,Yes
2555_0,2555,2024-07-31,7,23,No
2556_0,2556,2024-01-29,8,50,No
2556_1,2556,2024-01-30,1,77,Yes
2557_0,2557,2024-08-05,3,1,No
2558_0,2558,2024-12-04,2,7,No
2558_1,2558,2024-12-05,10,47,No
2558_2,2558,2024-12-06,5,20,No
2558_3,2558,2024-12-07,5,115,No
2558_4,2558,2024-12-08,15,108,No
2559_0,2559,2024-01-21,15,77,Yes
2560_0,2560,2024-10-02,11,48,No
2560_1,2560,2024-10-03,9,114,No
2560_2,2560,2024-10-04,9,118,No
2560_3,2560,2024-10-05,14,58,No
2560_4,2560,2024-10-06,1,86,No
2561_0,2561,2024-07-23,5,9,No
2562_0,2562,2024-04-26,9,90,No
2562_1,2562,2024-04-27,6,76,No
2562_2,2562,2024-04-28,15,89,Yes
2563_0,2563,2024-02-26,6,47,No
2563_1,2563,2024-02-27,9,74,No
2563_2,2563,2024-02-28,3,107,No
2563_3,2563,2024-02-29,2,53,Yes
2563_4,2563,2024-03-01,10,54,No
2564_0,2564,2024-11-08,2,80,No
2565_0,2565,2024-03-24,13,36,No
2565_1,2565,2024-03-25,9,75,Yes
2565_2,2565,2024-03-26,3,70,No
2565_3,2565,2024-03-27,10,114,No
2566_0,2566,2024-07-31,5,92,No
2566_1,2566,2024-08-01,11,84,No
2567_0,2567,2024-12-19,7,47,Yes
2567_1,2567,2024-12-20,1,103,No
2567_2,2567,2024-12-21,5,18,No
2568_0,2568,2024-07-07,3,64,No
2568_1,2568,2024-07-08,9,74,Yes
2568_2,2568,2024-07-09,1,118,No
2568_3,2568,2024-07-10,5,44,Yes
2568_4,2568,2024-07-11,2,58,No
2569_0,2569,2024-02-15,4,27,No
2569_1,2569,2024-02-16,15,41,Yes
2569_2,2569,2024-02-17,13,7,No
2569_3,2569,2024-02-18,14,71,No
2570_0,2570,2024-05-15,14,34,Yes
2570_1,2570,2024-05-16,6,48,No
2570_2,2570,2024-05-17,4,103,Yes
2571_0,2571,2024-02-12,6,37,No
2571_1,2571,2024-02-13,11,99,No
2571_2,2571,2024-02-14,8,120,Yes
2571_3,2571,2024-02-15,7,97,No
2571_4,2571,2024-02-16,10,59,No
2572_0,2572,2024-11-14,14,8,No
2572_1,2572,2024-11-15,12,107,Yes
2572_2,2572,2024-11-16,6,85,No
2572_3,2572,2024-11-17,11,42,Yes
2573_0,2573,2024-10-31,7,25,Yes
2574_0,2574,2024-01-13,15,114,No
2575_0,2575,2024-08-27,1,2,No
2575_1,2575,2024-08-28,7,86,No
2576_0,2576,2024-01-10,14,103,Yes
2576_1,2576,2024-01-11,11,9,Yes
2576_2,2576,2024-01-12,14,111,No
2576_3,2576,2024-01-13,4,120,Yes
2576_4,2576,2024-01-14,14,78,No
2577_0,2577,2024-04-26,6,43,No
2577_1,2577,2024-04-27,3,53,Yes
2578_0,2578,2024-04-03,3,97,No
2578_1,2578,2024-04-04,9,24,No
2579_0,2579,2024-10-25,3,87,No
2580_0,2580,2024-03-17,13,23,No
2581_0,2581,2024-09-11,13,10,No
2581_1,2581,2024-09-12,2,94,Yes
2581_2,2581,2024-09-13,6,64,No
2581_3,2581,2024-09-14,6,30,No
2582_0,2582,2024-02-09,12,86,No
2582_1,2582,2024-02-10,7,96,No
2583_0,2583,2024-05-29,11,44,No
2584_0,2584,2024-07-05,9,67,Yes
2584_1,2584,2024-07-06,12,40,No
2585_0,2585,2024-07-21,9,59,No
2586_0,2586,2024-05-09,3,67,Yes
2587_0,2587,2024-07-08,10,7,No
2587_1,2587,2024-07-09,3,11,No
2587_2,2587,2024-07-10,7,41,No
2587_3,2587,2024-07-11,10,54,No
2588_0,2588,2024-03-05,5,53,No
2589_0,2589,2024-12-01,5,96,No
2589_1,2589,2024-12-02,7,91,Yes
2589_2,2589,2024-12-03,13,68,No
2589_3,2589,2024-12-04,12,87,No
2590_0,2590,2024-05-16,9,68,Yes
2590_1,2590,2024-05-17,9,99,Yes
2590_2,2590,2024-05-18,1,67,Yes
2590_3,2590,2024-05-19,5,118,No
2591_0,2591,2024-12-06,13,32,No
2591_1,2591,2024-12-07,11,24,Yes
2591_2,2591,2024-12-08,15,69,No
2592_0,2592,2024-07-26,1,48,No
2592_1,2592,2024-07-27,6,88,No
2593_0,2593,2024-07-03,7,26,No
2594_0,2594,2024-01-18,10,104,No
2594_1,2594,2024-01-19,15,88,Yes
2594_2,2594,2024-01-20,6,42,No
2595_0,2595,2024-01-18,3,118,No
2596_0,2596,2024-06-28,15,4,Yes
2596_1,2596,2024-06-29,13,27,Yes
2596_2,2596,2024-06-30,4,30,No
2596_3,2596,2024-07-01,12,59,No
2597_0,2597,2024-09-30,1,89,Yes
2597_1,2597,2024-10-01,10,117,Yes
2598_0,2598,2024-04-20,4,99,Yes
2599_0,2599,2024-06-02,10,7,Yes
2599_1,2599,2024-06-03,5,33,No
2599_2,2599,2024-06-04,14,83,No
2599_3,2599,2024-06-05,6,97,Yes
2600_0,2600,2024-07-12,5,53,No
2600_1,2600,2024-07-13,9,79,No
2601_0,2601,2024-01-07,5,41,No
2601_1,2601,2024-01-08,2,34,Yes
2601_2,2601,2024-01-09,9,22,No
2602_0,2602,2024-01-26,1,3,Yes
2603_0,2603,2024-08-07,6,43,No
2604_0,2604,2024-07-27,9,97,Yes
2604_1,2604,2024-07-28,1,74,No
2604_2,2604,2024-07-29,10,81,No
2604_3,2604,2024-07-30,8,30,No
2604_4,2604,2024-07-31,6,9,Yes
2605_0,2605,2024-07-11,1,13,No
2605_1,2605,2024-07-12,13,2,No
2605_2,2605,2024-07-13,9,61,No
2606_0,2606,2024-09-01,10,93,No
2606_1,2606,2024-09-02,14,6,No
2607_0,2607,2024-03-16,7,94,No
2608_0,2608,2024-12-18,5,21,Yes
2609_0,2609,2024-03-18,4,59,No
2610_0,2610,2024-03-10,6,44,No
2610_1,2610,2024-03-11,9,96,No
2611_0,2611,2024-06-07,13,84,No
2611_1,2611,2024-06-08,1,36,No
2611_2,2611,2024-06-09,3,43,No
2611_3,2611,2024-06-10,11,111,No
2611_4,2611,2024-06-11,1,102,No
2612_0,2612,2024-01-11,11,30,No
2612_1,2612,2024-01-12,2,62,Yes
2612_2,2612,2024-01-13,9,106,No
2612_3,2612,2024-01-14,8,21,Yes
2612_4,2612,2024-01-15,12,51,No
2613_0,2613,2024-11-11,8,40,No
2613_1,2613,2024-11-12,6,91,Yes
2613_2,2613,2024-11-13,13,100,No
2613_3,2613,2024-11-14,10,72,No
2614_0,2614,2024-12-09,11,87,No
2615_0,2615,2024-09-22,10,119,No
2615_1,2615,2024-09-23,3,31,Yes
2615_2,2615,2024-09-24,5,58,No
2616_0,2616,2024-09-17,2,58,No
2617_0,2617,2024-08-09,3,83,No
2617_1,2617,2024-08-10,1,80,Yes
2617_2,2617,2024-08-11,4,98,No
2617_3,2617,2024-08-12,6,41,No
2618_0,2618,2024-08-02,13,93,No
2618_1,2618,2024-08-03,4,100,No
2619_0,2619,2024-12-31,7,20,No
2619_1,2619,2025-01-01,14,7,No
2619_2,2619,2025-01-02,14,47,No
2620_0,2620,2024-01-10,1,95,No
2620_1,2620,2024-01-11,11,31,No
2620_2,2620,2024-01-12,11,32,No
2620_3,2620,2024-01-13,1,26,No
2621_0,2621,2024-08-27,6,12,No
2621_1,2621,2024-08-28,4,24,Yes
2621_2,2621,2024-08-29,2,14,No
2622_0,2622,2024-03-30,10,11,Yes
2622_1,2622,2024-03-31,2,36,Yes
2622_2,2622,2024-04-01,10,46,No
2623_0,2623,2024-01-07,10,9,No
2624_0,2624,2024-07-17,14,4,Yes
2624_1,2624,2024-07-18,15,102,No
2624_2,2624,2024-07-19,14,92,Yes
2624_3,2624,2024-07-20,5,24,No
2625_0,2625,2024-02-01,5,120,Yes
2625_1,2625,2024-02-02,1,82,Yes
2625_2,2625,2024-02-03,9,103,No
2625_3,2625,2024-02-04,5,29,No
2626_0,2626,2024-02-27,15,19,No
2626_1,2626,2024-02-28,3,72,No
2627_0,2627,2024-10-12,14,76,No
2627_1,2627,2024-10-13,13,90,Yes
2627_2,2627,2024-10-14,13,53,No
2627_3,2627,2024-10-15,8,54,Yes
2627_4,2627,2024-10-16,11,84,Yes
2628_0,2628,2024-05-01,15,119,No
2629_0,2629,2024-12-18,13,103,No
2629_1,2629,2024-12-19,15,55,No
2629_2,2629,2024-12-20,13,103,Yes
2629_3,2629,2024-12-21,14,3,No
2630_0,2630,2024-02-25,1,9,Yes
2630_1,2630,2024-02-26,8,35,No
2630_2,2630,2024-02-27,3,11,No
2630_3,2630,2024-02-28,10,109,No
2630_4,2630,2024-02-29,8,46,No
2631_0,2631,2024-11-26,11,30,No
2632_0,2632,2024-04-24,5,117,Yes
2632_1,2632,2024-04-25,3,7,No
2632_2,2632,2024-04-26,2,114,Yes
2632_3,2632,2024-04-27,1,100,No
2633_0,2633,2024-03-12,11,61,No
2633_1,2633,2024-03-13,6,58,Yes
2633_2,2633,2024-03-14,13,88,No
2634_0,2634,2024-04-25,10,119,No
2634_1,2634,2024-04-26,6,80,Yes
2634_2,2634,2024-04-27,8,8,No
2635_0,2635,2024-05-17,2,10,Yes
2636_0,2636,2024-01-08,5,49,No
2637_0,2637,2024-11-05,12,96,No
2637_1,2637,2024-11-06,12,7,Yes
2637_2,2637,2024-11-07,12,95,Yes
2637_3,2637,2024-11-08,3,61,No
2638_0,2638,2024-02-01,8,1,No
2638_1,2638,2024-02-02,11,73,No
2638_2,2638,2024-02-03,9,110,No
2638_3,2638,2024-02-04,14,5,No
2639_0,2639,2024-09-06,6,48,No
2639_1,2639,2024-09-07,1,71,Yes
2639_2,2639,2024-09-08,2,66,No
2640_0,2640,2024-06-17,9,87,No
2640_1,2640,2024-06-18,13,102,Yes
2640_2,2640,2024-06-19,4,50,No
2640_3,2640,2024-06-20,15,18,No
2641_0,2641,2024-07-29,1,66,No
2641_1,2641,2024-07-30,8,107,Yes
2641_2,2641,2024-07-31,2,49,Yes
2641_3,2641,2024-08-01,7,81,Yes
2641_4,2641,2024-08-02,10,50,Yes
2642_0,2642,2024-02-16,2,74,No
2642_1,2642,2024-02-17,1,28,Yes
2643_0,2643,2024-07-18,12,6,No
2643_1,2643,2024-07-19,15,9,No
2643_2,2643,2024-07-20,7,66,Yes
2643_3,2643,2024-07-21,12,72,No
2644_0,2644,2024-08-10,8,114,Yes
2644_1,2644,2024-08-11,9,51,No
2645_0,2645,2024-02-14,13,79,Yes
2645_1,2645,2024-02-15,4,49,Yes
2645_2,2645,2024-02-16,11,48,Yes
2646_0,2646,2024-10-21,5,89,Yes
2646_1,2646,2024-10-22,3,36,No
2647_0,2647,2024-11-21,10,54,No
2647_1,2647,2024-11-22,14,105,No
2647_2,2647,2024-11-23,8,111,No
2647_3,2647,2024-11-24,1,52,No
2648_0,2648,2024-11-27,6,106,No
2649_0,2649,2024-06-22,7,103,No
2649_1,2649,2024-06-23,8,36,Yes
2650_0,2650,2024-04-14,8,120,No
2650_1,2650,2024-04-15,15,118,No
2650_2,2650,2024-04-16,2,31,No
2651_0,2651,2024-11-30,5,10,Yes
2652_0,2652,2024-07-31,15,80,Yes
2652_1,2652,2024-08-01,2,119,No
2652_2,2652,2024-08-02,7,91,No
2653_0,2653,2024-03-05,11,54,Yes
2654_0,2654,2024-07-16,9,115,No
2654_1,2654,2024-07-17,2,33,No
2655_0,2655,2024-12-11,3,49,No
2656_0,2656,2024-07-26,6,119,No
2657_0,2657,2024-07-20,14,75,No
2657_1,2657,2024-07-21,7,51,No
2657_2,2657,2024-07-22,7,116,Yes
2657_3,2657,2024-07-23,11,85,Yes
2657_4,2657,2024-07-24,15,17,Yes
2658_0,2658,2024-01-09,6,86,Yes
2658_1,2658,2024-01-10,2,45,Yes
2658_2,2658,2024-01-11,2,40,No
2659_0,2659,2024-12-23,6,86,No
2660_0,2660,2024-01-14,7,73,No
2660_1,2660,2024-01-15,11,35,Yes
2661_0,2661,2024-08-04,12,107,No
2661_1,2661,2024-08-05,11,21,No
2661_2,2661,2024-08-06,9,6,No
2661_3,2661,2024-08-07,1,118,No
2661_4,2661,2024-08-08,2,101,No
2662_0,2662,2024-09-17,4,54,No
2663_0,2663,2024-12-10,14,9,No
2663_1,2663,2024-12-11,8,70,No
2663_2,2663,2024-12-12,12,54,No
2663_3,2663,2024-12-13,4,115,Yes
2663_4,2663,2024-12-14,7,79,Yes
2664_0,2664,2024-09-20,10,99,No
2665_0,2665,2024-08-01,7,108,No
2665_1,2665,2024-08-02,14,96,Yes
2665_2,2665,2024-08-03,12,44,No
2666_0,2666,2024-02-21,2,39,No
2666_1,2666,2024-02-22,12,30,No
2666_2,2666,2024-02-23,14,6,No
2666_3,2666,2024-02-24,9,35,Yes
2666_4,2666,2024-02-25,11,101,No
2667_0,2667,2024-07-26,9,108,Yes
2667_1,2667,2024-07-27,8,34,No
2667_2,2667,2024-07-28,13,72,No
2668_0,2668,2024-10-28,5,81,No
2668_1,2668,2024-10-29,5,115,Yes
2668_2,2668,2024-10-30,8,2,Yes
2668_3,2668,2024-10-31,6,6,Yes
2668_4,2668,2024-11-01,11,50,No
2669_0,2669,2024-02-13,13,100,No
2670_0,2670,2024-11-27,11,81,No
2671_0,2671,2024-04-10,1,108,No
2671_1,2671,2024-04-11,3,52,No
2671_2,2671,2024-04-12,10,13,No
2671_3,2671,2024-04-13,1,105,Yes
2672_0,2672,2024-11-04,2,76,Yes
2672_1,2672,2024-11-05,9,63,Yes
2672_2,2672,2024-11-06,15,50,No
2672_3,2672,2024-11-07,5,41,No
2672_4,2672,2024-11-08,15,92,No
2673_0,2673,2024-01-26,8,97,No
2673_1,2673,2024-01-27,6,99,No
2673_2,2673,2024-01-28,3,22,No
2673_3,2673,2024-01-29,15,105,Yes
2673_4,2673,2024-01-30,1,116,No
2674_0,2674,2024-07-06,14,67,No
2674_1,2674,2024-07-07,2,16,Yes
2674_2,2674,2024-07-08,4,87,No
2674_3,2674,2024-07-09,12,15,No
2675_0,2675,2024-10-01,8,88,No
2675_1,2675,2024-10-02,4,23,No
2676_0,2676,2024-09-01,6,87,Yes
2677_0,2677,2024-12-26,1,23,No
2677_1,2677,2024-12-27,5,71,No
2677_2,2677,2024-12-28,7,118,Yes
2677_3,2677,2024-12-29,10,98,Yes
2678_0,2678,2024-11-21,8,105,No
2678_1,2678,2024-11-22,13,95,No
2678_2,2678,2024-11-23,8,16,No
2679_0,2679,2024-12-12,12,85,No
2679_1,2679,2024-12-13,9,26,No
2679_2,2679,2024-12-14,11,112,No
2679_3,2679,2024-12-15,14,97,Yes
2680_0,2680,2024-11-15,12,45,No
2680_1,2680,2024-11-16,6,35,No
2681_0,2681,2024-04-15,2,30,No
2682_0,2682,2024-01-22,5,30,No
2682_1,2682,2024-01-23,9,66,No
2683_0,2683,2024-06-13,1,19,Yes
2683_1,2683,2024-06-14,14,61,Yes
2683_2,2683,2024-06-15,2,59,No
2684_0,2684,2024-12-04,15,30,No
2685_0,2685,2024-06-25,5,65,No
2685_1,2685,2024-06-26,3,102,Yes
2685_2,2685,2024-06-27,5,49,No
2686_0,2686,2024-01-07,12,71,No
2686_1,2686,2024-01-08,1,113,No
2686_2,2686,2024-01-09,1,101,No
2686_3,2686,2024-01-10,11,13,No
2687_0,2687,2024-09-09,2,38,Yes
2687_1,2687,2024-09-10,7,114,No
2687_2,2687,2024-09-11,7,83,No
2687_3,2687,2024-09-12,4,31,No
2687_4,2687,2024-09-13,5,58,No
2688_0,2688,2024-02-18,3,78,No
2688_1,2688,2024-02-19,12,57,Yes
2688_2,2688,2024-02-20,14,102,No
2688_3,2688,2024-02-21,1,2,No
2688_4,2688,2024-02-22,8,2,Yes
2689_0,2689,2024-10-08,4,83,Yes
2690_0,2690,2024-09-02,14,52,No
2690_1,2690,2024-09-03,7,77,Yes
2690_2,2690,2024-09-04,8,117,No
2690_3,2690,2024-09-05,3,67,No
2690_4,2690,2024-09-06,3,32,No
2691_0,2691,2024-05-30,8,23,No
2691_1,2691,2024-05-31,9,119,No
2691_2,2691,2024-06-01,3,63,No
2691_3,2691,2024-06-02,14,12,No
2692_0,2692,2024-01-31,8,98,No
2692_1,2692,2024-02-01,1,101,No
2692_2,2692,2024-02-02,14,51,Yes
2692_3,2692,2024-02-03,7,114,Yes
2692_4,2692,2024-02-04,12,21,No
2693_0,2693,2024-10-10,2,51,No
2694_0,2694,2024-07-17,11,116,No
2694_1,2694,2024-07-18,8,87,Yes
2695_0,2695,2024-11-12,7,105,No
2695_1,2695,2024-11-13,5,39,No
2695_2,2695,2024-11-14,11,22,No
2695_3,2695,2024-11-15,11,102,Yes
2695_4,2695,2024-11-16,6,67,No
2696_0,2696,2024-02-01,15,29,Yes
2696_1,2696,2024-02-02,1,80,No
2696_2,2696,2024-02-03,6,37,No
2697_0,2697,2024-01-19,4,104,No
2698_0,2698,2024-02-02,5,100,No
2698_1,2698,2024-02-03,15,19,No
2698_2,2698,2024-02-04,4,15,Yes
2698_3,2698,2024-02-05,8,48,No
2698_4,2698,2024-02-06,8,78,Yes
2699_0,2699,2024-06-28,5,88,Yes
2699_1,2699,2024-06-29,11,25,No
2699_2,2699,2024-06-30,5,10,Yes
2700_0,2700,2024-08-22,3,105,No
2700_1,2700,2024-08-23,7,9,Yes
2700_2,2700,2024-08-24,10,96,No
2700_3,2700,2024-08-25,4,34,No
2700_4,2700,2024-08-26,13,56,Yes
2701_0,2701,2024-08-19,13,111,No
2701_1,2701,2024-08-20,4,56,Yes
2701_2,2701,2024-08-21,15,7,No
2701_3,2701,2024-08-22,9,62,No
2702_0,2702,2024-11-19,2,39,No
2702_1,2702,2024-11-20,12,5,Yes
2703_0,2703,2024-10-13,4,39,Yes
2703_1,2703,2024-10-14,7,38,Yes
2703_2,2703,2024-10-15,11,111,Yes
2703_3,2703,2024-10-16,8,33,No
2703_4,2703,2024-10-17,15,46,No
2704_0,2704,2024-09-13,11,22,No
2705_0,2705,2024-07-04,3,26,No
2705_1,2705,2024-07-05,3,80,No
2705_2,2705,2024-07-06,11,77,Yes
2705_3,2705,2024-07-07,3,25,Yes
2706_0,2706,2024-02-04,5,47,No
2706_1,2706,2024-02-05,10,1,No
2707_0,2707,2024-07-01,6,22,No
2707_1,2707,2024-07-02,10,60,Yes
2707_2,2707,2024-07-03,6,26,No
2707_3,2707,2024-07-04,5,33,No
2708_0,2708,2024-02-14,6,44,No
2709_0,2709,2024-04-20,1,74,No
2710_0,2710,2024-12-10,13,26,Yes
2710_1,2710,2024-12-11,12,38,No
2710_2,2710,2024-12-12,15,83,No
2710_3,2710,2024-12-13,7,7,No
2711_0,2711,2024-02-24,2,4,No
2711_1,2711,2024-02-25,11,77,Yes
2711_2,2711,2024-02-26,4,25,No
2711_3,2711,2024-02-27,7,101,No
2712_0,2712,2024-07-27,5,97,No
2712_1,2712,2024-07-28,11,41,No
2712_2,2712,2024-07-29,7,71,No
2712_3,2712,2024-07-30,3,59,No
2713_0,2713,2024-11-30,7,10,Yes
2713_1,2713,2024-12-01,9,82,No
2713_2,2713,2024-12-02,5,91,No
2713_3,2713,2024-12-03,11,113,No
2713_4,2713,2024-12-04,9,19,No
2714_0,2714,2024-11-25,14,13,No
2715_0,2715,2024-12-05,10,75,No
2715_1,2715,2024-12-06,2,77,No
2716_0,2716,2024-08-14,15,53,No
2716_1,2716,2024-08-15,6,20,Yes
2716_2,2716,2024-08-16,14,19,Yes
2716_3,2716,2024-08-17,13,34,Yes
2716_4,2716,2024-08-18,1,113,No
2717_0,2717,2024-12-13,1,56,Yes
2717_1,2717,2024-12-14,15,65,Yes
2717_2,2717,2024-12-15,10,96,No
2717_3,2717,2024-12-16,4,48,Yes
2718_0,2718,2024-02-13,4,99,Yes
2718_1,2718,2024-02-14,4,51,No
2718_2,2718,2024-02-15,9,58,No
2719_0,2719,2024-11-03,14,111,No
2719_1,2719,2024-11-04,14,81,No
2720_0,2720,2024-11-22,12,36,No
2720_1,2720,2024-11-23,10,41,No
2720_2,2720,2024-11-24,1,35,Yes
2720_3,2720,2024-11-25,14,72,No
2720_4,2720,2024-11-26,13,69,No
2721_0,2721,2024-03-13,1,96,No
2722_0,2722,2024-06-01,3,94,No
2723_0,2723,2024-01-24,14,49,No
2723_1,2723,2024-01-25,4,71,No
2723_2,2723,2024-01-26,12,11,No
2723_3,2723,2024-01-27,15,15,No
2723_4,2723,2024-01-28,11,115,No
2724_0,2724,2024-06-24,9,31,No
2724_1,2724,2024-06-25,12,111,No
2724_2,2724,2024-06-26,6,61,No
2724_3,2724,2024-06-27,10,46,No
2724_4,2724,2024-06-28,3,117,No
2725_0,2725,2024-11-08,2,81,Yes
2725_1,2725,2024-11-09,14,53,No
2726_0,2726,2024-03-27,6,76,No
2726_1,2726,2024-03-28,13,55,No
2726_2,2726,2024-03-29,4,46,No
2726_3,2726,2024-03-30,12,18,Yes
2726_4,2726,2024-03-31,6,20,No
2727_0,2727,2024-07-11,10,66,No
2728_0,2728,2024-12-28,7,76,No
2728_1,2728,2024-12-29,1,45,Yes
2729_0,2729,2024-05-20,8,68,No
2729_1,2729,2024-05-21,9,117,No
2729_2,2729,2024-05-22,13,104,No
2730_0,2730,2024-06-16,10,68,No
2730_1,2730,2024-06-17,5,68,No
2730_2,2730,2024-06-18,3,77,Yes
2730_3,2730,2024-06-19,1,118,No
2731_0,2731,2024-08-11,9,105,No
2731_1,2731,2024-08-12,14,31,No
2732_0,2732,2024-12-16,13,35,No
2732_1,2732,2024-12-17,13,25,No
2732_2,2732,2024-12-18,14,62,No
2732_3,2732,2024-12-19,12,8,No
2733_0,2733,2024-10-25,4,47,No
2733_1,2733,2024-10-26,5,3,Yes
2734_0,2734,2024-08-26,12,27,Yes
2734_1,2734,2024-08-27,14,85,Yes
2735_0,2735,2024-02-02,15,80,No
2736_0,2736,2024-06-19,12,58,No
2737_0,2737,2024-06-07,8,87,No
2738_0,2738,2024-09-14,5,42,No
2739_0,2739,2024-09-28,6,88,Yes
2739_1,2739,2024-09-29,1,71,No
2739_2,2739,2024-09-30,2,111,No
2739_3,2739,2024-10-01,12,90,No
2739_4,2739,2024-10-02,8,85,No
2740_0,2740,2024-11-17,14,17,No
2740_1,2740,2024-11-18,13,104,Yes
2740_2,2740,2024-11-19,6,104,No
2741_0,2741,2024-02-05,1,16,No
2741_1,2741,2024-02-06,7,29,No
2742_0,2742,2024-03-18,4,98,No
2742_1,2742,2024-03-19,8,105,No
2742_2,2742,2024-03-20,6,3,No
2742_3,2742,2024-03-21,14,75,No
2743_0,2743,2024-05-18,2,57,Yes
2743_1,2743,2024-05-19,14,86,No
2743_2,2743,2024-05-20,14,75,Yes
2744_0,2744,2024-10-15,15,47,Yes
2744_1,2744,2024-10-16,1,67,No
2744_2,2744,2024-10-17,2,71,No
2745_0,2745,2024-07-15,4,7,Yes
2745_1,2745,2024-07-16,7,107,No
2745_2,2745,2024-07-17,4,97,No
2745_3,2745,2024-07-18,2,21,No
2746_0,2746,2024-09-22,12,9,Yes
2746_1,2746,2024-09-23,12,108,Yes
2747_0,2747,2024-10-18,6,102,Yes
2747_1,2747,2024-10-19,15,43,No
2747_2,2747,2024-10-20,1,100,No
2747_3,2747,2024-10-21,5,97,No
2747_4,2747,2024-10-22,9,47,No
2748_0,2748,2024-04-26,14,73,Yes
2748_1,2748,2024-04-27,2,26,No
2748_2,2748,2024-04-28,2,27,No
2748_3,2748,2024-04-29,12,46,No
2748_4,2748,2024-04-30,13,5,No
2749_0,2749,2024-09-02,4,66,Yes
2749_1,2749,2024-09-03,15,56,No
2749_2,2749,2024-09-04,15,35,No
2750_0,2750,2024-06-03,10,75,No
2750_1,2750,2024-06-04,15,40,No
2751_0,2751,2024-09-06,1,56,No
2751_1,2751,2024-09-07,3,90,No
2751_2,2751,2024-09-08,8,104,No
2751_3,2751,2024-09-09,8,76,Yes
2752_0,2752,2024-06-20,2,85,Yes
2753_0,2753,2024-11-12,14,44,Yes
2753_1,2753,2024-11-13,13,114,Yes
2753_2,2753,2024-11-14,7,105,No
2754_0,2754,2024-10-04,2,48,No
2754_1,2754,2024-10-05,14,101,No
2754_2,2754,2024-10-06,4,41,No
2755_0,2755,2024-07-01,14,26,Yes
2755_1,2755,2024-07-02,4,53,No
2756_0,2756,2024-04-05,12,27,No
2756_1,2756,2024-04-06,9,74,No
2756_2,2756,2024-04-07,9,78,No
2756_3,2756,2024-04-08,2,113,No
2756_4,2756,2024-04-09,10,68,Yes
2757_0,2757,2024-03-13,9,101,No
2757_1,2757,2024-03-14,11,92,No
2757_2,2757,2024-03-15,2,96,No
2758_0,2758,2024-04-15,12,14,Yes
2759_0,2759,2024-03-21,15,98,No
2759_1,2759,2024-03-22,11,112,No
2759_2,2759,2024-03-23,7,54,Yes
2760_0,2760,2024-07-20,15,9,Yes
2760_1,2760,2024-07-21,9,72,Yes
2760_2,2760,2024-07-22,5,14,Yes
2761_0,2761,2024-03-11,3,92,No
2761_1,2761,2024-03-12,15,92,Yes
2761_2,2761,2024-03-13,15,58,No
2762_0,2762,2024-09-18,13,56,No
2763_0,2763,2024-01-08,6,55,Yes
2763_1,2763,2024-01-09,15,102,Yes
2764_0,2764,2024-04-04,4,30,No
2765_0,2765,2024-11-09,13,10,No
2766_0,2766,2024-10-14,3,103,No
2766_1,2766,2024-10-15,15,66,No
2766_2,2766,2024-10-16,7,115,Yes
2767_0,2767,2024-12-21,12,50,No
2767_1,2767,2024-12-22,7,81,No
2767_2,2767,2024-12-23,13,116,Yes
2768_0,2768,2024-12-15,15,50,No
2769_0,2769,2024-02-29,2,13,Yes
2769_1,2769,2024-03-01,13,64,No
2769_2,2769,2024-03-02,14,12,No
2770_0,2770,2024-03-14,5,19,Yes
2771_0,2771,2024-09-14,13,17,No
2771_1,2771,2024-09-15,8,28,Yes
2771_2,2771,2024-09-16,15,23,Yes
2771_3,2771,2024-09-17,5,109,No
2771_4,2771,2024-09-18,1,102,Yes
2772_0,2772,2024-06-11,5,62,Yes
2772_1,2772,2024-06-12,6,98,No
2772_2,2772,2024-06-13,3,21,Yes
2773_0,2773,2024-01-03,8,23,No
2774_0,2774,2024-12-09,11,4,Yes
2774_1,2774,2024-12-10,10,19,Yes
2774_2,2774,2024-12-11,7,80,No
2774_3,2774,2024-12-12,15,8,Yes
2774_4,2774,2024-12-13,7,95,Yes
2775_0,2775,2024-08-21,14,42,No
2776_0,2776,2024-10-26,6,119,Yes
2776_1,2776,2024-10-27,10,35,Yes
2776_2,2776,2024-10-28,15,18,No
2776_3,2776,2024-10-29,14,57,No
2776_4,2776,2024-10-30,9,11,Yes
2777_0,2777,2024-05-16,1,44,No
2777_1,2777,2024-05-17,3,111,No
2777_2,2777,2024-05-18,3,66,No
2777_3,2777,2024-05-19,12,105,No
2778_0,2778,2024-05-28,2,41,No
2778_1,2778,2024-05-29,5,109,No
2778_2,2778,2024-05-30,5,19,No
2779_0,2779,2024-05-26,5,74,No
2779_1,2779,2024-05-27,4,91,No
2779_2,2779,2024-05-28,2,72,Yes
2779_3,2779,2024-05-29,15,37,Yes
2779_4,2779,2024-05-30,4,108,Yes
2780_0,2780,2024-03-01,14,75,No
2780_1,2780,2024-03-02,5,114,No
2781_0,2781,2024-05-22,4,109,Yes
2781_1,2781,2024-05-23,9,3,No
2781_2,2781,2024-05-24,12,50,No
2781_3,2781,2024-05-25,1,5,Yes
2781_4,2781,2024-05-26,12,4,No
2782_0,2782,2024-01-22,1,32,No
2782_1,2782,2024-01-23,13,65,No
2782_2,2782,2024-01-24,3,39,No
2782_3,2782,2024-01-25,11,105,No
2783_0,2783,2024-06-05,1,116,Yes
2784_0,2784,2024-12-23,15,76,No
2784_1,2784,2024-12-24,12,9,No
2785_0,2785,2024-08-27,7,54,No
2785_1,2785,2024-08-28,10,88,No
2786_0,2786,2024-07-06,2,92,No
2786_1,2786,2024-07-07,6,57,Yes
2786_2,2786,2024-07-08,5,110,Yes
2787_0,2787,2024-07-27,9,83,No
2787_1,2787,2024-07-28,6,60,No
2787_2,2787,2024-07-29,7,19,No
2787_3,2787,2024-07-30,13,64,No
2787_4,2787,2024-07-31,12,63,No
2788_0,2788,2024-08-25,14,97,No
2788_1,2788,2024-08-26,9,68,No
2789_0,2789,2024-08-13,10,12,Yes
2789_1,2789,2024-08-14,1,120,Yes
2790_0,2790,2024-08-20,4,109,No
2790_1,2790,2024-08-21,5,45,Yes
2791_0,2791,2024-06-20,14,8,No
2791_1,2791,2024-06-21,10,101,No
2791_2,2791,2024-06-22,6,91,No
2791_3,2791,2024-06-23,15,53,No
2791_4,2791,2024-06-24,5,118,No
2792_0,2792,2024-11-29,14,42,No
2792_1,2792,2024-11-30,7,35,No
2792_2,2792,2024-12-01,13,60,No
2792_3,2792,2024-12-02,7,115,No
2792_4,2792,2024-12-03,13,37,Yes
2793_0,2793,2024-10-12,8,86,Yes
2793_1,2793,2024-10-13,9,107,Yes
2793_2,2793,2024-10-14,1,36,No
2793_3,2793,2024-10-15,6,75,No
2793_4,2793,2024-10-16,14,86,No
2794_0,2794,2024-01-19,15,93,Yes
2795_0,2795,2024-09-20,2,75,No
2795_1,2795,2024-09-21,8,49,No
2796_0,2796,2024-07-23,12,25,No
2797_0,2797,2024-04-12,12,93,No
2797_1,2797,2024-04-13,4,67,Yes
2798_0,2798,2024-01-23,1,27,No
2798_1,2798,2024-01-24,3,91,No
2798_2,2798,2024-01-25,9,83,Yes
2798_3,2798,2024-01-26,4,99,No
2799_0,2799,2024-09-15,14,68,No
2799_1,2799,2024-09-16,12,56,No
2799_2,2799,2024-09-17,5,108,No
2799_3,2799,2024-09-18,3,82,No
2799_4,2799,2024-09-19,4,40,No
2800_0,2800,2024-09-12,11,66,No
2800_1,2800,2024-09-13,1,115,No
2800_2,2800,2024-09-14,12,75,No
2801_0,2801,2024-02-03,14,110,No
2801_1,2801,2024-02-04,12,110,No
2801_2,2801,2024-02-05,10,37,Yes
2802_0,2802,2024-04-13,2,99,No
2802_1,2802,2024-04-14,4,73,No
2802_2,2802,2024-04-15,5,6,No
2802_3,2802,2024-04-16,1,31,No
2803_0,2803,2024-05-16,1,2,Yes
2803_1,2803,2024-05-17,3,95,No
2803_2,2803,2024-05-18,14,106,No
2803_3,2803,2024-05-19,2,15,No
2804_0,2804,2024-09-24,5,6,No
2804_1,2804,2024-09-25,10,117,No
2804_2,2804,2024-09-26,7,59,No
2805_0,2805,2024-04-29,9,62,Yes
2805_1,2805,2024-04-30,13,57,No
2805_2,2805,2024-05-01,1,91,No
2805_3,2805,2024-05-02,6,65,Yes
2805_4,2805,2024-05-03,14,56,No
2806_0,2806,2024-07-15,7,103,Yes
2806_1,2806,2024-07-16,11,18,Yes
2806_2,2806,2024-07-17,1,98,No
2806_3,2806,2024-07-18,9,118,No
2806_4,2806,2024-07-19,5,13,No
2807_0,2807,2024-04-30,1,7,No
2807_1,2807,2024-05-01,15,60,No
2807_2,2807,2024-05-02,5,65,No
2807_3,2807,2024-05-03,12,78,No
2807_4,2807,2024-05-04,8,68,No
2808_0,2808,2024-06-19,11,12,Yes
2808_1,2808,2024-06-20,6,74,No
2808_2,2808,2024-06-21,1,76,Yes
2808_3,2808,2024-06-22,13,16,Yes
2808_4,2808,2024-06-23,14,117,No
2809_0,2809,2024-06-23,10,116,No
2809_1,2809,2024-06-24,6,88,No
2809_2,2809,2024-06-25,3,66,No
2810_0,2810,2024-09-23,15,20,No
2810_1,2810,2024-09-24,9,46,No
2810_2,2810,2024-09-25,15,91,No
2810_3,2810,2024-09-26,5,5,No
2811_0,2811,2024-10-29,4,1,No
2812_0,2812,2024-07-21,4,71,No
2812_1,2812,2024-07-22,8,63,Yes
2812_2,2812,2024-07-23,13,108,Yes
2812_3,2812,2024-07-24,14,117,Yes
2812_4,2812,2024-07-25,6,80,No
2813_0,2813,2024-02-05,5,81,Yes
2813_1,2813,2024-02-06,5,45,No
2814_0,2814,2024-02-27,13,6,Yes
2814_1,2814,2024-02-28,10,6,Yes
2814_2,2814,2024-02-29,2,91,No
2814_3,2814,2024-03-01,3,113,No
2814_4,2814,2024-03-02,14,89,No
2815_0,2815,2024-09-14,11,71,Yes
2815_1,2815,2024-09-15,2,10,No
2815_2,2815,2024-09-16,8,87,No
2815_3,2815,2024-09-17,5,114,No
2816_0,2816,2024-02-11,11,113,No
2817_0,2817,2024-11-08,4,4,No
2817_1,2817,2024-11-09,4,88,No
2818_0,2818,2024-10-28,8,26,No
2818_1,2818,2024-10-29,12,90,No
2819_0,2819,2024-12-22,12,14,No
2819_1,2819,2024-12-23,5,109,No
2819_2,2819,2024-12-24,9,52,No
2819_3,2819,2024-12-25,8,33,No
2819_4,2819,2024-12-26,14,66,No
2820_0,2820,2024-08-14,2,54,Yes
2820_1,2820,2024-08-15,13,33,No
2820_2,2820,2024-08-16,4,47,No
2820_3,2820,2024-08-17,10,117,No
2820_4,2820,2024-08-18,8,109,No
2821_0,2821,2024-11-15,10,53,No
2822_0,2822,2024-06-12,6,96,No
2823_0,2823,2024-11-01,12,108,No
2823_1,2823,2024-11-02,1,18,No
2823_2,2823,2024-11-03,11,77,No
2823_3,2823,2024-11-04,12,27,Yes
2823_4,2823,2024-11-05,3,40,Yes
2824_0,2824,2024-12-12,11,23,No
2825_0,2825,2024-08-29,6,120,No
2825_1,2825,2024-08-30,3,39,Yes
2825_2,2825,2024-08-31,11,8,No
2825_3,2825,2024-09-01,4,21,No
2825_4,2825,2024-09-02,13,86,No
2826_0,2826,2024-12-04,3,58,Yes
2826_1,2826,2024-12-05,8,20,No
2826_2,2826,2024-12-06,3,43,No
2826_3,2826,2024-12-07,3,54,No
2827_0,2827,2024-02-26,10,18,No
2828_0,2828,2024-01-23,14,69,No
2829_0,2829,2024-01-26,12,79,No
2829_1,2829,2024-01-27,5,102,No
2829_2,2829,2024-01-28,12,108,No
2829_3,2829,2024-01-29,9,18,No
2830_0,2830,2024-08-19,14,70,No
2830_1,2830,2024-08-20,12,79,Yes
2830_2,2830,2024-08-21,7,81,Yes
2831_0,2831,2024-05-28,10,67,Yes
2831_1,2831,2024-05-29,6,7,No
2831_2,2831,2024-05-30,9,3,Yes
2831_3,2831,2024-05-31,15,87,Yes
2831_4,2831,2024-06-01,3,35,Yes
2832_0,2832,2024-06-22,3,63,No
2832_1,2832,2024-06-23,15,9,No
2832_2,2832,2024-06-24,7,79,No
2832_3,2832,2024-06-25,3,102,No
2832_4,2832,2024-06-26,8,30,No
2833_0,2833,2024-01-08,4,110,No
2834_0,2834,2024-03-30,10,1,No
2835_0,2835,2024-12-12,15,37,No
2836_0,2836,2024-02-16,5,98,No
2837_0,2837,2024-01-27,15,107,No
2837_1,2837,2024-01-28,5,114,No
2837_2,2837,2024-01-29,12,104,No
2837_3,2837,2024-01-30,14,23,No
2837_4,2837,2024-01-31,7,81,Yes
2838_0,2838,2024-05-30,1,98,No
2838_1,2838,2024-05-31,12,89,No
2839_0,2839,2024-08-02,1,77,No
2839_1,2839,2024-08-03,14,82,No
2839_2,2839,2024-08-04,1,31,No
2840_0,2840,2024-09-26,13,109,No
2840_1,2840,2024-09-27,4,108,No
2840_2,2840,2024-09-28,15,43,Yes
2841_0,2841,2024-04-05,2,107,Yes
2841_1,2841,2024-04-06,5,3,No
2841_2,2841,2024-04-07,10,52,No
2841_3,2841,2024-04-08,10,75,No
2842_0,2842,2024-10-06,1,31,No
2842_1,2842,2024-10-07,7,27,No
2842_2,2842,2024-10-08,1,30,No
2842_3,2842,2024-10-09,2,104,No
2843_0,2843,2024-07-03,7,27,Yes
2843_1,2843,2024-07-04,4,30,No
2843_2,2843,2024-07-05,8,117,No
2844_0,2844,2024-09-15,6,77,No
2844_1,2844,2024-09-16,6,120,No
2845_0,2845,2024-03-15,12,100,No
2846_0,2846,2024-10-29,2,42,No
2847_0,2847,2024-10-23,3,98,No
2847_1,2847,2024-10-24,12,22,Yes
2848_0,2848,2024-11-12,14,86,No
2848_1,2848,2024-11-13,14,100,No
2849_0,2849,2024-04-10,13,97,No
2849_1,2849,2024-04-11,2,6,Yes
2849_2,2849,2024-04-12,4,108,No
2849_3,2849,2024-04-13,9,28,Yes
2849_4,2849,2024-04-14,1,109,Yes
2850_0,2850,2024-07-05,14,93,Yes
2851_0,2851,2024-11-23,8,9,No
2851_1,2851,2024-11-24,3,81,Yes
2851_2,2851,2024-11-25,11,70,No
2851_3,2851,2024-11-26,2,119,No
2851_4,2851,2024-11-27,8,53,No
2852_0,2852,2024-12-30,7,94,Yes
2852_1,2852,2024-12-31,11,16,No
2853_0,2853,2024-06-09,14,120,No
2853_1,2853,2024-06-10,1,100,No
2854_0,2854,2024-04-20,8,71,No
2854_1,2854,2024-04-21,4,35,Yes
2855_0,2855,2024-03-14,14,35,No
2856_0,2856,2024-08-21,11,26,No
2856_1,2856,2024-08-22,1,37,No
2857_0,2857,2024-06-13,15,48,Yes
2857_1,2857,2024-06-14,10,37,Yes
2857_2,2857,2024-06-15,10,116,No
2857_3,2857,2024-06-16,2,15,No
2857_4,2857,2024-06-17,8,112,No
2858_0,2858,2024-01-20,1,96,No
2858_1,2858,2024-01-21,15,31,Yes
2858_2,2858,2024-01-22,10,78,No
2858_3,2858,2024-01-23,9,64,No
2858_4,2858,2024-01-24,1,24,No
2859_0,2859,2024-05-06,5,104,Yes
2859_1,2859,2024-05-07,11,15,No
2859_2,2859,2024-05-08,13,55,Yes
2859_3,2859,2024-05-09,12,39,No
2859_4,2859,2024-05-10,2,6,Yes
2860_0,2860,2024-08-27,3,77,No
2860_1,2860,2024-08-28,5,15,No
2860_2,2860,2024-08-29,6,110,No
2860_3,2860,2024-08-30,5,33,No
2860_4,2860,2024-08-31,1,112,Yes
2861_0,2861,2024-09-05,5,108,No
2861_1,2861,2024-09-06,13,87,Yes
2861_2,2861,2024-09-07,6,31,Yes
2862_0,2862,2024-02-26,9,114,No
2862_1,2862,2024-02-27,10,70,No
2862_2,2862,2024-02-28,2,88,No
2862_3,2862,2024-02-29,14,8,No
2863_0,2863,2024-06-21,5,27,No
2863_1,2863,2024-06-22,3,7,No
2863_2,2863,2024-06-23,15,81,No
2864_0,2864,2024-04-29,4,4,No
2864_1,2864,2024-04-30,8,83,Yes
2865_0,2865,2024-08-09,8,109,No
2865_1,2865,2024-08-10,13,58,No
2865_2,2865,2024-08-11,1,112,No
2866_0,2866,2024-02-07,7,29,Yes
2866_1,2866,2024-02-08,2,8,Yes
2867_0,2867,2024-03-05,15,106,Yes
2867_1,2867,2024-03-06,5,66,No
2868_0,2868,2024-05-28,9,31,No
2868_1,2868,2024-05-29,3,35,No
2869_0,2869,2024-03-15,8,40,No
2869_1,2869,2024-03-16,12,88,No
2870_0,2870,2024-06-30,15,48,No
2870_1,2870,2024-07-01,10,79,No
2871_0,2871,2024-07-09,4,83,No
2871_1,2871,2024-07-10,8,88,No
2871_2,2871,2024-07-11,14,118,No
2871_3,2871,2024-07-12,14,6,No
2871_4,2871,2024-07-13,6,26,No
2872_0,2872,2024-05-04,6,26,Yes
2872_1,2872,2024-05-05,11,75,Yes
2873_0,2873,2024-12-30,4,85,No
2873_1,2873,2024-12-31,11,91,No
2873_2,2873,2025-01-01,8,36,Yes
2874_0,2874,2024-04-08,8,52,No
2874_1,2874,2024-04-09,2,78,No
2874_2,2874,2024-04-10,7,113,No
2874_3,2874,2024-04-11,15,116,No
2875_0,2875,2024-09-26,8,93,No
2875_1,2875,2024-09-27,8,104,No
2875_2,2875,2024-09-28,13,91,No
2875_3,2875,2024-09-29,14,12,No
2876_0,2876,2024-05-08,1,65,Yes
2876_1,2876,2024-05-09,7,25,Yes
2877_0,2877,2024-01-24,7,35,No
2877_1,2877,2024-01-25,7,53,No
2878_0,2878,2024-01-13,9,92,No
2878_1,2878,2024-01-14,2,49,Yes
2878_2,2878,2024-01-15,13,8,Yes
2878_3,2878,2024-01-16,12,76,Yes
2879_0,2879,2024-02-23,14,77,No
2880_0,2880,2024-05-17,14,76,No
2880_1,2880,2024-05-18,14,21,No
2880_2,2880,2024-05-19,3,44,No
2881_0,2881,2024-10-20,1,85,No
2881_1,2881,2024-10-21,6,54,Yes
2881_2,2881,2024-10-22,11,53,No
2882_0,2882,2024-04-15,1,27,No
2882_1,2882,2024-04-16,4,100,Yes
2882_2,2882,2024-04-17,11,36,Yes
2882_3,2882,2024-04-18,14,113,Yes
2883_0,2883,2024-05-26,8,76,Yes
2883_1,2883,2024-05-27,11,92,No
2883_2,2883,2024-05-28,2,69,Yes
2883_3,2883,2024-05-29,7,82,Yes
2883_4,2883,2024-05-30,2,113,Yes
2884_0,2884,2024-06-03,12,41,No
2885_0,2885,2024-03-15,14,101,Yes
2885_1,2885,2024-03-16,2,113,No
2885_2,2885,2024-03-17,2,90,Yes
2885_3,2885,2024-03-18,2,98,Yes
2885_4,2885,2024-03-19,6,119,No
2886_0,2886,2024-08-31,3,71,No
2886_1,2886,2024-09-01,8,45,No
2886_2,2886,2024-09-02,4,98,No
2887_0,2887,2024-10-30,12,113,No
2888_0,2888,2024-05-31,12,115,No
2889_0,2889,2024-01-17,8,83,Yes
2890_0,2890,2024-08-12,10,76,No
2890_1,2890,2024-08-13,12,1,No
2890_2,2890,2024-08-14,7,55,No
2890_3,2890,2024-08-15,6,114,Yes
2890_4,2890,2024-08-16,14,58,No
2891_0,2891,2024-10-18,5,41,No
2891_1,2891,2024-10-19,3,15,No
2891_2,2891,2024-10-20,6,21,No
2891_3,2891,2024-10-21,8,20,No
2892_0,2892,2024-01-17,14,6,No
2892_1,2892,2024-01-18,5,82,No
2892_2,2892,2024-01-19,13,8,No
2893_0,2893,2024-12-01,6,86,No
2894_0,2894,2024-05-15,10,78,No
2894_1,2894,2024-05-16,14,75,No
2895_0,2895,2024-05-16,14,35,No
2895_1,2895,2024-05-17,9,59,Yes
2896_0,2896,2024-01-23,14,118,Yes
2896_1,2896,2024-01-24,6,44,No
2896_2,2896,2024-01-25,3,90,No
2896_3,2896,2024-01-26,15,14,Yes
2896_4,2896,2024-01-27,6,17,No
2897_0,2897,2024-05-10,15,47,No
2897_1,2897,2024-05-11,14,56,Yes
2898_0,2898,2024-08-08,15,78,No
2898_1,2898,2024-08-09,2,66,Yes
2898_2,2898,2024-08-10,11,88,No
2899_0,2899,2024-11-03,6,69,Yes
2899_1,2899,2024-11-04,4,31,Yes
2900_0,2900,2024-08-30,11,25,No
2900_1,2900,2024-08-31,2,101,Yes
2900_2,2900,2024-09-01,11,98,No
2900_3,2900,2024-09-02,9,69,Yes
2901_0,2901,2024-08-04,10,95,No
2901_1,2901,2024-08-05,10,29,Yes
2902_0,2902,2024-03-06,10,92,No
2902_1,2902,2024-03-07,8,21,No
2902_2,2902,2024-03-08,7,4,No
2902_3,2902,2024-03-09,8,73,No
2902_4,2902,2024-03-10,14,117,No
2903_0,2903,2024-05-15,10,119,No
2903_1,2903,2024-05-16,6,20,No
2903_2,2903,2024-05-17,2,90,No
2903_3,2903,2024-05-18,12,4,No
2904_0,2904,2024-10-19,9,68,Yes
2904_1,2904,2024-10-20,13,59,No
2904_2,2904,2024-10-21,13,35,No
2905_0,2905,2024-06-05,7,67,No
2905_1,2905,2024-06-06,15,21,No
2905_2,2905,2024-06-07,7,73,Yes
2905_3,2905,2024-06-08,13,95,Yes
2905_4,2905,2024-06-09,1,43,Yes
2906_0,2906,2024-01-08,3,61,No
2906_1,2906,2024-01-09,11,86,No
2906_2,2906,2024-01-10,9,100,No
2906_3,2906,2024-01-11,12,47,No
2907_0,2907,2024-10-07,5,52,No
2907_1,2907,2024-10-08,12,31,No
2908_0,2908,2024-05-15,3,48,No
2908_1,2908,2024-05-16,14,117,Yes
2908_2,2908,2024-05-17,3,55,Yes
2908_3,2908,2024-05-18,2,38,No
2909_0,2909,2024-04-14,3,14,No
2909_1,2909,2024-04-15,7,43,No
2909_2,2909,2024-04-16,9,80,No
2909_3,2909,2024-04-17,13,58,No
2910_0,2910,2024-07-26,11,13,No
2910_1,2910,2024-07-27,10,34,Yes
2910_2,2910,2024-07-28,4,48,Yes
2910_3,2910,2024-07-29,8,22,No
2911_0,2911,2024-04-07,6,12,No
2912_0,2912,2024-01-16,9,37,Yes
2912_1,2912,2024-01-17,1,104,Yes
2912_2,2912,2024-01-18,11,40,No
2913_0,2913,2024-09-07,11,9,Yes
2914_0,2914,2024-01-15,1,45,No
2915_0,2915,2024-08-19,14,95,Yes
2915_1,2915,2024-08-20,13,107,No
2915_2,2915,2024-08-21,1,64,Yes
2915_3,2915,2024-08-22,10,68,No
2916_0,2916,2024-01-23,3,29,No
2916_1,2916,2024-01-24,15,115,No
2916_2,2916,2024-01-25,2,98,No
2916_3,2916,2024-01-26,14,16,Yes
2917_0,2917,2024-08-03,1,59,No
2917_1,2917,2024-08-04,7,87,No
2918_0,2918,2024-02-23,2,89,No
2918_1,2918,2024-02-24,3,8,No
2918_2,2918,2024-02-25,12,30,No
2918_3,2918,2024-02-26,4,52,No
2918_4,2918,2024-02-27,11,34,No
2919_0,2919,2024-06-08,8,39,No
2919_1,2919,2024-06-09,4,31,No
2919_2,2919,2024-06-10,4,1,No
2919_3,2919,2024-06-11,15,32,No
2919_4,2919,2024-06-12,2,48,No
2920_0,2920,2024-10-21,1,60,Yes
2921_0,2921,2024-02-12,4,77,Yes
2922_0,2922,2024-08-18,14,114,No
2923_0,2923,2024-02-12,10,53,No
2923_1,2923,2024-02-13,5,95,No
2924_0,2924,2024-11-28,4,27,No
2924_1,2924,2024-11-29,5,70,No
2925_0,2925,2024-04-04,14,88,No
2925_1,2925,2024-04-05,6,24,Yes
2925_2,2925,2024-04-06,8,22,No
2925_3,2925,2024-04-07,15,91,No
2926_0,2926,2024-10-04,4,60,No
2927_0,2927,2024-05-09,2,50,No
2927_1,2927,2024-05-10,4,32,No
2927_2,2927,2024-05-11,11,75,No
2928_0,2928,2024-11-09,8,6,No
2928_1,2928,2024-11-10,2,110,Yes
2928_2,2928,2024-11-11,14,86,Yes
2928_3,2928,2024-11-12,13,9,No
2929_0,2929,2024-07-31,10,52,No
2929_1,2929,2024-08-01,7,90,No
2929_2,2929,2024-08-02,11,64,No
2929_3,2929,2024-08-03,6,43,No
2930_0,2930,2024-02-15,12,34,No
2930_1,2930,2024-02-16,10,16,No
2931_0,2931,2024-01-10,5,50,Yes
2932_0,2932,2024-12-28,7,82,Yes
2932_1,2932,2024-12-29,14,28,No
2932_2,2932,2024-12-30,10,93,No
2933_0,2933,2024-01-17,12,30,No
2933_1,2933,2024-01-18,8,33,Yes
2933_2,2933,2024-01-19,8,82,No
2933_3,2933,2024-01-20,5,56,No
2933_4,2933,2024-01-21,1,38,No
2934_0,2934,2024-01-17,4,106,No
2934_1,2934,2024-01-18,8,2,No
2934_2,2934,2024-01-19,12,120,No
2934_3,2934,2024-01-20,7,49,Yes
2934_4,2934,2024-01-21,5,109,No
2935_0,2935,2024-02-09,9,48,Yes
2935_1,2935,2024-02-10,11,120,No
2935_2,2935,2024-02-11,1,48,Yes
2935_3,2935,2024-02-12,14,95,Yes
2935_4,2935,2024-02-13,12,40,No
2936_0,2936,2024-08-07,13,49,No
2936_1,2936,2024-08-08,13,45,No
2936_2,2936,2024-08-09,4,4,Yes
2936_3,2936,2024-08-10,10,69,No
2936_4,2936,2024-08-11,14,32,No
2937_0,2937,2024-11-26,9,3,No
2937_1,2937,2024-11-27,8,10,No
2938_0,2938,2024-04-08,5,83,No
2938_1,2938,2024-04-09,13,110,No
2938_2,2938,2024-04-10,9,73,No
2938_3,2938,2024-04-11,10,93,No
2939_0,2939,2024-10-30,11,82,No
2939_1,2939,2024-10-31,7,71,No
2939_2,2939,2024-11-01,11,112,No
2939_3,2939,2024-11-02,2,115,No
2940_0,2940,2024-06-21,12,83,No
2941_0,2941,2024-08-29,10,82,Yes
2941_1,2941,2024-08-30,5,74,Yes
2941_2,2941,2024-08-31,4,80,No
2941_3,2941,2024-09-01,5,32,No
2942_0,2942,2024-03-11,10,56,Yes
2943_0,2943,2024-02-24,12,56,No
2944_0,2944,2024-03-14,14,25,No
2944_1,2944,2024-03-15,2,119,No
2944_2,2944,2024-03-16,4,74,No
2944_3,2944,2024-03-17,10,78,Yes
2945_0,2945,2024-04-12,8,24,Yes
2945_1,2945,2024-04-13,12,63,No
2946_0,2946,2024-02-01,7,38,No
2946_1,2946,2024-02-02,14,15,No
2946_2,2946,2024-02-03,5,99,No
2946_3,2946,2024-02-04,8,71,No
2947_0,2947,2024-09-14,8,103,No
2947_1,2947,2024-09-15,4,118,No
2947_2,2947,2024-09-16,6,102,No
2947_3,2947,2024-09-17,13,82,No
2947_4,2947,2024-09-18,5,33,No
2948_0,2948,2024-07-06,7,112,No
2948_1,2948,2024-07-07,3,55,Yes
2948_2,2948,2024-07-08,13,41,Yes
2949_0,2949,2024-08-24,6,10,Yes
2949_1,2949,2024-08-25,3,38,Yes
2949_2,2949,2024-08-26,6,94,No
2949_3,2949,2024-08-27,9,53,No
2949_4,2949,2024-08-28,7,111,No
2950_0,2950,2024-05-26,9,18,No
2950_1,2950,2024-05-27,8,104,Yes
2950_2,2950,2024-05-28,15,19,Yes
2950_3,2950,2024-05-29,13,61,No
2950_4,2950,2024-05-30,3,28,Yes
2951_0,2951,2024-11-22,7,5,No
2952_0,2952,2024-06-09,3,33,Yes
2952_1,2952,2024-06-10,1,116,No
2952_2,2952,2024-06-11,2,76,No
2953_0,2953,2024-02-07,7,111,Yes
2953_1,2953,2024-02-08,3,112,No
2953_2,2953,2024-02-09,10,58,No
2953_3,2953,2024-02-10,4,94,No
2953_4,2953,2024-02-11,7,97,No
2954_0,2954,2024-05-28,5,25,No
2954_1,2954,2024-05-29,2,20,Yes
2954_2,2954,2024-05-30,6,22,No
2954_3,2954,2024-05-31,10,86,No
2954_4,2954,2024-06-01,4,35,Yes
2955_0,2955,2024-04-28,4,27,No
2955_1,2955,2024-04-29,11,4,No
2955_2,2955,2024-04-30,14,55,No
2955_3,2955,2024-05-01,9,50,No
2955_4,2955,2024-05-02,2,68,No
2956_0,2956,2024-08-20,14,68,No
2956_1,2956,2024-08-21,6,97,No
2956_2,2956,2024-08-22,2,106,No
2956_3,2956,2024-08-23,9,33,No
2956_4,2956,2024-08-24,8,54,No
2957_0,2957,2024-11-25,2,29,Yes
2957_1,2957,2024-11-26,14,20,No
2957_2,2957,2024-11-27,11,66,No
2957_3,2957,2024-11-28,5,92,No
2957_4,2957,2024-11-29,13,93,No
2958_0,2958,2024-10-24,11,51,Yes
2959_0,2959,2024-08-13,2,120,No
2959_1,2959,2024-08-14,14,119,No
2959_2,2959,2024-08-15,1,35,Yes
2959_3,2959,2024-08-16,6,46,Yes
2960_0,2960,2024-05-11,11,57,No
2961_0,2961,2024-10-27,9,111,No
2961_1,2961,2024-10-28,3,85,Yes
2962_0,2962,2024-06-12,14,16,No
2962_1,2962,2024-06-13,5,58,No
2963_0,2963,2024-06-05,10,30,No
2964_0,2964,2024-07-28,8,63,Yes
2964_1,2964,2024-07-29,3,117,No
2965_0,2965,2024-03-27,6,85,No
2966_0,2966,2024-06-21,11,114,No
2967_0,2967,2024-02-25,9,39,No
2967_1,2967,2024-02-26,12,116,No
2967_2,2967,2024-02-27,5,82,Yes
2967_3,2967,2024-02-28,3,92,Yes
2968_0,2968,2024-04-26,1,1,No
2968_1,2968,2024-04-27,13,33,No
2968_2,2968,2024-04-28,8,94,Yes
2968_3,2968,2024-04-29,14,37,No
2969_0,2969,2024-07-29,14,75,Yes
2969_1,2969,2024-07-30,8,23,No
2970_0,2970,2024-09-24,3,85,No
2970_1,2970,2024-09-25,5,100,No
2970_2,2970,2024-09-26,8,39,No
2970_3,2970,2024-09-27,7,40,No
2970_4,2970,2024-09-28,6,54,No
2971_0,2971,2024-05-01,4,81,No
2971_1,2971,2024-05-02,6,114,No
2971_2,2971,2024-05-03,4,92,No
2971_3,2971,2024-05-04,15,49,No
2972_0,2972,2024-08-27,15,90,No
2972_1,2972,2024-08-28,13,94,No
2972_2,2972,2024-08-29,5,10,No
2973_0,2973,2024-12-23,5,50,No
2973_1,2973,2024-12-24,1,111,No
2974_0,2974,2024-09-26,9,112,No
2974_1,2974,2024-09-27,7,74,No
2974_2,2974,2024-09-28,13,111,No
2974_3,2974,2024-09-29,5,68,No
2974_4,2974,2024-09-30,3,105,No
2975_0,2975,2024-10-02,10,61,No
2975_1,2975,2024-10-03,9,27,Yes
2976_0,2976,2024-12-20,13,77,No
2976_1,2976,2024-12-21,12,22,Yes
2976_2,2976,2024-12-22,7,77,No
2976_3,2976,2024-12-23,1,72,No
2977_0,2977,2024-01-03,11,112,No
2977_1,2977,2024-01-04,10,38,No
2977_2,2977,2024-01-05,5,110,No
2978_0,2978,2024-02-03,3,47,No
2978_1,2978,2024-02-04,13,115,No
2978_2,2978,2024-02-05,4,44,No
2978_3,2978,2024-02-06,8,14,No
2979_0,2979,2024-12-30,1,93,No
2979_1,2979,2024-12-31,5,78,Yes
2979_2,2979,2025-01-01,2,32,No
2979_3,2979,2025-01-02,12,55,Yes
2980_0,2980,2024-10-29,11,93,No
2980_1,2980,2024-10-30,11,118,No
2980_2,2980,2024-10-31,10,15,No
2981_0,2981,2024-10-28,15,58,No
2982_0,2982,2024-06-24,14,6,Yes
2982_1,2982,2024-06-25,11,119,No
2982_2,2982,2024-06-26,12,81,No
2983_0,2983,2024-02-26,12,2,No
2984_0,2984,2024-04-16,11,3,No
2985_0,2985,2024-04-02,13,60,No
2985_1,2985,2024-04-03,2,67,Yes
2986_0,2986,2024-05-11,4,94,No
2986_1,2986,2024-05-12,6,51,No
2986_2,2986,2024-05-13,6,12,No
2987_0,2987,2024-07-20,9,67,Yes
2987_1,2987,2024-07-21,13,118,Yes
2987_2,2987,2024-07-22,2,97,No
2987_3,2987,2024-07-23,15,38,No
2987_4,2987,2024-07-24,10,56,Yes
2988_0,2988,2024-08-20,3,40,Yes
2988_1,2988,2024-08-21,14,56,No
2988_2,2988,2024-08-22,13,112,No
2988_3,2988,2024-08-23,2,72,No
2989_0,2989,2024-11-12,1,64,No
2989_1,2989,2024-11-13,9,26,No
2989_2,2989,2024-11-14,10,111,No
2990_0,2990,2024-07-17,9,19,No
2990_1,2990,2024-07-18,10,90,Yes
2991_0,2991,2024-08-21,6,61,No
2991_1,2991,2024-08-22,5,88,No
2992_0,2992,2024-10-27,12,8,No
2992_1,2992,2024-10-28,9,78,No
2992_2,2992,2024-10-29,1,90,Yes
2993_0,2993,2024-09-25,2,60,No
2993_1,2993,2024-09-26,11,70,No
2993_2,2993,2024-09-27,2,35,No
2993_3,2993,2024-09-28,15,52,No
2994_0,2994,2024-12-19,2,112,No
2994_1,2994,2024-12-20,6,27,Yes
2994_2,2994,2024-12-21,4,100,No
2994_3,2994,2024-12-22,6,74,No
2995_0,2995,2024-12-10,14,41,Yes
2996_0,2996,2024-10-03,4,17,No
2996_1,2996,2024-10-04,7,108,No
2997_0,2997,2024-12-03,11,94,No
2998_0,2998,2024-11-18,12,113,Yes
2999_0,2999,2024-03-19,11,54,No
2999_1,2999,2024-03-20,11,38,Yes
3000_0,3000,2024-02-03,4,64,No
3000_1,3000,2024-02-04,15,27,No
3000_2,3000,2024-02-05,6,62,No
3001_0,3001,2024-12-14,2,82,No
3002_0,3002,2024-04-24,15,99,Yes
3002_1,3002,2024-04-25,6,83,No
3002_2,3002,2024-04-26,3,84,No
3002_3,3002,2024-04-27,6,41,No
3002_4,3002,2024-04-28,7,7,No
3003_0,3003,2024-05-09,4,7,No
3004_0,3004,2024-06-18,14,116,Yes
3004_1,3004,2024-06-19,14,104,Yes
3004_2,3004,2024-06-20,12,109,Yes
3005_0,3005,2024-11-11,7,4,No
3005_1,3005,2024-11-12,11,73,No
3006_0,3006,2024-08-20,10,7,No
3006_1,3006,2024-08-21,13,118,Yes
3006_2,3006,2024-08-22,12,29,Yes
3007_0,3007,2024-09-03,15,26,Yes
3007_1,3007,2024-09-04,11,24,No
3008_0,3008,2024-12-28,2,89,Yes
3008_1,3008,2024-12-29,10,3,No
3008_2,3008,2024-12-30,2,82,Yes
3009_0,3009,2024-08-08,9,117,No
3009_1,3009,2024-08-09,10,98,No
3009_2,3009,2024-08-10,15,31,Yes
3009_3,3009,2024-08-11,13,20,No
3010_0,3010,2024-08-22,8,37,No
3010_1,3010,2024-08-23,13,30,No
3011_0,3011,2024-12-22,11,89,Yes
3011_1,3011,2024-12-23,5,2,Yes
3011_2,3011,2024-12-24,4,4,No
3012_0,3012,2024-12-15,12,48,Yes
3012_1,3012,2024-12-16,9,104,Yes
3012_2,3012,2024-12-17,2,8,Yes
3012_3,3012,2024-12-18,7,87,No
3013_0,3013,2024-12-01,4,24,No
3013_1,3013,2024-12-02,7,72,No
3013_2,3013,2024-12-03,1,85,No
3014_0,3014,2024-10-29,4,14,Yes
3014_1,3014,2024-10-30,10,120,No
3014_2,3014,2024-10-31,6,51,No
3015_0,3015,2024-02-18,5,10,No
3015_1,3015,2024-02-19,11,87,No
3015_2,3015,2024-02-20,10,108,No
3015_3,3015,2024-02-21,6,41,Yes
3016_0,3016,2024-04-03,13,6,No
3016_1,3016,2024-04-04,4,18,No
3016_2,3016,2024-04-05,11,73,No
3017_0,3017,2024-02-04,13,6,No
3017_1,3017,2024-02-05,7,44,No
3018_0,3018,2024-02-21,13,117,No
3019_0,3019,2024-05-23,12,86,No
3019_1,3019,2024-05-24,12,107,No
3019_2,3019,2024-05-25,3,75,No
3020_0,3020,2024-12-08,7,8,Yes
3020_1,3020,2024-12-09,6,71,No
3020_2,3020,2024-12-10,13,56,No
3020_3,3020,2024-12-11,3,73,No
3021_0,3021,2024-02-24,8,59,No
3021_1,3021,2024-02-25,14,49,Yes
3021_2,3021,2024-02-26,1,80,Yes
3022_0,3022,2024-07-29,6,60,No
3022_1,3022,2024-07-30,6,67,No
3022_2,3022,2024-07-31,10,22,No
3023_0,3023,2024-12-06,6,18,No
3023_1,3023,2024-12-07,9,64,No
3023_2,3023,2024-12-08,3,33,No
3024_0,3024,2024-10-18,5,49,No
3024_1,3024,2024-10-19,4,60,No
3024_2,3024,2024-10-20,6,5,No
3025_0,3025,2024-09-04,9,37,No
3026_0,3026,2024-01-06,2,29,No
3026_1,3026,2024-01-07,2,19,Yes
3026_2,3026,2024-01-08,11,27,No
3027_0,3027,2024-06-12,5,79,No
3027_1,3027,2024-06-13,11,1,Yes
3027_2,3027,2024-06-14,2,23,Yes
3027_3,3027,2024-06-15,1,116,No
3027_4,3027,2024-06-16,8,32,No
3028_0,3028,2024-06-12,10,66,No
3029_0,3029,2024-02-25,5,23,Yes
3029_1,3029,2024-02-26,14,83,No
3029_2,3029,2024-02-27,15,79,No
3029_3,3029,2024-02-28,9,107,Yes
3030_0,3030,2024-08-31,1,45,No
3030_1,3030,2024-09-01,3,36,No
3030_2,3030,2024-09-02,13,76,No
3030_3,3030,2024-09-03,3,116,Yes
3031_0,3031,2024-03-03,15,7,No
3031_1,3031,2024-03-04,2,95,Yes
3031_2,3031,2024-03-05,13,88,Yes
3031_3,3031,2024-03-06,2,107,No
3032_0,3032,2024-08-27,7,94,Yes
3033_0,3033,2024-06-09,2,25,No
3033_1,3033,2024-06-10,12,75,No
3033_2,3033,2024-06-11,4,101,Yes
3033_3,3033,2024-06-12,1,16,Yes
3034_0,3034,2024-08-20,1,89,No
3035_0,3035,2024-02-19,13,78,Yes
3035_1,3035,2024-02-20,2,38,No
3035_2,3035,2024-02-21,3,56,No
3035_3,3035,2024-02-22,14,26,No
3035_4,3035,2024-02-23,1,45,Yes
3036_0,3036,2024-02-21,5,74,No
3036_1,3036,2024-02-22,7,28,No
3036_2,3036,2024-02-23,1,110,No
3037_0,3037,2024-11-24,14,32,No
3037_1,3037,2024-11-25,15,73,Yes
3037_2,3037,2024-11-26,7,95,No
3037_3,3037,2024-11-27,6,105,No
3038_0,3038,2024-10-27,8,28,Yes
3038_1,3038,2024-10-28,5,79,No
3039_0,3039,2024-11-29,2,67,No
3039_1,3039,2024-11-30,1,58,Yes
3039_2,3039,2024-12-01,9,92,No
3039_3,3039,2024-12-02,14,103,No
3040_0,3040,2024-02-25,7,90,No
3041_0,3041,2024-01-24,7,84,No
3041_1,3041,2024-01-25,6,40,No
3041_2,3041,2024-01-26,13,69,No
3042_0,3042,2024-04-11,5,29,Yes
3042_1,3042,2024-04-12,14,20,No
3042_2,3042,2024-04-13,14,31,Yes
3042_3,3042,2024-04-14,11,3,Yes
3043_0,3043,2024-01-27,6,44,No
3043_1,3043,2024-01-28,4,4,No
3044_0,3044,2024-10-17,9,5,No
3044_1,3044,2024-10-18,10,88,No
3044_2,3044,2024-10-19,15,111,No
3044_3,3044,2024-10-20,6,3,Yes
3044_4,3044,2024-10-21,14,39,No
3045_0,3045,2024-11-09,8,25,No
3045_1,3045,2024-11-10,12,86,No
3045_2,3045,2024-11-11,9,115,No
3045_3,3045,2024-11-12,6,28,No
3045_4,3045,2024-11-13,1,84,No
3046_0,3046,2024-02-01,13,108,No
3046_1,3046,2024-02-02,8,117,Yes
3047_0,3047,2024-10-15,12,77,No
3047_1,3047,2024-10-16,15,83,No
3047_2,3047,2024-10-17,3,72,No
3047_3,3047,2024-10-18,6,11,No
3048_0,3048,2024-06-03,6,44,No
3048_1,3048,2024-06-04,10,91,No
3048_2,3048,2024-06-05,6,60,Yes
3048_3,3048,2024-06-06,8,30,Yes
3049_0,3049,2024-09-12,10,110,No
3049_1,3049,2024-09-13,1,12,No
3050_0,3050,2024-06-05,4,6,Yes
3050_1,3050,2024-06-06,11,51,Yes
3050_2,3050,2024-06-07,15,91,No
3050_3,3050,2024-06-08,3,66,Yes
3050_4,3050,2024-06-09,4,79,Yes
3051_0,3051,2024-08-21,11,37,No
3051_1,3051,2024-08-22,14,61,No
3051_2,3051,2024-08-23,10,22,No
3051_3,3051,2024-08-24,14,25,No
3051_4,3051,2024-08-25,12,18,No
3052_0,3052,2024-10-31,11,82,No
3052_1,3052,2024-11-01,9,13,Yes
3052_2,3052,2024-11-02,9,86,Yes
3053_0,3053,2024-02-28,14,48,Yes
3054_0,3054,2024-07-21,10,24,No
3054_1,3054,2024-07-22,12,61,No
3054_2,3054,2024-07-23,3,69,No
3054_3,3054,2024-07-24,5,98,No
3054_4,3054,2024-07-25,14,68,No
3055_0,3055,2024-12-15,12,19,No
3055_1,3055,2024-12-16,7,44,No
3056_0,3056,2024-04-18,10,6,No
3056_1,3056,2024-04-19,15,72,No
3056_2,3056,2024-04-20,9,104,Yes
3056_3,3056,2024-04-21,9,36,No
3056_4,3056,2024-04-22,1,47,No
3057_0,3057,2024-07-15,15,85,No
3057_1,3057,2024-07-16,15,67,No
3057_2,3057,2024-07-17,5,71,No
3057_3,3057,2024-07-18,14,19,No
3057_4,3057,2024-07-19,10,21,No
3058_0,3058,2024-02-08,3,113,Yes
3058_1,3058,2024-02-09,1,68,No
3059_0,3059,2024-06-24,15,45,No
3059_1,3059,2024-06-25,3,76,Yes
3059_2,3059,2024-06-26,9,107,No
3060_0,3060,2024-12-16,14,12,Yes
3060_1,3060,2024-12-17,5,63,No
3061_0,3061,2024-10-07,6,27,Yes
3061_1,3061,2024-10-08,7,68,No
3061_2,3061,2024-10-09,12,62,Yes
3062_0,3062,2024-02-24,1,70,Yes
3062_1,3062,2024-02-25,5,16,No
3062_2,3062,2024-02-26,15,63,Yes
3063_0,3063,2024-06-06,8,79,No
3063_1,3063,2024-06-07,15,59,No
3063_2,3063,2024-06-08,11,28,No
3064_0,3064,2024-02-15,14,85,Yes
3065_0,3065,2024-06-20,7,106,Yes
3065_1,3065,2024-06-21,15,51,No
3065_2,3065,2024-06-22,8,92,No
3066_0,3066,2024-05-23,11,46,No
3067_0,3067,2024-12-24,1,57,No
3067_1,3067,2024-12-25,9,38,No
3067_2,3067,2024-12-26,15,32,No
3067_3,3067,2024-12-27,15,6,No
3068_0,3068,2024-12-11,1,67,Yes
3068_1,3068,2024-12-12,11,95,No
3069_0,3069,2024-01-19,11,81,Yes
3069_1,3069,2024-01-20,9,67,No
3069_2,3069,2024-01-21,3,79,Yes
3070_0,3070,2024-05-04,8,118,No
3070_1,3070,2024-05-05,13,53,Yes
3070_2,3070,2024-05-06,9,62,No
3070_3,3070,2024-05-07,11,34,No
3071_0,3071,2024-11-02,1,89,No
3071_1,3071,2024-11-03,13,11,Yes
3071_2,3071,2024-11-04,11,45,No
3071_3,3071,2024-11-05,13,91,No
3071_4,3071,2024-11-06,13,53,No
3072_0,3072,2024-09-15,5,118,No
3072_1,3072,2024-09-16,8,14,Yes
3072_2,3072,2024-09-17,12,37,Yes
3072_3,3072,2024-09-18,6,60,Yes
3072_4,3072,2024-09-19,3,67,Yes
3073_0,3073,2024-10-18,7,64,No
3073_1,3073,2024-10-19,3,74,No
3073_2,3073,2024-10-20,3,13,Yes
3073_3,3073,2024-10-21,15,116,No
3073_4,3073,2024-10-22,3,93,Yes
3074_0,3074,2024-08-07,15,67,No
3074_1,3074,2024-08-08,7,84,No
3074_2,3074,2024-08-09,2,47,Yes
3075_0,3075,2024-08-01,14,101,No
3075_1,3075,2024-08-02,14,113,Yes
3075_2,3075,2024-08-03,7,30,No
3075_3,3075,2024-08-04,7,12,No
3075_4,3075,2024-08-05,4,9,Yes
3076_0,3076,2024-09-04,7,55,No
3076_1,3076,2024-09-05,12,99,No
3076_2,3076,2024-09-06,9,54,No
3076_3,3076,2024-09-07,5,16,No
3077_0,3077,2024-02-23,6,88,No
3077_1,3077,2024-02-24,12,84,No
3077_2,3077,2024-02-25,8,103,Yes
3077_3,3077,2024-02-26,13,48,No
3078_0,3078,2024-06-18,14,46,No
3079_0,3079,2024-08-06,8,15,Yes
3079_1,3079,2024-08-07,7,9,No
3079_2,3079,2024-08-08,1,118,No
3079_3,3079,2024-08-09,9,46,No
3079_4,3079,2024-08-10,2,17,Yes
3080_0,3080,2024-11-21,14,12,No
3081_0,3081,2024-11-01,7,39,No
3081_1,3081,2024-11-02,12,36,Yes
3081_2,3081,2024-11-03,5,4,Yes
3082_0,3082,2024-07-15,10,74,No
3082_1,3082,2024-07-16,5,5,No
3082_2,3082,2024-07-17,7,34,Yes
3082_3,3082,2024-07-18,14,87,Yes
3083_0,3083,2024-02-28,3,81,No
3083_1,3083,2024-02-29,12,86,No
3083_2,3083,2024-03-01,6,83,No
3083_3,3083,2024-03-02,2,40,Yes
3083_4,3083,2024-03-03,13,113,No
3084_0,3084,2024-11-02,3,41,No
3084_1,3084,2024-11-03,13,7,Yes
3084_2,3084,2024-11-04,12,4,Yes
3084_3,3084,2024-11-05,2,25,No
3084_4,3084,2024-11-06,10,72,Yes
3085_0,3085,2024-06-01,15,2,Yes
3085_1,3085,2024-06-02,11,98,Yes
3086_0,3086,2024-02-14,3,1,No
3086_1,3086,2024-02-15,15,13,No
3086_2,3086,2024-02-16,10,25,Yes
3086_3,3086,2024-02-17,14,83,No
3087_0,3087,2024-05-12,4,1,No
3087_1,3087,2024-05-13,5,52,No
3088_0,3088,2024-05-23,5,64,No
3088_1,3088,2024-05-24,5,71,No
3088_2,3088,2024-05-25,12,29,No
3088_3,3088,2024-05-26,1,74,Yes
3089_0,3089,2024-11-18,12,58,Yes
3089_1,3089,2024-11-19,2,119,No
3090_0,3090,2024-10-04,12,97,Yes
3090_1,3090,2024-10-05,10,80,No
3090_2,3090,2024-10-06,6,97,Yes
3090_3,3090,2024-10-07,10,63,Yes
3090_4,3090,2024-10-08,10,105,No
3091_0,3091,2024-04-28,12,54,No
3091_1,3091,2024-04-29,12,30,No
3092_0,3092,2024-06-27,3,79,No
3093_0,3093,2024-10-25,7,5,No
3093_1,3093,2024-10-26,5,87,No
3093_2,3093,2024-10-27,1,1,No
3093_3,3093,2024-10-28,4,64,No
3094_0,3094,2024-10-19,5,48,No
3094_1,3094,2024-10-20,8,95,No
3094_2,3094,2024-10-21,15,78,No
3095_0,3095,2024-06-21,9,105,No
3095_1,3095,2024-06-22,11,112,No
3095_2,3095,2024-06-23,8,17,No
3095_3,3095,2024-06-24,6,26,No
3095_4,3095,2024-06-25,3,37,No
3096_0,3096,2024-08-01,8,63,Yes
3096_1,3096,2024-08-02,3,87,No
3096_2,3096,2024-08-03,11,115,No
3097_0,3097,2024-01-06,9,5,Yes
3097_1,3097,2024-01-07,8,81,No
3097_2,3097,2024-01-08,5,114,Yes
3098_0,3098,2024-03-16,9,55,Yes
3099_0,3099,2024-05-31,13,69,No
3099_1,3099,2024-06-01,4,11,Yes
3099_2,3099,2024-06-02,15,120,No
3099_3,3099,2024-06-03,1,31,Yes
3099_4,3099,2024-06-04,11,44,No
3100_0,3100,2024-04-12,8,112,Yes
3100_1,3100,2024-04-13,11,18,No
3100_2,3100,2024-04-14,12,5,No
3100_3,3100,2024-04-15,9,45,Yes
3101_0,3101,2024-06-20,3,94,No
3101_1,3101,2024-06-21,7,18,Yes
3101_2,3101,2024-06-22,6,108,Yes
3101_3,3101,2024-06-23,6,114,No
3101_4,3101,2024-06-24,5,117,No
3102_0,3102,2024-08-20,12,108,No
3102_1,3102,2024-08-21,12,110,No
3102_2,3102,2024-08-22,5,93,No
3102_3,3102,2024-08-23,1,112,No
3103_0,3103,2024-02-23,9,81,No
3104_0,3104,2024-06-30,10,11,No
3104_1,3104,2024-07-01,9,87,No
3104_2,3104,2024-07-02,4,93,No
3104_3,3104,2024-07-03,6,67,No
3104_4,3104,2024-07-04,12,11,No
3105_0,3105,2024-05-24,10,87,No
3105_1,3105,2024-05-25,11,75,No
3106_0,3106,2024-12-23,14,5,No
3106_1,3106,2024-12-24,6,54,No
3106_2,3106,2024-12-25,14,95,No
3106_3,3106,2024-12-26,14,102,No
3107_0,3107,2024-04-26,14,8,No
3108_0,3108,2024-01-29,12,63,Yes
3108_1,3108,2024-01-30,14,57,No
3108_2,3108,2024-01-31,12,66,Yes
3108_3,3108,2024-02-01,12,3,Yes
3109_0,3109,2024-03-26,1,111,No
3109_1,3109,2024-03-27,15,75,No
3109_2,3109,2024-03-28,4,99,No
3109_3,3109,2024-03-29,5,78,Yes
3109_4,3109,2024-03-30,9,112,No
3110_0,3110,2024-03-17,15,54,No
3111_0,3111,2024-10-04,10,3,No
3112_0,3112,2024-09-24,2,71,No
3112_1,3112,2024-09-25,13,105,Yes
3112_2,3112,2024-09-26,5,22,No
3113_0,3113,2024-12-29,7,60,No
3113_1,3113,2024-12-30,13,77,No
3113_2,3113,2024-12-31,1,56,No
3113_3,3113,2025-01-01,13,37,No
3114_0,3114,2024-06-25,2,93,No
3114_1,3114,2024-06-26,4,49,No
3114_2,3114,2024-06-27,9,110,No
3114_3,3114,2024-06-28,2,65,No
3114_4,3114,2024-06-29,4,75,Yes
3115_0,3115,2024-03-15,6,62,Yes
3115_1,3115,2024-03-16,14,6,No
3116_0,3116,2024-11-16,14,41,Yes
3116_1,3116,2024-11-17,7,55,No
3116_2,3116,2024-11-18,10,79,No
3116_3,3116,2024-11-19,9,64,No
3116_4,3116,2024-11-20,13,32,No
3117_0,3117,2024-10-31,14,8,No
3117_1,3117,2024-11-01,1,66,No
3117_2,3117,2024-11-02,10,71,No
3118_0,3118,2024-07-31,2,87,No
3118_1,3118,2024-08-01,10,22,Yes
3119_0,3119,2024-04-21,12,82,Yes
3119_1,3119,2024-04-22,13,70,No
3119_2,3119,2024-04-23,1,91,No
3119_3,3119,2024-04-24,8,78,No
3119_4,3119,2024-04-25,8,91,No
3120_0,3120,2024-08-15,3,38,No
3120_1,3120,2024-08-16,2,67,No
3120_2,3120,2024-08-17,2,73,No
3121_0,3121,2024-03-09,9,24,No
3121_1,3121,2024-03-10,13,14,No
3121_2,3121,2024-03-11,9,53,No
3121_3,3121,2024-03-12,2,76,No
3121_4,3121,2024-03-13,13,7,No
3122_0,3122,2024-07-28,9,8,No
3122_1,3122,2024-07-29,12,74,No
3123_0,3123,2024-01-08,5,116,No
3124_0,3124,2024-09-02,12,108,No
3124_1,3124,2024-09-03,8,13,Yes
3125_0,3125,2024-01-27,10,85,No
3125_1,3125,2024-01-28,5,115,No
3125_2,3125,2024-01-29,4,32,No
3125_3,3125,2024-01-30,8,8,No
3126_0,3126,2024-04-12,10,100,Yes
3126_1,3126,2024-04-13,8,70,No
3127_0,3127,2024-09-18,8,91,No
3128_0,3128,2024-10-28,5,11,No
3128_1,3128,2024-10-29,4,16,No
3128_2,3128,2024-10-30,5,119,Yes
3129_0,3129,2024-06-28,1,48,No
3129_1,3129,2024-06-29,4,61,Yes
3129_2,3129,2024-06-30,2,74,Yes
3129_3,3129,2024-07-01,6,26,No
3129_4,3129,2024-07-02,15,18,No
3130_0,3130,2024-12-06,15,105,No
3130_1,3130,2024-12-07,4,44,Yes
3131_0,3131,2024-10-18,10,65,No
3131_1,3131,2024-10-19,4,74,No
3132_0,3132,2024-11-17,12,82,No
3132_1,3132,2024-11-18,15,79,No
3133_0,3133,2024-10-19,1,2,No
3134_0,3134,2024-07-15,4,106,No
3134_1,3134,2024-07-16,7,10,No
3134_2,3134,2024-07-17,2,120,Yes
3134_3,3134,2024-07-18,3,88,No
3134_4,3134,2024-07-19,12,27,Yes
3135_0,3135,2024-10-03,14,105,No
3135_1,3135,2024-10-04,6,87,No
3135_2,3135,2024-10-05,9,72,Yes
3135_3,3135,2024-10-06,13,103,No
3136_0,3136,2024-06-24,1,2,No
3136_1,3136,2024-06-25,8,77,No
3136_2,3136,2024-06-26,5,3,No
3136_3,3136,2024-06-27,9,64,No
3136_4,3136,2024-06-28,7,108,No
3137_0,3137,2024-09-10,12,90,No
3137_1,3137,2024-09-11,5,112,Yes
3137_2,3137,2024-09-12,2,52,No
3137_3,3137,2024-09-13,15,36,Yes
3137_4,3137,2024-09-14,10,95,Yes
3138_0,3138,2024-02-27,6,60,No
3138_1,3138,2024-02-28,7,73,No
3138_2,3138,2024-02-29,1,43,No
3138_3,3138,2024-03-01,8,35,Yes
3139_0,3139,2024-10-30,3,34,Yes
3139_1,3139,2024-10-31,10,37,Yes
3139_2,3139,2024-11-01,7,37,Yes
3139_3,3139,2024-11-02,2,115,Yes
3139_4,3139,2024-11-03,12,25,Yes
3140_0,3140,2024-04-26,5,48,No
3140_1,3140,2024-04-27,13,4,No
3140_2,3140,2024-04-28,9,106,No
3141_0,3141,2024-10-23,11,59,Yes
3141_1,3141,2024-10-24,7,35,Yes
3141_2,3141,2024-10-25,3,42,Yes
3141_3,3141,2024-10-26,8,42,No
3142_0,3142,2024-05-12,5,108,Yes
3142_1,3142,2024-05-13,12,63,No
3143_0,3143,2024-02-27,15,19,No
3143_1,3143,2024-02-28,4,86,Yes
3143_2,3143,2024-02-29,8,60,Yes
3143_3,3143,2024-03-01,13,42,No
3143_4,3143,2024-03-02,9,47,No
3144_0,3144,2024-11-29,5,40,No
3144_1,3144,2024-11-30,9,40,No
3144_2,3144,2024-12-01,15,45,No
3144_3,3144,2024-12-02,8,25,Yes
3144_4,3144,2024-12-03,1,40,No
3145_0,3145,2024-04-24,15,102,Yes
3146_0,3146,2024-07-19,4,18,Yes
3146_1,3146,2024-07-20,11,56,No
3146_2,3146,2024-07-21,5,51,Yes
3146_3,3146,2024-07-22,7,68,No
3146_4,3146,2024-07-23,2,11,No
3147_0,3147,2024-07-20,7,62,No
3147_1,3147,2024-07-21,6,86,Yes
3147_2,3147,2024-07-22,6,19,No
3148_0,3148,2024-01-13,7,28,Yes
3148_1,3148,2024-01-14,5,24,No
3148_2,3148,2024-01-15,10,74,No
3149_0,3149,2024-03-26,1,87,No
3149_1,3149,2024-03-27,1,107,No
3149_2,3149,2024-03-28,8,23,Yes
3150_0,3150,2024-10-29,14,67,No
3150_1,3150,2024-10-30,14,85,No
3150_2,3150,2024-10-31,13,88,No
3150_3,3150,2024-11-01,3,96,Yes
3151_0,3151,2024-11-01,12,32,Yes
3151_1,3151,2024-11-02,10,117,No
3152_0,3152,2024-08-06,11,101,No
3152_1,3152,2024-08-07,3,17,No
3153_0,3153,2024-03-22,8,46,No
3153_1,3153,2024-03-23,4,115,No
3154_0,3154,2024-02-25,10,103,No
3154_1,3154,2024-02-26,12,51,No
3154_2,3154,2024-02-27,14,74,No
3154_3,3154,2024-02-28,2,81,No
3154_4,3154,2024-02-29,3,53,No
3155_0,3155,2024-08-02,13,64,Yes
3155_1,3155,2024-08-03,11,100,No
3155_2,3155,2024-08-04,6,64,No
3155_3,3155,2024-08-05,13,14,No
3155_4,3155,2024-08-06,5,20,No
3156_0,3156,2024-10-29,14,102,No
3156_1,3156,2024-10-30,6,103,No
3156_2,3156,2024-10-31,5,32,Yes
3156_3,3156,2024-11-01,8,77,Yes
3157_0,3157,2024-01-15,10,86,Yes
3157_1,3157,2024-01-16,12,31,No
3157_2,3157,2024-01-17,12,69,No
3158_0,3158,2024-08-11,15,5,No
3158_1,3158,2024-08-12,1,27,No
3158_2,3158,2024-08-13,1,4,No
3158_3,3158,2024-08-14,3,99,Yes
3159_0,3159,2024-04-29,2,93,No
3159_1,3159,2024-04-30,8,6,No
3159_2,3159,2024-05-01,2,8,Yes
3159_3,3159,2024-05-02,15,111,No
3159_4,3159,2024-05-03,12,50,No
3160_0,3160,2024-04-21,1,63,Yes
3161_0,3161,2024-10-23,5,91,Yes
3161_1,3161,2024-10-24,12,28,No
3161_2,3161,2024-10-25,10,3,Yes
3161_3,3161,2024-10-26,11,43,No
3161_4,3161,2024-10-27,11,95,Yes
3162_0,3162,2024-11-23,8,110,No
3163_0,3163,2024-02-16,9,51,No
3163_1,3163,2024-02-17,10,90,Yes
3163_2,3163,2024-02-18,3,95,No
3163_3,3163,2024-02-19,11,37,No
3164_0,3164,2024-09-30,3,72,No
3164_1,3164,2024-10-01,10,84,Yes
3164_2,3164,2024-10-02,1,6,No
3164_3,3164,2024-10-03,6,33,No
3164_4,3164,2024-10-04,8,42,No
3165_0,3165,2024-03-03,5,23,Yes
3165_1,3165,2024-03-04,14,89,Yes
3165_2,3165,2024-03-05,4,56,Yes
3166_0,3166,2024-09-13,2,44,No
3166_1,3166,2024-09-14,2,110,No
3166_2,3166,2024-09-15,1,96,Yes
3166_3,3166,2024-09-16,12,114,No
3166_4,3166,2024-09-17,15,17,No
3167_0,3167,2024-07-16,8,43,No
3167_1,3167,2024-07-17,6,61,Yes
3167_2,3167,2024-07-18,3,94,No
3168_0,3168,2024-06-03,13,84,No
3168_1,3168,2024-06-04,2,62,No
3169_0,3169,2024-05-25,12,90,No
3169_1,3169,2024-05-26,12,95,Yes
3169_2,3169,2024-05-27,12,47,No
3169_3,3169,2024-05-28,7,86,No
3170_0,3170,2024-01-29,1,62,Yes
3170_1,3170,2024-01-30,7,104,No
3170_2,3170,2024-01-31,7,120,No
3170_3,3170,2024-02-01,8,93,No
3170_4,3170,2024-02-02,5,14,No
3171_0,3171,2024-06-21,13,110,No
3171_1,3171,2024-06-22,7,70,Yes
3172_0,3172,2024-01-16,11,16,No
3172_1,3172,2024-01-17,13,101,No
3172_2,3172,2024-01-18,13,13,No
3172_3,3172,2024-01-19,3,58,No
3172_4,3172,2024-01-20,7,32,Yes
3173_0,3173,2024-04-14,1,73,Yes
3173_1,3173,2024-04-15,4,106,No
3173_2,3173,2024-04-16,8,29,No
3174_0,3174,2024-09-19,9,36,No
3174_1,3174,2024-09-20,2,62,No
3174_2,3174,2024-09-21,13,15,No
3175_0,3175,2024-10-23,7,30,No
3175_1,3175,2024-10-24,2,28,No
3175_2,3175,2024-10-25,11,90,No
3176_0,3176,2024-10-06,13,42,No
3177_0,3177,2024-02-05,4,78,No
3178_0,3178,2024-08-03,7,58,No
3178_1,3178,2024-08-04,11,38,Yes
3178_2,3178,2024-08-05,15,18,No
3178_3,3178,2024-08-06,2,80,No
3179_0,3179,2024-01-07,7,55,No
3180_0,3180,2024-08-18,10,68,No
3181_0,3181,2024-08-02,12,63,No
3181_1,3181,2024-08-03,10,91,No
3181_2,3181,2024-08-04,3,96,Yes
3182_0,3182,2024-05-03,7,111,No
3182_1,3182,2024-05-04,12,51,Yes
3183_0,3183,2024-02-24,10,24,No
3183_1,3183,2024-02-25,14,22,No
3183_2,3183,2024-02-26,15,45,Yes
3184_0,3184,2024-11-29,12,71,No
3185_0,3185,2024-09-16,4,108,Yes
3185_1,3185,2024-09-17,14,67,No
3186_0,3186,2024-05-17,13,37,No
3186_1,3186,2024-05-18,11,28,Yes
3186_2,3186,2024-05-19,1,41,Yes
3186_3,3186,2024-05-20,11,90,Yes
3187_0,3187,2024-05-02,4,43,No
3187_1,3187,2024-05-03,9,37,No
3187_2,3187,2024-05-04,7,91,No
3188_0,3188,2024-11-04,14,67,No
3188_1,3188,2024-11-05,2,110,No
3188_2,3188,2024-11-06,1,77,No
3188_3,3188,2024-11-07,6,45,Yes
3188_4,3188,2024-11-08,4,9,No
3189_0,3189,2024-05-31,11,87,No
3189_1,3189,2024-06-01,15,90,No
3189_2,3189,2024-06-02,9,1,No
3189_3,3189,2024-06-03,15,64,Yes
3189_4,3189,2024-06-04,1,47,Yes
3190_0,3190,2024-04-20,13,3,No
3190_1,3190,2024-04-21,8,115,Yes
3190_2,3190,2024-04-22,15,16,No
3190_3,3190,2024-04-23,8,67,No
3191_0,3191,2024-01-13,2,6,Yes
3191_1,3191,2024-01-14,3,108,No
3192_0,3192,2024-03-07,7,70,No
3193_0,3193,2024-07-13,1,60,No
3194_0,3194,2024-10-18,8,43,Yes
3194_1,3194,2024-10-19,3,19,No
3194_2,3194,2024-10-20,9,57,No
3194_3,3194,2024-10-21,1,2,No
3195_0,3195,2024-01-18,11,85,No
3195_1,3195,2024-01-19,4,80,No
3195_2,3195,2024-01-20,9,118,No
3195_3,3195,2024-01-21,12,41,No
3196_0,3196,2024-07-09,15,99,Yes
3196_1,3196,2024-07-10,9,41,No
3197_0,3197,2024-03-17,9,86,No
3197_1,3197,2024-03-18,12,49,No
3197_2,3197,2024-03-19,7,20,No
3197_3,3197,2024-03-20,3,108,No
3198_0,3198,2024-03-31,15,12,No
3198_1,3198,2024-04-01,11,87,No
3198_2,3198,2024-04-02,11,14,No
3199_0,3199,2024-04-25,4,49,No
3199_1,3199,2024-04-26,6,115,No
3199_2,3199,2024-04-27,9,114,No
3199_3,3199,2024-04-28,12,108,Yes
3199_4,3199,2024-04-29,9,100,Yes
3200_0,3200,2024-10-26,7,118,No
3201_0,3201,2024-04-11,11,107,No
3201_1,3201,2024-04-12,14,30,No
3201_2,3201,2024-04-13,15,120,No
3201_3,3201,2024-04-14,10,54,No
3202_0,3202,2024-03-27,9,10,No
3202_1,3202,2024-03-28,8,112,No
3202_2,3202,2024-03-29,7,76,No
3202_3,3202,2024-03-30,4,63,Yes
3202_4,3202,2024-03-31,3,58,Yes
3203_0,3203,2024-06-24,13,39,No
3203_1,3203,2024-06-25,11,35,Yes
3204_0,3204,2024-03-30,6,21,No
3205_0,3205,2024-07-09,1,28,No
3205_1,3205,2024-07-10,11,92,Yes
3205_2,3205,2024-07-11,11,31,No
3205_3,3205,2024-07-12,9,53,Yes
3206_0,3206,2024-06-11,13,5,No
3206_1,3206,2024-06-12,2,58,Yes
3207_0,3207,2024-12-04,15,78,No
3207_1,3207,2024-12-05,1,21,Yes
3207_2,3207,2024-12-06,3,57,No
3207_3,3207,2024-12-07,4,113,No
3207_4,3207,2024-12-08,13,81,No
3208_0,3208,2024-03-02,7,37,No
3208_1,3208,2024-03-03,11,95,No
3208_2,3208,2024-03-04,14,10,No
3208_3,3208,2024-03-05,9,120,No
3208_4,3208,2024-03-06,13,32,No
3209_0,3209,2024-11-04,13,106,No
3209_1,3209,2024-11-05,4,79,No
3209_2,3209,2024-11-06,15,29,No
3210_0,3210,2024-06-07,12,58,No
3210_1,3210,2024-06-08,11,32,No
3211_0,3211,2024-02-25,7,72,Yes
3212_0,3212,2024-12-30,11,22,No
3212_1,3212,2024-12-31,4,92,Yes
3212_2,3212,2025-01-01,1,45,No
3212_3,3212,2025-01-02,9,115,No
3213_0,3213,2024-03-03,13,109,No
3213_1,3213,2024-03-04,2,45,Yes
3213_2,3213,2024-03-05,10,104,No
3214_0,3214,2024-04-04,4,23,No
3214_1,3214,2024-04-05,11,57,No
3214_2,3214,2024-04-06,5,38,No
3214_3,3214,2024-04-07,9,10,Yes
3215_0,3215,2024-07-15,9,60,Yes
3215_1,3215,2024-07-16,6,89,No
3215_2,3215,2024-07-17,2,114,No
3215_3,3215,2024-07-18,10,67,No
3216_0,3216,2024-06-29,14,3,No
3216_1,3216,2024-06-30,15,30,No
3216_2,3216,2024-07-01,14,100,No
3216_3,3216,2024-07-02,10,109,Yes
3217_0,3217,2024-04-28,14,15,No
3217_1,3217,2024-04-29,14,48,Yes
3218_0,3218,2024-03-04,4,46,No
3218_1,3218,2024-03-05,14,94,No
3218_2,3218,2024-03-06,2,25,No
3218_3,3218,2024-03-07,10,83,Yes
3218_4,3218,2024-03-08,2,18,No
3219_0,3219,2024-02-02,4,87,Yes
3219_1,3219,2024-02-03,5,113,Yes
3220_0,3220,2024-03-26,10,35,Yes
3220_1,3220,2024-03-27,2,106,Yes
3220_2,3220,2024-03-28,5,118,No
3221_0,3221,2024-03-27,12,55,No
3221_1,3221,2024-03-28,11,96,Yes
3222_0,3222,2024-08-29,7,81,Yes
3222_1,3222,2024-08-30,7,23,Yes
3222_2,3222,2024-08-31,4,15,No
3222_3,3222,2024-09-01,8,17,Yes
3223_0,3223,2024-09-25,6,55,No
3224_0,3224,2024-06-28,12,90,Yes
3224_1,3224,2024-06-29,14,83,No
3224_2,3224,2024-06-30,10,112,No
3225_0,3225,2024-06-18,15,25,No
3226_0,3226,2024-03-02,15,53,No
3226_1,3226,2024-03-03,8,25,Yes
3226_2,3226,2024-03-04,15,27,No
3226_3,3226,2024-03-05,5,53,No
3226_4,3226,2024-03-06,13,36,Yes
3227_0,3227,2024-10-07,10,16,No
3227_1,3227,2024-10-08,15,104,No
3227_2,3227,2024-10-09,10,90,No
3227_3,3227,2024-10-10,1,89,No
3227_4,3227,2024-10-11,12,37,No
3228_0,3228,2024-09-02,13,56,No
3228_1,3228,2024-09-03,3,102,No
3228_2,3228,2024-09-04,3,101,No
3229_0,3229,2024-04-26,11,20,No
3229_1,3229,2024-04-27,1,52,No
3229_2,3229,2024-04-28,14,4,No
3229_3,3229,2024-04-29,9,93,Yes
3229_4,3229,2024-04-30,7,64,Yes
3230_0,3230,2024-04-29,5,64,No
3230_1,3230,2024-04-30,6,52,No
3230_2,3230,2024-05-01,1,13,No
3231_0,3231,2024-06-13,1,53,No
3231_1,3231,2024-06-14,6,98,Yes
3231_2,3231,2024-06-15,2,86,No
3231_3,3231,2024-06-16,5,106,No
3231_4,3231,2024-06-17,2,119,No
3232_0,3232,2024-04-10,6,114,No
3232_1,3232,2024-04-11,15,11,No
3232_2,3232,2024-04-12,1,6,No
3232_3,3232,2024-04-13,4,38,No
3233_0,3233,2024-05-06,1,45,No
3233_1,3233,2024-05-07,3,67,No
3234_0,3234,2024-10-23,6,112,No
3234_1,3234,2024-10-24,10,9,No
3234_2,3234,2024-10-25,5,12,No
3234_3,3234,2024-10-26,9,24,No
3235_0,3235,2024-10-13,1,50,No
3236_0,3236,2024-02-18,3,66,No
3236_1,3236,2024-02-19,7,23,Yes
3237_0,3237,2024-03-05,2,80,No
3237_1,3237,2024-03-06,3,41,Yes
3238_0,3238,2024-03-10,6,57,No
3238_1,3238,2024-03-11,12,85,Yes
3238_2,3238,2024-03-12,2,49,No
3238_3,3238,2024-03-13,11,32,Yes
3239_0,3239,2024-01-17,10,12,Yes
3239_1,3239,2024-01-18,7,107,No
3239_2,3239,2024-01-19,2,37,No
3239_3,3239,2024-01-20,3,95,No
3240_0,3240,2024-12-07,6,26,No
3240_1,3240,2024-12-08,1,70,Yes
3241_0,3241,2024-11-03,7,2,No
3241_1,3241,2024-11-04,4,83,No
3241_2,3241,2024-11-05,14,111,No
3242_0,3242,2024-06-26,12,46,No
3242_1,3242,2024-06-27,11,100,No
3243_0,3243,2024-02-08,4,112,No
3243_1,3243,2024-02-09,7,67,No
3244_0,3244,2024-08-11,4,43,No
3244_1,3244,2024-08-12,10,39,Yes
3244_2,3244,2024-08-13,11,85,Yes
3245_0,3245,2024-02-27,6,10,No
3245_1,3245,2024-02-28,4,71,No
3245_2,3245,2024-02-29,5,16,No
3246_0,3246,2024-03-12,1,83,No
3246_1,3246,2024-03-13,12,65,No
3246_2,3246,2024-03-14,14,56,No
3247_0,3247,2024-08-24,14,58,No
3247_1,3247,2024-08-25,13,50,No
3247_2,3247,2024-08-26,1,53,No
3247_3,3247,2024-08-27,13,32,No
3247_4,3247,2024-08-28,3,95,No
3248_0,3248,2024-09-02,14,74,No
3248_1,3248,2024-09-03,13,80,No
3248_2,3248,2024-09-04,13,77,No
3248_3,3248,2024-09-05,1,103,No
3248_4,3248,2024-09-06,13,96,Yes
3249_0,3249,2024-07-13,11,80,No
3249_1,3249,2024-07-14,9,15,No
3249_2,3249,2024-07-15,6,109,Yes
3249_3,3249,2024-07-16,4,113,No
3250_0,3250,2024-02-24,5,112,No
3251_0,3251,2024-12-10,11,112,No
3251_1,3251,2024-12-11,14,39,No
3251_2,3251,2024-12-12,12,41,No
3251_3,3251,2024-12-13,10,48,No
3252_0,3252,2024-03-09,14,7,No
3252_1,3252,2024-03-10,10,84,No
3252_2,3252,2024-03-11,2,13,Yes
3252_3,3252,2024-03-12,13,72,Yes
3252_4,3252,2024-03-13,7,46,No
3253_0,3253,2024-11-21,4,96,No
3254_0,3254,2024-12-18,15,112,No
3255_0,3255,2024-07-10,14,3,No
3255_1,3255,2024-07-11,8,55,No
3256_0,3256,2024-10-16,10,65,Yes
3256_1,3256,2024-10-17,6,51,No
3257_0,3257,2024-03-26,2,111,No
3257_1,3257,2024-03-27,3,7,Yes
3257_2,3257,2024-03-28,10,112,No
3258_0,3258,2024-08-16,2,108,No
3259_0,3259,2024-07-09,8,57,No
3259_1,3259,2024-07-10,12,41,No
3259_2,3259,2024-07-11,6,66,No
3259_3,3259,2024-07-12,10,39,Yes
3260_0,3260,2024-08-02,8,30,No
3260_1,3260,2024-08-03,5,25,No
3260_2,3260,2024-08-04,5,53,No
3260_3,3260,2024-08-05,4,48,Yes
3261_0,3261,2024-05-15,2,24,Yes
3261_1,3261,2024-05-16,3,77,No
3261_2,3261,2024-05-17,13,107,No
3261_3,3261,2024-05-18,10,84,Yes
3261_4,3261,2024-05-19,10,34,No
3262_0,3262,2024-08-08,13,92,Yes
3263_0,3263,2024-07-05,3,61,No
3263_1,3263,2024-07-06,14,93,No
3263_2,3263,2024-07-07,3,87,No
3263_3,3263,2024-07-08,12,61,No
3263_4,3263,2024-07-09,5,48,No
3264_0,3264,2024-12-17,9,117,No
3264_1,3264,2024-12-18,7,6,Yes
3264_2,3264,2024-12-19,13,40,No
3264_3,3264,2024-12-20,13,23,No
3265_0,3265,2024-05-03,5,5,No
3266_0,3266,2024-09-14,5,34,No
3266_1,3266,2024-09-15,4,29,Yes
3266_2,3266,2024-09-16,12,56,No
3267_0,3267,2024-06-09,4,68,Yes
3267_1,3267,2024-06-10,2,16,No
3267_2,3267,2024-06-11,9,118,No
3267_3,3267,2024-06-12,12,108,Yes
3267_4,3267,2024-06-13,11,116,No
3268_0,3268,2024-07-31,8,22,No
3268_1,3268,2024-08-01,5,26,No
3268_2,3268,2024-08-02,1,75,No
3268_3,3268,2024-08-03,14,82,No
3268_4,3268,2024-08-04,9,104,No
3269_0,3269,2024-08-27,13,20,No
3269_1,3269,2024-08-28,4,37,No
3270_0,3270,2024-07-25,4,52,No
3270_1,3270,2024-07-26,7,117,No
3271_0,3271,2024-09-12,7,8,No
3272_0,3272,2024-05-05,12,112,No
3273_0,3273,2024-01-07,4,115,Yes
3273_1,3273,2024-01-08,5,21,Yes
3273_2,3273,2024-01-09,5,11,No
3273_3,3273,2024-01-10,8,112,Yes
3274_0,3274,2024-03-22,13,9,Yes
3274_1,3274,2024-03-23,9,54,No
3274_2,3274,2024-03-24,7,31,No
3275_0,3275,2024-02-23,9,35,No
3275_1,3275,2024-02-24,13,22,No
3275_2,3275,2024-02-25,15,114,No
3275_3,3275,2024-02-26,8,12,Yes
3276_0,3276,2024-04-18,7,35,No
3276_1,3276,2024-04-19,11,62,No
3277_0,3277,2024-01-23,1,99,No
3278_0,3278,2024-11-22,9,77,No
3279_0,3279,2024-06-18,8,1,No
3279_1,3279,2024-06-19,3,105,Yes
3279_2,3279,2024-06-20,15,108,No
3279_3,3279,2024-06-21,14,76,Yes
3279_4,3279,2024-06-22,12,71,No
3280_0,3280,2024-09-19,10,32,No
3281_0,3281,2024-02-27,13,21,No
3282_0,3282,2024-10-19,12,58,Yes
3282_1,3282,2024-10-20,11,42,No
3282_2,3282,2024-10-21,9,35,Yes
3282_3,3282,2024-10-22,6,33,Yes
3282_4,3282,2024-10-23,5,100,No
3283_0,3283,2024-01-03,8,21,Yes
3283_1,3283,2024-01-04,6,17,No
3283_2,3283,2024-01-05,3,68,No
3284_0,3284,2024-05-17,13,20,No
3284_1,3284,2024-05-18,13,81,Yes
3284_2,3284,2024-05-19,6,71,No
3284_3,3284,2024-05-20,5,69,No
3284_4,3284,2024-05-21,9,90,No
3285_0,3285,2024-12-07,1,11,Yes
3285_1,3285,2024-12-08,14,90,Yes
3285_2,3285,2024-12-09,15,42,Yes
3286_0,3286,2024-01-07,8,59,Yes
3286_1,3286,2024-01-08,5,24,Yes
3286_2,3286,2024-01-09,11,19,No
3286_3,3286,2024-01-10,13,49,No
3286_4,3286,2024-01-11,14,46,Yes
3287_0,3287,2024-01-25,5,115,No
3288_0,3288,2024-04-23,8,74,Yes
3288_1,3288,2024-04-24,6,66,No
3289_0,3289,2024-04-01,6,56,No
3289_1,3289,2024-04-02,1,61,No
3289_2,3289,2024-04-03,9,5,No
3290_0,3290,2024-06-20,4,110,No
3291_0,3291,2024-07-18,13,42,No
3291_1,3291,2024-07-19,12,10,No
3291_2,3291,2024-07-20,11,35,No
3291_3,3291,2024-07-21,1,88,Yes
3291_4,3291,2024-07-22,6,104,No
3292_0,3292,2024-04-16,14,57,Yes
3292_1,3292,2024-04-17,12,103,No
3293_0,3293,2024-01-10,1,1,No
3293_1,3293,2024-01-11,1,116,No
3294_0,3294,2024-03-22,8,2,No
3294_1,3294,2024-03-23,2,112,Yes
3294_2,3294,2024-03-24,7,72,No
3294_3,3294,2024-03-25,1,10,No
3295_0,3295,2024-01-24,12,27,Yes
3295_1,3295,2024-01-25,9,100,No
3295_2,3295,2024-01-26,13,61,Yes
3295_3,3295,2024-01-27,11,96,No
3296_0,3296,2024-08-19,5,77,No
3297_0,3297,2024-11-23,2,67,Yes
3298_0,3298,2024-06-10,10,54,Yes
3298_1,3298,2024-06-11,2,51,No
3298_2,3298,2024-06-12,9,35,No
3299_0,3299,2024-12-13,1,89,Yes
3299_1,3299,2024-12-14,15,114,Yes
3299_2,3299,2024-12-15,3,95,Yes
3299_3,3299,2024-12-16,11,120,Yes
3299_4,3299,2024-12-17,2,66,No
3300_0,3300,2024-11-02,7,15,No
3300_1,3300,2024-11-03,2,6,No
3300_2,3300,2024-11-04,1,43,No
3301_0,3301,2024-05-05,5,25,No
3301_1,3301,2024-05-06,1,116,Yes
3302_0,3302,2024-11-10,3,60,No
3302_1,3302,2024-11-11,4,96,No
3302_2,3302,2024-11-12,13,70,Yes
3302_3,3302,2024-11-13,2,22,No
3302_4,3302,2024-11-14,13,75,No
3303_0,3303,2024-11-02,7,78,No
3304_0,3304,2024-07-31,2,119,No
3304_1,3304,2024-08-01,7,60,No
3304_2,3304,2024-08-02,3,25,Yes
3304_3,3304,2024-08-03,1,17,Yes
3305_0,3305,2024-01-17,11,85,No
3305_1,3305,2024-01-18,11,7,No
3305_2,3305,2024-01-19,12,24,No
3305_3,3305,2024-01-20,10,52,No
3306_0,3306,2024-11-20,2,53,No
3306_1,3306,2024-11-21,8,74,Yes
3306_2,3306,2024-11-22,10,20,No
3306_3,3306,2024-11-23,9,50,No
3306_4,3306,2024-11-24,5,33,No
3307_0,3307,2024-03-13,6,84,No
3307_1,3307,2024-03-14,6,103,No
3307_2,3307,2024-03-15,7,120,No
3308_0,3308,2024-05-27,7,100,No
3308_1,3308,2024-05-28,14,83,No
3308_2,3308,2024-05-29,6,67,No
3309_0,3309,2024-10-12,15,37,No
3309_1,3309,2024-10-13,11,89,No
3309_2,3309,2024-10-14,15,44,Yes
3310_0,3310,2024-10-22,7,23,No
3310_1,3310,2024-10-23,1,82,No
3311_0,3311,2024-10-17,5,99,No
3312_0,3312,2024-03-30,10,32,No
3312_1,3312,2024-03-31,7,36,Yes
3313_0,3313,2024-12-23,1,76,Yes
3314_0,3314,2024-01-21,9,29,No
3314_1,3314,2024-01-22,2,11,Yes
3315_0,3315,2024-06-21,3,97,No
3316_0,3316,2024-04-23,5,94,Yes
3316_1,3316,2024-04-24,2,115,Yes
3317_0,3317,2024-06-15,6,88,No
3317_1,3317,2024-06-16,13,61,No
3317_2,3317,2024-06-17,10,29,No
3318_0,3318,2024-06-16,3,51,Yes
3318_1,3318,2024-06-17,4,106,No
3318_2,3318,2024-06-18,14,40,Yes
3318_3,3318,2024-06-19,5,84,No
3318_4,3318,2024-06-20,11,1,No
3319_0,3319,2024-02-09,11,120,Yes
3319_1,3319,2024-02-10,3,31,No
3319_2,3319,2024-02-11,2,66,No
3319_3,3319,2024-02-12,2,119,Yes
3320_0,3320,2024-06-13,11,17,No
3320_1,3320,2024-06-14,4,59,Yes
3320_2,3320,2024-06-15,3,67,No
3320_3,3320,2024-06-16,15,114,No
3320_4,3320,2024-06-17,14,13,Yes
3321_0,3321,2024-08-14,1,55,Yes
3321_1,3321,2024-08-15,5,117,No
3321_2,3321,2024-08-16,7,49,No
3322_0,3322,2024-06-03,2,60,No
3322_1,3322,2024-06-04,13,69,No
3323_0,3323,2024-12-11,4,11,Yes
3323_1,3323,2024-12-12,3,117,Yes
3323_2,3323,2024-12-13,5,54,No
3324_0,3324,2024-03-03,1,106,No
3324_1,3324,2024-03-04,4,113,Yes
3324_2,3324,2024-03-05,4,78,No
3325_0,3325,2024-04-03,1,86,No
3325_1,3325,2024-04-04,6,43,No
3325_2,3325,2024-04-05,4,89,No
3325_3,3325,2024-04-06,15,30,Yes
3325_4,3325,2024-04-07,5,38,Yes
3326_0,3326,2024-11-05,2,43,No
3327_0,3327,2024-10-27,2,14,No
3327_1,3327,2024-10-28,12,54,No
3328_0,3328,2024-10-27,14,14,No
3328_1,3328,2024-10-28,15,12,No
3329_0,3329,2024-05-26,15,70,No
3329_1,3329,2024-05-27,14,69,No
3329_2,3329,2024-05-28,7,86,No
3329_3,3329,2024-05-29,15,42,No
3330_0,3330,2024-06-05,1,40,No
3330_1,3330,2024-06-06,3,58,No
3330_2,3330,2024-06-07,13,64,Yes
3330_3,3330,2024-06-08,9,30,Yes
3330_4,3330,2024-06-09,4,61,No
3331_0,3331,2024-11-24,13,14,No
3331_1,3331,2024-11-25,13,109,No
3331_2,3331,2024-11-26,13,10,No
3332_0,3332,2024-05-27,10,106,No
3332_1,3332,2024-05-28,2,21,No
3332_2,3332,2024-05-29,1,85,No
3332_3,3332,2024-05-30,2,111,No
3333_0,3333,2024-05-25,8,57,No
3333_1,3333,2024-05-26,2,37,Yes
3334_0,3334,2024-04-10,15,1,Yes
3334_1,3334,2024-04-11,11,110,Yes
3334_2,3334,2024-04-12,12,106,Yes
3334_3,3334,2024-04-13,4,96,No
3335_0,3335,2024-03-03,14,56,No
3335_1,3335,2024-03-04,10,24,No
3336_0,3336,2024-09-13,3,26,No
3336_1,3336,2024-09-14,5,101,No
3336_2,3336,2024-09-15,8,26,Yes
3336_3,3336,2024-09-16,15,27,Yes
3337_0,3337,2024-07-16,6,93,No
3337_1,3337,2024-07-17,1,99,No
3337_2,3337,2024-07-18,9,12,Yes
3337_3,3337,2024-07-19,4,108,No
3337_4,3337,2024-07-20,14,90,No
3338_0,3338,2024-12-07,10,11,Yes
3338_1,3338,2024-12-08,1,60,No
3338_2,3338,2024-12-09,13,14,No
3339_0,3339,2024-02-23,9,1,No
3339_1,3339,2024-02-24,10,114,No
3340_0,3340,2024-07-09,7,72,Yes
3340_1,3340,2024-07-10,3,65,No
3340_2,3340,2024-07-11,12,88,No
3340_3,3340,2024-07-12,3,94,Yes
3341_0,3341,2024-12-04,1,55,No
3341_1,3341,2024-12-05,9,49,No
3341_2,3341,2024-12-06,6,62,No
3341_3,3341,2024-12-07,14,34,No
3341_4,3341,2024-12-08,5,67,No
3342_0,3342,2024-12-22,14,70,No
3342_1,3342,2024-12-23,8,31,No
3342_2,3342,2024-12-24,2,32,No
3343_0,3343,2024-08-19,9,86,No
3343_1,3343,2024-08-20,3,39,No
3343_2,3343,2024-08-21,15,105,No
3343_3,3343,2024-08-22,9,12,Yes
3344_0,3344,2024-06-28,6,117,No
3344_1,3344,2024-06-29,13,55,No
3344_2,3344,2024-06-30,12,24,No
3344_3,3344,2024-07-01,1,106,No
3344_4,3344,2024-07-02,5,98,No
3345_0,3345,2024-05-15,5,112,No
3345_1,3345,2024-05-16,12,76,Yes
3345_2,3345,2024-05-17,13,108,No
3345_3,3345,2024-05-18,6,24,Yes
3346_0,3346,2024-06-16,9,15,No
3346_1,3346,2024-06-17,4,88,No
3346_2,3346,2024-06-18,5,36,No
3347_0,3347,2024-12-14,8,53,No
3347_1,3347,2024-12-15,4,40,No
3348_0,3348,2024-05-10,1,12,No
3348_1,3348,2024-05-11,10,46,No
3348_2,3348,2024-05-12,14,82,Yes
3348_3,3348,2024-05-13,6,64,No
3349_0,3349,2024-03-12,12,65,No
3350_0,3350,2024-07-30,12,94,No
3350_1,3350,2024-07-31,10,11,No
3350_2,3350,2024-08-01,9,30,No
3350_3,3350,2024-08-02,9,27,No
3351_0,3351,2024-03-19,13,44,Yes
3351_1,3351,2024-03-20,8,78,No
3351_2,3351,2024-03-21,5,50,No
3352_0,3352,2024-12-30,15,64,No
3352_1,3352,2024-12-31,8,35,Yes
3352_2,3352,2025-01-01,15,35,No
3353_0,3353,2024-09-28,15,97,No
3353_1,3353,2024-09-29,2,3,Yes
3353_2,3353,2024-09-30,15,24,Yes
3353_3,3353,2024-10-01,8,92,No
3354_0,3354,2024-04-23,14,96,Yes
3354_1,3354,2024-04-24,12,43,Yes
3354_2,3354,2024-04-25,10,16,Yes
3354_3,3354,2024-04-26,6,54,Yes
3354_4,3354,2024-04-27,11,32,Yes
3355_0,3355,2024-08-29,10,54,No
3355_1,3355,2024-08-30,14,8,No
3355_2,3355,2024-08-31,13,68,No
3355_3,3355,2024-09-01,9,58,No
3355_4,3355,2024-09-02,12,115,No
3356_0,3356,2024-02-08,12,95,Yes
3356_1,3356,2024-02-09,3,4,No
3356_2,3356,2024-02-10,1,58,No
3356_3,3356,2024-02-11,13,52,Yes
3356_4,3356,2024-02-12,9,78,No
3357_0,3357,2024-01-20,14,64,No
3357_1,3357,2024-01-21,2,16,Yes
3357_2,3357,2024-01-22,7,114,No
3358_0,3358,2024-05-27,6,57,No
3358_1,3358,2024-05-28,3,43,No
3358_2,3358,2024-05-29,11,106,Yes
3358_3,3358,2024-05-30,14,27,No
3358_4,3358,2024-05-31,12,106,No
3359_0,3359,2024-08-31,10,94,No
3359_1,3359,2024-09-01,9,20,No
3359_2,3359,2024-09-02,15,27,No
3359_3,3359,2024-09-03,9,91,No
3359_4,3359,2024-09-04,10,47,Yes
3360_0,3360,2024-03-17,10,84,No
3361_0,3361,2024-08-17,6,6,No
3362_0,3362,2024-10-16,8,34,No
3363_0,3363,2024-10-31,9,57,No
3364_0,3364,2024-01-07,10,119,No
3364_1,3364,2024-01-08,5,84,No
3364_2,3364,2024-01-09,5,55,Yes
3364_3,3364,2024-01-10,8,80,No
3365_0,3365,2024-11-13,14,45,No
3365_1,3365,2024-11-14,1,76,No
3365_2,3365,2024-11-15,14,103,No
3366_0,3366,2024-01-02,11,66,No
3366_1,3366,2024-01-03,1,90,No
3367_0,3367,2024-07-22,13,54,No
3367_1,3367,2024-07-23,6,42,No
3368_0,3368,2024-01-10,12,108,Yes
3368_1,3368,2024-01-11,14,117,No
3369_0,3369,2024-01-25,5,46,No
3369_1,3369,2024-01-26,6,33,No
3369_2,3369,2024-01-27,1,12,No
3369_3,3369,2024-01-28,10,23,Yes
3369_4,3369,2024-01-29,8,95,No
3370_0,3370,2024-10-01,1,30,No
3370_1,3370,2024-10-02,7,1,No
3370_2,3370,2024-10-03,9,93,No
3370_3,3370,2024-10-04,11,60,No
3371_0,3371,2024-09-21,10,57,No
3372_0,3372,2024-11-10,8,18,No
3372_1,3372,2024-11-11,3,72,No
3373_0,3373,2024-05-17,4,51,Yes
3373_1,3373,2024-05-18,13,26,No
3373_2,3373,2024-05-19,13,3,Yes
3373_3,3373,2024-05-20,14,17,No
3373_4,3373,2024-05-21,5,116,No
3374_0,3374,2024-06-01,1,71,No
3374_1,3374,2024-06-02,7,8,Yes
3374_2,3374,2024-06-03,8,87,No
3374_3,3374,2024-06-04,3,87,No
3374_4,3374,2024-06-05,13,59,No
3375_0,3375,2024-02-25,6,9,No
3375_1,3375,2024-02-26,9,67,No
3375_2,3375,2024-02-27,3,48,Yes
3376_0,3376,2024-07-17,1,64,Yes
3376_1,3376,2024-07-18,4,12,Yes
3377_0,3377,2024-04-19,4,6,No
3377_1,3377,2024-04-20,15,44,No
3377_2,3377,2024-04-21,4,43,No
3377_3,3377,2024-04-22,8,89,Yes
3378_0,3378,2024-03-06,6,32,No
3378_1,3378,2024-03-07,12,92,Yes
3379_0,3379,2024-12-22,11,75,No
3379_1,3379,2024-12-23,10,111,No
3379_2,3379,2024-12-24,6,1,No
3380_0,3380,2024-06-02,5,111,Yes
3380_1,3380,2024-06-03,3,13,No
3380_2,3380,2024-06-04,2,46,No
3381_0,3381,2024-03-06,7,8,No
3381_1,3381,2024-03-07,8,23,No
3382_0,3382,2024-10-08,15,112,Yes
3382_1,3382,2024-10-09,7,118,No
3382_2,3382,2024-10-10,10,109,No
3382_3,3382,2024-10-11,13,50,No
3382_4,3382,2024-10-12,14,38,No
3383_0,3383,2024-05-03,4,59,No
3384_0,3384,2024-06-03,1,22,No
3384_1,3384,2024-06-04,3,56,No
3384_2,3384,2024-06-05,6,90,Yes
3384_3,3384,2024-06-06,7,24,No
3385_0,3385,2024-04-16,13,84,No
3385_1,3385,2024-04-17,2,27,No
3385_2,3385,2024-04-18,11,82,Yes
3385_3,3385,2024-04-19,1,111,No
3386_0,3386,2024-12-05,7,108,Yes
3386_1,3386,2024-12-06,4,119,No
3386_2,3386,2024-12-07,4,37,No
3387_0,3387,2024-06-16,4,55,Yes
3388_0,3388,2024-06-19,11,116,No
3388_1,3388,2024-06-20,15,67,No
3389_0,3389,2024-04-11,7,83,No
3389_1,3389,2024-04-12,4,53,No
3390_0,3390,2024-02-24,10,42,No
3391_0,3391,2024-04-13,13,11,Yes
3391_1,3391,2024-04-14,2,34,Yes
3392_0,3392,2024-05-28,5,48,No
3392_1,3392,2024-05-29,6,103,Yes
3392_2,3392,2024-05-30,7,92,Yes
3393_0,3393,2024-01-31,12,84,Yes
3393_1,3393,2024-02-01,15,59,No
3393_2,3393,2024-02-02,8,71,No
3393_3,3393,2024-02-03,6,63,No
3394_0,3394,2024-06-21,13,61,No
3394_1,3394,2024-06-22,4,77,Yes
3394_2,3394,2024-06-23,13,117,Yes
3394_3,3394,2024-06-24,13,90,Yes
3394_4,3394,2024-06-25,13,102,No
3395_0,3395,2024-11-19,15,54,Yes
3395_1,3395,2024-11-20,2,46,Yes
3395_2,3395,2024-11-21,1,59,No
3395_3,3395,2024-11-22,14,50,Yes
3395_4,3395,2024-11-23,5,71,No
3396_0,3396,2024-12-13,9,59,No
3396_1,3396,2024-12-14,7,100,No
3397_0,3397,2024-08-05,3,73,No
3397_1,3397,2024-08-06,10,112,No
3397_2,3397,2024-08-07,10,72,No
3397_3,3397,2024-08-08,11,119,No
3397_4,3397,2024-08-09,4,81,No
3398_0,3398,2024-07-04,4,53,Yes
3398_1,3398,2024-07-05,9,80,No
3398_2,3398,2024-07-06,13,62,No
3399_0,3399,2024-09-25,13,26,Yes
3399_1,3399,2024-09-26,2,30,No
3400_0,3400,2024-07-29,4,96,Yes
3400_1,3400,2024-07-30,15,99,No
3400_2,3400,2024-07-31,7,4,No
3400_3,3400,2024-08-01,12,118,Yes
3401_0,3401,2024-12-25,7,10,Yes
3401_1,3401,2024-12-26,7,91,No
3401_2,3401,2024-12-27,5,54,No
3401_3,3401,2024-12-28,4,111,No
3401_4,3401,2024-12-29,15,102,No
3402_0,3402,2024-09-03,4,28,Yes
3402_1,3402,2024-09-04,13,16,No
3402_2,3402,2024-09-05,13,86,No
3403_0,3403,2024-10-07,9,6,No
3404_0,3404,2024-11-09,11,105,Yes
3404_1,3404,2024-11-10,12,69,Yes
3404_2,3404,2024-11-11,7,120,No
3405_0,3405,2024-01-18,7,36,Yes
3405_1,3405,2024-01-19,11,96,No
3405_2,3405,2024-01-20,5,52,Yes
3406_0,3406,2024-10-25,13,50,No
3407_0,3407,2024-02-07,8,72,No
3407_1,3407,2024-02-08,7,22,Yes
3407_2,3407,2024-02-09,8,94,No
3407_3,3407,2024-02-10,5,110,Yes
3408_0,3408,2024-01-10,13,42,Yes
3408_1,3408,2024-01-11,2,22,No
3408_2,3408,2024-01-12,4,88,No
3409_0,3409,2024-07-10,14,83,No
3409_1,3409,2024-07-11,5,107,No
3410_0,3410,2024-06-05,15,10,No
3410_1,3410,2024-06-06,1,16,No
3410_2,3410,2024-06-07,10,109,No
3410_3,3410,2024-06-08,12,62,No
3410_4,3410,2024-06-09,2,7,No
3411_0,3411,2024-12-13,2,113,No
3412_0,3412,2024-06-11,9,63,No
3412_1,3412,2024-06-12,5,71,No
3412_2,3412,2024-06-13,1,2,No
3412_3,3412,2024-06-14,1,57,Yes
3412_4,3412,2024-06-15,7,9,No
3413_0,3413,2024-02-01,14,58,No
3414_0,3414,2024-04-23,5,14,Yes
3414_1,3414,2024-04-24,3,1,No
3414_2,3414,2024-04-25,10,59,No
3414_3,3414,2024-04-26,1,28,No
3415_0,3415,2024-02-17,2,84,Yes
3415_1,3415,2024-02-18,7,15,No
3416_0,3416,2024-12-23,15,74,No
3417_0,3417,2024-01-12,9,27,No
3417_1,3417,2024-01-13,3,25,No
3417_2,3417,2024-01-14,9,3,No
3417_3,3417,2024-01-15,4,9,Yes
3417_4,3417,2024-01-16,10,106,No
3418_0,3418,2024-04-20,7,49,No
3418_1,3418,2024-04-21,11,31,Yes
3419_0,3419,2024-07-31,11,62,Yes
3419_1,3419,2024-08-01,11,68,Yes
3419_2,3419,2024-08-02,4,10,No
3420_0,3420,2024-11-05,6,9,No
3420_1,3420,2024-11-06,10,1,No
3420_2,3420,2024-11-07,3,89,No
3420_3,3420,2024-11-08,13,105,No
3421_0,3421,2024-04-14,13,52,Yes
3421_1,3421,2024-04-15,14,25,No
3422_0,3422,2024-09-10,9,113,Yes
3422_1,3422,2024-09-11,2,112,No
3422_2,3422,2024-09-12,2,93,No
3423_0,3423,2024-06-01,10,97,No
3423_1,3423,2024-06-02,10,47,No
3423_2,3423,2024-06-03,6,55,No
3423_3,3423,2024-06-04,4,68,No
3424_0,3424,2024-02-04,5,15,Yes
3424_1,3424,2024-02-05,9,62,No
3424_2,3424,2024-02-06,10,18,Yes
3424_3,3424,2024-02-07,5,44,No
3424_4,3424,2024-02-08,8,104,No
3425_0,3425,2024-09-29,9,41,No
3425_1,3425,2024-09-30,11,70,Yes
3425_2,3425,2024-10-01,3,32,No
3425_3,3425,2024-10-02,7,45,No
3425_4,3425,2024-10-03,1,29,No
3426_0,3426,2024-06-24,9,65,No
3427_0,3427,2024-04-09,6,57,No
3427_1,3427,2024-04-10,6,46,No
3427_2,3427,2024-04-11,13,31,No
3427_3,3427,2024-04-12,14,81,Yes
3428_0,3428,2024-04-28,3,76,No
3428_1,3428,2024-04-29,13,111,No
3428_2,3428,2024-04-30,11,30,Yes
3429_0,3429,2024-12-08,7,79,Yes
3430_0,3430,2024-03-30,4,115,No
3430_1,3430,2024-03-31,14,117,Yes
3430_2,3430,2024-04-01,1,113,No
3430_3,3430,2024-04-02,13,112,No
3430_4,3430,2024-04-03,5,55,Yes
3431_0,3431,2024-07-12,2,57,No
3431_1,3431,2024-07-13,13,82,No
3431_2,3431,2024-07-14,5,82,No
3432_0,3432,2024-04-26,1,15,No
3432_1,3432,2024-04-27,9,98,No
3433_0,3433,2024-05-07,14,23,Yes
3433_1,3433,2024-05-08,2,55,No
3434_0,3434,2024-05-01,3,106,No
3434_1,3434,2024-05-02,3,75,No
3435_0,3435,2024-03-23,6,23,No
3435_1,3435,2024-03-24,3,60,Yes
3435_2,3435,2024-03-25,9,16,No
3435_3,3435,2024-03-26,15,76,Yes
3435_4,3435,2024-03-27,4,15,Yes
3436_0,3436,2024-02-16,9,66,No
3436_1,3436,2024-02-17,1,31,No
3437_0,3437,2024-11-21,6,43,No
3437_1,3437,2024-11-22,1,50,No
3437_2,3437,2024-11-23,13,67,No
3437_3,3437,2024-11-24,4,64,Yes
3437_4,3437,2024-11-25,13,118,Yes
3438_0,3438,2024-03-28,12,9,No
3438_1,3438,2024-03-29,11,47,Yes
3438_2,3438,2024-03-30,5,81,No
3438_3,3438,2024-03-31,13,27,Yes
3439_0,3439,2024-03-26,3,96,No
3439_1,3439,2024-03-27,3,84,No
3439_2,3439,2024-03-28,13,17,No
3439_3,3439,2024-03-29,7,19,No
3440_0,3440,2024-07-24,8,72,No
3440_1,3440,2024-07-25,9,18,Yes
3440_2,3440,2024-07-26,9,65,No
3441_0,3441,2024-08-22,9,61,No
3441_1,3441,2024-08-23,12,13,No
3441_2,3441,2024-08-24,11,45,Yes
3442_0,3442,2024-07-13,14,62,No
3442_1,3442,2024-07-14,12,111,No
3442_2,3442,2024-07-15,7,91,Yes
3442_3,3442,2024-07-16,11,44,Yes
3443_0,3443,2024-12-11,10,82,No
3444_0,3444,2024-12-30,10,62,No
3444_1,3444,2024-12-31,13,63,No
3444_2,3444,2025-01-01,14,40,No
3444_3,3444,2025-01-02,3,20,No
3444_4,3444,2025-01-03,8,4,Yes
3445_0,3445,2024-05-28,13,81,No
3445_1,3445,2024-05-29,6,26,Yes
3445_2,3445,2024-05-30,11,59,No
3445_3,3445,2024-05-31,6,1,No
3446_0,3446,2024-01-27,14,102,Yes
3446_1,3446,2024-01-28,8,63,No
3447_0,3447,2024-04-29,11,4,No
3447_1,3447,2024-04-30,2,119,No
3447_2,3447,2024-05-01,9,56,No
3448_0,3448,2024-02-03,14,117,Yes
3448_1,3448,2024-02-04,8,64,Yes
3448_2,3448,2024-02-05,9,10,Yes
3449_0,3449,2024-08-25,12,73,No
3449_1,3449,2024-08-26,3,90,No
3449_2,3449,2024-08-27,15,103,No
3449_3,3449,2024-08-28,14,20,No
3449_4,3449,2024-08-29,3,90,No
3450_0,3450,2024-04-16,3,12,No
3450_1,3450,2024-04-17,8,88,No
3451_0,3451,2024-05-16,11,73,No
3451_1,3451,2024-05-17,3,41,No
3451_2,3451,2024-05-18,10,16,No
3451_3,3451,2024-05-19,3,79,No
3452_0,3452,2024-06-14,13,111,No
3453_0,3453,2024-08-17,12,59,Yes
3453_1,3453,2024-08-18,10,30,No
3453_2,3453,2024-08-19,7,106,Yes
3453_3,3453,2024-08-20,6,66,No
3453_4,3453,2024-08-21,3,78,No
3454_0,3454,2024-10-17,14,79,Yes
3455_0,3455,2024-04-05,3,30,No
3455_1,3455,2024-04-06,7,51,No
3455_2,3455,2024-04-07,4,16,Yes
3456_0,3456,2024-12-06,2,101,Yes
3457_0,3457,2024-11-02,6,9,No
3457_1,3457,2024-11-03,12,31,No
3457_2,3457,2024-11-04,11,29,Yes
3458_0,3458,2024-02-14,3,87,No
3458_1,3458,2024-02-15,1,91,No
3458_2,3458,2024-02-16,1,109,No
3459_0,3459,2024-02-13,7,91,No
3459_1,3459,2024-02-14,9,76,No
3459_2,3459,2024-02-15,10,79,No
3459_3,3459,2024-02-16,3,88,No
3460_0,3460,2024-05-29,6,119,Yes
3460_1,3460,2024-05-30,15,60,No
3460_2,3460,2024-05-31,12,36,No
3460_3,3460,2024-06-01,10,68,No
3461_0,3461,2024-11-05,10,4,No
3461_1,3461,2024-11-06,15,32,Yes
3461_2,3461,2024-11-07,13,120,Yes
3461_3,3461,2024-11-08,7,1,No
3462_0,3462,2024-09-14,15,110,No
3462_1,3462,2024-09-15,12,95,No
3463_0,3463,2024-01-08,3,50,No
3464_0,3464,2024-11-21,3,104,No
3464_1,3464,2024-11-22,5,53,No
3464_2,3464,2024-11-23,4,50,No
3464_3,3464,2024-11-24,10,31,No
3464_4,3464,2024-11-25,15,17,No
3465_0,3465,2024-09-08,14,55,No
3465_1,3465,2024-09-09,10,76,No
3465_2,3465,2024-09-10,6,25,No
3466_0,3466,2024-10-24,8,1,No
3466_1,3466,2024-10-25,8,111,No
3466_2,3466,2024-10-26,5,78,Yes
3466_3,3466,2024-10-27,8,32,Yes
3467_0,3467,2024-08-07,14,45,No
3467_1,3467,2024-08-08,7,62,Yes
3467_2,3467,2024-08-09,13,12,Yes
3467_3,3467,2024-08-10,15,28,No
3468_0,3468,2024-12-22,6,74,No
3468_1,3468,2024-12-23,13,119,Yes
3468_2,3468,2024-12-24,12,72,No
3468_3,3468,2024-12-25,3,100,No
3468_4,3468,2024-12-26,6,41,No
3469_0,3469,2024-02-04,5,22,No
3470_0,3470,2024-09-06,11,30,Yes
3470_1,3470,2024-09-07,12,41,Yes
3470_2,3470,2024-09-08,13,85,No
3471_0,3471,2024-11-15,5,29,No
3471_1,3471,2024-11-16,9,35,Yes
3471_2,3471,2024-11-17,2,71,No
3471_3,3471,2024-11-18,13,73,Yes
3471_4,3471,2024-11-19,7,114,No
3472_0,3472,2024-11-23,10,56,No
3472_1,3472,2024-11-24,14,65,Yes
3472_2,3472,2024-11-25,5,73,No
3472_3,3472,2024-11-26,1,56,No
3473_0,3473,2024-10-19,15,53,No
3473_1,3473,2024-10-20,7,15,Yes
3473_2,3473,2024-10-21,14,18,No
3473_3,3473,2024-10-22,7,13,Yes
3473_4,3473,2024-10-23,15,88,No
3474_0,3474,2024-12-04,14,48,No
3474_1,3474,2024-12-05,14,46,Yes
3475_0,3475,2024-01-06,7,112,Yes
3475_1,3475,2024-01-07,10,60,No
3475_2,3475,2024-01-08,13,20,No
3476_0,3476,2024-05-22,7,7,No
3476_1,3476,2024-05-23,4,114,No
3476_2,3476,2024-05-24,9,13,No
3476_3,3476,2024-05-25,15,12,No
3477_0,3477,2024-10-28,13,53,No
3477_1,3477,2024-10-29,7,13,No
3478_0,3478,2024-02-26,7,55,No
3478_1,3478,2024-02-27,11,91,No
3478_2,3478,2024-02-28,12,36,No
3478_3,3478,2024-02-29,2,25,No
3478_4,3478,2024-03-01,7,85,No
3479_0,3479,2024-03-28,1,36,No
3479_1,3479,2024-03-29,6,83,No
3479_2,3479,2024-03-30,8,61,No
3479_3,3479,2024-03-31,3,45,Yes
3480_0,3480,2024-11-26,10,55,No
3480_1,3480,2024-11-27,15,52,Yes
3481_0,3481,2024-11-25,15,75,No
3481_1,3481,2024-11-26,8,60,No
3481_2,3481,2024-11-27,7,114,Yes
3482_0,3482,2024-02-27,9,15,No
3482_1,3482,2024-02-28,15,44,No
3483_0,3483,2024-01-28,10,96,No
3483_1,3483,2024-01-29,13,12,Yes
3484_0,3484,2024-05-08,14,33,No
3484_1,3484,2024-05-09,15,69,Yes
3484_2,3484,2024-05-10,6,113,No
3484_3,3484,2024-05-11,4,70,No
3484_4,3484,2024-05-12,8,27,No
3485_0,3485,2024-08-10,12,12,No
3485_1,3485,2024-08-11,4,90,No
3485_2,3485,2024-08-12,3,8,No
3486_0,3486,2024-02-02,10,12,No
3486_1,3486,2024-02-03,15,94,No
3486_2,3486,2024-02-04,1,29,No
3487_0,3487,2024-11-22,2,100,Yes
3487_1,3487,2024-11-23,11,110,Yes
3487_2,3487,2024-11-24,5,40,Yes
3487_3,3487,2024-11-25,6,10,No
3488_0,3488,2024-06-13,11,68,Yes
3489_0,3489,2024-06-05,6,7,No
3489_1,3489,2024-06-06,4,55,No
3490_0,3490,2024-12-02,5,62,No
3490_1,3490,2024-12-03,9,98,Yes
3490_2,3490,2024-12-04,6,3,No
3490_3,3490,2024-12-05,3,43,No
3490_4,3490,2024-12-06,14,65,No
3491_0,3491,2024-12-25,1,84,No
3491_1,3491,2024-12-26,10,1,Yes
3491_2,3491,2024-12-27,5,112,No
3492_0,3492,2024-12-11,4,69,No
3492_1,3492,2024-12-12,6,34,Yes
3492_2,3492,2024-12-13,7,57,Yes
3492_3,3492,2024-12-14,12,9,Yes
3493_0,3493,2024-07-21,11,44,No
3493_1,3493,2024-07-22,9,83,Yes
3493_2,3493,2024-07-23,12,31,No
3493_3,3493,2024-07-24,3,53,Yes
3493_4,3493,2024-07-25,5,58,No
3494_0,3494,2024-04-21,13,111,No
3494_1,3494,2024-04-22,8,39,No
3494_2,3494,2024-04-23,15,62,No
3494_3,3494,2024-04-24,14,34,No
3495_0,3495,2024-02-05,13,28,No
3495_1,3495,2024-02-06,6,58,No
3495_2,3495,2024-02-07,2,118,No
3495_3,3495,2024-02-08,6,70,No
3495_4,3495,2024-02-09,11,91,No
3496_0,3496,2024-10-01,5,82,No
3496_1,3496,2024-10-02,8,78,Yes
3496_2,3496,2024-10-03,4,74,Yes
3496_3,3496,2024-10-04,3,38,No
3496_4,3496,2024-10-05,12,57,Yes
3497_0,3497,2024-05-05,6,32,No
3497_1,3497,2024-05-06,1,64,No
3497_2,3497,2024-05-07,7,103,No
3497_3,3497,2024-05-08,4,28,Yes
3497_4,3497,2024-05-09,7,38,No
3498_0,3498,2024-03-05,9,114,No
3498_1,3498,2024-03-06,8,71,No
3498_2,3498,2024-03-07,3,33,No
3498_3,3498,2024-03-08,5,29,No
3499_0,3499,2024-11-11,12,112,No
3500_0,3500,2024-11-03,13,104,No
3501_0,3501,2024-12-06,7,111,No
3501_1,3501,2024-12-07,9,73,No
3501_2,3501,2024-12-08,4,115,No
3502_0,3502,2024-09-07,14,74,No
3503_0,3503,2024-06-10,6,17,No
3503_1,3503,2024-06-11,14,88,No
3503_2,3503,2024-06-12,11,25,Yes
3503_3,3503,2024-06-13,7,76,No
3503_4,3503,2024-06-14,14,9,Yes
3504_0,3504,2024-04-29,7,34,Yes
3504_1,3504,2024-04-30,14,108,No
3504_2,3504,2024-05-01,5,95,No
3505_0,3505,2024-04-28,13,100,No
3505_1,3505,2024-04-29,13,91,No
3506_0,3506,2024-02-01,9,106,No
3506_1,3506,2024-02-02,2,65,No
3506_2,3506,2024-02-03,15,16,Yes
3506_3,3506,2024-02-04,5,89,Yes
3506_4,3506,2024-02-05,2,45,No
3507_0,3507,2024-03-18,6,98,Yes
3508_0,3508,2024-10-13,11,38,No
3508_1,3508,2024-10-14,2,49,No
3508_2,3508,2024-10-15,9,56,No
3508_3,3508,2024-10-16,3,74,No
3508_4,3508,2024-10-17,3,27,Yes
3509_0,3509,2024-11-11,10,63,No
3509_1,3509,2024-11-12,7,116,No
3509_2,3509,2024-11-13,3,49,Yes
3510_0,3510,2024-07-09,12,28,No
3510_1,3510,2024-07-10,3,24,No
3510_2,3510,2024-07-11,2,1,Yes
3511_0,3511,2024-04-11,15,51,No
3511_1,3511,2024-04-12,9,5,No
3512_0,3512,2024-12-16,6,95,No
3512_1,3512,2024-12-17,15,12,No
3513_0,3513,2024-09-13,3,83,Yes
3514_0,3514,2024-02-12,15,82,No
3514_1,3514,2024-02-13,7,45,No
3514_2,3514,2024-02-14,11,31,No
3514_3,3514,2024-02-15,8,83,Yes
3514_4,3514,2024-02-16,9,94,No
3515_0,3515,2024-09-10,9,21,Yes
3515_1,3515,2024-09-11,8,116,Yes
3515_2,3515,2024-09-12,5,51,No
3516_0,3516,2024-12-17,15,24,Yes
3516_1,3516,2024-12-18,14,9,No
3516_2,3516,2024-12-19,13,102,No
3516_3,3516,2024-12-20,3,10,No
3517_0,3517,2024-02-20,7,97,Yes
3517_1,3517,2024-02-21,5,75,No
3517_2,3517,2024-02-22,9,120,No
3517_3,3517,2024-02-23,14,63,No
3517_4,3517,2024-02-24,15,61,No
3518_0,3518,2024-07-28,10,54,Yes
3518_1,3518,2024-07-29,8,45,No
3518_2,3518,2024-07-30,14,110,Yes
3518_3,3518,2024-07-31,5,63,Yes
3518_4,3518,2024-08-01,11,20,No
3519_0,3519,2024-06-09,6,105,Yes
3519_1,3519,2024-06-10,1,87,No
3520_0,3520,2024-01-11,14,111,No
3520_1,3520,2024-01-12,15,1,No
3520_2,3520,2024-01-13,11,6,No
3520_3,3520,2024-01-14,15,78,No
3520_4,3520,2024-01-15,13,48,No
3521_0,3521,2024-10-08,7,8,No
3522_0,3522,2024-06-25,1,42,Yes
3522_1,3522,2024-06-26,15,36,No
3522_2,3522,2024-06-27,5,76,Yes
3522_3,3522,2024-06-28,6,92,Yes
3523_0,3523,2024-07-05,12,72,No
3523_1,3523,2024-07-06,9,66,Yes
3523_2,3523,2024-07-07,5,92,No
3523_3,3523,2024-07-08,9,46,Yes
3524_0,3524,2024-05-16,3,28,Yes
3524_1,3524,2024-05-17,11,89,No
3524_2,3524,2024-05-18,15,103,Yes
3525_0,3525,2024-07-07,7,87,No
3525_1,3525,2024-07-08,13,60,No
3525_2,3525,2024-07-09,6,41,Yes
3525_3,3525,2024-07-10,11,27,No
3525_4,3525,2024-07-11,4,115,No
3526_0,3526,2024-12-03,1,109,Yes
3526_1,3526,2024-12-04,4,22,No
3526_2,3526,2024-12-05,4,68,No
3526_3,3526,2024-12-06,4,105,No
3526_4,3526,2024-12-07,13,53,No
3527_0,3527,2024-12-26,4,34,No
3527_1,3527,2024-12-27,9,114,No
3527_2,3527,2024-12-28,5,5,No
3527_3,3527,2024-12-29,7,56,Yes
3528_0,3528,2024-03-13,10,65,No
3528_1,3528,2024-03-14,10,31,No
3528_2,3528,2024-03-15,11,10,No
3528_3,3528,2024-03-16,1,25,No
3529_0,3529,2024-05-14,6,73,No
3529_1,3529,2024-05-15,3,54,No
3529_2,3529,2024-05-16,4,23,No
3529_3,3529,2024-05-17,8,60,No
3530_0,3530,2024-09-19,1,29,Yes
3530_1,3530,2024-09-20,7,13,Yes
3530_2,3530,2024-09-21,6,97,Yes
3530_3,3530,2024-09-22,13,107,No
3530_4,3530,2024-09-23,10,60,No
3531_0,3531,2024-02-07,2,35,No
3531_1,3531,2024-02-08,8,64,No
3531_2,3531,2024-02-09,7,86,No
3532_0,3532,2024-02-07,12,119,No
3532_1,3532,2024-02-08,11,68,No
3532_2,3532,2024-02-09,7,110,No
3532_3,3532,2024-02-10,1,44,Yes
3532_4,3532,2024-02-11,5,2,No
3533_0,3533,2024-12-21,9,65,No
3534_0,3534,2024-08-18,11,8,No
3535_0,3535,2024-08-16,15,59,Yes
3535_1,3535,2024-08-17,6,94,No
3535_2,3535,2024-08-18,3,54,No
3536_0,3536,2024-10-11,9,67,Yes
3536_1,3536,2024-10-12,15,86,Yes
3537_0,3537,2024-03-21,11,19,No
3537_1,3537,2024-03-22,9,35,No
3537_2,3537,2024-03-23,13,21,No
3538_0,3538,2024-10-24,2,58,Yes
3538_1,3538,2024-10-25,11,101,No
3538_2,3538,2024-10-26,15,33,No
3539_0,3539,2024-01-11,11,27,No
3539_1,3539,2024-01-12,5,82,No
3539_2,3539,2024-01-13,7,9,No
3539_3,3539,2024-01-14,8,113,No
3540_0,3540,2024-09-13,8,104,No
3540_1,3540,2024-09-14,6,32,No
3540_2,3540,2024-09-15,15,19,No
3540_3,3540,2024-09-16,2,19,No
3541_0,3541,2024-08-06,8,117,No
3541_1,3541,2024-08-07,9,28,Yes
3541_2,3541,2024-08-08,11,90,Yes
3541_3,3541,2024-08-09,4,12,No
3541_4,3541,2024-08-10,8,8,Yes
3542_0,3542,2024-05-06,9,109,No
3542_1,3542,2024-05-07,12,6,No
3542_2,3542,2024-05-08,5,68,Yes
3542_3,3542,2024-05-09,11,71,No
3542_4,3542,2024-05-10,12,33,Yes
3543_0,3543,2024-11-18,2,75,No
3543_1,3543,2024-11-19,8,82,Yes
3544_0,3544,2024-04-07,13,120,Yes
3544_1,3544,2024-04-08,1,56,Yes
3544_2,3544,2024-04-09,14,49,Yes
3545_0,3545,2024-09-02,3,55,Yes
3546_0,3546,2024-07-29,4,105,No
3546_1,3546,2024-07-30,15,96,No
3547_0,3547,2024-09-11,2,28,No
3547_1,3547,2024-09-12,5,117,Yes
3547_2,3547,2024-09-13,8,14,Yes
3547_3,3547,2024-09-14,4,16,Yes
3548_0,3548,2024-03-31,12,26,No
3548_1,3548,2024-04-01,15,47,No
3548_2,3548,2024-04-02,3,14,No
3548_3,3548,2024-04-03,1,70,No
3549_0,3549,2024-10-03,11,30,No
3549_1,3549,2024-10-04,14,36,No
3549_2,3549,2024-10-05,10,7,No
3549_3,3549,2024-10-06,6,98,No
3549_4,3549,2024-10-07,9,85,No
3550_0,3550,2024-05-11,1,98,Yes
3550_1,3550,2024-05-12,11,81,No
3551_0,3551,2024-06-20,7,41,Yes
3551_1,3551,2024-06-21,11,72,No
3552_0,3552,2024-10-15,2,33,No
3552_1,3552,2024-10-16,3,46,Yes
3552_2,3552,2024-10-17,14,111,No
3553_0,3553,2024-03-08,5,43,Yes
3553_1,3553,2024-03-09,1,80,Yes
3553_2,3553,2024-03-10,14,39,Yes
3554_0,3554,2024-12-31,4,69,No
3554_1,3554,2025-01-01,10,118,No
3554_2,3554,2025-01-02,7,105,No
3554_3,3554,2025-01-03,14,101,No
3555_0,3555,2024-03-18,14,76,No
3556_0,3556,2024-12-28,10,28,Yes
3556_1,3556,2024-12-29,9,98,No
3556_2,3556,2024-12-30,5,52,No
3557_0,3557,2024-09-20,8,17,No
3558_0,3558,2024-04-20,5,17,No
3558_1,3558,2024-04-21,13,67,No
3558_2,3558,2024-04-22,12,64,No
3558_3,3558,2024-04-23,14,72,Yes
3558_4,3558,2024-04-24,10,65,No
3559_0,3559,2024-12-27,3,119,Yes
3559_1,3559,2024-12-28,9,50,Yes
3560_0,3560,2024-06-21,11,55,No
3561_0,3561,2024-05-14,9,58,Yes
3562_0,3562,2024-01-27,5,31,No
3562_1,3562,2024-01-28,11,50,No
3562_2,3562,2024-01-29,4,19,Yes
3562_3,3562,2024-01-30,11,13,Yes
3562_4,3562,2024-01-31,12,114,No
3563_0,3563,2024-07-29,3,25,No
3563_1,3563,2024-07-30,3,27,No
3563_2,3563,2024-07-31,14,31,No
3563_3,3563,2024-08-01,12,98,No
3563_4,3563,2024-08-02,9,42,No
3564_0,3564,2024-10-05,9,47,Yes
3565_0,3565,2024-02-27,7,37,No
3565_1,3565,2024-02-28,2,67,No
3565_2,3565,2024-02-29,2,57,Yes
3565_3,3565,2024-03-01,13,104,Yes
3566_0,3566,2024-10-18,8,33,No
3567_0,3567,2024-11-15,10,85,Yes
3568_0,3568,2024-02-19,14,55,Yes
3568_1,3568,2024-02-20,2,4,Yes
3568_2,3568,2024-02-21,10,68,No
3569_0,3569,2024-04-28,15,115,Yes
3569_1,3569,2024-04-29,7,22,No
3569_2,3569,2024-04-30,8,8,No
3569_3,3569,2024-05-01,15,21,No
3569_4,3569,2024-05-02,11,59,No
3570_0,3570,2024-01-25,8,70,No
3570_1,3570,2024-01-26,3,97,No
3570_2,3570,2024-01-27,1,31,No
3570_3,3570,2024-01-28,15,5,No
3570_4,3570,2024-01-29,9,36,No
3571_0,3571,2024-01-27,2,113,Yes
3571_1,3571,2024-01-28,12,17,No
3571_2,3571,2024-01-29,2,29,Yes
3571_3,3571,2024-01-30,6,84,Yes
3572_0,3572,2024-03-11,15,86,Yes
3572_1,3572,2024-03-12,1,24,No
3572_2,3572,2024-03-13,3,1,No
3573_0,3573,2024-01-19,6,60,Yes
3573_1,3573,2024-01-20,15,117,No
3573_2,3573,2024-01-21,12,85,No
3573_3,3573,2024-01-22,1,4,Yes
3573_4,3573,2024-01-23,12,27,No
3574_0,3574,2024-09-11,8,63,No
3575_0,3575,2024-02-17,2,106,No
3575_1,3575,2024-02-18,2,78,Yes
3575_2,3575,2024-02-19,2,52,No
3575_3,3575,2024-02-20,13,28,Yes
3575_4,3575,2024-02-21,15,19,No
3576_0,3576,2024-02-12,8,48,No
3576_1,3576,2024-02-13,14,61,Yes
3577_0,3577,2024-09-10,2,12,No
3577_1,3577,2024-09-11,7,38,No
3577_2,3577,2024-09-12,14,119,No
3577_3,3577,2024-09-13,14,84,No
3578_0,3578,2024-02-10,4,117,No
3579_0,3579,2024-01-10,5,32,Yes
3579_1,3579,2024-01-11,8,113,Yes
3580_0,3580,2024-01-29,2,63,No
3580_1,3580,2024-01-30,1,60,No
3581_0,3581,2024-04-16,6,33,No
3581_1,3581,2024-04-17,9,2,No
3581_2,3581,2024-04-18,8,106,Yes
3582_0,3582,2024-01-14,14,2,No
3582_1,3582,2024-01-15,10,81,No
3583_0,3583,2024-12-13,4,19,No
3583_1,3583,2024-12-14,7,54,No
3583_2,3583,2024-12-15,3,44,Yes
3583_3,3583,2024-12-16,14,23,No
3583_4,3583,2024-12-17,14,51,Yes
3584_0,3584,2024-01-25,15,56,No
3584_1,3584,2024-01-26,7,25,No
3585_0,3585,2024-08-03,12,61,No
3586_0,3586,2024-06-13,14,18,Yes
3586_1,3586,2024-06-14,4,81,Yes
3586_2,3586,2024-06-15,15,99,No
3587_0,3587,2024-11-03,13,118,Yes
3587_1,3587,2024-11-04,4,27,Yes
3587_2,3587,2024-11-05,4,30,No
3588_0,3588,2024-05-17,7,94,No
3588_1,3588,2024-05-18,1,79,No
3589_0,3589,2024-03-23,1,23,No
3590_0,3590,2024-06-30,10,29,Yes
3591_0,3591,2024-04-30,6,11,No
3591_1,3591,2024-05-01,14,99,No
3592_0,3592,2024-11-24,14,100,No
3593_0,3593,2024-07-31,11,31,No
3594_0,3594,2024-05-31,15,35,No
3594_1,3594,2024-06-01,5,116,No
3594_2,3594,2024-06-02,11,77,No
3595_0,3595,2024-08-10,12,19,No
3595_1,3595,2024-08-11,7,47,Yes
3596_0,3596,2024-09-15,10,4,No
3596_1,3596,2024-09-16,4,25,No
3597_0,3597,2024-10-28,15,67,Yes
3597_1,3597,2024-10-29,2,52,No
3597_2,3597,2024-10-30,6,1,No
3597_3,3597,2024-10-31,5,13,Yes
3597_4,3597,2024-11-01,7,94,No
3598_0,3598,2024-02-14,5,82,No
3599_0,3599,2024-02-06,1,84,Yes
3600_0,3600,2024-04-29,13,46,No
3601_0,3601,2024-12-17,2,92,No
3601_1,3601,2024-12-18,10,58,No
3601_2,3601,2024-12-19,15,76,No
3602_0,3602,2024-05-18,7,108,No
3602_1,3602,2024-05-19,15,111,Yes
3602_2,3602,2024-05-20,14,56,No
3602_3,3602,2024-05-21,11,62,Yes
3603_0,3603,2024-04-15,12,58,No
3603_1,3603,2024-04-16,6,65,Yes
3603_2,3603,2024-04-17,15,119,No
3603_3,3603,2024-04-18,5,92,No
3604_0,3604,2024-04-02,13,36,Yes
3604_1,3604,2024-04-03,13,79,No
3605_0,3605,2024-01-19,7,57,No
3605_1,3605,2024-01-20,4,4,No
3605_2,3605,2024-01-21,8,74,Yes
3605_3,3605,2024-01-22,14,53,No
3606_0,3606,2024-10-03,5,17,No
3607_0,3607,2024-12-04,10,98,Yes
3607_1,3607,2024-12-05,5,51,No
3608_0,3608,2024-12-10,5,3,Yes
3608_1,3608,2024-12-11,13,23,No
3608_2,3608,2024-12-12,14,101,No
3608_3,3608,2024-12-13,4,83,No
3608_4,3608,2024-12-14,8,38,No
3609_0,3609,2024-10-20,5,109,No
3609_1,3609,2024-10-21,14,108,No
3610_0,3610,2024-09-10,5,21,No
3611_0,3611,2024-10-12,14,5,Yes
3611_1,3611,2024-10-13,1,35,No
3611_2,3611,2024-10-14,6,14,Yes
3611_3,3611,2024-10-15,13,62,No
3612_0,3612,2024-05-24,6,114,Yes
3612_1,3612,2024-05-25,8,79,Yes
3613_0,3613,2024-02-20,13,61,Yes
3614_0,3614,2024-02-06,15,67,Yes
3614_1,3614,2024-02-07,9,16,No
3614_2,3614,2024-02-08,5,111,No
3615_0,3615,2024-09-22,14,25,No
3615_1,3615,2024-09-23,5,22,No
3615_2,3615,2024-09-24,6,79,Yes
3616_0,3616,2024-11-12,8,84,Yes
3616_1,3616,2024-11-13,9,58,No
3616_2,3616,2024-11-14,5,60,No
3616_3,3616,2024-11-15,14,112,No
3617_0,3617,2024-09-29,8,66,No
3617_1,3617,2024-09-30,9,25,Yes
3617_2,3617,2024-10-01,6,55,Yes
3617_3,3617,2024-10-02,14,66,No
3618_0,3618,2024-10-03,15,71,No
3618_1,3618,2024-10-04,2,77,No
3619_0,3619,2024-09-24,5,72,Yes
3620_0,3620,2024-03-13,14,117,Yes
3620_1,3620,2024-03-14,9,54,Yes
3620_2,3620,2024-03-15,6,52,No
3621_0,3621,2024-07-11,5,100,No
3622_0,3622,2024-11-06,3,104,Yes
3622_1,3622,2024-11-07,12,105,No
3623_0,3623,2024-02-09,7,119,Yes
3623_1,3623,2024-02-10,7,2,No
3623_2,3623,2024-02-11,5,22,No
3623_3,3623,2024-02-12,15,68,No
3623_4,3623,2024-02-13,4,13,No
3624_0,3624,2024-04-17,3,16,No
3624_1,3624,2024-04-18,15,64,No
3625_0,3625,2024-06-28,15,32,Yes
3625_1,3625,2024-06-29,1,78,Yes
3626_0,3626,2024-08-28,9,52,Yes
3626_1,3626,2024-08-29,10,50,No
3627_0,3627,2024-05-11,8,2,Yes
3627_1,3627,2024-05-12,6,78,No
3627_2,3627,2024-05-13,14,48,No
3628_0,3628,2024-06-17,15,25,No
3628_1,3628,2024-06-18,14,36,No
3628_2,3628,2024-06-19,10,72,No
3628_3,3628,2024-06-20,12,119,No
3629_0,3629,2024-04-12,9,65,No
3629_1,3629,2024-04-13,3,120,No
3629_2,3629,2024-04-14,5,97,No
3629_3,3629,2024-04-15,1,4,No
3630_0,3630,2024-01-08,14,36,No
3630_1,3630,2024-01-09,10,32,Yes
3630_2,3630,2024-01-10,2,111,Yes
3630_3,3630,2024-01-11,10,119,No
3631_0,3631,2024-03-24,9,27,Yes
3631_1,3631,2024-03-25,14,71,Yes
3631_2,3631,2024-03-26,15,113,No
3632_0,3632,2024-08-14,13,77,No
3632_1,3632,2024-08-15,3,25,No
3633_0,3633,2024-03-27,14,66,No
3634_0,3634,2024-03-08,13,50,No
3635_0,3635,2024-12-30,10,66,No
3635_1,3635,2024-12-31,7,78,Yes
3635_2,3635,2025-01-01,13,109,No
3635_3,3635,2025-01-02,13,41,Yes
3636_0,3636,2024-08-20,11,69,No
3636_1,3636,2024-08-21,12,117,Yes
3637_0,3637,2024-08-29,7,3,Yes
3637_1,3637,2024-08-30,12,39,No
3637_2,3637,2024-08-31,9,99,No
3637_3,3637,2024-09-01,6,25,No
3638_0,3638,2024-08-30,2,46,No
3638_1,3638,2024-08-31,13,72,No
3638_2,3638,2024-09-01,4,43,No
3639_0,3639,2024-10-09,1,99,No
3640_0,3640,2024-12-15,5,50,No
3640_1,3640,2024-12-16,7,37,No
3640_2,3640,2024-12-17,1,63,No
3640_3,3640,2024-12-18,2,36,No
3641_0,3641,2024-02-27,13,14,No
3641_1,3641,2024-02-28,12,39,No
3641_2,3641,2024-02-29,12,71,No
3642_0,3642,2024-07-28,10,111,No
3642_1,3642,2024-07-29,2,66,Yes
3642_2,3642,2024-07-30,11,81,No
3643_0,3643,2024-11-22,3,92,No
3643_1,3643,2024-11-23,7,62,No
3644_0,3644,2024-12-03,15,68,No
3644_1,3644,2024-12-04,9,19,Yes
3645_0,3645,2024-12-07,3,44,No
3645_1,3645,2024-12-08,13,88,No
3645_2,3645,2024-12-09,13,109,No
3646_0,3646,2024-04-12,10,12,No
3646_1,3646,2024-04-13,7,82,Yes
3646_2,3646,2024-04-14,4,106,Yes
3646_3,3646,2024-04-15,11,30,Yes
3646_4,3646,2024-04-16,4,6,No
3647_0,3647,2024-01-27,12,112,No
3647_1,3647,2024-01-28,12,47,No
3647_2,3647,2024-01-29,14,22,No
3647_3,3647,2024-01-30,9,13,Yes
3647_4,3647,2024-01-31,7,12,No
3648_0,3648,2024-01-24,4,79,No
3648_1,3648,2024-01-25,11,76,Yes
3649_0,3649,2024-07-16,15,46,No
3649_1,3649,2024-07-17,15,26,Yes
3649_2,3649,2024-07-18,5,46,No
3649_3,3649,2024-07-19,8,82,No
3649_4,3649,2024-07-20,7,64,Yes
3650_0,3650,2024-04-08,3,26,No
3650_1,3650,2024-04-09,11,110,No
3650_2,3650,2024-04-10,10,24,Yes
3650_3,3650,2024-04-11,1,1,Yes
3650_4,3650,2024-04-12,8,1,No
3651_0,3651,2024-04-29,1,114,No
3651_1,3651,2024-04-30,2,33,No
3651_2,3651,2024-05-01,8,111,No
3651_3,3651,2024-05-02,13,15,Yes
3652_0,3652,2024-09-24,14,11,Yes
3653_0,3653,2024-02-17,15,39,Yes
3653_1,3653,2024-02-18,15,69,Yes
3653_2,3653,2024-02-19,12,22,No
3654_0,3654,2024-11-10,15,24,No
3654_1,3654,2024-11-11,10,59,No
3654_2,3654,2024-11-12,3,96,No
3654_3,3654,2024-11-13,2,108,No
3655_0,3655,2024-12-27,13,19,Yes
3655_1,3655,2024-12-28,12,12,Yes
3655_2,3655,2024-12-29,3,94,Yes
3655_3,3655,2024-12-30,9,5,No
3656_0,3656,2024-07-09,10,94,No
3656_1,3656,2024-07-10,10,106,No
3657_0,3657,2024-03-25,9,58,No
3657_1,3657,2024-03-26,3,94,Yes
3657_2,3657,2024-03-27,3,44,No
3657_3,3657,2024-03-28,3,76,No
3657_4,3657,2024-03-29,9,93,No
3658_0,3658,2024-09-22,14,74,Yes
3658_1,3658,2024-09-23,3,40,Yes
3658_2,3658,2024-09-24,4,62,No
3658_3,3658,2024-09-25,1,117,No
3658_4,3658,2024-09-26,8,46,No
3659_0,3659,2024-02-21,5,84,Yes
3659_1,3659,2024-02-22,3,60,No
3659_2,3659,2024-02-23,14,115,No
3659_3,3659,2024-02-24,10,103,Yes
3659_4,3659,2024-02-25,15,117,Yes
3660_0,3660,2024-06-26,8,11,No
3660_1,3660,2024-06-27,14,92,No
3660_2,3660,2024-06-28,15,91,No
3660_3,3660,2024-06-29,12,26,Yes
3660_4,3660,2024-06-30,11,56,No
3661_0,3661,2024-04-28,2,21,No
3661_1,3661,2024-04-29,12,12,No
3662_0,3662,2024-03-31,14,74,No
3663_0,3663,2024-12-09,6,27,No
3663_1,3663,2024-12-10,11,50,Yes
3663_2,3663,2024-12-11,5,111,Yes
3663_3,3663,2024-12-12,10,86,No
3664_0,3664,2024-09-17,5,83,No
3665_0,3665,2024-03-13,1,113,No
3665_1,3665,2024-03-14,9,82,No
3665_2,3665,2024-03-15,7,1,No
3666_0,3666,2024-09-24,12,72,No
3666_1,3666,2024-09-25,15,63,No
3667_0,3667,2024-03-15,3,86,No
3667_1,3667,2024-03-16,12,55,Yes
3667_2,3667,2024-03-17,2,12,No
3668_0,3668,2024-03-20,9,15,Yes
3668_1,3668,2024-03-21,14,73,Yes
3669_0,3669,2024-10-15,5,64,No
3669_1,3669,2024-10-16,2,108,No
3669_2,3669,2024-10-17,13,75,No
3669_3,3669,2024-10-18,4,116,No
3669_4,3669,2024-10-19,3,90,No
3670_0,3670,2024-08-25,6,42,No
3670_1,3670,2024-08-26,5,58,Yes
3671_0,3671,2024-03-13,6,75,No
3671_1,3671,2024-03-14,15,51,Yes
3671_2,3671,2024-03-15,6,13,No
3672_0,3672,2024-06-06,6,73,No
3672_1,3672,2024-06-07,9,107,No
3673_0,3673,2024-05-22,3,60,Yes
3673_1,3673,2024-05-23,8,74,No
3674_0,3674,2024-04-11,9,48,No
3675_0,3675,2024-12-23,2,24,No
3675_1,3675,2024-12-24,7,21,No
3675_2,3675,2024-12-25,2,70,No
3675_3,3675,2024-12-26,2,115,No
3676_0,3676,2024-08-07,6,103,Yes
3677_0,3677,2024-03-17,2,117,No
3677_1,3677,2024-03-18,4,117,No
3678_0,3678,2024-12-06,5,15,No
3678_1,3678,2024-12-07,9,83,No
3678_2,3678,2024-12-08,2,16,No
3678_3,3678,2024-12-09,3,22,Yes
3679_0,3679,2024-09-06,12,118,Yes
3679_1,3679,2024-09-07,1,53,No
3679_2,3679,2024-09-08,1,16,No
3679_3,3679,2024-09-09,11,16,No
3679_4,3679,2024-09-10,14,116,Yes
3680_0,3680,2024-01-20,6,45,Yes
3680_1,3680,2024-01-21,11,6,Yes
3680_2,3680,2024-01-22,8,59,No
3680_3,3680,2024-01-23,3,61,No
3681_0,3681,2024-08-06,4,15,No
3681_1,3681,2024-08-07,4,86,No
3681_2,3681,2024-08-08,12,98,No
3681_3,3681,2024-08-09,14,19,No
3681_4,3681,2024-08-10,10,75,No
3682_0,3682,2024-04-28,15,17,No
3682_1,3682,2024-04-29,3,37,No
3682_2,3682,2024-04-30,7,38,No
3682_3,3682,2024-05-01,9,22,No
3682_4,3682,2024-05-02,8,115,Yes
3683_0,3683,2024-01-28,13,50,Yes
3683_1,3683,2024-01-29,7,86,Yes
3684_0,3684,2024-09-25,7,95,No
3684_1,3684,2024-09-26,11,8,Yes
3684_2,3684,2024-09-27,4,74,No
3684_3,3684,2024-09-28,9,41,No
3685_0,3685,2024-10-10,4,101,No
3685_1,3685,2024-10-11,12,32,Yes
3686_0,3686,2024-05-18,12,44,Yes
3686_1,3686,2024-05-19,1,4,No
3686_2,3686,2024-05-20,14,115,No
3686_3,3686,2024-05-21,2,64,Yes
3686_4,3686,2024-05-22,12,89,No
3687_0,3687,2024-01-27,7,21,Yes
3687_1,3687,2024-01-28,4,37,No
3687_2,3687,2024-01-29,9,46,No
3687_3,3687,2024-01-30,13,43,Yes
3688_0,3688,2024-01-14,1,8,Yes
3688_1,3688,2024-01-15,12,18,Yes
3689_0,3689,2024-06-30,4,86,No
3689_1,3689,2024-07-01,15,17,No
3689_2,3689,2024-07-02,5,15,No
3689_3,3689,2024-07-03,3,63,No
3689_4,3689,2024-07-04,10,88,Yes
3690_0,3690,2024-12-01,10,43,No
3690_1,3690,2024-12-02,5,9,No
3690_2,3690,2024-12-03,4,23,Yes
3690_3,3690,2024-12-04,5,44,Yes
3690_4,3690,2024-12-05,7,63,Yes
3691_0,3691,2024-07-18,5,50,Yes
3691_1,3691,2024-07-19,6,6,No
3692_0,3692,2024-04-16,12,10,No
3692_1,3692,2024-04-17,3,81,Yes
3692_2,3692,2024-04-18,10,10,No
3692_3,3692,2024-04-19,1,12,No
3692_4,3692,2024-04-20,2,22,No
3693_0,3693,2024-10-10,2,62,No
3693_1,3693,2024-10-11,3,31,Yes
3694_0,3694,2024-08-02,5,96,Yes
3694_1,3694,2024-08-03,10,76,Yes
3694_2,3694,2024-08-04,2,101,Yes
3694_3,3694,2024-08-05,1,84,Yes
3695_0,3695,2024-09-25,14,118,Yes
3695_1,3695,2024-09-26,10,3,Yes
3696_0,3696,2024-02-23,7,68,No
3696_1,3696,2024-02-24,13,54,No
3696_2,3696,2024-02-25,14,36,No
3696_3,3696,2024-02-26,2,36,No
3697_0,3697,2024-12-12,9,119,No
3697_1,3697,2024-12-13,10,73,No
3697_2,3697,2024-12-14,12,43,No
3698_0,3698,2024-05-15,10,3,Yes
3698_1,3698,2024-05-16,8,54,No
3698_2,3698,2024-05-17,3,68,No
3698_3,3698,2024-05-18,13,110,No
3699_0,3699,2024-11-30,4,34,Yes
3699_1,3699,2024-12-01,9,119,No
3699_2,3699,2024-12-02,14,109,No
3699_3,3699,2024-12-03,5,119,Yes
3699_4,3699,2024-12-04,3,91,No
3700_0,3700,2024-06-26,2,88,No
3700_1,3700,2024-06-27,10,102,Yes
3700_2,3700,2024-06-28,1,12,No
3700_3,3700,2024-06-29,6,108,No
3701_0,3701,2024-12-21,7,94,No
3701_1,3701,2024-12-22,4,103,Yes
3701_2,3701,2024-12-23,6,111,No
3702_0,3702,2024-10-14,5,16,No
3702_1,3702,2024-10-15,4,47,No
3702_2,3702,2024-10-16,10,85,No
3702_3,3702,2024-10-17,3,72,No
3702_4,3702,2024-10-18,14,49,Yes
3703_0,3703,2024-08-25,12,84,No
3704_0,3704,2024-03-07,8,82,No
3704_1,3704,2024-03-08,3,96,Yes
3704_2,3704,2024-03-09,7,13,Yes
3705_0,3705,2024-02-21,12,13,No
3705_1,3705,2024-02-22,1,11,No
3705_2,3705,2024-02-23,9,96,Yes
3705_3,3705,2024-02-24,9,2,No
3706_0,3706,2024-11-14,6,91,Yes
3706_1,3706,2024-11-15,15,80,No
3706_2,3706,2024-11-16,11,116,No
3706_3,3706,2024-11-17,6,36,No
3707_0,3707,2024-05-23,5,69,No
3708_0,3708,2024-04-05,2,41,Yes
3708_1,3708,2024-04-06,14,72,No
3708_2,3708,2024-04-07,5,41,Yes
3708_3,3708,2024-04-08,9,99,No
3709_0,3709,2024-04-17,14,99,Yes
3709_1,3709,2024-04-18,8,93,Yes
3709_2,3709,2024-04-19,5,33,Yes
3709_3,3709,2024-04-20,9,25,No
3709_4,3709,2024-04-21,13,40,No
3710_0,3710,2024-04-24,11,87,Yes
3711_0,3711,2024-04-16,1,42,No
3711_1,3711,2024-04-17,9,22,No
3711_2,3711,2024-04-18,4,46,Yes
3711_3,3711,2024-04-19,12,14,No
3711_4,3711,2024-04-20,9,111,No
3712_0,3712,2024-05-02,13,73,No
3712_1,3712,2024-05-03,11,3,No
3712_2,3712,2024-05-04,13,109,No
3712_3,3712,2024-05-05,1,28,Yes
3713_0,3713,2024-03-05,7,7,No
3713_1,3713,2024-03-06,1,8,No
3713_2,3713,2024-03-07,9,20,Yes
3713_3,3713,2024-03-08,8,51,Yes
3714_0,3714,2024-12-25,3,33,No
3714_1,3714,2024-12-26,14,77,Yes
3714_2,3714,2024-12-27,10,87,Yes
3715_0,3715,2024-05-10,3,9,No
3715_1,3715,2024-05-11,5,100,No
3715_2,3715,2024-05-12,13,14,No
3715_3,3715,2024-05-13,10,107,Yes
3715_4,3715,2024-05-14,6,73,Yes
3716_0,3716,2024-01-31,11,41,No
3716_1,3716,2024-02-01,15,86,Yes
3716_2,3716,2024-02-02,1,89,No
3716_3,3716,2024-02-03,7,22,Yes
3717_0,3717,2024-10-01,4,69,No
3717_1,3717,2024-10-02,4,96,Yes
3717_2,3717,2024-10-03,10,109,Yes
3717_3,3717,2024-10-04,8,80,Yes
3717_4,3717,2024-10-05,11,20,No
3718_0,3718,2024-06-12,8,34,No
3718_1,3718,2024-06-13,10,82,No
3719_0,3719,2024-08-21,10,93,Yes
3720_0,3720,2024-06-27,8,25,No
3720_1,3720,2024-06-28,3,58,Yes
3721_0,3721,2024-05-14,15,92,Yes
3721_1,3721,2024-05-15,4,6,No
3721_2,3721,2024-05-16,15,64,Yes
3721_3,3721,2024-05-17,13,66,No
3722_0,3722,2024-06-02,2,14,No
3722_1,3722,2024-06-03,15,29,No
3723_0,3723,2024-02-24,12,55,No
3723_1,3723,2024-02-25,1,57,No
3723_2,3723,2024-02-26,3,16,No
3724_0,3724,2024-06-26,1,55,No
3724_1,3724,2024-06-27,8,41,No
3725_0,3725,2024-05-02,6,86,No
3725_1,3725,2024-05-03,9,28,No
3725_2,3725,2024-05-04,9,5,No
3725_3,3725,2024-05-05,2,105,No
3725_4,3725,2024-05-06,2,95,Yes
3726_0,3726,2024-10-25,15,86,Yes
3726_1,3726,2024-10-26,15,46,Yes
3726_2,3726,2024-10-27,12,84,No
3727_0,3727,2024-10-31,12,117,Yes
3727_1,3727,2024-11-01,2,47,No
3727_2,3727,2024-11-02,1,26,No
3727_3,3727,2024-11-03,6,118,Yes
3727_4,3727,2024-11-04,2,40,Yes
3728_0,3728,2024-06-22,14,55,Yes
3728_1,3728,2024-06-23,13,23,Yes
3728_2,3728,2024-06-24,7,31,Yes
3729_0,3729,2024-09-11,6,11,No
3729_1,3729,2024-09-12,11,25,No
3729_2,3729,2024-09-13,10,24,Yes
3730_0,3730,2024-10-11,3,110,No
3730_1,3730,2024-10-12,13,18,No
3730_2,3730,2024-10-13,14,25,Yes
3731_0,3731,2024-10-20,13,70,No
3731_1,3731,2024-10-21,3,85,Yes
3732_0,3732,2024-05-16,14,89,No
3732_1,3732,2024-05-17,12,48,No
3732_2,3732,2024-05-18,15,39,No
3733_0,3733,2024-08-29,8,102,No
3733_1,3733,2024-08-30,4,85,No
3733_2,3733,2024-08-31,2,59,No
3734_0,3734,2024-09-05,8,58,No
3734_1,3734,2024-09-06,4,67,No
3735_0,3735,2024-05-14,3,43,No
3735_1,3735,2024-05-15,11,30,No
3735_2,3735,2024-05-16,6,96,No
3735_3,3735,2024-05-17,14,16,Yes
3735_4,3735,2024-05-18,12,65,No
3736_0,3736,2024-01-22,11,12,No
3736_1,3736,2024-01-23,8,106,Yes
3736_2,3736,2024-01-24,6,66,Yes
3737_0,3737,2024-09-15,4,22,Yes
3737_1,3737,2024-09-16,14,15,Yes
3738_0,3738,2024-04-05,11,62,Yes
3738_1,3738,2024-04-06,6,27,Yes
3739_0,3739,2024-12-25,3,71,No
3739_1,3739,2024-12-26,1,84,No
3739_2,3739,2024-12-27,8,6,Yes
3740_0,3740,2024-05-11,6,12,No
3740_1,3740,2024-05-12,12,96,No
3740_2,3740,2024-05-13,1,76,Yes
3740_3,3740,2024-05-14,10,106,No
3740_4,3740,2024-05-15,10,64,Yes
3741_0,3741,2024-03-09,2,23,No
3741_1,3741,2024-03-10,12,36,No
3741_2,3741,2024-03-11,2,102,No
3742_0,3742,2024-09-04,8,118,No
3742_1,3742,2024-09-05,9,75,No
3742_2,3742,2024-09-06,15,87,No
3743_0,3743,2024-08-05,1,48,No
3743_1,3743,2024-08-06,11,27,No
3743_2,3743,2024-08-07,6,24,No
3743_3,3743,2024-08-08,5,85,No
3744_0,3744,2024-02-10,4,64,No
3744_1,3744,2024-02-11,12,64,Yes
3745_0,3745,2024-11-06,14,9,No
3746_0,3746,2024-12-17,6,102,No
3746_1,3746,2024-12-18,2,62,No
3746_2,3746,2024-12-19,6,55,Yes
3747_0,3747,2024-04-10,10,1,No
3747_1,3747,2024-04-11,11,79,No
3747_2,3747,2024-04-12,14,118,No
3747_3,3747,2024-04-13,11,86,Yes
3748_0,3748,2024-05-27,12,101,No
3749_0,3749,2024-01-08,15,97,No
3749_1,3749,2024-01-09,4,58,No
3749_2,3749,2024-01-10,5,89,Yes
3749_3,3749,2024-01-11,13,86,No
3749_4,3749,2024-01-12,10,78,No
3750_0,3750,2024-02-04,15,77,No
3750_1,3750,2024-02-05,9,60,No
3750_2,3750,2024-02-06,3,28,No
3750_3,3750,2024-02-07,8,105,No
3750_4,3750,2024-02-08,7,99,No
3751_0,3751,2024-08-05,4,53,No
3751_1,3751,2024-08-06,6,103,Yes
3752_0,3752,2024-04-05,5,47,Yes
3752_1,3752,2024-04-06,5,118,No
3752_2,3752,2024-04-07,10,73,Yes
3753_0,3753,2024-10-10,6,74,Yes
3753_1,3753,2024-10-11,5,61,No
3753_2,3753,2024-10-12,15,61,Yes
3753_3,3753,2024-10-13,1,95,No
3753_4,3753,2024-10-14,14,33,No
3754_0,3754,2024-05-23,4,16,Yes
3755_0,3755,2024-07-22,6,12,Yes
3755_1,3755,2024-07-23,6,60,No
3755_2,3755,2024-07-24,13,24,Yes
3755_3,3755,2024-07-25,9,84,No
3755_4,3755,2024-07-26,7,58,Yes
3756_0,3756,2024-11-24,13,60,No
3756_1,3756,2024-11-25,13,34,No
3756_2,3756,2024-11-26,4,84,Yes
3756_3,3756,2024-11-27,14,8,Yes
3757_0,3757,2024-02-23,9,120,No
3757_1,3757,2024-02-24,12,114,No
3757_2,3757,2024-02-25,12,103,No
3757_3,3757,2024-02-26,7,99,No
3758_0,3758,2024-07-29,11,81,No
3758_1,3758,2024-07-30,10,12,Yes
3759_0,3759,2024-11-08,11,1,No
3759_1,3759,2024-11-09,15,86,No
3759_2,3759,2024-11-10,4,99,No
3759_3,3759,2024-11-11,2,9,No
3760_0,3760,2024-01-21,2,49,No
3760_1,3760,2024-01-22,4,20,No
3760_2,3760,2024-01-23,15,37,Yes
3760_3,3760,2024-01-24,5,22,Yes
3761_0,3761,2024-04-21,6,109,Yes
3761_1,3761,2024-04-22,1,9,Yes
3761_2,3761,2024-04-23,13,52,No
3761_3,3761,2024-04-24,1,83,No
3762_0,3762,2024-02-23,15,65,No
3762_1,3762,2024-02-24,6,73,No
3762_2,3762,2024-02-25,12,18,No
3762_3,3762,2024-02-26,1,80,No
3763_0,3763,2024-02-10,9,6,No
3763_1,3763,2024-02-11,10,42,Yes
3764_0,3764,2024-04-28,11,106,No
3765_0,3765,2024-09-22,15,101,No
3765_1,3765,2024-09-23,14,103,No
3765_2,3765,2024-09-24,9,26,Yes
3765_3,3765,2024-09-25,11,107,No
3765_4,3765,2024-09-26,4,41,Yes
3766_0,3766,2024-03-30,1,88,No
3766_1,3766,2024-03-31,1,113,No
3766_2,3766,2024-04-01,14,13,No
3766_3,3766,2024-04-02,7,24,No
3766_4,3766,2024-04-03,8,41,No
3767_0,3767,2024-01-08,15,112,Yes
3768_0,3768,2024-05-16,13,95,Yes
3769_0,3769,2024-01-09,14,99,Yes
3770_0,3770,2024-09-01,14,66,No
3770_1,3770,2024-09-02,10,77,No
3771_0,3771,2024-01-19,9,92,Yes
3771_1,3771,2024-01-20,4,13,Yes
3772_0,3772,2024-09-24,7,2,No
3772_1,3772,2024-09-25,12,6,No
3772_2,3772,2024-09-26,2,2,No
3773_0,3773,2024-06-05,1,35,Yes
3773_1,3773,2024-06-06,15,99,No
3773_2,3773,2024-06-07,2,76,No
3774_0,3774,2024-08-29,9,16,No
3774_1,3774,2024-08-30,1,59,No
3775_0,3775,2024-07-09,7,109,No
3775_1,3775,2024-07-10,9,44,No
3775_2,3775,2024-07-11,8,99,No
3776_0,3776,2024-03-05,6,117,No
3776_1,3776,2024-03-06,9,97,No
3776_2,3776,2024-03-07,9,47,No
3776_3,3776,2024-03-08,12,65,No
3776_4,3776,2024-03-09,15,63,No
3777_0,3777,2024-05-28,6,89,No
3777_1,3777,2024-05-29,4,66,Yes
3777_2,3777,2024-05-30,6,20,No
3777_3,3777,2024-05-31,3,98,No
3778_0,3778,2024-01-09,11,14,Yes
3778_1,3778,2024-01-10,6,31,No
3778_2,3778,2024-01-11,13,37,Yes
3778_3,3778,2024-01-12,8,107,Yes
3778_4,3778,2024-01-13,5,84,No
3779_0,3779,2024-02-19,6,62,No
3779_1,3779,2024-02-20,11,9,Yes
3779_2,3779,2024-02-21,5,43,No
3780_0,3780,2024-02-11,2,55,Yes
3780_1,3780,2024-02-12,6,108,No
3780_2,3780,2024-02-13,14,108,Yes
3781_0,3781,2024-09-16,15,48,No
3782_0,3782,2024-05-13,14,48,Yes
3782_1,3782,2024-05-14,7,113,No
3782_2,3782,2024-05-15,6,45,No
3783_0,3783,2024-05-10,8,48,No
3783_1,3783,2024-05-11,2,61,Yes
3784_0,3784,2024-03-04,15,2,No
3784_1,3784,2024-03-05,5,103,Yes
3784_2,3784,2024-03-06,4,7,No
3785_0,3785,2024-04-03,12,107,No
3785_1,3785,2024-04-04,5,36,No
3786_0,3786,2024-12-08,4,93,No
3786_1,3786,2024-12-09,13,60,No
3786_2,3786,2024-12-10,12,101,No
3786_3,3786,2024-12-11,11,62,No
3786_4,3786,2024-12-12,3,34,Yes
3787_0,3787,2024-03-02,2,95,Yes
3787_1,3787,2024-03-03,8,23,No
3787_2,3787,2024-03-04,6,71,Yes
3788_0,3788,2024-01-16,4,55,No
3788_1,3788,2024-01-17,4,13,No
3788_2,3788,2024-01-18,9,20,No
3788_3,3788,2024-01-19,7,29,Yes
3789_0,3789,2024-01-18,15,6,No
3789_1,3789,2024-01-19,5,30,Yes
3790_0,3790,2024-05-13,1,12,Yes
3790_1,3790,2024-05-14,14,57,No
3790_2,3790,2024-05-15,8,14,Yes
3790_3,3790,2024-05-16,15,107,No
3790_4,3790,2024-05-17,10,100,No
3791_0,3791,2024-03-21,12,101,Yes
3791_1,3791,2024-03-22,11,102,Yes
3792_0,3792,2024-12-03,5,102,No
3792_1,3792,2024-12-04,8,53,Yes
3792_2,3792,2024-12-05,14,90,No
3793_0,3793,2024-06-24,13,106,No
3793_1,3793,2024-06-25,7,51,No
3793_2,3793,2024-06-26,8,82,Yes
3794_0,3794,2024-12-31,3,50,No
3794_1,3794,2025-01-01,6,58,Yes
3794_2,3794,2025-01-02,3,30,No
3795_0,3795,2024-12-08,10,48,Yes
3795_1,3795,2024-12-09,1,80,No
3795_2,3795,2024-12-10,15,107,No
3796_0,3796,2024-11-24,12,107,No
3796_1,3796,2024-11-25,9,55,No
3797_0,3797,2024-05-24,1,112,No
3797_1,3797,2024-05-25,4,1,No
3797_2,3797,2024-05-26,15,74,No
3797_3,3797,2024-05-27,3,37,No
3797_4,3797,2024-05-28,6,40,No
3798_0,3798,2024-01-19,4,15,No
3799_0,3799,2024-05-15,7,6,No
3799_1,3799,2024-05-16,10,110,No
3799_2,3799,2024-05-17,9,82,Yes
3799_3,3799,2024-05-18,13,77,No
3799_4,3799,2024-05-19,8,92,Yes
3800_0,3800,2024-02-24,8,36,Yes
3801_0,3801,2024-07-31,3,111,No
3801_1,3801,2024-08-01,9,92,Yes
3801_2,3801,2024-08-02,1,2,No
3802_0,3802,2024-12-20,6,116,No
3802_1,3802,2024-12-21,5,7,No
3802_2,3802,2024-12-22,13,120,Yes
3802_3,3802,2024-12-23,9,86,No
3803_0,3803,2024-05-01,7,86,No
3803_1,3803,2024-05-02,1,95,No
3803_2,3803,2024-05-03,5,118,Yes
3803_3,3803,2024-05-04,9,72,No
3804_0,3804,2024-12-25,12,22,Yes
3804_1,3804,2024-12-26,1,6,No
3804_2,3804,2024-12-27,2,104,No
3804_3,3804,2024-12-28,10,15,No
3804_4,3804,2024-12-29,14,23,No
3805_0,3805,2024-12-13,7,81,Yes
3805_1,3805,2024-12-14,2,42,No
3805_2,3805,2024-12-15,10,36,Yes
3805_3,3805,2024-12-16,7,96,No
3806_0,3806,2024-02-02,15,120,No
3807_0,3807,2024-06-14,1,30,No
3807_1,3807,2024-06-15,11,48,Yes
3807_2,3807,2024-06-16,10,39,Yes
3808_0,3808,2024-05-22,8,46,No
3808_1,3808,2024-05-23,15,104,No
3808_2,3808,2024-05-24,12,41,No
3809_0,3809,2024-04-23,4,39,Yes
3809_1,3809,2024-04-24,10,96,No
3809_2,3809,2024-04-25,15,50,No
3810_0,3810,2024-04-12,13,81,No
3811_0,3811,2024-03-14,11,3,No
3811_1,3811,2024-03-15,10,7,No
3811_2,3811,2024-03-16,1,31,Yes
3812_0,3812,2024-12-19,5,91,Yes
3812_1,3812,2024-12-20,5,26,No
3813_0,3813,2024-06-13,7,77,No
3813_1,3813,2024-06-14,14,80,Yes
3813_2,3813,2024-06-15,15,45,No
3814_0,3814,2024-04-05,7,93,No
3814_1,3814,2024-04-06,5,64,No
3814_2,3814,2024-04-07,12,58,No
3815_0,3815,2024-10-24,1,112,No
3815_1,3815,2024-10-25,11,66,No
3815_2,3815,2024-10-26,1,82,No
3815_3,3815,2024-10-27,14,86,No
3816_0,3816,2024-08-16,10,66,No
3817_0,3817,2024-05-02,1,120,No
3817_1,3817,2024-05-03,14,19,No
3817_2,3817,2024-05-04,12,16,Yes
3818_0,3818,2024-09-14,10,61,No
3818_1,3818,2024-09-15,13,19,No
3819_0,3819,2024-07-11,3,17,No
3820_0,3820,2024-04-09,11,108,No
3820_1,3820,2024-04-10,5,62,No
3820_2,3820,2024-04-11,10,5,No
3820_3,3820,2024-04-12,11,68,Yes
3820_4,3820,2024-04-13,15,110,No
3821_0,3821,2024-07-10,15,47,No
3821_1,3821,2024-07-11,5,64,Yes
3821_2,3821,2024-07-12,3,27,Yes
3821_3,3821,2024-07-13,12,87,No
3822_0,3822,2024-09-17,5,77,No
3822_1,3822,2024-09-18,13,108,No
3823_0,3823,2024-11-02,2,1,No
3823_1,3823,2024-11-03,12,110,No
3824_0,3824,2024-07-28,5,92,No
3824_1,3824,2024-07-29,5,112,Yes
3825_0,3825,2024-11-15,12,7,No
3826_0,3826,2024-07-16,11,80,No
3826_1,3826,2024-07-17,4,91,No
3826_2,3826,2024-07-18,5,92,No
3826_3,3826,2024-07-19,3,110,No
3827_0,3827,2024-05-27,14,82,No
3828_0,3828,2024-08-16,13,34,No
3828_1,3828,2024-08-17,1,98,No
3829_0,3829,2024-11-05,3,29,No
3830_0,3830,2024-06-25,9,51,No
3830_1,3830,2024-06-26,1,55,No
3830_2,3830,2024-06-27,1,42,Yes
3830_3,3830,2024-06-28,6,74,No
3830_4,3830,2024-06-29,10,88,No
3831_0,3831,2024-09-19,2,72,No
3831_1,3831,2024-09-20,6,27,Yes
3831_2,3831,2024-09-21,3,33,No
3831_3,3831,2024-09-22,9,8,No
3831_4,3831,2024-09-23,5,40,Yes
3832_0,3832,2024-11-14,4,55,Yes
3832_1,3832,2024-11-15,11,87,Yes
3832_2,3832,2024-11-16,10,66,Yes
3833_0,3833,2024-11-25,3,34,No
3833_1,3833,2024-11-26,4,100,No
3833_2,3833,2024-11-27,4,53,No
3833_3,3833,2024-11-28,5,14,No
3834_0,3834,2024-03-12,12,101,No
3834_1,3834,2024-03-13,14,66,No
3834_2,3834,2024-03-14,15,115,No
3834_3,3834,2024-03-15,13,13,No
3835_0,3835,2024-02-10,10,48,No
3836_0,3836,2024-11-09,12,72,No
3836_1,3836,2024-11-10,11,60,No
3836_2,3836,2024-11-11,6,71,No
3836_3,3836,2024-11-12,6,98,No
3836_4,3836,2024-11-13,3,84,No
3837_0,3837,2024-08-05,13,83,Yes
3837_1,3837,2024-08-06,14,103,No
3838_0,3838,2024-03-18,1,110,No
3838_1,3838,2024-03-19,15,114,No
3838_2,3838,2024-03-20,5,20,Yes
3838_3,3838,2024-03-21,15,107,No
3838_4,3838,2024-03-22,10,20,Yes
3839_0,3839,2024-09-26,6,112,No
3839_1,3839,2024-09-27,1,31,No
3839_2,3839,2024-09-28,2,93,No
3839_3,3839,2024-09-29,2,14,Yes
3840_0,3840,2024-05-23,15,75,No
3841_0,3841,2024-11-01,4,118,No
3841_1,3841,2024-11-02,2,116,No
3841_2,3841,2024-11-03,6,67,No
3842_0,3842,2024-11-27,4,110,Yes
3843_0,3843,2024-05-10,5,29,No
3843_1,3843,2024-05-11,7,39,No
3843_2,3843,2024-05-12,14,9,No
3843_3,3843,2024-05-13,6,25,No
3843_4,3843,2024-05-14,3,94,Yes
3844_0,3844,2024-09-18,4,51,Yes
3845_0,3845,2024-03-25,8,75,No
3846_0,3846,2024-09-20,8,109,No
3847_0,3847,2024-09-23,4,24,No
3847_1,3847,2024-09-24,3,74,No
3847_2,3847,2024-09-25,14,102,No
3847_3,3847,2024-09-26,1,66,Yes
3848_0,3848,2024-01-05,1,28,Yes
3849_0,3849,2024-10-24,7,80,No
3849_1,3849,2024-10-25,2,82,No
3850_0,3850,2024-08-10,3,56,No
3850_1,3850,2024-08-11,9,39,No
3850_2,3850,2024-08-12,13,83,Yes
3850_3,3850,2024-08-13,12,43,No
3851_0,3851,2024-11-12,12,15,Yes
3851_1,3851,2024-11-13,2,37,Yes
3851_2,3851,2024-11-14,10,33,Yes
3852_0,3852,2024-03-15,6,72,No
3853_0,3853,2024-07-05,11,21,Yes
3853_1,3853,2024-07-06,9,42,No
3853_2,3853,2024-07-07,6,59,No
3853_3,3853,2024-07-08,1,26,No
3853_4,3853,2024-07-09,10,12,No
3854_0,3854,2024-04-30,13,11,No
3854_1,3854,2024-05-01,15,84,No
3855_0,3855,2024-08-16,7,37,No
3855_1,3855,2024-08-17,1,106,No
3856_0,3856,2024-09-01,3,120,No
3857_0,3857,2024-03-04,13,52,No
3857_1,3857,2024-03-05,6,96,Yes
3858_0,3858,2024-12-08,9,28,No
3858_1,3858,2024-12-09,1,62,No
3858_2,3858,2024-12-10,5,16,Yes
3858_3,3858,2024-12-11,15,11,No
3858_4,3858,2024-12-12,10,26,Yes
3859_0,3859,2024-12-28,12,57,No
3859_1,3859,2024-12-29,13,86,No
3859_2,3859,2024-12-30,5,13,No
3859_3,3859,2024-12-31,8,95,Yes
3859_4,3859,2025-01-01,8,65,No
3860_0,3860,2024-09-25,7,37,No
3861_0,3861,2024-01-23,10,100,Yes
3861_1,3861,2024-01-24,15,91,No
3862_0,3862,2024-09-22,9,82,No
3863_0,3863,2024-12-28,2,83,No
3863_1,3863,2024-12-29,5,55,No
3863_2,3863,2024-12-30,5,24,No
3863_3,3863,2024-12-31,9,37,No
3863_4,3863,2025-01-01,4,69,Yes
3864_0,3864,2024-01-14,4,15,No
3864_1,3864,2024-01-15,6,103,No
3864_2,3864,2024-01-16,14,25,No
3864_3,3864,2024-01-17,15,84,Yes
3864_4,3864,2024-01-18,12,55,Yes
3865_0,3865,2024-02-06,2,5,Yes
3865_1,3865,2024-02-07,15,112,No
3865_2,3865,2024-02-08,12,21,No
3865_3,3865,2024-02-09,3,93,No
3866_0,3866,2024-02-23,7,102,No
3866_1,3866,2024-02-24,11,42,Yes
3866_2,3866,2024-02-25,3,11,No
3867_0,3867,2024-09-08,9,117,No
3868_0,3868,2024-09-11,13,86,No
3868_1,3868,2024-09-12,5,94,No
3868_2,3868,2024-09-13,5,77,No
3868_3,3868,2024-09-14,6,107,No
3868_4,3868,2024-09-15,14,68,No
3869_0,3869,2024-01-25,6,96,No
3869_1,3869,2024-01-26,11,10,No
3870_0,3870,2024-10-30,12,81,No
3870_1,3870,2024-10-31,15,100,No
3870_2,3870,2024-11-01,2,1,No
3870_3,3870,2024-11-02,5,93,Yes
3870_4,3870,2024-11-03,15,78,No
3871_0,3871,2024-02-24,7,7,Yes
3871_1,3871,2024-02-25,5,66,Yes
3871_2,3871,2024-02-26,7,120,No
3871_3,3871,2024-02-27,14,75,No
3871_4,3871,2024-02-28,4,87,Yes
3872_0,3872,2024-11-08,6,24,No
3873_0,3873,2024-03-09,8,3,No
3873_1,3873,2024-03-10,12,89,No
3873_2,3873,2024-03-11,12,40,Yes
3874_0,3874,2024-12-06,11,78,No
3874_1,3874,2024-12-07,11,2,No
3875_0,3875,2024-09-05,1,71,No
3875_1,3875,2024-09-06,6,33,No
3875_2,3875,2024-09-07,7,57,No
3875_3,3875,2024-09-08,3,52,Yes
3875_4,3875,2024-09-09,3,21,No
3876_0,3876,2024-03-02,5,100,Yes
3876_1,3876,2024-03-03,12,12,Yes
3876_2,3876,2024-03-04,15,19,No
3876_3,3876,2024-03-05,10,117,No
3876_4,3876,2024-03-06,15,27,No
3877_0,3877,2024-03-15,6,56,No
3877_1,3877,2024-03-16,9,107,Yes
3877_2,3877,2024-03-17,11,2,Yes
3877_3,3877,2024-03-18,9,3,Yes
3878_0,3878,2024-12-02,7,76,No
3879_0,3879,2024-10-11,3,59,Yes
3879_1,3879,2024-10-12,6,5,Yes
3879_2,3879,2024-10-13,9,10,No
3879_3,3879,2024-10-14,13,52,No
3879_4,3879,2024-10-15,8,4,No
3880_0,3880,2024-04-09,8,112,No
3880_1,3880,2024-04-10,6,15,Yes
3880_2,3880,2024-04-11,11,71,No
3880_3,3880,2024-04-12,4,8,No
3881_0,3881,2024-06-29,10,97,No
3881_1,3881,2024-06-30,12,14,No
3881_2,3881,2024-07-01,9,93,No
3881_3,3881,2024-07-02,14,90,No
3881_4,3881,2024-07-03,9,64,No
3882_0,3882,2024-04-13,5,59,No
3882_1,3882,2024-04-14,2,20,No
3883_0,3883,2024-04-04,3,91,Yes
3883_1,3883,2024-04-05,8,97,No
3883_2,3883,2024-04-06,12,77,Yes
3883_3,3883,2024-04-07,4,73,Yes
3883_4,3883,2024-04-08,12,55,No
3884_0,3884,2024-09-16,11,19,No
3884_1,3884,2024-09-17,4,60,No
3884_2,3884,2024-09-18,6,83,Yes
3885_0,3885,2024-07-08,6,66,No
3885_1,3885,2024-07-09,13,99,No
3886_0,3886,2024-05-18,12,70,No
3886_1,3886,2024-05-19,6,68,No
3886_2,3886,2024-05-20,10,96,No
3886_3,3886,2024-05-21,4,82,Yes
3887_0,3887,2024-06-18,2,1,No
3887_1,3887,2024-06-19,7,110,No
3887_2,3887,2024-06-20,2,89,No
3887_3,3887,2024-06-21,3,21,Yes
3888_0,3888,2024-06-28,11,73,No
3888_1,3888,2024-06-29,6,10,Yes
3888_2,3888,2024-06-30,7,22,No
3888_3,3888,2024-07-01,14,53,No
3888_4,3888,2024-07-02,10,44,Yes
3889_0,3889,2024-10-08,8,98,No
3889_1,3889,2024-10-09,2,91,Yes
3889_2,3889,2024-10-10,14,73,No
3889_3,3889,2024-10-11,15,29,No
3889_4,3889,2024-10-12,3,57,No
3890_0,3890,2024-11-22,1,83,No
3890_1,3890,2024-11-23,7,14,Yes
3890_2,3890,2024-11-24,13,64,Yes
3890_3,3890,2024-11-25,6,81,No
3890_4,3890,2024-11-26,3,52,Yes
3891_0,3891,2024-07-18,5,91,Yes
3891_1,3891,2024-07-19,14,52,No
3891_2,3891,2024-07-20,7,9,No
3892_0,3892,2024-02-20,9,67,Yes
3892_1,3892,2024-02-21,13,63,No
3892_2,3892,2024-02-22,2,76,Yes
3893_0,3893,2024-06-12,7,27,No
3894_0,3894,2024-02-11,11,90,No
3895_0,3895,2024-10-23,3,78,No
3895_1,3895,2024-10-24,7,61,No
3896_0,3896,2024-12-30,11,116,No
3897_0,3897,2024-08-26,5,62,No
3898_0,3898,2024-01-19,7,8,Yes
3898_1,3898,2024-01-20,2,37,No
3898_2,3898,2024-01-21,3,109,No
3899_0,3899,2024-04-13,5,71,No
3900_0,3900,2024-08-05,15,105,No
3901_0,3901,2024-04-12,1,1,Yes
3901_1,3901,2024-04-13,9,114,No
3902_0,3902,2024-05-08,15,32,Yes
3902_1,3902,2024-05-09,15,113,No
3902_2,3902,2024-05-10,4,50,No
3903_0,3903,2024-11-10,8,26,No
3904_0,3904,2024-02-01,10,33,No
3904_1,3904,2024-02-02,7,111,Yes
3905_0,3905,2024-04-22,3,113,Yes
3905_1,3905,2024-04-23,3,71,Yes
3905_2,3905,2024-04-24,15,75,No
3906_0,3906,2024-07-29,8,83,No
3906_1,3906,2024-07-30,3,30,No
3906_2,3906,2024-07-31,15,22,No
3906_3,3906,2024-08-01,11,51,No
3906_4,3906,2024-08-02,4,75,No
3907_0,3907,2024-04-14,11,10,Yes
3907_1,3907,2024-04-15,1,12,Yes
3907_2,3907,2024-04-16,3,58,No
3907_3,3907,2024-04-17,5,34,No
3908_0,3908,2024-08-30,2,19,No
3908_1,3908,2024-08-31,2,22,No
3908_2,3908,2024-09-01,13,44,No
3909_0,3909,2024-05-24,13,53,No
3909_1,3909,2024-05-25,12,57,Yes
3909_2,3909,2024-05-26,3,36,No
3909_3,3909,2024-05-27,13,30,No
3910_0,3910,2024-06-30,11,77,No
3910_1,3910,2024-07-01,13,85,No
3911_0,3911,2024-11-29,15,100,No
3911_1,3911,2024-11-30,6,97,No
3911_2,3911,2024-12-01,8,109,No
3911_3,3911,2024-12-02,10,51,No
3911_4,3911,2024-12-03,2,56,No
3912_0,3912,2024-03-08,1,81,No
3912_1,3912,2024-03-09,14,31,No
3912_2,3912,2024-03-10,5,76,No
3913_0,3913,2024-11-27,7,13,Yes
3914_0,3914,2024-02-26,5,49,No
3915_0,3915,2024-03-30,10,79,No
3916_0,3916,2024-11-18,11,59,No
3917_0,3917,2024-05-04,5,7,Yes
3917_1,3917,2024-05-05,11,103,No
3917_2,3917,2024-05-06,7,26,No
3917_3,3917,2024-05-07,13,77,No
3918_0,3918,2024-01-21,7,98,No
3918_1,3918,2024-01-22,13,82,Yes
3918_2,3918,2024-01-23,3,99,Yes
3918_3,3918,2024-01-24,4,12,No
3919_0,3919,2024-06-05,6,51,Yes
3919_1,3919,2024-06-06,4,104,No
3919_2,3919,2024-06-07,8,107,No
3920_0,3920,2024-10-30,13,102,No
3920_1,3920,2024-10-31,4,107,No
3920_2,3920,2024-11-01,15,83,No
3920_3,3920,2024-11-02,4,15,No
3921_0,3921,2024-08-24,3,100,Yes
3921_1,3921,2024-08-25,3,1,Yes
3921_2,3921,2024-08-26,10,81,Yes
3922_0,3922,2024-02-26,13,30,No
3922_1,3922,2024-02-27,6,102,No
3923_0,3923,2024-02-20,6,8,Yes
3923_1,3923,2024-02-21,10,19,No
3924_0,3924,2024-07-10,4,82,No
3924_1,3924,2024-07-11,4,12,No
3924_2,3924,2024-07-12,13,13,No
3925_0,3925,2024-08-13,10,54,Yes
3925_1,3925,2024-08-14,5,12,Yes
3925_2,3925,2024-08-15,1,105,Yes
3925_3,3925,2024-08-16,8,112,No
3926_0,3926,2024-12-08,9,67,Yes
3926_1,3926,2024-12-09,13,118,No
3926_2,3926,2024-12-10,13,24,No
3926_3,3926,2024-12-11,14,35,No
3927_0,3927,2024-03-22,15,75,No
3927_1,3927,2024-03-23,10,55,No
3927_2,3927,2024-03-24,13,44,No
3927_3,3927,2024-03-25,15,113,No
3927_4,3927,2024-03-26,6,95,No
3928_0,3928,2024-01-10,3,79,No
3929_0,3929,2024-03-01,5,37,Yes
3929_1,3929,2024-03-02,3,55,No
3929_2,3929,2024-03-03,1,109,Yes
3930_0,3930,2024-05-01,2,52,No
3930_1,3930,2024-05-02,11,91,Yes
3931_0,3931,2024-07-03,3,77,Yes
3931_1,3931,2024-07-04,15,62,Yes
3931_2,3931,2024-07-05,10,67,No
3931_3,3931,2024-07-06,7,46,No
3931_4,3931,2024-07-07,5,53,No
3932_0,3932,2024-04-01,11,48,No
3932_1,3932,2024-04-02,10,86,Yes
3932_2,3932,2024-04-03,8,98,No
3932_3,3932,2024-04-04,15,29,No
3932_4,3932,2024-04-05,5,71,No
3933_0,3933,2024-06-03,14,76,No
3933_1,3933,2024-06-04,5,54,Yes
3934_0,3934,2024-11-18,9,104,No
3934_1,3934,2024-11-19,3,50,No
3934_2,3934,2024-11-20,14,15,No
3935_0,3935,2024-09-03,15,78,Yes
3935_1,3935,2024-09-04,10,9,No
3936_0,3936,2024-05-08,3,115,No
3936_1,3936,2024-05-09,14,44,No
3936_2,3936,2024-05-10,1,62,Yes
3936_3,3936,2024-05-11,1,56,No
3936_4,3936,2024-05-12,14,106,Yes
3937_0,3937,2024-05-04,2,31,Yes
3938_0,3938,2024-03-24,6,75,No
3939_0,3939,2024-10-11,5,66,Yes
3939_1,3939,2024-10-12,5,75,Yes
3939_2,3939,2024-10-13,11,61,No
3940_0,3940,2024-02-02,7,69,No
3940_1,3940,2024-02-03,9,86,No
3940_2,3940,2024-02-04,8,116,Yes
3940_3,3940,2024-02-05,5,88,No
3941_0,3941,2024-06-03,6,85,No
3941_1,3941,2024-06-04,8,96,No
3941_2,3941,2024-06-05,2,58,Yes
3942_0,3942,2024-09-03,5,80,Yes
3943_0,3943,2024-08-16,4,45,No
3943_1,3943,2024-08-17,7,36,No
3943_2,3943,2024-08-18,6,13,No
3943_3,3943,2024-08-19,1,46,No
3944_0,3944,2024-05-20,8,85,No
3945_0,3945,2024-04-27,5,50,No
3946_0,3946,2024-09-20,7,53,Yes
3946_1,3946,2024-09-21,5,63,Yes
3946_2,3946,2024-09-22,11,74,No
3946_3,3946,2024-09-23,1,95,No
3946_4,3946,2024-09-24,8,85,No
3947_0,3947,2024-07-27,13,92,No
3947_1,3947,2024-07-28,3,72,No
3947_2,3947,2024-07-29,9,21,No
3947_3,3947,2024-07-30,2,38,No
3948_0,3948,2024-12-14,8,112,No
3948_1,3948,2024-12-15,1,66,No
3948_2,3948,2024-12-16,3,117,No
3948_3,3948,2024-12-17,14,55,No
3949_0,3949,2024-01-14,8,66,No
3949_1,3949,2024-01-15,9,58,No
3949_2,3949,2024-01-16,13,108,No
3949_3,3949,2024-01-17,6,98,No
3950_0,3950,2024-09-03,15,36,Yes
3950_1,3950,2024-09-04,12,55,No
3950_2,3950,2024-09-05,9,58,No
3950_3,3950,2024-09-06,9,52,No
3950_4,3950,2024-09-07,15,37,Yes
3951_0,3951,2024-02-17,13,27,No
3951_1,3951,2024-02-18,13,68,No
3951_2,3951,2024-02-19,5,55,Yes
3952_0,3952,2024-11-16,5,6,No
3952_1,3952,2024-11-17,5,91,No
3952_2,3952,2024-11-18,2,35,No
3953_0,3953,2024-03-01,1,110,No
3954_0,3954,2024-08-15,12,54,No
3954_1,3954,2024-08-16,2,114,No
3954_2,3954,2024-08-17,11,1,No
3955_0,3955,2024-03-19,11,63,No
3955_1,3955,2024-03-20,1,102,Yes
3955_2,3955,2024-03-21,3,28,No
3955_3,3955,2024-03-22,2,85,No
3956_0,3956,2024-04-07,6,59,No
3956_1,3956,2024-04-08,5,40,No
3956_2,3956,2024-04-09,14,104,No
3956_3,3956,2024-04-10,11,69,No
3956_4,3956,2024-04-11,3,100,No
3957_0,3957,2024-11-01,11,11,No
3957_1,3957,2024-11-02,1,30,Yes
3957_2,3957,2024-11-03,4,55,No
3957_3,3957,2024-11-04,4,38,No
3957_4,3957,2024-11-05,5,103,No
3958_0,3958,2024-04-30,2,15,Yes
3958_1,3958,2024-05-01,5,73,No
3958_2,3958,2024-05-02,15,68,No
3958_3,3958,2024-05-03,1,4,No
3959_0,3959,2024-10-12,4,109,No
3959_1,3959,2024-10-13,12,78,No
3959_2,3959,2024-10-14,5,75,No
3959_3,3959,2024-10-15,6,114,No
3959_4,3959,2024-10-16,9,8,No
3960_0,3960,2024-01-05,11,104,No
3960_1,3960,2024-01-06,4,16,No
3961_0,3961,2024-03-05,4,7,No
3961_1,3961,2024-03-06,14,87,Yes
3961_2,3961,2024-03-07,13,111,No
3961_3,3961,2024-03-08,13,25,Yes
3961_4,3961,2024-03-09,12,98,No
3962_0,3962,2024-07-08,9,119,Yes
3962_1,3962,2024-07-09,10,80,No
3962_2,3962,2024-07-10,4,23,No
3963_0,3963,2024-01-11,5,39,No
3963_1,3963,2024-01-12,6,11,No
3963_2,3963,2024-01-13,15,111,No
3963_3,3963,2024-01-14,3,5,Yes
3964_0,3964,2024-09-25,7,41,No
3965_0,3965,2024-07-19,5,2,No
3966_0,3966,2024-02-21,8,78,No
3966_1,3966,2024-02-22,11,106,Yes
3967_0,3967,2024-12-09,7,96,No
3967_1,3967,2024-12-10,3,20,No
3967_2,3967,2024-12-11,1,51,Yes
3967_3,3967,2024-12-12,8,86,No
3968_0,3968,2024-01-29,10,66,No
3968_1,3968,2024-01-30,6,88,No
3968_2,3968,2024-01-31,9,89,Yes
3968_3,3968,2024-02-01,11,85,Yes
3968_4,3968,2024-02-02,14,53,No
3969_0,3969,2024-10-18,3,96,No
3969_1,3969,2024-10-19,7,41,No
3969_2,3969,2024-10-20,10,39,No
3969_3,3969,2024-10-21,12,54,Yes
3969_4,3969,2024-10-22,1,26,No
3970_0,3970,2024-08-08,15,6,No
3970_1,3970,2024-08-09,12,37,No
3970_2,3970,2024-08-10,2,29,No
3970_3,3970,2024-08-11,9,100,No
3970_4,3970,2024-08-12,3,85,No
3971_0,3971,2024-10-07,6,57,No
3971_1,3971,2024-10-08,8,45,Yes
3971_2,3971,2024-10-09,6,43,Yes
3971_3,3971,2024-10-10,7,89,No
3971_4,3971,2024-10-11,12,36,No
3972_0,3972,2024-08-19,15,119,No
3972_1,3972,2024-08-20,11,22,Yes
3972_2,3972,2024-08-21,13,110,Yes
3973_0,3973,2024-12-10,13,13,Yes
3973_1,3973,2024-12-11,9,42,No
3973_2,3973,2024-12-12,3,2,No
3973_3,3973,2024-12-13,12,87,No
3973_4,3973,2024-12-14,1,99,No
3974_0,3974,2024-06-10,15,75,Yes
3974_1,3974,2024-06-11,12,28,Yes
3974_2,3974,2024-06-12,9,102,No
3974_3,3974,2024-06-13,13,73,No
3974_4,3974,2024-06-14,9,96,No
3975_0,3975,2024-12-14,7,96,No
3975_1,3975,2024-12-15,5,45,Yes
3975_2,3975,2024-12-16,5,73,Yes
3976_0,3976,2024-06-12,6,57,No
3976_1,3976,2024-06-13,14,117,No
3976_2,3976,2024-06-14,13,68,Yes
3976_3,3976,2024-06-15,4,8,No
3977_0,3977,2024-05-17,14,48,Yes
3978_0,3978,2024-06-10,7,48,No
3979_0,3979,2024-01-25,11,3,Yes
3979_1,3979,2024-01-26,5,66,No
3979_2,3979,2024-01-27,10,73,No
3980_0,3980,2024-05-24,14,59,No
3980_1,3980,2024-05-25,2,31,No
3980_2,3980,2024-05-26,3,54,No
3981_0,3981,2024-04-30,12,49,No
3981_1,3981,2024-05-01,5,88,No
3981_2,3981,2024-05-02,2,120,Yes
3981_3,3981,2024-05-03,12,89,No
3982_0,3982,2024-06-08,4,76,Yes
3982_1,3982,2024-06-09,14,58,No
3982_2,3982,2024-06-10,10,14,No
3983_0,3983,2024-05-08,9,115,Yes
3984_0,3984,2024-02-20,1,12,Yes
3985_0,3985,2024-02-21,1,15,Yes
3985_1,3985,2024-02-22,2,91,Yes
3985_2,3985,2024-02-23,1,77,No
3986_0,3986,2024-07-05,14,30,No
3987_0,3987,2024-07-01,12,104,Yes
3987_1,3987,2024-07-02,7,25,No
3987_2,3987,2024-07-03,12,85,No
3987_3,3987,2024-07-04,11,28,No
3988_0,3988,2024-06-15,7,96,Yes
3989_0,3989,2024-04-16,11,76,No
3989_1,3989,2024-04-17,3,17,No
3989_2,3989,2024-04-18,15,44,No
3989_3,3989,2024-04-19,11,38,Yes
3990_0,3990,2024-04-01,13,4,No
3990_1,3990,2024-04-02,3,96,Yes
3990_2,3990,2024-04-03,2,24,No
3990_3,3990,2024-04-04,10,70,Yes
3991_0,3991,2024-11-20,12,82,Yes
3991_1,3991,2024-11-21,7,69,Yes
3992_0,3992,2024-09-14,11,30,No
3992_1,3992,2024-09-15,1,25,Yes
3993_0,3993,2024-03-31,12,112,No
3993_1,3993,2024-04-01,13,104,Yes
3993_2,3993,2024-04-02,5,2,No
3993_3,3993,2024-04-03,2,95,No
3993_4,3993,2024-04-04,9,23,No
3994_0,3994,2024-01-03,7,52,No
3994_1,3994,2024-01-04,15,105,No
3994_2,3994,2024-01-05,13,20,No
3994_3,3994,2024-01-06,13,18,No
3995_0,3995,2024-02-06,10,82,No
3996_0,3996,2024-01-06,9,35,No
3997_0,3997,2024-07-19,10,119,Yes
3997_1,3997,2024-07-20,1,64,No
3998_0,3998,2024-09-23,6,42,No
3998_1,3998,2024-09-24,5,115,No
3998_2,3998,2024-09-25,5,102,No
3998_3,3998,2024-09-26,3,61,No
3999_0,3999,2024-09-24,4,2,No
3999_1,3999,2024-09-25,5,3,No
3999_2,3999,2024-09-26,13,39,No
4000_0,4000,2024-09-26,6,14,No
4001_0,4001,2024-01-07,11,61,No
4002_0,4002,2024-02-25,15,14,No
4003_0,4003,2024-08-01,15,91,No
4003_1,4003,2024-08-02,6,85,Yes
4003_2,4003,2024-08-03,9,100,Yes
4003_3,4003,2024-08-04,13,11,Yes
4003_4,4003,2024-08-05,14,95,Yes
4004_0,4004,2024-03-10,15,29,No
4004_1,4004,2024-03-11,3,16,No
4004_2,4004,2024-03-12,3,43,No
4004_3,4004,2024-03-13,13,6,No
4005_0,4005,2024-11-22,14,15,Yes
4005_1,4005,2024-11-23,9,7,Yes
4005_2,4005,2024-11-24,1,117,No
4005_3,4005,2024-11-25,4,86,No
4005_4,4005,2024-11-26,15,111,No
4006_0,4006,2024-08-25,2,50,No
4006_1,4006,2024-08-26,12,50,Yes
4007_0,4007,2024-10-05,10,60,Yes
4007_1,4007,2024-10-06,7,58,No
4007_2,4007,2024-10-07,10,120,No
4007_3,4007,2024-10-08,9,65,Yes
4007_4,4007,2024-10-09,3,65,No
4008_0,4008,2024-02-24,9,64,No
4008_1,4008,2024-02-25,4,72,No
4008_2,4008,2024-02-26,12,114,No
4009_0,4009,2024-06-01,1,47,No
4009_1,4009,2024-06-02,13,52,No
4009_2,4009,2024-06-03,11,29,Yes
4010_0,4010,2024-12-28,11,40,No
4010_1,4010,2024-12-29,15,52,Yes
4010_2,4010,2024-12-30,2,36,No
4011_0,4011,2024-11-08,14,72,No
4012_0,4012,2024-05-11,15,54,No
4012_1,4012,2024-05-12,3,81,No
4012_2,4012,2024-05-13,14,31,Yes
4012_3,4012,2024-05-14,6,44,Yes
4013_0,4013,2024-03-26,6,52,Yes
4013_1,4013,2024-03-27,13,111,No
4014_0,4014,2024-05-06,7,111,Yes
4014_1,4014,2024-05-07,12,96,No
4014_2,4014,2024-05-08,5,17,No
4014_3,4014,2024-05-09,13,37,Yes
4015_0,4015,2024-10-20,10,53,No
4015_1,4015,2024-10-21,8,102,No
4015_2,4015,2024-10-22,9,98,No
4015_3,4015,2024-10-23,3,113,Yes
4016_0,4016,2024-08-30,10,87,No
4016_1,4016,2024-08-31,15,51,Yes
4016_2,4016,2024-09-01,5,51,Yes
4016_3,4016,2024-09-02,12,105,No
4016_4,4016,2024-09-03,5,10,Yes
4017_0,4017,2024-10-05,6,17,Yes
4017_1,4017,2024-10-06,1,91,Yes
4017_2,4017,2024-10-07,1,30,Yes
4018_0,4018,2024-01-04,4,98,No
4018_1,4018,2024-01-05,13,47,No
4019_0,4019,2024-12-13,6,11,No
4019_1,4019,2024-12-14,15,50,No
4020_0,4020,2024-12-19,6,30,No
4020_1,4020,2024-12-20,2,40,No
4021_0,4021,2024-03-30,1,79,No
4022_0,4022,2024-11-20,7,108,Yes
4023_0,4023,2024-10-28,14,11,No
4023_1,4023,2024-10-29,15,46,No
4024_0,4024,2024-03-09,5,1,No
4025_0,4025,2024-10-07,4,114,No
4025_1,4025,2024-10-08,13,1,No
4025_2,4025,2024-10-09,10,3,Yes
4026_0,4026,2024-01-15,9,36,No
4026_1,4026,2024-01-16,10,112,No
4026_2,4026,2024-01-17,12,35,Yes
4027_0,4027,2024-07-29,4,63,No
4028_0,4028,2024-09-02,9,10,No
4028_1,4028,2024-09-03,11,43,No
4028_2,4028,2024-09-04,4,27,No
4029_0,4029,2024-04-30,2,9,No
4030_0,4030,2024-01-24,14,46,No
4031_0,4031,2024-11-25,15,96,No
4032_0,4032,2024-12-13,3,34,No
4032_1,4032,2024-12-14,14,74,No
4032_2,4032,2024-12-15,13,56,No
4033_0,4033,2024-01-12,14,101,No
4034_0,4034,2024-12-19,7,27,No
4035_0,4035,2024-05-19,7,92,Yes
4036_0,4036,2024-11-09,5,108,No
4036_1,4036,2024-11-10,13,113,No
4036_2,4036,2024-11-11,14,67,No
4036_3,4036,2024-11-12,5,33,Yes
4036_4,4036,2024-11-13,9,22,No
4037_0,4037,2024-11-24,6,61,No
4037_1,4037,2024-11-25,3,69,No
4037_2,4037,2024-11-26,12,118,No
4038_0,4038,2024-12-21,14,26,Yes
4038_1,4038,2024-12-22,5,70,Yes
4038_2,4038,2024-12-23,1,10,No
4038_3,4038,2024-12-24,8,5,No
4039_0,4039,2024-11-01,1,73,No
4039_1,4039,2024-11-02,9,88,No
4039_2,4039,2024-11-03,9,46,No
4039_3,4039,2024-11-04,14,113,Yes
4040_0,4040,2024-06-10,6,104,No
4041_0,4041,2024-07-01,8,27,No
4041_1,4041,2024-07-02,13,95,No
4041_2,4041,2024-07-03,15,118,Yes
4042_0,4042,2024-02-16,4,109,Yes
4043_0,4043,2024-12-08,14,57,No
4043_1,4043,2024-12-09,9,31,No
4043_2,4043,2024-12-10,5,93,No
4043_3,4043,2024-12-11,8,99,Yes
4044_0,4044,2024-06-07,1,64,No
4044_1,4044,2024-06-08,14,49,Yes
4045_0,4045,2024-08-14,9,102,No
4046_0,4046,2024-12-23,14,66,Yes
4046_1,4046,2024-12-24,3,4,Yes
4046_2,4046,2024-12-25,9,52,No
4046_3,4046,2024-12-26,10,38,No
4047_0,4047,2024-03-18,15,82,No
4047_1,4047,2024-03-19,5,65,No
4048_0,4048,2024-06-24,4,96,No
4048_1,4048,2024-06-25,6,15,Yes
4048_2,4048,2024-06-26,7,91,No
4048_3,4048,2024-06-27,5,68,No
4049_0,4049,2024-12-20,9,30,No
4049_1,4049,2024-12-21,4,97,No
4049_2,4049,2024-12-22,5,24,No
4050_0,4050,2024-03-19,3,45,No
4050_1,4050,2024-03-20,5,56,No
4050_2,4050,2024-03-21,12,73,Yes
4050_3,4050,2024-03-22,12,67,No
4050_4,4050,2024-03-23,10,21,Yes
4051_0,4051,2024-07-20,7,77,Yes
4052_0,4052,2024-06-24,13,45,No
4052_1,4052,2024-06-25,15,55,No
4052_2,4052,2024-06-26,6,52,Yes
4053_0,4053,2024-12-23,1,46,Yes
4053_1,4053,2024-12-24,8,11,Yes
4053_2,4053,2024-12-25,14,41,Yes
4053_3,4053,2024-12-26,12,19,Yes
4054_0,4054,2024-03-16,12,92,Yes
4054_1,4054,2024-03-17,9,14,No
4054_2,4054,2024-03-18,2,66,Yes
4054_3,4054,2024-03-19,7,37,Yes
4054_4,4054,2024-03-20,5,51,No
4055_0,4055,2024-12-11,6,19,No
4056_0,4056,2024-09-30,14,19,Yes
4056_1,4056,2024-10-01,6,11,No
4057_0,4057,2024-05-24,11,68,No
4057_1,4057,2024-05-25,9,28,No
4057_2,4057,2024-05-26,8,84,Yes
4058_0,4058,2024-10-13,10,15,Yes
4058_1,4058,2024-10-14,1,36,Yes
4058_2,4058,2024-10-15,13,11,No
4058_3,4058,2024-10-16,10,103,No
4058_4,4058,2024-10-17,9,23,No
4059_0,4059,2024-12-25,8,96,Yes
4059_1,4059,2024-12-26,1,102,Yes
4059_2,4059,2024-12-27,6,20,No
4059_3,4059,2024-12-28,11,51,No
4060_0,4060,2024-03-01,14,3,No
4061_0,4061,2024-12-04,11,116,No
4062_0,4062,2024-01-21,6,86,Yes
4062_1,4062,2024-01-22,6,2,No
4062_2,4062,2024-01-23,5,46,No
4063_0,4063,2024-01-26,15,97,No
4064_0,4064,2024-05-18,11,35,No
4064_1,4064,2024-05-19,4,33,Yes
4064_2,4064,2024-05-20,12,10,No
4065_0,4065,2024-07-11,3,104,No
4065_1,4065,2024-07-12,15,68,Yes
4065_2,4065,2024-07-13,1,61,No
4065_3,4065,2024-07-14,14,107,No
4065_4,4065,2024-07-15,3,118,No
4066_0,4066,2024-08-21,8,111,No
4066_1,4066,2024-08-22,13,17,Yes
4067_0,4067,2024-01-06,12,20,No
4068_0,4068,2024-08-31,7,103,Yes
4069_0,4069,2024-12-21,1,62,No
4069_1,4069,2024-12-22,13,93,No
4070_0,4070,2024-10-31,5,4,No
4070_1,4070,2024-11-01,5,101,No
4070_2,4070,2024-11-02,1,28,Yes
4070_3,4070,2024-11-03,15,5,No
4071_0,4071,2024-06-04,11,98,No
4071_1,4071,2024-06-05,15,43,No
4071_2,4071,2024-06-06,15,118,No
4072_0,4072,2024-05-20,10,31,Yes
4072_1,4072,2024-05-21,11,98,No
4072_2,4072,2024-05-22,11,87,No
4073_0,4073,2024-11-07,8,55,No
4073_1,4073,2024-11-08,8,80,No
4073_2,4073,2024-11-09,5,120,Yes
4073_3,4073,2024-11-10,3,11,No
4074_0,4074,2024-10-15,15,63,No
4074_1,4074,2024-10-16,12,84,No
4074_2,4074,2024-10-17,10,32,No
4075_0,4075,2024-08-17,15,6,Yes
4075_1,4075,2024-08-18,11,84,Yes
4075_2,4075,2024-08-19,5,102,No
4075_3,4075,2024-08-20,13,50,No
4075_4,4075,2024-08-21,13,80,No
4076_0,4076,2024-08-29,13,81,No
4076_1,4076,2024-08-30,6,35,No
4076_2,4076,2024-08-31,8,101,Yes
4077_0,4077,2024-11-13,14,44,No
4077_1,4077,2024-11-14,6,12,No
4077_2,4077,2024-11-15,6,8,No
4077_3,4077,2024-11-16,15,17,No
4077_4,4077,2024-11-17,12,113,No
4078_0,4078,2024-11-21,6,73,Yes
4078_1,4078,2024-11-22,6,76,No
4078_2,4078,2024-11-23,2,79,No
4078_3,4078,2024-11-24,5,96,No
4078_4,4078,2024-11-25,14,102,Yes
4079_0,4079,2024-05-15,7,110,Yes
4079_1,4079,2024-05-16,14,87,No
4079_2,4079,2024-05-17,10,12,No
4080_0,4080,2024-05-20,15,96,No
4081_0,4081,2024-05-28,1,31,No
4081_1,4081,2024-05-29,10,25,Yes
4081_2,4081,2024-05-30,12,42,No
4082_0,4082,2024-08-10,9,64,No
4082_1,4082,2024-08-11,2,69,Yes
4082_2,4082,2024-08-12,15,85,No
4083_0,4083,2024-12-09,10,43,Yes
4084_0,4084,2024-08-22,12,54,No
4084_1,4084,2024-08-23,12,65,No
4084_2,4084,2024-08-24,14,50,No
4084_3,4084,2024-08-25,3,32,No
4085_0,4085,2024-03-10,11,96,Yes
4085_1,4085,2024-03-11,11,73,No
4085_2,4085,2024-03-12,11,92,Yes
4086_0,4086,2024-02-17,3,80,Yes
4086_1,4086,2024-02-18,5,80,No
4087_0,4087,2024-08-02,5,51,No
4087_1,4087,2024-08-03,10,34,No
4087_2,4087,2024-08-04,6,75,Yes
4087_3,4087,2024-08-05,7,42,No
4087_4,4087,2024-08-06,3,33,No
4088_0,4088,2024-09-07,12,94,No
4088_1,4088,2024-09-08,3,100,No
4088_2,4088,2024-09-09,13,14,No
4088_3,4088,2024-09-10,15,117,No
4088_4,4088,2024-09-11,9,94,No
4089_0,4089,2024-03-16,15,38,No
4089_1,4089,2024-03-17,15,58,No
4090_0,4090,2024-10-31,1,11,Yes
4090_1,4090,2024-11-01,7,105,Yes
4091_0,4091,2024-06-15,13,77,No
4091_1,4091,2024-06-16,12,44,No
4092_0,4092,2024-03-11,5,62,Yes
4092_1,4092,2024-03-12,11,46,No
4093_0,4093,2024-11-04,7,70,Yes
4093_1,4093,2024-11-05,6,3,No
4094_0,4094,2024-12-27,12,72,No
4094_1,4094,2024-12-28,3,47,No
4094_2,4094,2024-12-29,15,46,No
4094_3,4094,2024-12-30,6,12,No
4094_4,4094,2024-12-31,1,52,Yes
4095_0,4095,2024-04-22,4,69,No
4095_1,4095,2024-04-23,15,41,No
4096_0,4096,2024-06-25,12,56,No
4096_1,4096,2024-06-26,8,114,No
4096_2,4096,2024-06-27,2,75,No
4096_3,4096,2024-06-28,11,70,Yes
4097_0,4097,2024-01-21,15,98,No
4097_1,4097,2024-01-22,3,84,No
4097_2,4097,2024-01-23,14,84,No
4098_0,4098,2024-08-08,13,13,No
4098_1,4098,2024-08-09,8,1,No
4098_2,4098,2024-08-10,1,13,No
4099_0,4099,2024-04-02,5,120,Yes
4099_1,4099,2024-04-03,6,89,No
4099_2,4099,2024-04-04,4,75,No
4099_3,4099,2024-04-05,10,86,Yes
4100_0,4100,2024-06-27,12,23,No
4100_1,4100,2024-06-28,14,108,No
4100_2,4100,2024-06-29,11,106,No
4100_3,4100,2024-06-30,3,9,No
4101_0,4101,2024-01-18,11,8,No
4101_1,4101,2024-01-19,10,34,No
4101_2,4101,2024-01-20,15,62,No
4101_3,4101,2024-01-21,10,88,No
4101_4,4101,2024-01-22,2,16,No
4102_0,4102,2024-12-12,15,112,No
4102_1,4102,2024-12-13,4,74,No
4102_2,4102,2024-12-14,10,46,No
4102_3,4102,2024-12-15,13,43,Yes
4103_0,4103,2024-10-28,9,104,No
4103_1,4103,2024-10-29,10,56,No
4103_2,4103,2024-10-30,6,70,No
4104_0,4104,2024-05-01,8,50,No
4104_1,4104,2024-05-02,2,89,No
4104_2,4104,2024-05-03,7,101,Yes
4105_0,4105,2024-11-08,13,86,No
4105_1,4105,2024-11-09,12,45,No
4105_2,4105,2024-11-10,1,72,No
4106_0,4106,2024-09-24,1,67,Yes
4107_0,4107,2024-09-23,5,59,No
4107_1,4107,2024-09-24,3,55,Yes
4107_2,4107,2024-09-25,1,73,No
4107_3,4107,2024-09-26,3,68,No
4108_0,4108,2024-08-08,12,71,No
4108_1,4108,2024-08-09,14,61,Yes
4108_2,4108,2024-08-10,15,67,No
4109_0,4109,2024-09-15,11,109,Yes
4109_1,4109,2024-09-16,11,99,No
4109_2,4109,2024-09-17,5,16,Yes
4109_3,4109,2024-09-18,10,47,Yes
4109_4,4109,2024-09-19,13,115,No
4110_0,4110,2024-10-16,3,71,Yes
4110_1,4110,2024-10-17,4,110,No
4111_0,4111,2024-05-28,4,89,No
4111_1,4111,2024-05-29,13,49,No
4111_2,4111,2024-05-30,4,119,No
4111_3,4111,2024-05-31,11,93,No
4111_4,4111,2024-06-01,9,116,No
4112_0,4112,2024-03-04,11,59,No
4112_1,4112,2024-03-05,3,58,No
4113_0,4113,2024-04-01,8,6,Yes
4113_1,4113,2024-04-02,12,21,No
4114_0,4114,2024-04-24,3,30,No
4115_0,4115,2024-08-18,4,98,Yes
4115_1,4115,2024-08-19,5,95,No
4115_2,4115,2024-08-20,15,112,Yes
4115_3,4115,2024-08-21,7,113,No
4116_0,4116,2024-05-31,7,80,Yes
4116_1,4116,2024-06-01,11,101,No
4117_0,4117,2024-03-03,5,72,No
4117_1,4117,2024-03-04,15,13,Yes
4117_2,4117,2024-03-05,7,80,Yes
4118_0,4118,2024-09-19,8,25,No
4118_1,4118,2024-09-20,8,43,No
4118_2,4118,2024-09-21,11,87,No
4118_3,4118,2024-09-22,6,85,No
4118_4,4118,2024-09-23,7,47,No
4119_0,4119,2024-08-16,3,62,No
4119_1,4119,2024-08-17,3,25,No
4119_2,4119,2024-08-18,9,106,No
4119_3,4119,2024-08-19,12,77,Yes
4119_4,4119,2024-08-20,12,55,No
4120_0,4120,2024-06-08,12,44,Yes
4120_1,4120,2024-06-09,12,12,No
4120_2,4120,2024-06-10,12,28,No
4120_3,4120,2024-06-11,12,52,No
4120_4,4120,2024-06-12,9,63,No
4121_0,4121,2024-01-22,8,20,No
4121_1,4121,2024-01-23,5,65,No
4121_2,4121,2024-01-24,9,25,No
4121_3,4121,2024-01-25,1,46,Yes
4121_4,4121,2024-01-26,6,32,Yes
4122_0,4122,2024-04-20,15,50,No
4122_1,4122,2024-04-21,9,10,No
4122_2,4122,2024-04-22,5,8,No
4123_0,4123,2024-04-21,12,100,No
4123_1,4123,2024-04-22,4,103,Yes
4123_2,4123,2024-04-23,6,85,Yes
4123_3,4123,2024-04-24,2,115,Yes
4123_4,4123,2024-04-25,13,99,Yes
4124_0,4124,2024-07-15,4,81,Yes
4124_1,4124,2024-07-16,1,65,No
4125_0,4125,2024-06-23,11,119,No
4125_1,4125,2024-06-24,6,37,No
4125_2,4125,2024-06-25,12,60,Yes
4125_3,4125,2024-06-26,15,48,No
4125_4,4125,2024-06-27,1,37,No
4126_0,4126,2024-08-17,2,24,No
4127_0,4127,2024-12-01,14,74,No
4127_1,4127,2024-12-02,11,96,Yes
4127_2,4127,2024-12-03,6,111,No
4128_0,4128,2024-01-31,12,10,No
4128_1,4128,2024-02-01,6,33,No
4128_2,4128,2024-02-02,15,10,Yes
4129_0,4129,2024-07-04,9,118,No
4130_0,4130,2024-10-28,13,102,No
4130_1,4130,2024-10-29,10,31,No
4131_0,4131,2024-08-20,5,52,No
4132_0,4132,2024-04-01,5,113,No
4132_1,4132,2024-04-02,9,9,No
4132_2,4132,2024-04-03,15,72,No
4132_3,4132,2024-04-04,1,113,Yes
4133_0,4133,2024-10-22,13,73,No
4134_0,4134,2024-07-16,2,27,No
4135_0,4135,2024-04-07,7,65,Yes
4135_1,4135,2024-04-08,1,111,Yes
4135_2,4135,2024-04-09,9,83,Yes
4136_0,4136,2024-12-19,10,60,No
4136_1,4136,2024-12-20,15,26,No
4136_2,4136,2024-12-21,12,90,No
4136_3,4136,2024-12-22,15,81,Yes
4137_0,4137,2024-08-15,12,71,No
4137_1,4137,2024-08-16,6,112,No
4137_2,4137,2024-08-17,9,7,No
4137_3,4137,2024-08-18,5,106,Yes
4137_4,4137,2024-08-19,11,28,No
4138_0,4138,2024-11-01,9,8,No
4138_1,4138,2024-11-02,12,80,No
4138_2,4138,2024-11-03,9,109,No
4138_3,4138,2024-11-04,8,37,No
4139_0,4139,2024-01-31,12,85,No
4139_1,4139,2024-02-01,4,109,No
4139_2,4139,2024-02-02,2,103,No
4139_3,4139,2024-02-03,11,114,No
4140_0,4140,2024-05-27,14,17,No
4140_1,4140,2024-05-28,3,11,No
4140_2,4140,2024-05-29,5,3,Yes
4140_3,4140,2024-05-30,13,88,No
4141_0,4141,2024-05-28,14,47,No
4142_0,4142,2024-06-04,4,101,No
4142_1,4142,2024-06-05,12,26,Yes
4143_0,4143,2024-04-21,13,53,No
4143_1,4143,2024-04-22,12,106,No
4143_2,4143,2024-04-23,2,1,Yes
4143_3,4143,2024-04-24,1,25,Yes
4144_0,4144,2024-04-15,8,23,Yes
4144_1,4144,2024-04-16,12,111,No
4144_2,4144,2024-04-17,4,92,No
4144_3,4144,2024-04-18,12,88,No
4145_0,4145,2024-02-17,1,43,Yes
4146_0,4146,2024-10-18,4,4,No
4146_1,4146,2024-10-19,9,92,Yes
4147_0,4147,2024-11-13,1,80,No
4147_1,4147,2024-11-14,3,16,No
4147_2,4147,2024-11-15,15,56,Yes
4148_0,4148,2024-03-17,14,64,No
4148_1,4148,2024-03-18,8,5,Yes
4148_2,4148,2024-03-19,9,52,Yes
4149_0,4149,2024-06-25,5,1,No
4149_1,4149,2024-06-26,15,48,No
4150_0,4150,2024-05-09,2,86,Yes
4150_1,4150,2024-05-10,1,52,No
4151_0,4151,2024-10-06,15,103,Yes
4151_1,4151,2024-10-07,11,120,Yes
4151_2,4151,2024-10-08,11,111,No
4152_0,4152,2024-12-16,15,52,No
4153_0,4153,2024-11-26,1,14,Yes
4154_0,4154,2024-06-11,8,90,No
4154_1,4154,2024-06-12,13,19,No
4155_0,4155,2024-03-04,12,34,No
4156_0,4156,2024-08-09,14,113,No
4156_1,4156,2024-08-10,11,100,No
4156_2,4156,2024-08-11,6,60,No
4156_3,4156,2024-08-12,2,64,Yes
4157_0,4157,2024-07-01,2,26,No
4158_0,4158,2024-02-03,11,43,No
4158_1,4158,2024-02-04,11,111,Yes
4158_2,4158,2024-02-05,3,60,No
4158_3,4158,2024-02-06,4,84,Yes
4159_0,4159,2024-02-25,3,88,No
4159_1,4159,2024-02-26,10,62,No
4160_0,4160,2024-07-17,15,60,No
4160_1,4160,2024-07-18,4,68,No
4160_2,4160,2024-07-19,9,75,No
4160_3,4160,2024-07-20,8,34,No
4160_4,4160,2024-07-21,2,101,No
4161_0,4161,2024-06-24,2,118,Yes
4161_1,4161,2024-06-25,4,3,No
4161_2,4161,2024-06-26,4,66,No
4162_0,4162,2024-07-23,9,93,No
4162_1,4162,2024-07-24,7,29,No
4163_0,4163,2024-10-14,10,30,No
4163_1,4163,2024-10-15,1,114,Yes
4163_2,4163,2024-10-16,7,3,No
4164_0,4164,2024-01-28,9,29,No
4165_0,4165,2024-10-19,9,64,No
4166_0,4166,2024-01-26,12,102,Yes
4166_1,4166,2024-01-27,12,11,No
4167_0,4167,2024-01-27,4,38,Yes
4168_0,4168,2024-10-31,12,107,No
4169_0,4169,2024-08-17,11,58,Yes
4169_1,4169,2024-08-18,13,25,No
4169_2,4169,2024-08-19,10,48,No
4169_3,4169,2024-08-20,1,101,Yes
4169_4,4169,2024-08-21,6,105,No
4170_0,4170,2024-10-30,7,48,Yes
4171_0,4171,2024-04-09,9,28,Yes
4171_1,4171,2024-04-10,2,37,No
4171_2,4171,2024-04-11,10,53,No
4172_0,4172,2024-01-29,5,17,No
4172_1,4172,2024-01-30,6,78,No
4173_0,4173,2024-02-12,13,19,No
4173_1,4173,2024-02-13,9,46,No
4174_0,4174,2024-02-11,1,14,Yes
4174_1,4174,2024-02-12,15,79,Yes
4174_2,4174,2024-02-13,7,109,No
4174_3,4174,2024-02-14,4,14,Yes
4175_0,4175,2024-04-08,14,54,No
4175_1,4175,2024-04-09,12,28,Yes
4175_2,4175,2024-04-10,10,54,No
4175_3,4175,2024-04-11,8,8,Yes
4175_4,4175,2024-04-12,11,8,No
4176_0,4176,2024-08-08,4,53,No
4176_1,4176,2024-08-09,1,44,No
4177_0,4177,2024-06-15,2,88,No
4177_1,4177,2024-06-16,12,107,No
4177_2,4177,2024-06-17,2,116,No
4177_3,4177,2024-06-18,10,28,No
4177_4,4177,2024-06-19,13,30,Yes
4178_0,4178,2024-12-04,12,61,No
4178_1,4178,2024-12-05,15,117,No
4179_0,4179,2024-10-22,3,105,Yes
4179_1,4179,2024-10-23,4,58,No
4179_2,4179,2024-10-24,3,75,No
4179_3,4179,2024-10-25,7,62,No
4179_4,4179,2024-10-26,13,1,No
4180_0,4180,2024-06-20,2,45,No
4180_1,4180,2024-06-21,14,111,Yes
4180_2,4180,2024-06-22,8,26,No
4181_0,4181,2024-05-19,9,25,Yes
4182_0,4182,2024-05-28,12,39,Yes
4182_1,4182,2024-05-29,2,42,No
4182_2,4182,2024-05-30,13,70,No
4183_0,4183,2024-11-07,6,46,No
4183_1,4183,2024-11-08,14,87,No
4183_2,4183,2024-11-09,15,71,Yes
4183_3,4183,2024-11-10,10,109,Yes
4183_4,4183,2024-11-11,6,14,Yes
4184_0,4184,2024-11-27,13,85,No
4184_1,4184,2024-11-28,2,21,No
4184_2,4184,2024-11-29,10,119,No
4184_3,4184,2024-11-30,13,23,Yes
4185_0,4185,2024-01-08,12,31,Yes
4185_1,4185,2024-01-09,14,44,Yes
4185_2,4185,2024-01-10,13,42,No
4185_3,4185,2024-01-11,6,44,No
4185_4,4185,2024-01-12,15,110,No
4186_0,4186,2024-07-26,11,5,No
4186_1,4186,2024-07-27,6,12,No
4186_2,4186,2024-07-28,8,119,No
4187_0,4187,2024-03-14,5,23,No
4187_1,4187,2024-03-15,10,87,No
4187_2,4187,2024-03-16,4,106,Yes
4187_3,4187,2024-03-17,15,97,No
4187_4,4187,2024-03-18,6,31,Yes
4188_0,4188,2024-04-30,5,54,No
4189_0,4189,2024-05-29,15,4,Yes
4189_1,4189,2024-05-30,10,50,No
4189_2,4189,2024-05-31,7,109,No
4189_3,4189,2024-06-01,8,112,No
4189_4,4189,2024-06-02,1,54,Yes
4190_0,4190,2024-01-26,15,42,No
4190_1,4190,2024-01-27,4,41,No
4190_2,4190,2024-01-28,3,36,No
4190_3,4190,2024-01-29,1,79,Yes
4190_4,4190,2024-01-30,4,27,No
4191_0,4191,2024-11-28,11,96,No
4191_1,4191,2024-11-29,9,64,Yes
4191_2,4191,2024-11-30,15,79,No
4191_3,4191,2024-12-01,6,86,No
4192_0,4192,2024-01-02,2,106,No
4192_1,4192,2024-01-03,11,15,Yes
4192_2,4192,2024-01-04,7,81,Yes
4192_3,4192,2024-01-05,3,10,Yes
4192_4,4192,2024-01-06,1,116,Yes
4193_0,4193,2024-09-27,3,101,No
4194_0,4194,2024-01-08,12,89,Yes
4194_1,4194,2024-01-09,5,73,Yes
4195_0,4195,2024-01-21,5,37,No
4195_1,4195,2024-01-22,3,102,No
4196_0,4196,2024-02-18,4,20,No
4196_1,4196,2024-02-19,14,99,No
4196_2,4196,2024-02-20,11,80,No
4196_3,4196,2024-02-21,7,90,No
4196_4,4196,2024-02-22,15,97,No
4197_0,4197,2024-03-17,13,47,Yes
4198_0,4198,2024-12-19,6,113,No
4198_1,4198,2024-12-20,1,119,Yes
4198_2,4198,2024-12-21,6,58,No
4198_3,4198,2024-12-22,14,91,No
4199_0,4199,2024-06-12,14,37,Yes
4200_0,4200,2024-07-10,13,81,No
4200_1,4200,2024-07-11,10,5,Yes
4200_2,4200,2024-07-12,15,52,Yes
4200_3,4200,2024-07-13,14,108,No
4201_0,4201,2024-03-06,7,2,No
4201_1,4201,2024-03-07,14,2,No
4202_0,4202,2024-07-17,11,44,No
4203_0,4203,2024-06-23,15,5,No
4203_1,4203,2024-06-24,11,21,No
4203_2,4203,2024-06-25,15,60,No
4203_3,4203,2024-06-26,3,120,Yes
4203_4,4203,2024-06-27,7,96,No
4204_0,4204,2024-10-08,10,73,No
4205_0,4205,2024-02-14,2,53,No
4205_1,4205,2024-02-15,9,88,No
4205_2,4205,2024-02-16,5,3,No
4205_3,4205,2024-02-17,4,98,Yes
4205_4,4205,2024-02-18,1,57,No
4206_0,4206,2024-11-13,4,117,Yes
4206_1,4206,2024-11-14,8,103,No
4206_2,4206,2024-11-15,9,87,Yes
4207_0,4207,2024-01-20,3,74,Yes
4207_1,4207,2024-01-21,6,68,No
4208_0,4208,2024-08-20,4,95,No
4208_1,4208,2024-08-21,13,81,No
4208_2,4208,2024-08-22,4,43,No
4208_3,4208,2024-08-23,14,92,No
4209_0,4209,2024-10-15,14,7,No
4209_1,4209,2024-10-16,5,44,No
4209_2,4209,2024-10-17,2,41,No
4210_0,4210,2024-12-09,5,21,No
4210_1,4210,2024-12-10,12,2,No
4210_2,4210,2024-12-11,5,42,No
4210_3,4210,2024-12-12,9,97,No
4211_0,4211,2024-03-19,7,69,No
4211_1,4211,2024-03-20,15,11,No
4211_2,4211,2024-03-21,6,62,No
4211_3,4211,2024-03-22,2,46,Yes
4211_4,4211,2024-03-23,6,25,No
4212_0,4212,2024-05-16,15,35,Yes
4213_0,4213,2024-03-20,8,101,Yes
4213_1,4213,2024-03-21,2,82,No
4213_2,4213,2024-03-22,6,70,No
4213_3,4213,2024-03-23,8,87,Yes
4214_0,4214,2024-05-06,14,43,No
4214_1,4214,2024-05-07,11,50,Yes
4214_2,4214,2024-05-08,11,76,Yes
4214_3,4214,2024-05-09,4,22,No
4215_0,4215,2024-11-08,15,80,No
4215_1,4215,2024-11-09,8,102,No
4215_2,4215,2024-11-10,6,9,No
4216_0,4216,2024-07-26,10,1,Yes
4216_1,4216,2024-07-27,9,64,No
4216_2,4216,2024-07-28,4,38,Yes
4216_3,4216,2024-07-29,1,29,No
4217_0,4217,2024-10-29,10,54,No
4217_1,4217,2024-10-30,10,11,No
4218_0,4218,2024-05-06,15,60,No
4218_1,4218,2024-05-07,10,53,No
4219_0,4219,2024-11-02,11,37,No
4219_1,4219,2024-11-03,2,107,No
4220_0,4220,2024-05-24,13,89,Yes
4220_1,4220,2024-05-25,6,18,Yes
4220_2,4220,2024-05-26,13,103,No
4221_0,4221,2024-01-20,13,75,Yes
4221_1,4221,2024-01-21,13,80,No
4221_2,4221,2024-01-22,9,9,No
4222_0,4222,2024-07-29,13,62,Yes
4222_1,4222,2024-07-30,1,56,No
4222_2,4222,2024-07-31,5,58,No
4223_0,4223,2024-07-20,10,60,No
4223_1,4223,2024-07-21,3,46,No
4223_2,4223,2024-07-22,14,67,No
4224_0,4224,2024-07-15,3,66,No
4224_1,4224,2024-07-16,6,10,No
4224_2,4224,2024-07-17,12,17,No
4225_0,4225,2024-10-02,7,68,No
4225_1,4225,2024-10-03,7,86,Yes
4225_2,4225,2024-10-04,12,117,No
4225_3,4225,2024-10-05,1,26,No
4225_4,4225,2024-10-06,4,97,No
4226_0,4226,2024-05-23,11,22,No
4227_0,4227,2024-09-11,2,32,No
4227_1,4227,2024-09-12,11,45,No
4227_2,4227,2024-09-13,9,111,No
4227_3,4227,2024-09-14,15,21,No
4228_0,4228,2024-10-29,2,7,Yes
4228_1,4228,2024-10-30,13,100,Yes
4228_2,4228,2024-10-31,3,73,Yes
4228_3,4228,2024-11-01,3,73,No
4229_0,4229,2024-12-08,2,89,No
4229_1,4229,2024-12-09,10,51,No
4229_2,4229,2024-12-10,12,5,Yes
4229_3,4229,2024-12-11,12,88,Yes
4229_4,4229,2024-12-12,15,30,No
4230_0,4230,2024-05-15,5,17,Yes
4230_1,4230,2024-05-16,1,119,Yes
4231_0,4231,2024-01-21,11,94,Yes
4231_1,4231,2024-01-22,10,7,No
4231_2,4231,2024-01-23,4,110,No
4231_3,4231,2024-01-24,15,62,No
4232_0,4232,2024-01-14,4,118,No
4232_1,4232,2024-01-15,9,103,Yes
4233_0,4233,2024-02-25,2,9,No
4233_1,4233,2024-02-26,9,3,No
4233_2,4233,2024-02-27,1,74,Yes
4233_3,4233,2024-02-28,10,35,No
4233_4,4233,2024-02-29,3,4,No
4234_0,4234,2024-02-24,11,21,No
4234_1,4234,2024-02-25,11,78,No
4234_2,4234,2024-02-26,4,41,Yes
4234_3,4234,2024-02-27,5,28,Yes
4235_0,4235,2024-09-10,14,78,Yes
4235_1,4235,2024-09-11,11,101,No
4236_0,4236,2024-02-10,7,86,Yes
4237_0,4237,2024-05-27,7,13,No
4237_1,4237,2024-05-28,13,36,Yes
4237_2,4237,2024-05-29,4,69,No
4237_3,4237,2024-05-30,3,44,Yes
4237_4,4237,2024-05-31,4,71,No
4238_0,4238,2024-07-13,5,9,No
4238_1,4238,2024-07-14,4,23,No
4238_2,4238,2024-07-15,9,52,No
4238_3,4238,2024-07-16,7,86,Yes
4238_4,4238,2024-07-17,13,104,No
4239_0,4239,2024-03-10,13,66,No
4239_1,4239,2024-03-11,4,119,No
4240_0,4240,2024-07-13,2,71,Yes
4240_1,4240,2024-07-14,4,64,No
4240_2,4240,2024-07-15,6,13,Yes
4241_0,4241,2024-09-12,14,12,No
4241_1,4241,2024-09-13,7,107,No
4241_2,4241,2024-09-14,13,27,No
4241_3,4241,2024-09-15,4,97,Yes
4241_4,4241,2024-09-16,11,36,No
4242_0,4242,2024-06-15,2,96,Yes
4242_1,4242,2024-06-16,2,26,No
4242_2,4242,2024-06-17,11,67,No
4243_0,4243,2024-11-17,7,4,Yes
4244_0,4244,2024-01-30,8,11,No
4244_1,4244,2024-01-31,5,77,No
4244_2,4244,2024-02-01,2,114,No
4244_3,4244,2024-02-02,2,23,No
4245_0,4245,2024-01-18,6,30,No
4245_1,4245,2024-01-19,3,78,No
4245_2,4245,2024-01-20,6,37,No
4246_0,4246,2024-08-10,5,21,No
4246_1,4246,2024-08-11,14,14,Yes
4247_0,4247,2024-12-04,14,68,Yes
4247_1,4247,2024-12-05,7,23,Yes
4247_2,4247,2024-12-06,11,105,No
4247_3,4247,2024-12-07,9,80,Yes
4247_4,4247,2024-12-08,12,67,No
4248_0,4248,2024-11-09,12,83,No
4248_1,4248,2024-11-10,12,29,No
4248_2,4248,2024-11-11,7,48,Yes
4248_3,4248,2024-11-12,5,48,Yes
4249_0,4249,2024-12-03,15,1,No
4250_0,4250,2024-07-25,6,119,Yes
4250_1,4250,2024-07-26,15,115,Yes
4250_2,4250,2024-07-27,15,53,No
4251_0,4251,2024-08-05,9,48,No
4251_1,4251,2024-08-06,10,25,No
4251_2,4251,2024-08-07,10,8,No
4252_0,4252,2024-11-06,15,85,No
4252_1,4252,2024-11-07,2,92,No
4252_2,4252,2024-11-08,10,94,No
4252_3,4252,2024-11-09,9,63,No
4252_4,4252,2024-11-10,14,46,No
4253_0,4253,2024-09-25,3,63,No
4253_1,4253,2024-09-26,12,34,No
4253_2,4253,2024-09-27,8,28,No
4253_3,4253,2024-09-28,2,71,No
4254_0,4254,2024-04-04,2,74,Yes
4254_1,4254,2024-04-05,5,65,No
4255_0,4255,2024-02-26,6,100,No
4255_1,4255,2024-02-27,10,76,No
4256_0,4256,2024-09-28,7,68,No
4256_1,4256,2024-09-29,8,111,No
4257_0,4257,2024-10-18,9,37,No
4257_1,4257,2024-10-19,10,19,Yes
4257_2,4257,2024-10-20,3,19,No
4257_3,4257,2024-10-21,11,14,Yes
4257_4,4257,2024-10-22,9,18,No
4258_0,4258,2024-12-08,15,38,No
4258_1,4258,2024-12-09,5,17,Yes
4258_2,4258,2024-12-10,7,74,No
4259_0,4259,2024-07-07,15,111,Yes
4259_1,4259,2024-07-08,7,6,No
4259_2,4259,2024-07-09,1,110,Yes
4259_3,4259,2024-07-10,10,11,No
4260_0,4260,2024-05-05,12,103,No
4261_0,4261,2024-02-10,8,12,No
4261_1,4261,2024-02-11,3,17,Yes
4261_2,4261,2024-02-12,7,83,No
4261_3,4261,2024-02-13,2,30,Yes
4261_4,4261,2024-02-14,14,21,Yes
4262_0,4262,2024-06-18,10,11,No
4263_0,4263,2024-01-11,11,53,Yes
4263_1,4263,2024-01-12,5,104,No
4263_2,4263,2024-01-13,12,87,Yes
4263_3,4263,2024-01-14,3,110,No
4263_4,4263,2024-01-15,2,100,Yes
4264_0,4264,2024-12-18,11,63,No
4264_1,4264,2024-12-19,11,102,No
4264_2,4264,2024-12-20,15,21,No
4264_3,4264,2024-12-21,15,103,No
4264_4,4264,2024-12-22,2,98,No
4265_0,4265,2024-09-08,13,78,No
4266_0,4266,2024-04-01,15,50,Yes
4266_1,4266,2024-04-02,12,106,No
4267_0,4267,2024-11-23,9,65,No
4267_1,4267,2024-11-24,12,24,Yes
4267_2,4267,2024-11-25,11,84,No
4268_0,4268,2024-10-04,5,41,No
4268_1,4268,2024-10-05,11,83,No
4268_2,4268,2024-10-06,14,107,No
4269_0,4269,2024-01-28,7,96,No
4269_1,4269,2024-01-29,1,4,No
4270_0,4270,2024-01-27,1,95,No
4270_1,4270,2024-01-28,9,60,No
4271_0,4271,2024-11-27,3,1,No
4271_1,4271,2024-11-28,1,112,No
4271_2,4271,2024-11-29,5,49,Yes
4272_0,4272,2024-01-04,3,119,Yes
4272_1,4272,2024-01-05,3,15,No
4272_2,4272,2024-01-06,7,5,Yes
4273_0,4273,2024-01-20,4,88,No
4273_1,4273,2024-01-21,9,100,No
4273_2,4273,2024-01-22,15,12,No
4274_0,4274,2024-05-05,10,61,Yes
4274_1,4274,2024-05-06,8,55,No
4274_2,4274,2024-05-07,3,118,Yes
4275_0,4275,2024-04-06,5,11,No
4275_1,4275,2024-04-07,1,51,Yes
4275_2,4275,2024-04-08,11,22,No
4276_0,4276,2024-03-14,6,83,No
4276_1,4276,2024-03-15,2,114,No
4276_2,4276,2024-03-16,10,81,No
4276_3,4276,2024-03-17,5,5,No
4276_4,4276,2024-03-18,9,112,Yes
4277_0,4277,2024-01-05,9,41,No
4277_1,4277,2024-01-06,2,67,No
4277_2,4277,2024-01-07,8,91,No
4277_3,4277,2024-01-08,1,23,No
4278_0,4278,2024-06-21,10,66,No
4278_1,4278,2024-06-22,3,15,No
4278_2,4278,2024-06-23,7,101,No
4278_3,4278,2024-06-24,5,30,No
4279_0,4279,2024-10-13,13,18,No
4279_1,4279,2024-10-14,5,99,No
4279_2,4279,2024-10-15,4,81,Yes
4279_3,4279,2024-10-16,3,72,No
4280_0,4280,2024-05-10,7,58,No
4280_1,4280,2024-05-11,1,4,Yes
4280_2,4280,2024-05-12,5,73,Yes
4280_3,4280,2024-05-13,8,12,No
4280_4,4280,2024-05-14,3,49,No
4281_0,4281,2024-05-09,13,96,No
4281_1,4281,2024-05-10,12,101,No
4281_2,4281,2024-05-11,2,84,Yes
4281_3,4281,2024-05-12,12,91,No
4281_4,4281,2024-05-13,12,61,Yes
4282_0,4282,2024-05-12,4,114,No
4283_0,4283,2024-07-30,4,105,No
4283_1,4283,2024-07-31,3,83,No
4283_2,4283,2024-08-01,14,95,No
4283_3,4283,2024-08-02,15,96,Yes
4283_4,4283,2024-08-03,4,117,No
4284_0,4284,2024-01-24,10,4,No
4284_1,4284,2024-01-25,12,35,No
4284_2,4284,2024-01-26,1,92,No
4284_3,4284,2024-01-27,6,83,No
4284_4,4284,2024-01-28,3,114,No
4285_0,4285,2024-08-24,10,11,No
4286_0,4286,2024-05-24,9,94,Yes
4286_1,4286,2024-05-25,5,38,No
4286_2,4286,2024-05-26,4,40,No
4286_3,4286,2024-05-27,3,61,Yes
4287_0,4287,2024-03-27,9,7,No
4288_0,4288,2024-06-15,10,77,No
4288_1,4288,2024-06-16,9,100,No
4288_2,4288,2024-06-17,13,63,Yes
4288_3,4288,2024-06-18,3,77,Yes
4289_0,4289,2024-03-23,15,83,No
4289_1,4289,2024-03-24,10,21,Yes
4289_2,4289,2024-03-25,4,40,No
4289_3,4289,2024-03-26,5,25,Yes
4290_0,4290,2024-12-08,6,99,Yes
4290_1,4290,2024-12-09,8,113,No
4290_2,4290,2024-12-10,15,46,No
4290_3,4290,2024-12-11,10,57,No
4291_0,4291,2024-05-17,3,65,No
4291_1,4291,2024-05-18,3,35,Yes
4292_0,4292,2024-01-21,8,29,No
4292_1,4292,2024-01-22,9,49,Yes
4292_2,4292,2024-01-23,2,2,Yes
4292_3,4292,2024-01-24,6,37,No
4292_4,4292,2024-01-25,3,97,No
4293_0,4293,2024-12-06,6,85,No
4293_1,4293,2024-12-07,10,38,Yes
4293_2,4293,2024-12-08,1,3,No
4294_0,4294,2024-09-06,4,77,Yes
4294_1,4294,2024-09-07,9,3,No
4294_2,4294,2024-09-08,2,91,No
4294_3,4294,2024-09-09,7,7,No
4294_4,4294,2024-09-10,12,44,Yes
4295_0,4295,2024-07-14,2,102,No
4295_1,4295,2024-07-15,3,57,No
4296_0,4296,2024-10-06,3,21,Yes
4297_0,4297,2024-06-28,13,16,No
4297_1,4297,2024-06-29,9,57,Yes
4298_0,4298,2024-02-02,9,54,No
4298_1,4298,2024-02-03,13,45,Yes
4298_2,4298,2024-02-04,1,13,Yes
4299_0,4299,2024-02-22,5,70,No
4299_1,4299,2024-02-23,10,79,No
4299_2,4299,2024-02-24,15,80,Yes
4300_0,4300,2024-03-22,3,65,No
4300_1,4300,2024-03-23,13,88,Yes
4300_2,4300,2024-03-24,6,34,Yes
4300_3,4300,2024-03-25,2,51,No
4301_0,4301,2024-04-26,15,71,No
4302_0,4302,2024-11-04,7,107,Yes
4302_1,4302,2024-11-05,12,74,No
4302_2,4302,2024-11-06,8,37,No
4303_0,4303,2024-07-22,2,78,No
4304_0,4304,2024-08-04,14,66,No
4304_1,4304,2024-08-05,12,69,Yes
4304_2,4304,2024-08-06,4,40,No
4304_3,4304,2024-08-07,7,108,Yes
4305_0,4305,2024-02-22,2,1,Yes
4305_1,4305,2024-02-23,10,45,Yes
4305_2,4305,2024-02-24,6,20,Yes
4305_3,4305,2024-02-25,7,19,No
4306_0,4306,2024-08-16,4,73,Yes
4306_1,4306,2024-08-17,2,79,Yes
4306_2,4306,2024-08-18,8,66,No
4306_3,4306,2024-08-19,15,74,Yes
4307_0,4307,2024-09-08,9,74,No
4307_1,4307,2024-09-09,14,97,No
4307_2,4307,2024-09-10,6,20,No
4307_3,4307,2024-09-11,5,47,No
4307_4,4307,2024-09-12,6,34,Yes
4308_0,4308,2024-06-11,1,72,No
4308_1,4308,2024-06-12,2,55,No
4309_0,4309,2024-08-06,10,24,No
4309_1,4309,2024-08-07,13,46,No
4309_2,4309,2024-08-08,6,23,No
4310_0,4310,2024-05-17,8,105,No
4310_1,4310,2024-05-18,1,105,No
4311_0,4311,2024-09-15,5,13,No
4312_0,4312,2024-07-12,3,30,Yes
4312_1,4312,2024-07-13,8,90,No
4312_2,4312,2024-07-14,3,65,No
4312_3,4312,2024-07-15,10,39,No
4313_0,4313,2024-11-19,2,76,No
4313_1,4313,2024-11-20,5,114,No
4313_2,4313,2024-11-21,15,75,Yes
4314_0,4314,2024-03-12,5,70,No
4314_1,4314,2024-03-13,6,86,No
4314_2,4314,2024-03-14,8,82,No
4315_0,4315,2024-03-18,8,8,No
4316_0,4316,2024-04-02,10,27,Yes
4316_1,4316,2024-04-03,4,30,No
4316_2,4316,2024-04-04,5,46,No
4316_3,4316,2024-04-05,3,35,No
4317_0,4317,2024-07-02,7,62,No
4317_1,4317,2024-07-03,11,70,No
4317_2,4317,2024-07-04,8,33,No
4317_3,4317,2024-07-05,12,86,Yes
4318_0,4318,2024-10-07,11,119,Yes
4318_1,4318,2024-10-08,10,23,No
4318_2,4318,2024-10-09,4,108,Yes
4318_3,4318,2024-10-10,14,17,Yes
4319_0,4319,2024-06-16,3,107,No
4319_1,4319,2024-06-17,12,86,No
4320_0,4320,2024-10-11,8,105,No
4320_1,4320,2024-10-12,14,71,No
4320_2,4320,2024-10-13,13,56,No
4321_0,4321,2024-08-02,12,82,No
4321_1,4321,2024-08-03,3,39,No
4321_2,4321,2024-08-04,15,16,No
4322_0,4322,2024-05-16,15,5,No
4322_1,4322,2024-05-17,3,74,No
4323_0,4323,2024-07-31,1,119,No
4323_1,4323,2024-08-01,15,81,No
4323_2,4323,2024-08-02,7,118,No
4323_3,4323,2024-08-03,14,49,No
4324_0,4324,2024-05-12,5,108,No
4324_1,4324,2024-05-13,6,73,No
4324_2,4324,2024-05-14,8,68,No
4324_3,4324,2024-05-15,8,117,Yes
4325_0,4325,2024-02-14,13,83,Yes
4325_1,4325,2024-02-15,7,102,No
4326_0,4326,2024-09-15,1,97,No
4326_1,4326,2024-09-16,6,75,No
4326_2,4326,2024-09-17,15,56,Yes
4326_3,4326,2024-09-18,1,104,Yes
4326_4,4326,2024-09-19,14,49,Yes
4327_0,4327,2024-05-22,12,65,No
4327_1,4327,2024-05-23,6,34,Yes
4327_2,4327,2024-05-24,14,40,No
4328_0,4328,2024-09-13,12,112,No
4328_1,4328,2024-09-14,9,110,No
4328_2,4328,2024-09-15,8,69,No
4328_3,4328,2024-09-16,13,94,Yes
4328_4,4328,2024-09-17,11,31,No
4329_0,4329,2024-02-29,14,72,No
4329_1,4329,2024-03-01,7,67,No
4329_2,4329,2024-03-02,4,61,No
4329_3,4329,2024-03-03,15,103,No
4329_4,4329,2024-03-04,8,113,No
4330_0,4330,2024-09-13,14,115,No
4330_1,4330,2024-09-14,10,13,Yes
4331_0,4331,2024-05-18,12,57,Yes
4332_0,4332,2024-10-25,15,69,No
4332_1,4332,2024-10-26,9,102,Yes
4332_2,4332,2024-10-27,6,75,No
4333_0,4333,2024-01-06,15,74,Yes
4333_1,4333,2024-01-07,6,111,Yes
4334_0,4334,2024-12-06,5,90,No
4334_1,4334,2024-12-07,8,18,No
4334_2,4334,2024-12-08,13,93,No
4334_3,4334,2024-12-09,3,66,No
4335_0,4335,2024-02-25,5,109,No
4335_1,4335,2024-02-26,8,57,Yes
4336_0,4336,2024-06-22,13,19,No
4336_1,4336,2024-06-23,2,113,Yes
4337_0,4337,2024-04-13,3,22,Yes
4337_1,4337,2024-04-14,13,106,No
4337_2,4337,2024-04-15,14,45,Yes
4337_3,4337,2024-04-16,9,6,No
4337_4,4337,2024-04-17,7,27,No
4338_0,4338,2024-11-28,5,15,No
4338_1,4338,2024-11-29,6,29,No
4338_2,4338,2024-11-30,15,69,No
4339_0,4339,2024-02-14,10,104,No
4339_1,4339,2024-02-15,10,87,No
4339_2,4339,2024-02-16,7,32,No
4339_3,4339,2024-02-17,3,93,No
4340_0,4340,2024-10-17,14,49,No
4341_0,4341,2024-04-30,5,62,No
4341_1,4341,2024-05-01,15,80,No
4341_2,4341,2024-05-02,13,63,No
4341_3,4341,2024-05-03,11,96,No
4341_4,4341,2024-05-04,6,52,No
4342_0,4342,2024-06-11,12,27,No
4342_1,4342,2024-06-12,13,25,Yes
4342_2,4342,2024-06-13,4,55,No
4342_3,4342,2024-06-14,11,103,No
4342_4,4342,2024-06-15,15,67,No
4343_0,4343,2024-04-30,2,79,No
4343_1,4343,2024-05-01,11,94,Yes
4343_2,4343,2024-05-02,13,104,Yes
4343_3,4343,2024-05-03,7,34,No
4344_0,4344,2024-03-05,7,84,No
4344_1,4344,2024-03-06,3,24,Yes
4344_2,4344,2024-03-07,11,15,No
4345_0,4345,2024-04-28,14,96,Yes
4346_0,4346,2024-10-12,7,66,No
4346_1,4346,2024-10-13,4,36,No
4346_2,4346,2024-10-14,14,27,No
4346_3,4346,2024-10-15,8,34,No
4346_4,4346,2024-10-16,7,17,No
4347_0,4347,2024-04-10,15,66,Yes
4348_0,4348,2024-06-28,4,107,Yes
4348_1,4348,2024-06-29,8,118,Yes
4348_2,4348,2024-06-30,7,97,Yes
4349_0,4349,2024-08-04,5,90,Yes
4349_1,4349,2024-08-05,11,30,No
4350_0,4350,2024-01-10,3,66,Yes
4350_1,4350,2024-01-11,4,96,No
4350_2,4350,2024-01-12,12,10,No
4350_3,4350,2024-01-13,14,91,No
4350_4,4350,2024-01-14,5,87,No
4351_0,4351,2024-03-14,5,86,Yes
4351_1,4351,2024-03-15,11,51,No
4352_0,4352,2024-04-11,12,95,No
4353_0,4353,2024-09-02,15,65,No
4353_1,4353,2024-09-03,11,95,Yes
4354_0,4354,2024-06-02,11,118,Yes
4354_1,4354,2024-06-03,6,55,Yes
4354_2,4354,2024-06-04,5,107,Yes
4354_3,4354,2024-06-05,14,6,No
4354_4,4354,2024-06-06,10,60,Yes
4355_0,4355,2024-07-03,14,73,Yes
4355_1,4355,2024-07-04,7,48,No
4355_2,4355,2024-07-05,14,118,No
4356_0,4356,2024-09-30,15,117,Yes
4356_1,4356,2024-10-01,14,59,Yes
4356_2,4356,2024-10-02,8,69,No
4356_3,4356,2024-10-03,9,11,No
4356_4,4356,2024-10-04,8,74,Yes
4357_0,4357,2024-10-19,10,111,No
4357_1,4357,2024-10-20,6,35,Yes
4357_2,4357,2024-10-21,9,86,No
4357_3,4357,2024-10-22,13,119,Yes
4357_4,4357,2024-10-23,12,40,No
4358_0,4358,2024-08-28,14,92,Yes
4359_0,4359,2024-05-09,14,37,No
4359_1,4359,2024-05-10,5,24,No
4359_2,4359,2024-05-11,1,115,Yes
4359_3,4359,2024-05-12,9,71,No
4360_0,4360,2024-09-19,9,83,No
4360_1,4360,2024-09-20,9,73,No
4360_2,4360,2024-09-21,14,111,No
4360_3,4360,2024-09-22,10,1,No
4360_4,4360,2024-09-23,15,86,No
4361_0,4361,2024-07-17,14,66,No
4361_1,4361,2024-07-18,11,15,Yes
4361_2,4361,2024-07-19,11,90,No
4362_0,4362,2024-01-15,13,94,No
4362_1,4362,2024-01-16,10,118,No
4362_2,4362,2024-01-17,5,95,No
4363_0,4363,2024-11-15,10,105,No
4363_1,4363,2024-11-16,7,36,No
4363_2,4363,2024-11-17,15,58,Yes
4363_3,4363,2024-11-18,10,22,No
4363_4,4363,2024-11-19,13,62,No
4364_0,4364,2024-01-16,10,117,No
4364_1,4364,2024-01-17,3,109,Yes
4364_2,4364,2024-01-18,5,23,No
4364_3,4364,2024-01-19,3,59,No
4365_0,4365,2024-10-15,14,30,No
4365_1,4365,2024-10-16,7,114,No
4365_2,4365,2024-10-17,1,47,No
4366_0,4366,2024-09-20,6,86,No
4367_0,4367,2024-02-27,12,14,No
4367_1,4367,2024-02-28,8,71,No
4368_0,4368,2024-11-16,15,15,Yes
4368_1,4368,2024-11-17,6,34,No
4368_2,4368,2024-11-18,13,105,No
4368_3,4368,2024-11-19,3,118,No
4368_4,4368,2024-11-20,1,13,No
4369_0,4369,2024-09-08,1,116,No
4370_0,4370,2024-03-22,14,34,Yes
4370_1,4370,2024-03-23,5,11,No
4371_0,4371,2024-01-28,7,77,Yes
4371_1,4371,2024-01-29,4,98,Yes
4372_0,4372,2024-07-17,3,7,No
4373_0,4373,2024-08-03,13,105,No
4373_1,4373,2024-08-04,8,62,No
4374_0,4374,2024-07-11,1,116,No
4374_1,4374,2024-07-12,12,72,Yes
4374_2,4374,2024-07-13,3,12,Yes
4375_0,4375,2024-01-05,9,19,Yes
4375_1,4375,2024-01-06,2,60,No
4376_0,4376,2024-08-24,10,54,No
4376_1,4376,2024-08-25,10,105,No
4376_2,4376,2024-08-26,9,44,Yes
4376_3,4376,2024-08-27,2,13,No
4377_0,4377,2024-01-21,3,54,Yes
4377_1,4377,2024-01-22,2,61,Yes
4377_2,4377,2024-01-23,15,13,No
4378_0,4378,2024-02-24,15,106,No
4378_1,4378,2024-02-25,4,43,No
4378_2,4378,2024-02-26,4,64,No
4378_3,4378,2024-02-27,5,58,No
4378_4,4378,2024-02-28,3,23,No
4379_0,4379,2024-02-20,15,46,No
4379_1,4379,2024-02-21,10,6,Yes
4380_0,4380,2024-06-26,14,99,Yes
4380_1,4380,2024-06-27,11,7,No
4381_0,4381,2024-06-02,6,15,Yes
4381_1,4381,2024-06-03,4,119,No
4381_2,4381,2024-06-04,2,118,Yes
4381_3,4381,2024-06-05,7,105,No
4382_0,4382,2024-03-31,4,112,No
4383_0,4383,2024-12-27,4,39,Yes
4384_0,4384,2024-08-26,10,101,No
4384_1,4384,2024-08-27,9,97,No
4385_0,4385,2024-05-16,4,62,No
4386_0,4386,2024-12-24,7,28,No
4386_1,4386,2024-12-25,1,92,Yes
4386_2,4386,2024-12-26,4,32,No
4386_3,4386,2024-12-27,4,74,No
4387_0,4387,2024-07-19,5,75,No
4387_1,4387,2024-07-20,4,75,No
4387_2,4387,2024-07-21,14,111,No
4387_3,4387,2024-07-22,12,4,Yes
4387_4,4387,2024-07-23,11,100,No
4388_0,4388,2024-02-25,9,9,No
4389_0,4389,2024-02-20,1,80,Yes
4389_1,4389,2024-02-21,13,9,No
4389_2,4389,2024-02-22,2,45,No
4390_0,4390,2024-08-23,9,119,Yes
4390_1,4390,2024-08-24,15,119,No
4390_2,4390,2024-08-25,12,85,No
4391_0,4391,2024-07-14,10,32,Yes
4391_1,4391,2024-07-15,11,89,No
4391_2,4391,2024-07-16,13,110,No
4391_3,4391,2024-07-17,11,43,Yes
4391_4,4391,2024-07-18,10,53,Yes
4392_0,4392,2024-02-05,2,95,No
4392_1,4392,2024-02-06,5,111,No
4393_0,4393,2024-11-19,12,68,No
4393_1,4393,2024-11-20,13,4,No
4393_2,4393,2024-11-21,9,41,Yes
4394_0,4394,2024-02-26,9,112,Yes
4394_1,4394,2024-02-27,15,68,No
4394_2,4394,2024-02-28,6,15,Yes
4395_0,4395,2024-12-09,14,62,No
4395_1,4395,2024-12-10,15,5,Yes
4395_2,4395,2024-12-11,4,87,No
4396_0,4396,2024-09-02,5,64,No
4396_1,4396,2024-09-03,11,44,No
4397_0,4397,2024-04-24,11,68,No
4397_1,4397,2024-04-25,10,37,No
4397_2,4397,2024-04-26,3,112,No
4398_0,4398,2024-09-26,9,23,No
4398_1,4398,2024-09-27,13,114,No
4399_0,4399,2024-03-18,12,96,No
4399_1,4399,2024-03-19,13,32,No
4399_2,4399,2024-03-20,3,24,No
4399_3,4399,2024-03-21,11,72,Yes
4399_4,4399,2024-03-22,11,53,Yes
4400_0,4400,2024-03-11,11,95,No
4400_1,4400,2024-03-12,9,10,No
4401_0,4401,2024-03-31,9,29,Yes
4401_1,4401,2024-04-01,8,47,Yes
4402_0,4402,2024-01-25,13,77,Yes
4402_1,4402,2024-01-26,3,23,No
4402_2,4402,2024-01-27,7,25,No
4402_3,4402,2024-01-28,1,15,No
4402_4,4402,2024-01-29,4,64,No
4403_0,4403,2024-04-17,4,22,Yes
4403_1,4403,2024-04-18,10,40,No
4403_2,4403,2024-04-19,3,47,No
4404_0,4404,2024-08-08,10,93,No
4404_1,4404,2024-08-09,7,30,No
4405_0,4405,2024-07-11,1,17,No
4405_1,4405,2024-07-12,12,7,No
4405_2,4405,2024-07-13,7,45,No
4406_0,4406,2024-03-26,4,116,No
4406_1,4406,2024-03-27,6,72,No
4407_0,4407,2024-02-16,9,14,Yes
4407_1,4407,2024-02-17,15,80,No
4408_0,4408,2024-12-12,12,64,No
4409_0,4409,2024-09-11,12,30,No
4409_1,4409,2024-09-12,9,24,Yes
4409_2,4409,2024-09-13,8,50,No
4409_3,4409,2024-09-14,13,53,No
4409_4,4409,2024-09-15,10,30,No
4410_0,4410,2024-09-28,10,23,Yes
4410_1,4410,2024-09-29,1,27,Yes
4410_2,4410,2024-09-30,10,27,No
4411_0,4411,2024-01-07,7,108,No
4411_1,4411,2024-01-08,10,36,Yes
4411_2,4411,2024-01-09,7,75,No
4411_3,4411,2024-01-10,11,110,No
4412_0,4412,2024-06-24,13,30,No
4413_0,4413,2024-02-25,15,67,Yes
4413_1,4413,2024-02-26,8,2,No
4413_2,4413,2024-02-27,14,114,No
4413_3,4413,2024-02-28,6,5,No
4413_4,4413,2024-02-29,3,75,No
4414_0,4414,2024-05-02,12,3,No
4414_1,4414,2024-05-03,6,71,No
4415_0,4415,2024-06-15,15,64,No
4415_1,4415,2024-06-16,15,4,No
4415_2,4415,2024-06-17,12,91,No
4415_3,4415,2024-06-18,11,15,No
4415_4,4415,2024-06-19,6,103,Yes
4416_0,4416,2024-07-08,6,8,No
4416_1,4416,2024-07-09,7,43,No
4416_2,4416,2024-07-10,2,73,Yes
4416_3,4416,2024-07-11,7,64,Yes
4416_4,4416,2024-07-12,1,54,No
4417_0,4417,2024-01-03,4,76,No
4418_0,4418,2024-09-04,3,91,Yes
4418_1,4418,2024-09-05,10,85,Yes
4418_2,4418,2024-09-06,9,65,No
4418_3,4418,2024-09-07,14,98,No
4419_0,4419,2024-11-24,7,74,No
4419_1,4419,2024-11-25,6,17,No
4419_2,4419,2024-11-26,5,8,Yes
4419_3,4419,2024-11-27,2,73,Yes
4419_4,4419,2024-11-28,3,35,Yes
4420_0,4420,2024-01-19,2,56,No
4420_1,4420,2024-01-20,9,66,No
4420_2,4420,2024-01-21,8,101,Yes
4420_3,4420,2024-01-22,12,86,No
4420_4,4420,2024-01-23,11,110,Yes
4421_0,4421,2024-04-10,3,51,No
4421_1,4421,2024-04-11,4,90,No
4421_2,4421,2024-04-12,1,48,No
4422_0,4422,2024-11-29,2,120,No
4422_1,4422,2024-11-30,11,89,Yes
4422_2,4422,2024-12-01,8,33,No
4423_0,4423,2024-06-04,6,89,Yes
4424_0,4424,2024-07-21,9,52,No
4424_1,4424,2024-07-22,11,34,Yes
4424_2,4424,2024-07-23,10,88,No
4425_0,4425,2024-08-27,3,14,No
4425_1,4425,2024-08-28,4,62,Yes
4426_0,4426,2024-08-22,1,72,Yes
4426_1,4426,2024-08-23,5,22,No
4426_2,4426,2024-08-24,12,102,No
4426_3,4426,2024-08-25,13,26,Yes
4427_0,4427,2024-08-20,10,5,Yes
4428_0,4428,2024-11-29,14,60,No
4428_1,4428,2024-11-30,13,88,No
4428_2,4428,2024-12-01,12,2,Yes
4428_3,4428,2024-12-02,1,10,No
4429_0,4429,2024-02-11,11,98,Yes
4429_1,4429,2024-02-12,4,5,Yes
4429_2,4429,2024-02-13,8,33,No
4430_0,4430,2024-02-20,1,40,Yes
4430_1,4430,2024-02-21,6,5,No
4430_2,4430,2024-02-22,5,17,No
4431_0,4431,2024-12-11,6,13,No
4431_1,4431,2024-12-12,4,59,Yes
4431_2,4431,2024-12-13,7,46,No
4431_3,4431,2024-12-14,3,62,No
4431_4,4431,2024-12-15,4,12,No
4432_0,4432,2024-09-13,12,72,No
4432_1,4432,2024-09-14,11,7,No
4432_2,4432,2024-09-15,2,68,No
4432_3,4432,2024-09-16,5,35,No
4433_0,4433,2024-10-07,8,36,No
4433_1,4433,2024-10-08,8,10,No
4433_2,4433,2024-10-09,15,38,Yes
4434_0,4434,2024-07-07,9,49,Yes
4434_1,4434,2024-07-08,11,33,Yes
4434_2,4434,2024-07-09,3,12,No
4434_3,4434,2024-07-10,6,4,Yes
4435_0,4435,2024-04-04,4,6,No
4435_1,4435,2024-04-05,8,62,No
4435_2,4435,2024-04-06,5,112,Yes
4435_3,4435,2024-04-07,9,9,No
4436_0,4436,2024-09-09,8,78,No
4437_0,4437,2024-07-08,8,53,No
4437_1,4437,2024-07-09,1,32,Yes
4437_2,4437,2024-07-10,2,29,Yes
4437_3,4437,2024-07-11,10,34,Yes
4438_0,4438,2024-05-24,2,106,No
4438_1,4438,2024-05-25,12,83,No
4438_2,4438,2024-05-26,13,108,Yes
4439_0,4439,2024-06-28,15,38,Yes
4439_1,4439,2024-06-29,8,32,Yes
4439_2,4439,2024-06-30,8,54,Yes
4439_3,4439,2024-07-01,10,75,Yes
4439_4,4439,2024-07-02,3,84,Yes
4440_0,4440,2024-04-04,1,6,No
4441_0,4441,2024-06-30,11,92,Yes
4442_0,4442,2024-02-03,10,98,No
4443_0,4443,2024-02-04,5,109,No
4443_1,4443,2024-02-05,7,3,No
4443_2,4443,2024-02-06,14,1,No
4443_3,4443,2024-02-07,14,60,Yes
4443_4,4443,2024-02-08,8,89,No
4444_0,4444,2024-12-31,1,103,No
4444_1,4444,2025-01-01,15,9,No
4444_2,4444,2025-01-02,7,106,No
4445_0,4445,2024-03-12,5,66,No
4445_1,4445,2024-03-13,13,12,Yes
4445_2,4445,2024-03-14,3,84,Yes
4445_3,4445,2024-03-15,15,109,No
4446_0,4446,2024-11-07,1,26,Yes
4446_1,4446,2024-11-08,15,58,No
4446_2,4446,2024-11-09,1,20,No
4447_0,4447,2024-12-05,14,93,Yes
4447_1,4447,2024-12-06,5,1,No
4447_2,4447,2024-12-07,12,3,No
4447_3,4447,2024-12-08,7,107,No
4447_4,4447,2024-12-09,5,50,No
4448_0,4448,2024-09-04,11,29,No
4448_1,4448,2024-09-05,1,58,No
4448_2,4448,2024-09-06,13,69,Yes
4449_0,4449,2024-05-06,2,35,No
4449_1,4449,2024-05-07,15,117,No
4449_2,4449,2024-05-08,10,22,Yes
4449_3,4449,2024-05-09,6,20,No
4449_4,4449,2024-05-10,12,81,Yes
4450_0,4450,2024-04-20,11,68,No
4450_1,4450,2024-04-21,3,9,No
4450_2,4450,2024-04-22,13,46,No
4450_3,4450,2024-04-23,8,68,Yes
4450_4,4450,2024-04-24,10,74,Yes
4451_0,4451,2024-09-02,2,72,No
4451_1,4451,2024-09-03,8,72,No
4451_2,4451,2024-09-04,6,59,No
4451_3,4451,2024-09-05,12,116,No
4451_4,4451,2024-09-06,13,4,No
4452_0,4452,2024-05-09,11,63,No
4452_1,4452,2024-05-10,11,62,No
4453_0,4453,2024-03-08,2,25,Yes
4453_1,4453,2024-03-09,2,71,Yes
4453_2,4453,2024-03-10,5,113,No
4454_0,4454,2024-11-13,10,50,Yes
4454_1,4454,2024-11-14,15,81,Yes
4455_0,4455,2024-11-11,12,90,No
4455_1,4455,2024-11-12,2,117,No
4456_0,4456,2024-11-29,5,10,Yes
4456_1,4456,2024-11-30,13,49,No
4456_2,4456,2024-12-01,3,118,Yes
4456_3,4456,2024-12-02,10,90,No
4457_0,4457,2024-11-28,3,26,No
4457_1,4457,2024-11-29,1,53,No
4457_2,4457,2024-11-30,14,59,No
4457_3,4457,2024-12-01,8,116,No
4458_0,4458,2024-11-09,4,22,Yes
4458_1,4458,2024-11-10,6,25,No
4458_2,4458,2024-11-11,4,111,No
4458_3,4458,2024-11-12,15,108,No
4458_4,4458,2024-11-13,6,32,No
4459_0,4459,2024-02-27,12,95,No
4459_1,4459,2024-02-28,2,107,No
4460_0,4460,2024-06-24,15,1,Yes
4461_0,4461,2024-08-26,7,103,Yes
4461_1,4461,2024-08-27,6,97,No
4461_2,4461,2024-08-28,3,28,No
4462_0,4462,2024-12-04,5,88,No
4462_1,4462,2024-12-05,15,118,No
4462_2,4462,2024-12-06,9,15,Yes
4463_0,4463,2024-10-09,5,4,No
4463_1,4463,2024-10-10,4,1,Yes
4464_0,4464,2024-09-20,15,52,No
4465_0,4465,2024-10-10,6,82,No
4465_1,4465,2024-10-11,11,84,No
4466_0,4466,2024-01-08,1,68,No
4467_0,4467,2024-12-03,11,109,Yes
4467_1,4467,2024-12-04,11,88,Yes
4467_2,4467,2024-12-05,15,45,No
4468_0,4468,2024-06-10,10,16,Yes
4469_0,4469,2024-09-16,10,33,No
4469_1,4469,2024-09-17,12,68,No
4469_2,4469,2024-09-18,3,3,No
4469_3,4469,2024-09-19,9,79,No
4469_4,4469,2024-09-20,1,59,Yes
4470_0,4470,2024-05-14,14,25,Yes
4471_0,4471,2024-05-27,7,23,Yes
4472_0,4472,2024-01-11,13,106,Yes
4472_1,4472,2024-01-12,2,45,No
4472_2,4472,2024-01-13,12,41,Yes
4473_0,4473,2024-04-18,5,47,No
4473_1,4473,2024-04-19,6,31,No
4473_2,4473,2024-04-20,1,25,Yes
4473_3,4473,2024-04-21,6,72,No
4473_4,4473,2024-04-22,7,113,No
4474_0,4474,2024-12-17,9,19,Yes
4475_0,4475,2024-07-21,8,99,No
4475_1,4475,2024-07-22,7,4,No
4475_2,4475,2024-07-23,8,35,No
4475_3,4475,2024-07-24,1,119,No
4475_4,4475,2024-07-25,9,8,No
4476_0,4476,2024-10-14,7,27,No
4476_1,4476,2024-10-15,7,36,No
4476_2,4476,2024-10-16,14,113,No
4476_3,4476,2024-10-17,10,39,No
4476_4,4476,2024-10-18,10,77,No
4477_0,4477,2024-03-08,4,45,Yes
4477_1,4477,2024-03-09,5,94,No
4478_0,4478,2024-06-19,3,70,No
4478_1,4478,2024-06-20,3,2,Yes
4478_2,4478,2024-06-21,3,67,No
4479_0,4479,2024-08-16,11,67,No
4479_1,4479,2024-08-17,11,47,Yes
4480_0,4480,2024-05-18,10,118,No
4480_1,4480,2024-05-19,3,62,Yes
4480_2,4480,2024-05-20,9,114,No
4480_3,4480,2024-05-21,15,5,Yes
4480_4,4480,2024-05-22,3,9,Yes
4481_0,4481,2024-08-21,3,82,No
4482_0,4482,2024-06-09,9,70,No
4482_1,4482,2024-06-10,1,64,No
4482_2,4482,2024-06-11,5,86,No
4483_0,4483,2024-10-04,6,10,No
4483_1,4483,2024-10-05,5,76,No
4484_0,4484,2024-11-14,10,63,Yes
4484_1,4484,2024-11-15,2,19,No
4484_2,4484,2024-11-16,13,118,No
4485_0,4485,2024-08-06,1,36,Yes
4485_1,4485,2024-08-07,2,38,No
4486_0,4486,2024-02-28,15,100,No
4486_1,4486,2024-02-29,9,72,No
4486_2,4486,2024-03-01,8,102,Yes
4486_3,4486,2024-03-02,15,67,No
4487_0,4487,2024-07-22,5,65,No
4487_1,4487,2024-07-23,5,84,No
4487_2,4487,2024-07-24,15,17,No
4488_0,4488,2024-03-20,15,91,No
4489_0,4489,2024-01-23,1,90,No
4489_1,4489,2024-01-24,4,102,No
4490_0,4490,2024-09-21,7,114,No
4490_1,4490,2024-09-22,3,11,Yes
4491_0,4491,2024-11-12,9,101,Yes
4491_1,4491,2024-11-13,5,8,No
4491_2,4491,2024-11-14,4,76,No
4491_3,4491,2024-11-15,3,62,No
4491_4,4491,2024-11-16,3,26,Yes
4492_0,4492,2024-06-07,5,3,Yes
4492_1,4492,2024-06-08,7,64,No
4492_2,4492,2024-06-09,9,110,No
4492_3,4492,2024-06-10,9,36,No
4492_4,4492,2024-06-11,6,85,No
4493_0,4493,2024-09-04,3,66,No
4493_1,4493,2024-09-05,2,83,No
4494_0,4494,2024-09-29,2,13,Yes
4494_1,4494,2024-09-30,6,87,Yes
4494_2,4494,2024-10-01,6,2,Yes
4495_0,4495,2024-02-25,3,59,No
4495_1,4495,2024-02-26,15,17,No
4495_2,4495,2024-02-27,8,102,No
4495_3,4495,2024-02-28,13,37,No
4495_4,4495,2024-02-29,13,75,No
4496_0,4496,2024-08-26,5,4,No
4496_1,4496,2024-08-27,13,119,No
4496_2,4496,2024-08-28,12,37,No
4496_3,4496,2024-08-29,7,84,No
4497_0,4497,2024-12-13,6,34,Yes
4497_1,4497,2024-12-14,2,107,No
4497_2,4497,2024-12-15,9,80,No
4497_3,4497,2024-12-16,7,112,No
4497_4,4497,2024-12-17,10,36,No
4498_0,4498,2024-01-27,6,30,Yes
4498_1,4498,2024-01-28,4,47,Yes
4499_0,4499,2024-02-07,15,98,Yes
4499_1,4499,2024-02-08,13,4,No
4500_0,4500,2024-02-11,8,117,No
4501_0,4501,2024-01-15,6,46,Yes
4501_1,4501,2024-01-16,1,120,No
4501_2,4501,2024-01-17,12,48,No
4502_0,4502,2024-06-04,10,110,No
4502_1,4502,2024-06-05,1,26,No
4502_2,4502,2024-06-06,2,73,Yes
4503_0,4503,2024-03-29,11,19,No
4503_1,4503,2024-03-30,7,116,No
4503_2,4503,2024-03-31,6,60,Yes
4503_3,4503,2024-04-01,14,84,Yes
4504_0,4504,2024-01-12,1,110,No
4504_1,4504,2024-01-13,7,23,No
4504_2,4504,2024-01-14,13,25,Yes
4504_3,4504,2024-01-15,11,16,No
4505_0,4505,2024-07-21,8,80,No
4506_0,4506,2024-06-20,6,82,No
4506_1,4506,2024-06-21,10,83,Yes
4506_2,4506,2024-06-22,12,7,No
4506_3,4506,2024-06-23,6,75,No
4506_4,4506,2024-06-24,12,76,No
4507_0,4507,2024-06-18,5,87,No
4507_1,4507,2024-06-19,14,24,No
4507_2,4507,2024-06-20,6,120,No
4507_3,4507,2024-06-21,15,5,Yes
4508_0,4508,2024-03-28,12,82,Yes
4508_1,4508,2024-03-29,4,9,No
4508_2,4508,2024-03-30,7,116,No
4508_3,4508,2024-03-31,12,105,No
4508_4,4508,2024-04-01,2,77,No
4509_0,4509,2024-02-07,13,80,Yes
4510_0,4510,2024-09-16,1,67,No
4510_1,4510,2024-09-17,7,30,No
4511_0,4511,2024-06-28,9,13,No
4511_1,4511,2024-06-29,14,21,No
4512_0,4512,2024-04-03,5,75,Yes
4512_1,4512,2024-04-04,8,100,No
4512_2,4512,2024-04-05,8,2,No
4513_0,4513,2024-06-20,5,24,No
4513_1,4513,2024-06-21,5,77,No
4513_2,4513,2024-06-22,10,47,No
4513_3,4513,2024-06-23,10,20,No
4513_4,4513,2024-06-24,13,59,Yes
4514_0,4514,2024-01-28,3,68,No
4515_0,4515,2024-04-26,1,59,No
4515_1,4515,2024-04-27,8,18,Yes
4515_2,4515,2024-04-28,12,4,No
4515_3,4515,2024-04-29,1,44,No
4515_4,4515,2024-04-30,9,65,No
4516_0,4516,2024-12-13,6,20,Yes
4516_1,4516,2024-12-14,4,88,Yes
4516_2,4516,2024-12-15,5,56,No
4517_0,4517,2024-07-03,1,13,No
4517_1,4517,2024-07-04,7,74,Yes
4518_0,4518,2024-01-25,6,18,No
4518_1,4518,2024-01-26,2,82,No
4519_0,4519,2024-09-05,15,8,Yes
4519_1,4519,2024-09-06,2,20,No
4520_0,4520,2024-05-09,4,114,Yes
4520_1,4520,2024-05-10,13,94,Yes
4520_2,4520,2024-05-11,8,66,No
4520_3,4520,2024-05-12,13,3,No
4521_0,4521,2024-06-23,3,54,Yes
4521_1,4521,2024-06-24,1,119,No
4521_2,4521,2024-06-25,10,115,No
4522_0,4522,2024-08-13,4,37,No
4522_1,4522,2024-08-14,6,26,No
4522_2,4522,2024-08-15,5,89,No
4522_3,4522,2024-08-16,12,97,Yes
4522_4,4522,2024-08-17,7,24,Yes
4523_0,4523,2024-07-23,8,43,No
4523_1,4523,2024-07-24,9,45,Yes
4523_2,4523,2024-07-25,9,38,No
4523_3,4523,2024-07-26,10,96,Yes
4524_0,4524,2024-11-30,6,1,No
4524_1,4524,2024-12-01,1,50,No
4525_0,4525,2024-03-31,4,64,Yes
4525_1,4525,2024-04-01,5,28,No
4525_2,4525,2024-04-02,6,69,No
4526_0,4526,2024-05-13,13,3,No
4526_1,4526,2024-05-14,14,13,No
4527_0,4527,2024-09-25,4,47,Yes
4527_1,4527,2024-09-26,14,29,Yes
4527_2,4527,2024-09-27,11,107,No
4528_0,4528,2024-02-02,5,20,No
4528_1,4528,2024-02-03,8,101,No
4528_2,4528,2024-02-04,12,93,No
4529_0,4529,2024-03-20,15,72,No
4529_1,4529,2024-03-21,13,17,Yes
4530_0,4530,2024-09-26,10,49,No
4531_0,4531,2024-03-20,13,88,No
4532_0,4532,2024-12-24,3,77,No
4532_1,4532,2024-12-25,13,64,No
4532_2,4532,2024-12-26,6,12,No
4532_3,4532,2024-12-27,5,106,Yes
4532_4,4532,2024-12-28,15,110,Yes
4533_0,4533,2024-05-29,1,54,No
4534_0,4534,2024-10-01,11,28,Yes
4534_1,4534,2024-10-02,1,1,Yes
4534_2,4534,2024-10-03,11,60,Yes
4534_3,4534,2024-10-04,9,28,No
4534_4,4534,2024-10-05,7,66,No
4535_0,4535,2024-10-03,12,105,Yes
4535_1,4535,2024-10-04,14,8,No
4535_2,4535,2024-10-05,9,28,Yes
4535_3,4535,2024-10-06,6,75,No
4535_4,4535,2024-10-07,12,44,No
4536_0,4536,2024-07-22,4,93,No
4536_1,4536,2024-07-23,12,112,No
4536_2,4536,2024-07-24,4,61,Yes
4536_3,4536,2024-07-25,14,61,No
4537_0,4537,2024-08-10,13,51,No
4537_1,4537,2024-08-11,13,6,No
4537_2,4537,2024-08-12,3,5,No
4538_0,4538,2024-09-19,3,94,No
4538_1,4538,2024-09-20,15,19,Yes
4538_2,4538,2024-09-21,10,1,No
4539_0,4539,2024-07-13,12,108,Yes
4539_1,4539,2024-07-14,6,25,Yes
4539_2,4539,2024-07-15,10,85,No
4540_0,4540,2024-03-11,7,33,No
4540_1,4540,2024-03-12,1,18,No
4541_0,4541,2024-05-29,11,113,No
4542_0,4542,2024-06-05,7,79,Yes
4542_1,4542,2024-06-06,3,113,Yes
4543_0,4543,2024-10-31,12,46,No
4543_1,4543,2024-11-01,1,113,No
4543_2,4543,2024-11-02,10,74,Yes
4544_0,4544,2024-01-02,4,43,No
4545_0,4545,2024-01-08,5,100,No
4545_1,4545,2024-01-09,3,97,No
4545_2,4545,2024-01-10,15,65,No
4546_0,4546,2024-03-22,3,71,No
4546_1,4546,2024-03-23,2,76,Yes
4546_2,4546,2024-03-24,4,49,Yes
4546_3,4546,2024-03-25,11,43,Yes
4547_0,4547,2024-03-05,2,26,No
4547_1,4547,2024-03-06,4,9,No
4547_2,4547,2024-03-07,10,39,No
4547_3,4547,2024-03-08,9,8,No
4547_4,4547,2024-03-09,8,19,Yes
4548_0,4548,2024-01-26,7,92,Yes
4548_1,4548,2024-01-27,12,113,No
4548_2,4548,2024-01-28,14,97,No
4548_3,4548,2024-01-29,4,17,Yes
4548_4,4548,2024-01-30,11,81,Yes
4549_0,4549,2024-03-31,9,68,No
4550_0,4550,2024-10-29,2,95,No
4551_0,4551,2024-05-31,11,30,No
4551_1,4551,2024-06-01,5,80,No
4551_2,4551,2024-06-02,4,47,Yes
4551_3,4551,2024-06-03,5,42,No
4551_4,4551,2024-06-04,14,12,No
4552_0,4552,2024-03-24,11,106,Yes
4552_1,4552,2024-03-25,14,11,Yes
4552_2,4552,2024-03-26,14,31,Yes
4552_3,4552,2024-03-27,10,97,No
4553_0,4553,2024-08-24,8,117,No
4553_1,4553,2024-08-25,2,55,No
4554_0,4554,2024-10-04,11,63,Yes
4554_1,4554,2024-10-05,7,21,Yes
4555_0,4555,2024-06-29,8,85,No
4555_1,4555,2024-06-30,9,95,No
4555_2,4555,2024-07-01,12,64,No
4555_3,4555,2024-07-02,2,76,No
4556_0,4556,2024-05-19,6,108,No
4557_0,4557,2024-11-15,6,45,Yes
4557_1,4557,2024-11-16,2,49,Yes
4557_2,4557,2024-11-17,7,57,Yes
4558_0,4558,2024-11-26,13,2,Yes
4558_1,4558,2024-11-27,3,79,No
4559_0,4559,2024-06-03,5,33,No
4559_1,4559,2024-06-04,10,113,No
4559_2,4559,2024-06-05,7,53,Yes
4560_0,4560,2024-08-11,10,61,No
4560_1,4560,2024-08-12,13,68,No
4560_2,4560,2024-08-13,3,35,Yes
4560_3,4560,2024-08-14,5,103,No
4561_0,4561,2024-01-21,6,78,Yes
4562_0,4562,2024-04-06,13,51,No
4562_1,4562,2024-04-07,14,42,Yes
4563_0,4563,2024-09-14,10,26,No
4563_1,4563,2024-09-15,4,79,No
4563_2,4563,2024-09-16,11,52,No
4563_3,4563,2024-09-17,6,19,Yes
4563_4,4563,2024-09-18,4,99,Yes
4564_0,4564,2024-12-28,6,9,No
4564_1,4564,2024-12-29,8,90,No
4564_2,4564,2024-12-30,6,20,No
4565_0,4565,2024-04-12,3,75,Yes
4565_1,4565,2024-04-13,4,22,Yes
4566_0,4566,2024-06-09,8,69,No
4566_1,4566,2024-06-10,3,87,Yes
4566_2,4566,2024-06-11,8,36,No
4567_0,4567,2024-07-16,9,33,No
4567_1,4567,2024-07-17,10,88,No
4567_2,4567,2024-07-18,7,77,No
4567_3,4567,2024-07-19,13,117,Yes
4568_0,4568,2024-02-21,2,14,Yes
4568_1,4568,2024-02-22,11,58,No
4568_2,4568,2024-02-23,10,96,No
4568_3,4568,2024-02-24,3,94,Yes
4568_4,4568,2024-02-25,5,103,No
4569_0,4569,2024-05-01,9,10,No
4570_0,4570,2024-01-18,1,20,Yes
4570_1,4570,2024-01-19,7,53,Yes
4570_2,4570,2024-01-20,3,60,No
4570_3,4570,2024-01-21,5,51,No
4570_4,4570,2024-01-22,10,92,No
4571_0,4571,2024-05-24,8,31,No
4571_1,4571,2024-05-25,2,8,Yes
4572_0,4572,2024-09-30,9,78,No
4573_0,4573,2024-09-04,15,87,No
4574_0,4574,2024-10-11,12,71,No
4575_0,4575,2024-02-08,14,77,No
4575_1,4575,2024-02-09,15,16,No
4575_2,4575,2024-02-10,7,65,No
4575_3,4575,2024-02-11,9,27,No
4575_4,4575,2024-02-12,8,101,No
4576_0,4576,2024-03-25,11,47,No
4576_1,4576,2024-03-26,15,117,No
4576_2,4576,2024-03-27,1,13,Yes
4576_3,4576,2024-03-28,7,13,Yes
4577_0,4577,2024-08-19,14,99,Yes
4577_1,4577,2024-08-20,14,15,Yes
4577_2,4577,2024-08-21,7,66,No
4578_0,4578,2024-10-07,1,99,No
4578_1,4578,2024-10-08,1,4,Yes
4578_2,4578,2024-10-09,9,7,No
4578_3,4578,2024-10-10,6,88,Yes
4579_0,4579,2024-02-05,15,86,No
4579_1,4579,2024-02-06,4,96,No
4579_2,4579,2024-02-07,8,118,No
4580_0,4580,2024-12-27,1,42,No
4580_1,4580,2024-12-28,13,81,Yes
4580_2,4580,2024-12-29,6,91,Yes
4581_0,4581,2024-10-23,2,52,No
4581_1,4581,2024-10-24,1,51,Yes
4582_0,4582,2024-03-24,12,66,No
4582_1,4582,2024-03-25,5,107,No
4582_2,4582,2024-03-26,2,38,No
4582_3,4582,2024-03-27,9,2,Yes
4583_0,4583,2024-12-28,9,79,Yes
4583_1,4583,2024-12-29,5,37,No
4583_2,4583,2024-12-30,4,22,Yes
4583_3,4583,2024-12-31,4,52,Yes
4584_0,4584,2024-11-18,7,27,No
4584_1,4584,2024-11-19,7,101,No
4584_2,4584,2024-11-20,12,71,No
4585_0,4585,2024-02-27,5,54,Yes
4585_1,4585,2024-02-28,8,83,No
4585_2,4585,2024-02-29,14,40,No
4586_0,4586,2024-04-16,13,102,No
4586_1,4586,2024-04-17,14,73,No
4586_2,4586,2024-04-18,2,103,No
4587_0,4587,2024-05-25,5,11,Yes
4587_1,4587,2024-05-26,5,39,No
4587_2,4587,2024-05-27,8,64,No
4587_3,4587,2024-05-28,8,24,Yes
4587_4,4587,2024-05-29,13,15,No
4588_0,4588,2024-10-06,6,47,Yes
4589_0,4589,2024-01-23,5,120,Yes
4589_1,4589,2024-01-24,15,116,Yes
4589_2,4589,2024-01-25,6,6,No
4589_3,4589,2024-01-26,13,105,No
4590_0,4590,2024-04-24,13,2,No
4591_0,4591,2024-01-25,4,116,Yes
4591_1,4591,2024-01-26,8,45,No
4591_2,4591,2024-01-27,5,47,No
4591_3,4591,2024-01-28,9,91,No
4592_0,4592,2024-07-31,6,113,No
4592_1,4592,2024-08-01,3,16,No
4592_2,4592,2024-08-02,2,73,No
4593_0,4593,2024-06-27,11,13,No
4594_0,4594,2024-12-10,10,58,No
4594_1,4594,2024-12-11,11,87,No
4594_2,4594,2024-12-12,12,16,No
4594_3,4594,2024-12-13,7,113,No
4595_0,4595,2024-10-22,2,63,Yes
4596_0,4596,2024-07-02,10,61,No
4596_1,4596,2024-07-03,5,82,No
4596_2,4596,2024-07-04,4,3,No
4596_3,4596,2024-07-05,12,54,No
4596_4,4596,2024-07-06,12,114,Yes
4597_0,4597,2024-08-13,1,115,No
4597_1,4597,2024-08-14,8,91,Yes
4597_2,4597,2024-08-15,1,113,Yes
4598_0,4598,2024-12-29,13,22,Yes
4599_0,4599,2024-03-05,12,111,No
4599_1,4599,2024-03-06,11,117,No
4600_0,4600,2024-11-07,15,75,Yes
4600_1,4600,2024-11-08,10,25,No
4600_2,4600,2024-11-09,7,111,No
4600_3,4600,2024-11-10,2,113,No
4600_4,4600,2024-11-11,12,75,No
4601_0,4601,2024-02-06,2,35,No
4601_1,4601,2024-02-07,7,22,No
4601_2,4601,2024-02-08,7,86,No
4602_0,4602,2024-05-10,14,30,No
4602_1,4602,2024-05-11,3,28,No
4602_2,4602,2024-05-12,2,69,No
4602_3,4602,2024-05-13,5,90,Yes
4602_4,4602,2024-05-14,1,110,No
4603_0,4603,2024-07-19,2,102,No
4604_0,4604,2024-02-26,14,49,No
4604_1,4604,2024-02-27,12,20,No
4604_2,4604,2024-02-28,7,50,Yes
4604_3,4604,2024-02-29,11,50,No
4605_0,4605,2024-01-10,1,32,No
4605_1,4605,2024-01-11,5,63,No
4605_2,4605,2024-01-12,3,39,No
4605_3,4605,2024-01-13,10,8,No
4605_4,4605,2024-01-14,10,67,No
4606_0,4606,2024-04-04,7,109,No
4606_1,4606,2024-04-05,2,56,No
4606_2,4606,2024-04-06,15,25,No
4606_3,4606,2024-04-07,1,71,No
4606_4,4606,2024-04-08,6,70,No
4607_0,4607,2024-05-10,5,32,No
4607_1,4607,2024-05-11,10,103,Yes
4608_0,4608,2024-06-13,14,65,No
4608_1,4608,2024-06-14,5,5,No
4609_0,4609,2024-02-29,7,1,No
4609_1,4609,2024-03-01,12,22,Yes
4609_2,4609,2024-03-02,13,19,Yes
4610_0,4610,2024-07-27,4,74,Yes
4611_0,4611,2024-09-30,2,47,No
4611_1,4611,2024-10-01,1,3,No
4611_2,4611,2024-10-02,15,24,No
4611_3,4611,2024-10-03,5,114,No
4611_4,4611,2024-10-04,1,53,No
4612_0,4612,2024-04-20,1,21,No
4612_1,4612,2024-04-21,14,72,No
4613_0,4613,2024-04-11,14,82,No
4613_1,4613,2024-04-12,13,76,No
4613_2,4613,2024-04-13,4,65,Yes
4613_3,4613,2024-04-14,12,10,No
4613_4,4613,2024-04-15,5,61,No
4614_0,4614,2024-11-04,9,2,No
4615_0,4615,2024-11-22,3,6,Yes
4615_1,4615,2024-11-23,15,115,No
4615_2,4615,2024-11-24,10,84,Yes
4615_3,4615,2024-11-25,8,16,No
4615_4,4615,2024-11-26,5,82,Yes
4616_0,4616,2024-06-03,5,79,No
4616_1,4616,2024-06-04,2,99,No
4616_2,4616,2024-06-05,8,112,Yes
4617_0,4617,2024-10-20,4,81,Yes
4617_1,4617,2024-10-21,8,75,No
4618_0,4618,2024-04-07,10,116,No
4618_1,4618,2024-04-08,5,113,No
4618_2,4618,2024-04-09,10,37,Yes
4619_0,4619,2024-03-19,9,22,No
4620_0,4620,2024-05-24,11,28,No
4620_1,4620,2024-05-25,1,118,No
4621_0,4621,2024-06-02,1,75,Yes
4621_1,4621,2024-06-03,8,42,No
4621_2,4621,2024-06-04,4,36,No
4621_3,4621,2024-06-05,6,44,No
4621_4,4621,2024-06-06,9,116,No
4622_0,4622,2024-09-13,1,42,Yes
4622_1,4622,2024-09-14,14,55,No
4622_2,4622,2024-09-15,6,42,Yes
4623_0,4623,2024-12-16,12,102,No
4624_0,4624,2024-08-03,12,92,No
4625_0,4625,2024-02-13,8,58,No
4625_1,4625,2024-02-14,13,29,No
4625_2,4625,2024-02-15,3,106,Yes
4625_3,4625,2024-02-16,1,85,No
4626_0,4626,2024-05-29,10,112,Yes
4626_1,4626,2024-05-30,9,69,Yes
4626_2,4626,2024-05-31,3,53,Yes
4627_0,4627,2024-05-01,9,21,Yes
4627_1,4627,2024-05-02,9,105,Yes
4627_2,4627,2024-05-03,13,54,No
4627_3,4627,2024-05-04,9,59,Yes
4627_4,4627,2024-05-05,3,71,Yes
4628_0,4628,2024-09-03,5,90,No
4628_1,4628,2024-09-04,1,27,Yes
4628_2,4628,2024-09-05,1,69,No
4628_3,4628,2024-09-06,2,59,Yes
4629_0,4629,2024-02-27,6,3,No
4629_1,4629,2024-02-28,9,57,Yes
4629_2,4629,2024-02-29,2,114,No
4629_3,4629,2024-03-01,6,75,Yes
4629_4,4629,2024-03-02,2,33,Yes
4630_0,4630,2024-10-05,1,89,Yes
4630_1,4630,2024-10-06,11,85,Yes
4630_2,4630,2024-10-07,11,85,No
4631_0,4631,2024-02-16,11,10,No
4631_1,4631,2024-02-17,15,102,No
4631_2,4631,2024-02-18,12,20,No
4632_0,4632,2024-01-04,10,4,No
4632_1,4632,2024-01-05,9,3,No
4632_2,4632,2024-01-06,10,44,Yes
4632_3,4632,2024-01-07,14,93,No
4633_0,4633,2024-11-16,1,113,No
4633_1,4633,2024-11-17,15,111,Yes
4633_2,4633,2024-11-18,14,114,No
4634_0,4634,2024-05-22,15,106,Yes
4634_1,4634,2024-05-23,11,91,Yes
4635_0,4635,2024-10-10,10,86,Yes
4635_1,4635,2024-10-11,7,67,No
4635_2,4635,2024-10-12,6,4,No
4635_3,4635,2024-10-13,4,74,Yes
4635_4,4635,2024-10-14,13,76,No
4636_0,4636,2024-04-16,10,110,No
4636_1,4636,2024-04-17,3,55,Yes
4636_2,4636,2024-04-18,7,60,Yes
4636_3,4636,2024-04-19,5,44,No
4637_0,4637,2024-06-28,14,39,Yes
4638_0,4638,2024-02-24,7,52,Yes
4638_1,4638,2024-02-25,13,39,Yes
4638_2,4638,2024-02-26,2,47,Yes
4639_0,4639,2024-08-03,12,96,No
4640_0,4640,2024-01-31,9,44,Yes
4640_1,4640,2024-02-01,6,76,No
4641_0,4641,2024-02-03,15,102,Yes
4641_1,4641,2024-02-04,1,57,No
4641_2,4641,2024-02-05,9,90,No
4641_3,4641,2024-02-06,11,19,No
4642_0,4642,2024-08-21,11,72,Yes
4642_1,4642,2024-08-22,13,21,No
4643_0,4643,2024-11-20,4,56,No
4643_1,4643,2024-11-21,11,80,No
4643_2,4643,2024-11-22,11,107,No
4643_3,4643,2024-11-23,1,75,Yes
4643_4,4643,2024-11-24,7,39,No
4644_0,4644,2024-07-12,1,31,No
4644_1,4644,2024-07-13,5,79,No
4644_2,4644,2024-07-14,9,95,No
4645_0,4645,2024-01-11,4,94,Yes
4646_0,4646,2024-01-26,5,81,No
4646_1,4646,2024-01-27,4,32,No
4646_2,4646,2024-01-28,6,59,No
4646_3,4646,2024-01-29,1,12,No
4646_4,4646,2024-01-30,10,5,Yes
4647_0,4647,2024-07-08,2,86,No
4647_1,4647,2024-07-09,11,65,Yes
4647_2,4647,2024-07-10,10,32,Yes
4648_0,4648,2024-03-03,10,4,No
4648_1,4648,2024-03-04,10,46,No
4649_0,4649,2024-01-06,12,28,No
4649_1,4649,2024-01-07,4,81,Yes
4649_2,4649,2024-01-08,3,89,No
4650_0,4650,2024-10-16,2,79,No
4650_1,4650,2024-10-17,8,93,No
4651_0,4651,2024-06-27,7,59,No
4651_1,4651,2024-06-28,11,111,No
4652_0,4652,2024-02-11,7,110,No
4652_1,4652,2024-02-12,14,70,No
4653_0,4653,2024-08-22,7,106,No
4654_0,4654,2024-08-08,15,5,No
4654_1,4654,2024-08-09,12,22,No
4654_2,4654,2024-08-10,11,44,No
4655_0,4655,2024-11-27,12,96,No
4655_1,4655,2024-11-28,11,80,No
4655_2,4655,2024-11-29,14,80,Yes
4655_3,4655,2024-11-30,5,3,No
4655_4,4655,2024-12-01,13,58,No
4656_0,4656,2024-02-24,10,72,No
4656_1,4656,2024-02-25,3,47,No
4656_2,4656,2024-02-26,8,113,No
4656_3,4656,2024-02-27,9,58,No
4656_4,4656,2024-02-28,14,66,No
4657_0,4657,2024-03-27,7,61,Yes
4657_1,4657,2024-03-28,11,29,No
4658_0,4658,2024-11-02,6,73,No
4658_1,4658,2024-11-03,2,90,No
4658_2,4658,2024-11-04,6,19,No
4659_0,4659,2024-08-18,14,29,Yes
4659_1,4659,2024-08-19,8,48,No
4660_0,4660,2024-12-07,12,17,No
4660_1,4660,2024-12-08,8,104,Yes
4660_2,4660,2024-12-09,2,62,No
4660_3,4660,2024-12-10,14,65,Yes
4660_4,4660,2024-12-11,5,62,No
4661_0,4661,2024-06-12,4,113,No
4661_1,4661,2024-06-13,4,11,No
4661_2,4661,2024-06-14,15,39,No
4661_3,4661,2024-06-15,10,5,No
4661_4,4661,2024-06-16,14,97,No
4662_0,4662,2024-09-27,5,60,Yes
4662_1,4662,2024-09-28,14,116,No
4662_2,4662,2024-09-29,13,15,No
4663_0,4663,2024-07-13,15,2,No
4663_1,4663,2024-07-14,11,75,No
4663_2,4663,2024-07-15,3,72,Yes
4663_3,4663,2024-07-16,8,77,No
4663_4,4663,2024-07-17,12,21,No
4664_0,4664,2024-12-24,14,6,No
4664_1,4664,2024-12-25,15,23,Yes
4665_0,4665,2024-03-23,8,65,Yes
4665_1,4665,2024-03-24,4,43,Yes
4665_2,4665,2024-03-25,9,7,No
4666_0,4666,2024-07-21,10,111,No
4666_1,4666,2024-07-22,6,82,No
4666_2,4666,2024-07-23,10,45,Yes
4666_3,4666,2024-07-24,3,92,No
4666_4,4666,2024-07-25,8,97,No
4667_0,4667,2024-10-07,12,28,Yes
4667_1,4667,2024-10-08,6,114,Yes
4667_2,4667,2024-10-09,13,120,Yes
4667_3,4667,2024-10-10,8,28,No
4668_0,4668,2024-01-08,11,60,No
4668_1,4668,2024-01-09,15,56,Yes
4668_2,4668,2024-01-10,8,10,Yes
4669_0,4669,2024-03-10,9,72,No
4670_0,4670,2024-06-15,2,63,Yes
4670_1,4670,2024-06-16,5,39,No
4670_2,4670,2024-06-17,7,2,No
4671_0,4671,2024-02-05,5,87,No
4672_0,4672,2024-06-28,3,4,No
4672_1,4672,2024-06-29,9,79,No
4672_2,4672,2024-06-30,12,66,No
4672_3,4672,2024-07-01,2,95,No
4673_0,4673,2024-04-02,15,90,No
4673_1,4673,2024-04-03,4,99,Yes
4673_2,4673,2024-04-04,1,15,Yes
4673_3,4673,2024-04-05,15,6,No
4673_4,4673,2024-04-06,13,81,No
4674_0,4674,2024-09-30,4,23,No
4675_0,4675,2024-04-12,11,50,No
4675_1,4675,2024-04-13,4,117,Yes
4675_2,4675,2024-04-14,7,103,Yes
4675_3,4675,2024-04-15,7,2,No
4675_4,4675,2024-04-16,8,52,No
4676_0,4676,2024-10-19,1,116,No
4677_0,4677,2024-04-05,6,74,Yes
4677_1,4677,2024-04-06,13,53,No
4677_2,4677,2024-04-07,5,16,No
4677_3,4677,2024-04-08,9,38,No
4677_4,4677,2024-04-09,15,62,Yes
4678_0,4678,2024-09-25,7,117,Yes
4678_1,4678,2024-09-26,4,37,No
4679_0,4679,2024-02-09,4,56,Yes
4679_1,4679,2024-02-10,10,77,No
4679_2,4679,2024-02-11,8,78,Yes
4680_0,4680,2024-02-15,6,61,No
4680_1,4680,2024-02-16,15,43,No
4680_2,4680,2024-02-17,3,2,No
4680_3,4680,2024-02-18,5,13,Yes
4680_4,4680,2024-02-19,1,41,Yes
4681_0,4681,2024-08-24,4,25,No
4681_1,4681,2024-08-25,7,21,Yes
4681_2,4681,2024-08-26,10,49,No
4681_3,4681,2024-08-27,12,26,No
4681_4,4681,2024-08-28,15,83,No
4682_0,4682,2024-10-05,6,53,Yes
4682_1,4682,2024-10-06,6,90,No
4683_0,4683,2024-04-17,8,15,No
4683_1,4683,2024-04-18,7,72,No
4683_2,4683,2024-04-19,7,27,No
4684_0,4684,2024-02-12,3,11,No
4684_1,4684,2024-02-13,10,63,No
4685_0,4685,2024-05-06,14,76,No
4685_1,4685,2024-05-07,9,38,No
4685_2,4685,2024-05-08,5,57,No
4685_3,4685,2024-05-09,8,8,No
4685_4,4685,2024-05-10,6,6,Yes
4686_0,4686,2024-12-03,14,73,No
4686_1,4686,2024-12-04,8,5,No
4686_2,4686,2024-12-05,7,74,No
4687_0,4687,2024-04-03,11,39,Yes
4687_1,4687,2024-04-04,2,14,No
4687_2,4687,2024-04-05,9,66,No
4687_3,4687,2024-04-06,3,108,No
4688_0,4688,2024-02-21,10,30,Yes
4688_1,4688,2024-02-22,7,105,No
4688_2,4688,2024-02-23,5,18,Yes
4688_3,4688,2024-02-24,6,69,Yes
4688_4,4688,2024-02-25,11,90,Yes
4689_0,4689,2024-07-19,6,112,No
4689_1,4689,2024-07-20,7,8,Yes
4689_2,4689,2024-07-21,7,55,Yes
4690_0,4690,2024-09-06,1,41,No
4690_1,4690,2024-09-07,11,99,No
4691_0,4691,2024-11-15,11,52,Yes
4692_0,4692,2024-01-23,2,117,No
4692_1,4692,2024-01-24,7,71,Yes
4693_0,4693,2024-06-28,12,37,Yes
4693_1,4693,2024-06-29,3,31,Yes
4693_2,4693,2024-06-30,13,46,No
4694_0,4694,2024-05-07,4,119,No
4694_1,4694,2024-05-08,12,46,No
4695_0,4695,2024-09-25,12,79,No
4695_1,4695,2024-09-26,14,34,No
4695_2,4695,2024-09-27,4,27,No
4696_0,4696,2024-08-17,13,106,No
4697_0,4697,2024-02-14,13,115,Yes
4697_1,4697,2024-02-15,3,44,Yes
4698_0,4698,2024-03-16,3,7,No
4698_1,4698,2024-03-17,4,68,Yes
4698_2,4698,2024-03-18,11,82,No
4698_3,4698,2024-03-19,14,1,No
4698_4,4698,2024-03-20,12,29,No
4699_0,4699,2024-10-06,14,47,No
4699_1,4699,2024-10-07,2,92,No
4700_0,4700,2024-06-26,11,32,Yes
4700_1,4700,2024-06-27,5,108,Yes
4701_0,4701,2024-02-09,14,8,No
4701_1,4701,2024-02-10,14,94,Yes
4701_2,4701,2024-02-11,9,109,No
4701_3,4701,2024-02-12,3,94,No
4702_0,4702,2024-04-20,10,17,No
4702_1,4702,2024-04-21,1,98,No
4702_2,4702,2024-04-22,12,3,No
4702_3,4702,2024-04-23,6,6,Yes
4702_4,4702,2024-04-24,8,87,No
4703_0,4703,2024-05-22,14,112,No
4703_1,4703,2024-05-23,2,11,Yes
4703_2,4703,2024-05-24,3,58,No
4703_3,4703,2024-05-25,8,48,No
4703_4,4703,2024-05-26,5,34,Yes
4704_0,4704,2024-05-24,1,99,No
4704_1,4704,2024-05-25,1,16,No
4704_2,4704,2024-05-26,7,47,No
4705_0,4705,2024-08-13,13,58,No
4705_1,4705,2024-08-14,14,41,No
4705_2,4705,2024-08-15,2,5,No
4706_0,4706,2024-07-04,12,92,No
4706_1,4706,2024-07-05,12,46,No
4706_2,4706,2024-07-06,4,59,Yes
4706_3,4706,2024-07-07,7,57,No
4707_0,4707,2024-07-28,5,9,No
4707_1,4707,2024-07-29,8,66,Yes
4707_2,4707,2024-07-30,14,33,No
4707_3,4707,2024-07-31,12,54,No
4708_0,4708,2024-12-22,7,78,No
4708_1,4708,2024-12-23,4,27,Yes
4708_2,4708,2024-12-24,8,75,No
4709_0,4709,2024-01-23,15,84,No
4709_1,4709,2024-01-24,14,102,No
4709_2,4709,2024-01-25,12,68,No
4709_3,4709,2024-01-26,1,22,No
4710_0,4710,2024-03-29,10,61,Yes
4710_1,4710,2024-03-30,8,25,No
4710_2,4710,2024-03-31,7,104,No
4711_0,4711,2024-05-20,10,31,No
4711_1,4711,2024-05-21,14,89,No
4711_2,4711,2024-05-22,10,98,No
4712_0,4712,2024-10-23,7,77,No
4712_1,4712,2024-10-24,15,66,Yes
4712_2,4712,2024-10-25,11,69,No
4712_3,4712,2024-10-26,10,57,No
4713_0,4713,2024-10-22,14,87,No
4713_1,4713,2024-10-23,8,104,No
4713_2,4713,2024-10-24,11,69,No
4714_0,4714,2024-03-06,7,39,No
4714_1,4714,2024-03-07,10,31,No
4714_2,4714,2024-03-08,4,98,No
4715_0,4715,2024-02-06,7,65,No
4715_1,4715,2024-02-07,2,109,Yes
4715_2,4715,2024-02-08,9,79,Yes
4715_3,4715,2024-02-09,3,89,No
4715_4,4715,2024-02-10,8,12,Yes
4716_0,4716,2024-09-12,7,6,Yes
4716_1,4716,2024-09-13,4,76,No
4716_2,4716,2024-09-14,10,66,Yes
4717_0,4717,2024-11-09,11,72,No
4717_1,4717,2024-11-10,2,70,No
4717_2,4717,2024-11-11,5,9,Yes
4718_0,4718,2024-03-01,10,119,No
4719_0,4719,2024-10-11,6,16,Yes
4719_1,4719,2024-10-12,10,96,Yes
4719_2,4719,2024-10-13,6,25,Yes
4719_3,4719,2024-10-14,4,4,No
4719_4,4719,2024-10-15,3,20,Yes
4720_0,4720,2024-04-19,12,46,No
4720_1,4720,2024-04-20,4,28,No
4721_0,4721,2024-09-21,9,82,Yes
4721_1,4721,2024-09-22,1,78,No
4721_2,4721,2024-09-23,5,24,No
4722_0,4722,2024-09-21,9,30,No
4722_1,4722,2024-09-22,9,33,No
4723_0,4723,2024-08-21,5,6,No
4724_0,4724,2024-12-16,13,43,No
4724_1,4724,2024-12-17,15,12,No
4724_2,4724,2024-12-18,8,116,No
4724_3,4724,2024-12-19,3,107,Yes
4725_0,4725,2024-03-19,5,16,Yes
4725_1,4725,2024-03-20,7,113,Yes
4725_2,4725,2024-03-21,15,14,Yes
4726_0,4726,2024-03-12,2,42,No
4726_1,4726,2024-03-13,14,13,No
4727_0,4727,2024-11-17,7,104,Yes
4727_1,4727,2024-11-18,7,80,Yes
4727_2,4727,2024-11-19,9,7,No
4727_3,4727,2024-11-20,12,33,No
4728_0,4728,2024-05-15,10,20,No
4728_1,4728,2024-05-16,13,80,No
4728_2,4728,2024-05-17,13,49,No
4729_0,4729,2024-02-28,14,67,No
4729_1,4729,2024-02-29,2,63,Yes
4729_2,4729,2024-03-01,7,78,No
4729_3,4729,2024-03-02,1,112,No
4729_4,4729,2024-03-03,8,12,No
4730_0,4730,2024-05-09,15,80,No
4730_1,4730,2024-05-10,5,25,Yes
4730_2,4730,2024-05-11,13,93,No
4730_3,4730,2024-05-12,7,50,No
4730_4,4730,2024-05-13,10,116,No
4731_0,4731,2024-08-30,10,76,Yes
4731_1,4731,2024-08-31,12,104,No
4731_2,4731,2024-09-01,2,68,No
4731_3,4731,2024-09-02,5,49,No
4732_0,4732,2024-05-10,15,60,No
4732_1,4732,2024-05-11,7,110,Yes
4733_0,4733,2024-03-14,6,58,No
4733_1,4733,2024-03-15,12,29,No
4733_2,4733,2024-03-16,7,14,No
4733_3,4733,2024-03-17,8,118,Yes
4734_0,4734,2024-06-07,5,68,No
4734_1,4734,2024-06-08,5,3,Yes
4734_2,4734,2024-06-09,3,118,Yes
4734_3,4734,2024-06-10,6,86,No
4734_4,4734,2024-06-11,6,78,Yes
4735_0,4735,2024-02-06,15,74,No
4736_0,4736,2024-03-15,12,27,No
4736_1,4736,2024-03-16,1,7,Yes
4736_2,4736,2024-03-17,14,67,Yes
4737_0,4737,2024-12-15,11,87,Yes
4737_1,4737,2024-12-16,5,115,Yes
4737_2,4737,2024-12-17,11,116,No
4737_3,4737,2024-12-18,12,102,No
4738_0,4738,2024-06-10,11,70,No
4738_1,4738,2024-06-11,7,78,No
4739_0,4739,2024-12-25,7,34,No
4740_0,4740,2024-02-15,15,95,No
4740_1,4740,2024-02-16,4,5,No
4740_2,4740,2024-02-17,4,21,No
4741_0,4741,2024-05-06,15,12,Yes
4741_1,4741,2024-05-07,11,33,Yes
4741_2,4741,2024-05-08,6,111,No
4742_0,4742,2024-03-10,6,94,Yes
4743_0,4743,2024-08-31,11,47,No
4743_1,4743,2024-09-01,15,4,No
4743_2,4743,2024-09-02,2,112,Yes
4743_3,4743,2024-09-03,5,33,Yes
4744_0,4744,2024-05-07,4,75,No
4744_1,4744,2024-05-08,15,53,No
4744_2,4744,2024-05-09,13,72,No
4745_0,4745,2024-11-03,1,34,Yes
4745_1,4745,2024-11-04,6,29,Yes
4745_2,4745,2024-11-05,6,5,No
4746_0,4746,2024-09-17,10,111,No
4746_1,4746,2024-09-18,4,89,Yes
4746_2,4746,2024-09-19,4,50,No
4747_0,4747,2024-05-23,15,4,No
4748_0,4748,2024-05-31,8,100,Yes
4748_1,4748,2024-06-01,14,3,No
4748_2,4748,2024-06-02,7,27,No
4749_0,4749,2024-11-07,14,33,No
4749_1,4749,2024-11-08,12,39,No
4749_2,4749,2024-11-09,9,61,Yes
4749_3,4749,2024-11-10,13,54,No
4749_4,4749,2024-11-11,6,47,No
4750_0,4750,2024-10-28,13,98,Yes
4750_1,4750,2024-10-29,11,26,No
4750_2,4750,2024-10-30,8,107,No
4750_3,4750,2024-10-31,6,83,No
4751_0,4751,2024-09-22,6,33,No
4751_1,4751,2024-09-23,10,14,Yes
4751_2,4751,2024-09-24,7,34,No
4751_3,4751,2024-09-25,11,95,No
4752_0,4752,2024-12-06,4,1,No
4752_1,4752,2024-12-07,7,31,No
4752_2,4752,2024-12-08,10,31,No
4753_0,4753,2024-05-05,7,43,No
4753_1,4753,2024-05-06,12,110,No
4753_2,4753,2024-05-07,12,105,Yes
4753_3,4753,2024-05-08,6,91,No
4754_0,4754,2024-12-01,2,87,No
4754_1,4754,2024-12-02,11,102,No
4754_2,4754,2024-12-03,9,48,No
4754_3,4754,2024-12-04,2,15,No
4754_4,4754,2024-12-05,8,48,No
4755_0,4755,2024-01-06,8,19,No
4755_1,4755,2024-01-07,12,73,No
4755_2,4755,2024-01-08,9,1,Yes
4755_3,4755,2024-01-09,9,56,No
4755_4,4755,2024-01-10,6,25,No
4756_0,4756,2024-07-28,11,62,No
4756_1,4756,2024-07-29,13,112,No
4757_0,4757,2024-02-23,13,71,No
4757_1,4757,2024-02-24,15,106,Yes
4757_2,4757,2024-02-25,7,68,Yes
4758_0,4758,2024-12-03,3,18,Yes
4758_1,4758,2024-12-04,5,62,No
4758_2,4758,2024-12-05,6,18,No
4758_3,4758,2024-12-06,11,115,No
4759_0,4759,2024-09-13,11,58,Yes
4759_1,4759,2024-09-14,7,48,Yes
4760_0,4760,2024-07-19,12,27,Yes
4760_1,4760,2024-07-20,14,100,No
4760_2,4760,2024-07-21,9,17,No
4761_0,4761,2024-03-01,13,36,Yes
4761_1,4761,2024-03-02,7,20,No
4761_2,4761,2024-03-03,1,32,No
4761_3,4761,2024-03-04,2,84,Yes
4762_0,4762,2024-04-15,3,44,No
4762_1,4762,2024-04-16,4,51,No
4762_2,4762,2024-04-17,4,117,No
4762_3,4762,2024-04-18,7,106,Yes
4763_0,4763,2024-09-29,6,41,No
4763_1,4763,2024-09-30,3,6,No
4763_2,4763,2024-10-01,7,37,Yes
4763_3,4763,2024-10-02,10,80,No
4764_0,4764,2024-01-23,13,105,No
4764_1,4764,2024-01-24,2,40,No
4764_2,4764,2024-01-25,2,92,No
4765_0,4765,2024-08-10,13,53,Yes
4765_1,4765,2024-08-11,5,29,No
4765_2,4765,2024-08-12,8,105,No
4766_0,4766,2024-08-20,11,26,No
4766_1,4766,2024-08-21,5,47,Yes
4766_2,4766,2024-08-22,7,77,No
4766_3,4766,2024-08-23,10,5,No
4766_4,4766,2024-08-24,11,2,No
4767_0,4767,2024-02-24,4,25,Yes
4767_1,4767,2024-02-25,9,82,No
4767_2,4767,2024-02-26,14,109,No
4768_0,4768,2024-05-08,10,6,Yes
4769_0,4769,2024-02-17,3,33,No
4769_1,4769,2024-02-18,6,93,No
4769_2,4769,2024-02-19,10,64,No
4769_3,4769,2024-02-20,9,42,No
4769_4,4769,2024-02-21,7,53,Yes
4770_0,4770,2024-10-16,11,26,No
4770_1,4770,2024-10-17,8,92,Yes
4770_2,4770,2024-10-18,14,92,No
4770_3,4770,2024-10-19,8,29,No
4770_4,4770,2024-10-20,15,93,No
4771_0,4771,2024-05-07,9,90,No
4772_0,4772,2024-05-27,6,2,No
4772_1,4772,2024-05-28,11,16,No
4773_0,4773,2024-02-07,4,51,No
4773_1,4773,2024-02-08,4,47,No
4773_2,4773,2024-02-09,11,23,No
4774_0,4774,2024-12-28,11,101,No
4775_0,4775,2024-07-16,13,44,Yes
4775_1,4775,2024-07-17,5,19,Yes
4775_2,4775,2024-07-18,5,101,No
4775_3,4775,2024-07-19,9,70,Yes
4776_0,4776,2024-08-24,14,103,No
4776_1,4776,2024-08-25,9,30,No
4776_2,4776,2024-08-26,3,71,No
4777_0,4777,2024-01-04,9,82,Yes
4777_1,4777,2024-01-05,13,86,Yes
4777_2,4777,2024-01-06,7,21,No
4777_3,4777,2024-01-07,9,98,No
4777_4,4777,2024-01-08,1,55,No
4778_0,4778,2024-01-07,10,89,Yes
4778_1,4778,2024-01-08,6,39,No
4778_2,4778,2024-01-09,12,64,No
4779_0,4779,2024-03-19,3,42,No
4779_1,4779,2024-03-20,12,80,Yes
4780_0,4780,2024-07-05,10,70,No
4781_0,4781,2024-03-25,3,71,No
4781_1,4781,2024-03-26,10,92,Yes
4782_0,4782,2024-03-25,4,46,Yes
4782_1,4782,2024-03-26,5,118,No
4783_0,4783,2024-07-24,11,65,No
4783_1,4783,2024-07-25,10,30,No
4784_0,4784,2024-05-12,2,88,Yes
4784_1,4784,2024-05-13,14,120,No
4785_0,4785,2024-12-22,12,71,Yes
4785_1,4785,2024-12-23,2,37,No
4785_2,4785,2024-12-24,8,4,Yes
4785_3,4785,2024-12-25,6,40,No
4785_4,4785,2024-12-26,9,88,No
4786_0,4786,2024-03-06,1,64,Yes
4786_1,4786,2024-03-07,2,5,No
4786_2,4786,2024-03-08,11,73,No
4786_3,4786,2024-03-09,9,98,No
4786_4,4786,2024-03-10,13,27,Yes
4787_0,4787,2024-03-01,15,92,No
4787_1,4787,2024-03-02,8,51,No
4787_2,4787,2024-03-03,10,41,No
4787_3,4787,2024-03-04,6,89,Yes
4787_4,4787,2024-03-05,11,42,No
4788_0,4788,2024-06-11,15,17,No
4788_1,4788,2024-06-12,11,103,Yes
4788_2,4788,2024-06-13,2,23,Yes
4788_3,4788,2024-06-14,1,65,Yes
4788_4,4788,2024-06-15,8,101,No
4789_0,4789,2024-10-25,7,35,Yes
4789_1,4789,2024-10-26,8,10,Yes
4790_0,4790,2024-06-03,1,34,No
4790_1,4790,2024-06-04,6,62,Yes
4791_0,4791,2024-10-03,8,33,No
4791_1,4791,2024-10-04,5,96,No
4791_2,4791,2024-10-05,7,16,No
4791_3,4791,2024-10-06,10,117,No
4791_4,4791,2024-10-07,5,86,No
4792_0,4792,2024-04-06,9,40,Yes
4792_1,4792,2024-04-07,1,33,No
4792_2,4792,2024-04-08,3,13,Yes
4793_0,4793,2024-05-26,9,55,Yes
4793_1,4793,2024-05-27,7,27,No
4793_2,4793,2024-05-28,15,43,No
4793_3,4793,2024-05-29,3,55,No
4794_0,4794,2024-08-02,9,17,No
4794_1,4794,2024-08-03,7,103,No
4794_2,4794,2024-08-04,3,89,No
4795_0,4795,2024-08-18,2,16,No
4795_1,4795,2024-08-19,5,32,Yes
4795_2,4795,2024-08-20,2,95,No
4795_3,4795,2024-08-21,9,108,No
4795_4,4795,2024-08-22,3,48,No
4796_0,4796,2024-01-05,15,51,No
4796_1,4796,2024-01-06,4,116,No
4797_0,4797,2024-07-23,7,27,No
4797_1,4797,2024-07-24,7,60,Yes
4797_2,4797,2024-07-25,15,100,No
4797_3,4797,2024-07-26,4,4,Yes
4798_0,4798,2024-01-31,11,20,No
4798_1,4798,2024-02-01,15,1,No
4798_2,4798,2024-02-02,14,101,No
4798_3,4798,2024-02-03,9,61,No
4798_4,4798,2024-02-04,2,8,Yes
4799_0,4799,2024-11-20,7,103,Yes
4800_0,4800,2024-12-14,5,8,No
4800_1,4800,2024-12-15,13,112,No
4800_2,4800,2024-12-16,5,26,No
4801_0,4801,2024-11-06,13,104,No
4802_0,4802,2024-03-24,4,12,No
4802_1,4802,2024-03-25,7,7,No
4802_2,4802,2024-03-26,12,103,No
4802_3,4802,2024-03-27,14,25,No
4802_4,4802,2024-03-28,6,89,Yes
4803_0,4803,2024-09-12,4,78,Yes
4803_1,4803,2024-09-13,8,63,No
4804_0,4804,2024-06-09,9,41,No
4804_1,4804,2024-06-10,11,30,Yes
4804_2,4804,2024-06-11,6,47,Yes
4805_0,4805,2024-03-09,9,106,No
4805_1,4805,2024-03-10,11,47,No
4805_2,4805,2024-03-11,3,8,No
4806_0,4806,2024-02-15,6,107,No
4806_1,4806,2024-02-16,3,106,No
4806_2,4806,2024-02-17,2,86,No
4806_3,4806,2024-02-18,7,38,Yes
4806_4,4806,2024-02-19,14,102,Yes
4807_0,4807,2024-03-02,5,82,No
4808_0,4808,2024-07-09,4,96,No
4808_1,4808,2024-07-10,12,63,No
4808_2,4808,2024-07-11,13,106,No
4808_3,4808,2024-07-12,14,65,Yes
4808_4,4808,2024-07-13,6,112,Yes
4809_0,4809,2024-05-30,9,27,Yes
4809_1,4809,2024-05-31,5,48,No
4809_2,4809,2024-06-01,4,92,No
4809_3,4809,2024-06-02,8,13,No
4810_0,4810,2024-05-10,14,96,Yes
4810_1,4810,2024-05-11,14,21,No
4810_2,4810,2024-05-12,8,41,Yes
4811_0,4811,2024-01-22,7,73,No
4811_1,4811,2024-01-23,14,111,No
4811_2,4811,2024-01-24,6,47,No
4811_3,4811,2024-01-25,4,74,No
4811_4,4811,2024-01-26,15,81,No
4812_0,4812,2024-12-15,5,39,Yes
4812_1,4812,2024-12-16,2,31,No
4813_0,4813,2024-03-13,1,110,No
4814_0,4814,2024-07-06,5,26,Yes
4815_0,4815,2024-11-29,12,79,No
4815_1,4815,2024-11-30,12,16,No
4815_2,4815,2024-12-01,10,2,No
4815_3,4815,2024-12-02,12,41,No
4816_0,4816,2024-05-19,10,113,No
4816_1,4816,2024-05-20,11,37,No
4816_2,4816,2024-05-21,4,97,No
4817_0,4817,2024-10-30,5,42,No
4817_1,4817,2024-10-31,1,84,No
4817_2,4817,2024-11-01,6,105,Yes
4817_3,4817,2024-11-02,3,54,No
4818_0,4818,2024-07-27,9,84,Yes
4818_1,4818,2024-07-28,11,59,No
4818_2,4818,2024-07-29,13,57,No
4818_3,4818,2024-07-30,10,14,No
4819_0,4819,2024-05-14,8,97,Yes
4819_1,4819,2024-05-15,8,78,No
4819_2,4819,2024-05-16,5,58,Yes
4819_3,4819,2024-05-17,12,96,No
4819_4,4819,2024-05-18,11,57,No
4820_0,4820,2024-04-18,10,17,Yes
4820_1,4820,2024-04-19,8,13,No
4820_2,4820,2024-04-20,4,14,No
4821_0,4821,2024-10-19,12,91,No
4821_1,4821,2024-10-20,9,69,Yes
4821_2,4821,2024-10-21,2,30,Yes
4821_3,4821,2024-10-22,12,65,Yes
4822_0,4822,2024-03-15,13,36,No
4823_0,4823,2024-12-19,14,63,No
4823_1,4823,2024-12-20,9,40,No
4823_2,4823,2024-12-21,7,111,No
4823_3,4823,2024-12-22,13,75,Yes
4824_0,4824,2024-04-26,1,119,No
4824_1,4824,2024-04-27,8,55,No
4824_2,4824,2024-04-28,3,24,Yes
4824_3,4824,2024-04-29,6,94,No
4824_4,4824,2024-04-30,8,32,No
4825_0,4825,2024-11-11,9,95,No
4826_0,4826,2024-04-18,6,11,Yes
4826_1,4826,2024-04-19,7,115,No
4827_0,4827,2024-08-21,2,7,Yes
4827_1,4827,2024-08-22,9,77,No
4827_2,4827,2024-08-23,9,27,Yes
4827_3,4827,2024-08-24,9,20,Yes
4827_4,4827,2024-08-25,11,25,No
4828_0,4828,2024-04-07,3,104,Yes
4828_1,4828,2024-04-08,6,65,Yes
4828_2,4828,2024-04-09,2,57,No
4828_3,4828,2024-04-10,12,78,Yes
4828_4,4828,2024-04-11,13,77,No
4829_0,4829,2024-11-21,1,8,No
4830_0,4830,2024-12-27,2,1,No
4831_0,4831,2024-07-29,13,22,No
4831_1,4831,2024-07-30,5,6,No
4832_0,4832,2024-05-22,15,28,No
4832_1,4832,2024-05-23,11,70,No
4832_2,4832,2024-05-24,2,9,Yes
4833_0,4833,2024-11-29,13,9,No
4833_1,4833,2024-11-30,1,42,Yes
4833_2,4833,2024-12-01,2,66,No
4834_0,4834,2024-11-02,2,2,Yes
4834_1,4834,2024-11-03,15,45,No
4834_2,4834,2024-11-04,8,54,No
4834_3,4834,2024-11-05,1,112,No
4834_4,4834,2024-11-06,15,44,No
4835_0,4835,2024-05-29,14,32,No
4835_1,4835,2024-05-30,1,78,Yes
4835_2,4835,2024-05-31,3,108,Yes
4835_3,4835,2024-06-01,4,63,No
4836_0,4836,2024-08-25,3,36,No
4837_0,4837,2024-02-25,11,44,Yes
4837_1,4837,2024-02-26,9,41,No
4837_2,4837,2024-02-27,4,17,Yes
4837_3,4837,2024-02-28,10,46,No
4837_4,4837,2024-02-29,2,7,Yes
4838_0,4838,2024-09-09,1,90,No
4838_1,4838,2024-09-10,9,119,Yes
4838_2,4838,2024-09-11,11,8,No
4838_3,4838,2024-09-12,7,81,No
4838_4,4838,2024-09-13,14,4,Yes
4839_0,4839,2024-03-17,15,54,No
4839_1,4839,2024-03-18,1,67,No
4839_2,4839,2024-03-19,1,12,Yes
4839_3,4839,2024-03-20,14,38,Yes
4840_0,4840,2024-05-14,7,25,Yes
4840_1,4840,2024-05-15,12,118,Yes
4840_2,4840,2024-05-16,6,48,No
4840_3,4840,2024-05-17,14,20,No
4840_4,4840,2024-05-18,2,54,No
4841_0,4841,2024-01-11,10,37,No
4841_1,4841,2024-01-12,11,56,Yes
4841_2,4841,2024-01-13,9,73,No
4842_0,4842,2024-12-02,13,4,Yes
4842_1,4842,2024-12-03,9,87,Yes
4842_2,4842,2024-12-04,15,56,No
4843_0,4843,2024-02-19,8,12,Yes
4843_1,4843,2024-02-20,13,120,Yes
4843_2,4843,2024-02-21,6,81,Yes
4843_3,4843,2024-02-22,2,4,No
4843_4,4843,2024-02-23,12,74,No
4844_0,4844,2024-10-06,2,8,No
4844_1,4844,2024-10-07,11,5,No
4844_2,4844,2024-10-08,4,88,No
4844_3,4844,2024-10-09,3,93,No
4845_0,4845,2024-03-25,1,60,No
4845_1,4845,2024-03-26,5,32,No
4846_0,4846,2024-07-06,3,110,Yes
4847_0,4847,2024-02-06,7,115,No
4847_1,4847,2024-02-07,15,77,No
4847_2,4847,2024-02-08,3,87,Yes
4848_0,4848,2024-01-30,2,55,Yes
4848_1,4848,2024-01-31,5,103,No
4849_0,4849,2024-10-24,12,51,Yes
4849_1,4849,2024-10-25,13,2,Yes
4849_2,4849,2024-10-26,11,89,Yes
4850_0,4850,2024-09-17,10,24,No
4850_1,4850,2024-09-18,7,88,Yes
4850_2,4850,2024-09-19,14,1,No
4851_0,4851,2024-12-08,4,61,No
4851_1,4851,2024-12-09,8,54,Yes
4852_0,4852,2024-07-21,13,57,No
4852_1,4852,2024-07-22,11,104,Yes
4852_2,4852,2024-07-23,6,119,No
4852_3,4852,2024-07-24,4,3,No
4853_0,4853,2024-01-14,12,39,Yes
4853_1,4853,2024-01-15,1,25,No
4853_2,4853,2024-01-16,13,21,No
4853_3,4853,2024-01-17,5,107,Yes
4854_0,4854,2024-11-30,5,118,No
4854_1,4854,2024-12-01,7,44,No
4854_2,4854,2024-12-02,12,83,Yes
4855_0,4855,2024-08-16,4,107,Yes
4855_1,4855,2024-08-17,2,43,No
4855_2,4855,2024-08-18,3,55,Yes
4855_3,4855,2024-08-19,10,65,No
4855_4,4855,2024-08-20,6,9,Yes
4856_0,4856,2024-05-30,10,22,No
4857_0,4857,2024-08-09,1,63,Yes
4857_1,4857,2024-08-10,9,44,No
4857_2,4857,2024-08-11,9,54,No
4857_3,4857,2024-08-12,7,40,No
4858_0,4858,2024-03-18,10,17,Yes
4858_1,4858,2024-03-19,11,20,Yes
4859_0,4859,2024-01-16,13,2,No
4859_1,4859,2024-01-17,6,116,No
4859_2,4859,2024-01-18,3,114,No
4859_3,4859,2024-01-19,8,112,Yes
4859_4,4859,2024-01-20,10,49,No
4860_0,4860,2024-01-26,6,115,Yes
4861_0,4861,2024-01-27,9,66,No
4861_1,4861,2024-01-28,7,112,No
4861_2,4861,2024-01-29,3,72,Yes
4862_0,4862,2024-12-30,4,105,Yes
4862_1,4862,2024-12-31,2,4,Yes
4862_2,4862,2025-01-01,5,81,No
4862_3,4862,2025-01-02,8,35,No
4863_0,4863,2024-01-28,2,21,Yes
4863_1,4863,2024-01-29,12,61,No
4864_0,4864,2024-11-23,10,1,No
4864_1,4864,2024-11-24,4,82,Yes
4864_2,4864,2024-11-25,6,43,No
4864_3,4864,2024-11-26,12,45,No
4865_0,4865,2024-10-28,14,111,No
4865_1,4865,2024-10-29,8,57,No
4865_2,4865,2024-10-30,4,26,No
4865_3,4865,2024-10-31,9,78,No
4866_0,4866,2024-12-27,2,35,No
4866_1,4866,2024-12-28,12,75,No
4867_0,4867,2024-06-02,14,29,No
4867_1,4867,2024-06-03,10,73,No
4868_0,4868,2024-11-07,11,20,No
4868_1,4868,2024-11-08,9,48,No
4869_0,4869,2024-05-05,10,108,No
4869_1,4869,2024-05-06,2,67,Yes
4869_2,4869,2024-05-07,10,108,No
4869_3,4869,2024-05-08,11,71,No
4869_4,4869,2024-05-09,15,37,No
4870_0,4870,2024-11-04,15,72,No
4870_1,4870,2024-11-05,2,59,No
4870_2,4870,2024-11-06,4,120,No
4870_3,4870,2024-11-07,6,95,No
4871_0,4871,2024-03-06,12,115,No
4871_1,4871,2024-03-07,7,34,Yes
4872_0,4872,2024-05-08,9,84,Yes
4872_1,4872,2024-05-09,5,33,No
4872_2,4872,2024-05-10,3,113,No
4872_3,4872,2024-05-11,11,75,Yes
4873_0,4873,2024-11-05,5,65,Yes
4873_1,4873,2024-11-06,2,5,No
4873_2,4873,2024-11-07,1,46,Yes
4874_0,4874,2024-04-14,10,117,No
4874_1,4874,2024-04-15,12,97,No
4874_2,4874,2024-04-16,11,45,No
4874_3,4874,2024-04-17,10,83,Yes
4874_4,4874,2024-04-18,8,13,No
4875_0,4875,2024-07-31,5,76,Yes
4875_1,4875,2024-08-01,3,54,No
4875_2,4875,2024-08-02,3,35,No
4876_0,4876,2024-03-05,2,94,No
4876_1,4876,2024-03-06,15,89,Yes
4877_0,4877,2024-01-08,5,36,No
4877_1,4877,2024-01-09,12,28,No
4877_2,4877,2024-01-10,10,62,No
4877_3,4877,2024-01-11,13,41,No
4877_4,4877,2024-01-12,10,81,No
4878_0,4878,2024-06-15,8,114,No
4878_1,4878,2024-06-16,5,18,No
4878_2,4878,2024-06-17,14,27,No
4879_0,4879,2024-01-25,13,82,No
4879_1,4879,2024-01-26,9,100,No
4879_2,4879,2024-01-27,13,23,Yes
4879_3,4879,2024-01-28,7,17,No
4879_4,4879,2024-01-29,12,31,No
4880_0,4880,2024-02-26,11,27,No
4880_1,4880,2024-02-27,10,102,Yes
4880_2,4880,2024-02-28,6,55,No
4880_3,4880,2024-02-29,3,72,Yes
4880_4,4880,2024-03-01,3,103,Yes
4881_0,4881,2024-10-07,10,95,No
4881_1,4881,2024-10-08,12,77,No
4881_2,4881,2024-10-09,12,83,No
4881_3,4881,2024-10-10,14,19,No
4882_0,4882,2024-07-08,10,69,Yes
4882_1,4882,2024-07-09,13,119,No
4882_2,4882,2024-07-10,5,53,No
4882_3,4882,2024-07-11,8,37,No
4883_0,4883,2024-02-07,5,18,Yes
4883_1,4883,2024-02-08,9,51,No
4884_0,4884,2024-02-25,10,9,Yes
4885_0,4885,2024-10-22,2,67,No
4886_0,4886,2024-05-13,5,102,No
4886_1,4886,2024-05-14,9,23,No
4886_2,4886,2024-05-15,14,115,No
4886_3,4886,2024-05-16,14,15,No
4887_0,4887,2024-05-29,8,92,Yes
4887_1,4887,2024-05-30,10,114,No
4888_0,4888,2024-04-10,12,15,No
4888_1,4888,2024-04-11,4,36,Yes
4888_2,4888,2024-04-12,1,66,No
4888_3,4888,2024-04-13,9,107,Yes
4888_4,4888,2024-04-14,1,94,No
4889_0,4889,2024-07-30,10,35,No
4889_1,4889,2024-07-31,14,101,Yes
4889_2,4889,2024-08-01,2,20,Yes
4890_0,4890,2024-01-10,10,2,Yes
4890_1,4890,2024-01-11,10,15,No
4890_2,4890,2024-01-12,15,11,No
4890_3,4890,2024-01-13,10,103,No
4891_0,4891,2024-06-10,2,61,No
4891_1,4891,2024-06-11,8,40,Yes
4891_2,4891,2024-06-12,6,33,Yes
4891_3,4891,2024-06-13,3,111,No
4892_0,4892,2024-05-28,9,74,No
4892_1,4892,2024-05-29,11,113,No
4892_2,4892,2024-05-30,4,58,No
4893_0,4893,2024-11-08,4,107,Yes
4893_1,4893,2024-11-09,6,47,Yes
4893_2,4893,2024-11-10,1,116,No
4893_3,4893,2024-11-11,10,53,Yes
4894_0,4894,2024-03-15,1,66,No
4894_1,4894,2024-03-16,14,95,No
4895_0,4895,2024-09-15,3,97,No
4895_1,4895,2024-09-16,7,6,Yes
4896_0,4896,2024-01-12,4,19,No
4896_1,4896,2024-01-13,14,61,No
4896_2,4896,2024-01-14,5,47,No
4897_0,4897,2024-07-24,8,44,No
4897_1,4897,2024-07-25,13,29,No
4898_0,4898,2024-10-19,10,110,No
4898_1,4898,2024-10-20,6,111,Yes
4898_2,4898,2024-10-21,4,38,No
4899_0,4899,2024-05-19,15,24,No
4900_0,4900,2024-04-26,8,71,No
4900_1,4900,2024-04-27,3,72,No
4900_2,4900,2024-04-28,14,75,No
4900_3,4900,2024-04-29,14,81,Yes
4900_4,4900,2024-04-30,13,70,No
4901_0,4901,2024-02-28,9,92,No
4902_0,4902,2024-10-01,2,56,No
4902_1,4902,2024-10-02,13,26,Yes
4902_2,4902,2024-10-03,2,39,No
4902_3,4902,2024-10-04,14,5,No
4903_0,4903,2024-04-24,10,2,No
4904_0,4904,2024-06-27,9,99,No
4905_0,4905,2024-02-14,2,101,Yes
4905_1,4905,2024-02-15,1,112,Yes
4905_2,4905,2024-02-16,6,109,No
4906_0,4906,2024-10-08,9,107,Yes
4906_1,4906,2024-10-09,6,10,Yes
4906_2,4906,2024-10-10,13,118,No
4906_3,4906,2024-10-11,6,27,No
4907_0,4907,2024-11-24,10,115,No
4907_1,4907,2024-11-25,13,59,No
4907_2,4907,2024-11-26,3,38,No
4907_3,4907,2024-11-27,6,63,Yes
4907_4,4907,2024-11-28,11,36,No
4908_0,4908,2024-05-29,11,93,No
4908_1,4908,2024-05-30,8,75,No
4908_2,4908,2024-05-31,12,80,Yes
4908_3,4908,2024-06-01,9,31,Yes
4908_4,4908,2024-06-02,15,94,No
4909_0,4909,2024-08-23,1,13,No
4909_1,4909,2024-08-24,13,110,Yes
4909_2,4909,2024-08-25,7,89,No
4909_3,4909,2024-08-26,6,9,Yes
4909_4,4909,2024-08-27,8,92,No
4910_0,4910,2024-05-18,8,52,No
4910_1,4910,2024-05-19,8,30,No
4910_2,4910,2024-05-20,7,117,Yes
4911_0,4911,2024-01-06,13,35,No
4912_0,4912,2024-06-13,7,8,No
4912_1,4912,2024-06-14,3,44,No
4912_2,4912,2024-06-15,10,61,No
4912_3,4912,2024-06-16,1,117,No
4913_0,4913,2024-07-06,8,92,Yes
4913_1,4913,2024-07-07,15,78,Yes
4913_2,4913,2024-07-08,6,83,No
4913_3,4913,2024-07-09,3,55,No
4913_4,4913,2024-07-10,15,14,No
4914_0,4914,2024-11-25,5,80,Yes
4915_0,4915,2024-12-11,6,104,No
4915_1,4915,2024-12-12,13,89,Yes
4915_2,4915,2024-12-13,5,1,No
4915_3,4915,2024-12-14,6,29,No
4916_0,4916,2024-02-18,12,2,No
4916_1,4916,2024-02-19,8,81,No
4916_2,4916,2024-02-20,6,84,Yes
4916_3,4916,2024-02-21,11,92,No
4916_4,4916,2024-02-22,3,73,No
4917_0,4917,2024-09-06,3,118,No
4917_1,4917,2024-09-07,7,102,No
4917_2,4917,2024-09-08,1,56,Yes
4917_3,4917,2024-09-09,12,60,No
4918_0,4918,2024-02-18,13,117,Yes
4918_1,4918,2024-02-19,13,60,No
4918_2,4918,2024-02-20,5,30,No
4918_3,4918,2024-02-21,7,25,No
4918_4,4918,2024-02-22,3,114,No
4919_0,4919,2024-09-26,7,2,No
4920_0,4920,2024-03-09,6,44,No
4920_1,4920,2024-03-10,14,73,No
4920_2,4920,2024-03-11,3,26,No
4921_0,4921,2024-08-02,15,14,No
4921_1,4921,2024-08-03,10,63,No
4921_2,4921,2024-08-04,3,95,No
4922_0,4922,2024-06-02,2,62,No
4922_1,4922,2024-06-03,13,120,Yes
4923_0,4923,2024-10-23,3,64,No
4923_1,4923,2024-10-24,1,43,No
4923_2,4923,2024-10-25,4,69,No
4923_3,4923,2024-10-26,13,55,Yes
4923_4,4923,2024-10-27,12,59,No
4924_0,4924,2024-11-10,1,120,No
4924_1,4924,2024-11-11,7,88,No
4924_2,4924,2024-11-12,14,5,Yes
4924_3,4924,2024-11-13,12,32,No
4925_0,4925,2024-09-11,14,119,Yes
4925_1,4925,2024-09-12,10,17,No
4925_2,4925,2024-09-13,1,108,Yes
4926_0,4926,2024-09-25,1,105,No
4927_0,4927,2024-07-17,13,116,No
4927_1,4927,2024-07-18,1,113,Yes
4927_2,4927,2024-07-19,11,70,No
4928_0,4928,2024-11-21,9,58,Yes
4929_0,4929,2024-09-07,12,100,Yes
4929_1,4929,2024-09-08,5,91,Yes
4929_2,4929,2024-09-09,7,61,No
4929_3,4929,2024-09-10,13,58,No
4929_4,4929,2024-09-11,9,76,No
4930_0,4930,2024-04-27,5,80,No
4931_0,4931,2024-03-10,5,37,No
4931_1,4931,2024-03-11,12,50,No
4931_2,4931,2024-03-12,12,17,No
4931_3,4931,2024-03-13,13,13,Yes
4931_4,4931,2024-03-14,6,70,No
4932_0,4932,2024-10-28,12,77,No
4932_1,4932,2024-10-29,4,26,No
4932_2,4932,2024-10-30,6,109,No
4932_3,4932,2024-10-31,9,28,No
4932_4,4932,2024-11-01,5,82,No
4933_0,4933,2024-09-27,4,109,No
4934_0,4934,2024-02-05,7,112,Yes
4934_1,4934,2024-02-06,8,36,No
4934_2,4934,2024-02-07,6,24,No
4934_3,4934,2024-02-08,14,101,No
4934_4,4934,2024-02-09,7,6,Yes
4935_0,4935,2024-09-01,9,58,No
4936_0,4936,2024-03-20,14,39,No
4936_1,4936,2024-03-21,4,58,No
4936_2,4936,2024-03-22,4,20,No
4937_0,4937,2024-09-13,12,97,No
4937_1,4937,2024-09-14,2,111,No
4937_2,4937,2024-09-15,9,60,No
4937_3,4937,2024-09-16,7,78,Yes
4938_0,4938,2024-08-17,8,56,Yes
4939_0,4939,2024-07-15,4,9,Yes
4939_1,4939,2024-07-16,14,8,No
4939_2,4939,2024-07-17,6,113,Yes
4939_3,4939,2024-07-18,5,107,No
4939_4,4939,2024-07-19,5,11,No
4940_0,4940,2024-12-31,3,46,Yes
4940_1,4940,2025-01-01,8,37,Yes
4940_2,4940,2025-01-02,12,62,No
4940_3,4940,2025-01-03,11,47,Yes
4941_0,4941,2024-05-13,2,31,No
4942_0,4942,2024-09-08,15,20,Yes
4942_1,4942,2024-09-09,11,40,Yes
4943_0,4943,2024-08-22,13,101,No
4943_1,4943,2024-08-23,1,105,No
4943_2,4943,2024-08-24,7,109,No
4943_3,4943,2024-08-25,8,90,No
4943_4,4943,2024-08-26,1,16,No
4944_0,4944,2024-04-02,7,102,No
4944_1,4944,2024-04-03,5,1,Yes
4944_2,4944,2024-04-04,12,68,No
4944_3,4944,2024-04-05,4,97,Yes
4944_4,4944,2024-04-06,8,42,No
4945_0,4945,2024-01-13,14,57,No
4945_1,4945,2024-01-14,12,41,No
4945_2,4945,2024-01-15,10,11,Yes
4946_0,4946,2024-11-22,1,41,No
4946_1,4946,2024-11-23,15,14,No
4946_2,4946,2024-11-24,12,56,No
4947_0,4947,2024-06-25,10,4,No
4947_1,4947,2024-06-26,7,11,No
4947_2,4947,2024-06-27,12,28,No
4947_3,4947,2024-06-28,8,17,No
4948_0,4948,2024-04-03,14,89,Yes
4948_1,4948,2024-04-04,3,31,No
4949_0,4949,2024-01-20,5,31,No
4949_1,4949,2024-01-21,4,40,No
4949_2,4949,2024-01-22,8,19,No
4950_0,4950,2024-08-06,10,89,No
4950_1,4950,2024-08-07,9,66,Yes
4951_0,4951,2024-04-24,4,72,No
4951_1,4951,2024-04-25,8,51,No
4951_2,4951,2024-04-26,12,114,No
4952_0,4952,2024-12-28,1,34,No
4953_0,4953,2024-11-03,1,99,No
4953_1,4953,2024-11-04,7,112,No
4953_2,4953,2024-11-05,13,42,No
4953_3,4953,2024-11-06,5,69,No
4953_4,4953,2024-11-07,12,93,No
4954_0,4954,2024-12-14,5,75,Yes
4954_1,4954,2024-12-15,11,109,No
4954_2,4954,2024-12-16,12,26,No
4955_0,4955,2024-03-02,1,41,Yes
4956_0,4956,2024-09-10,7,7,Yes
4956_1,4956,2024-09-11,2,90,No
4956_2,4956,2024-09-12,9,19,No
4956_3,4956,2024-09-13,14,10,No
4957_0,4957,2024-07-13,9,86,Yes
4957_1,4957,2024-07-14,5,93,Yes
4957_2,4957,2024-07-15,10,55,No
4958_0,4958,2024-04-11,2,54,Yes
4959_0,4959,2024-11-24,5,86,No
4959_1,4959,2024-11-25,9,20,No
4959_2,4959,2024-11-26,6,50,No
4959_3,4959,2024-11-27,5,75,No
4959_4,4959,2024-11-28,3,18,Yes
4960_0,4960,2024-01-10,2,25,No
4960_1,4960,2024-01-11,5,77,Yes
4960_2,4960,2024-01-12,9,12,No
4961_0,4961,2024-06-21,9,13,No
4961_1,4961,2024-06-22,15,27,No
4961_2,4961,2024-06-23,4,74,No
4961_3,4961,2024-06-24,14,14,No
4961_4,4961,2024-06-25,2,20,Yes
4962_0,4962,2024-02-21,11,63,Yes
4962_1,4962,2024-02-22,9,1,No
4962_2,4962,2024-02-23,2,13,No
4963_0,4963,2024-06-11,4,85,Yes
4963_1,4963,2024-06-12,5,17,Yes
4963_2,4963,2024-06-13,7,49,No
4963_3,4963,2024-06-14,3,108,Yes
4964_0,4964,2024-11-21,1,97,No
4964_1,4964,2024-11-22,15,82,No
4964_2,4964,2024-11-23,15,104,No
4964_3,4964,2024-11-24,2,27,Yes
4965_0,4965,2024-10-20,4,97,No
4966_0,4966,2024-04-22,15,92,Yes
4966_1,4966,2024-04-23,8,81,Yes
4966_2,4966,2024-04-24,8,63,No
4966_3,4966,2024-04-25,12,82,Yes
4967_0,4967,2024-08-14,12,2,No
4967_1,4967,2024-08-15,10,99,No
4967_2,4967,2024-08-16,9,90,Yes
4967_3,4967,2024-08-17,7,56,No
4967_4,4967,2024-08-18,11,36,No
4968_0,4968,2024-05-31,10,102,No
4968_1,4968,2024-06-01,4,104,No
4969_0,4969,2024-06-28,8,116,Yes
4969_1,4969,2024-06-29,1,113,No
4969_2,4969,2024-06-30,3,107,No
4970_0,4970,2024-10-17,12,106,Yes
4970_1,4970,2024-10-18,8,93,No
4970_2,4970,2024-10-19,3,16,No
4971_0,4971,2024-08-23,9,22,No
4971_1,4971,2024-08-24,4,109,No
4971_2,4971,2024-08-25,5,73,No
4971_3,4971,2024-08-26,13,61,No
4972_0,4972,2024-04-15,8,10,No
4972_1,4972,2024-04-16,2,45,No
4972_2,4972,2024-04-17,11,17,No
4972_3,4972,2024-04-18,5,97,No
4972_4,4972,2024-04-19,14,68,No
4973_0,4973,2024-04-07,1,80,No
4973_1,4973,2024-04-08,15,91,No
4974_0,4974,2024-08-28,10,30,No
4974_1,4974,2024-08-29,5,10,No
4974_2,4974,2024-08-30,13,17,No
4974_3,4974,2024-08-31,3,20,No
4974_4,4974,2024-09-01,8,26,Yes
4975_0,4975,2024-02-19,9,24,No
4975_1,4975,2024-02-20,4,17,No
4976_0,4976,2024-10-22,7,113,Yes
4976_1,4976,2024-10-23,1,44,No
4976_2,4976,2024-10-24,14,3,Yes
4976_3,4976,2024-10-25,2,114,No
4977_0,4977,2024-02-27,3,64,Yes
4978_0,4978,2024-09-14,10,42,No
4978_1,4978,2024-09-15,14,92,No
4978_2,4978,2024-09-16,10,64,No
4979_0,4979,2024-06-16,11,43,Yes
4979_1,4979,2024-06-17,1,22,Yes
4979_2,4979,2024-06-18,13,112,No
4979_3,4979,2024-06-19,9,84,No
4979_4,4979,2024-06-20,3,86,No
4980_0,4980,2024-01-30,6,46,No
4981_0,4981,2024-08-13,4,116,No
4981_1,4981,2024-08-14,3,55,No
4981_2,4981,2024-08-15,9,12,No
4981_3,4981,2024-08-16,6,22,No
4981_4,4981,2024-08-17,12,26,No
4982_0,4982,2024-01-15,12,95,No
4982_1,4982,2024-01-16,3,84,No
4983_0,4983,2024-07-22,3,93,No
4983_1,4983,2024-07-23,9,71,Yes
4983_2,4983,2024-07-24,9,85,No
4983_3,4983,2024-07-25,5,98,Yes
4984_0,4984,2024-05-14,14,43,No
4984_1,4984,2024-05-15,12,39,No
4985_0,4985,2024-04-30,5,3,Yes
4985_1,4985,2024-05-01,10,111,No
4986_0,4986,2024-03-11,12,39,Yes
4986_1,4986,2024-03-12,4,81,Yes
4986_2,4986,2024-03-13,13,82,No
4986_3,4986,2024-03-14,8,32,Yes
4987_0,4987,2024-03-02,6,56,No
4987_1,4987,2024-03-03,2,93,Yes
4987_2,4987,2024-03-04,11,24,Yes
4988_0,4988,2024-09-26,5,88,Yes
4988_1,4988,2024-09-27,12,94,No
4988_2,4988,2024-09-28,1,31,Yes
4989_0,4989,2024-06-26,10,81,Yes
4989_1,4989,2024-06-27,6,37,Yes
4989_2,4989,2024-06-28,12,70,Yes
4989_3,4989,2024-06-29,2,12,No
4990_0,4990,2024-06-24,3,78,No
4990_1,4990,2024-06-25,2,83,No
4991_0,4991,2024-07-20,6,11,No
4991_1,4991,2024-07-21,5,31,No
4991_2,4991,2024-07-22,1,30,No
4991_3,4991,2024-07-23,7,77,Yes
4992_0,4992,2024-04-18,8,63,Yes
4992_1,4992,2024-04-19,3,3,No
4992_2,4992,2024-04-20,12,26,No
4992_3,4992,2024-04-21,11,108,No
4993_0,4993,2024-10-24,1,61,No
4994_0,4994,2024-10-10,14,76,No
4994_1,4994,2024-10-11,7,57,Yes
4995_0,4995,2024-10-11,3,24,Yes
4995_1,4995,2024-10-12,13,96,Yes
4995_2,4995,2024-10-13,12,8,No
4996_0,4996,2024-11-17,5,5,No
4996_1,4996,2024-11-18,6,6,No
4996_2,4996,2024-11-19,2,43,No
4997_0,4997,2024-08-20,6,76,Yes
4998_0,4998,2024-03-05,9,28,No
4998_1,4998,2024-03-06,12,11,Yes
4999_0,4999,2024-08-07,3,73,Yes
4999_1,4999,2024-08-08,11,7,No
4999_2,4999,2024-08-09,14,52,Yes
4999_3,4999,2024-08-10,9,26,No
4999_4,4999,2024-08-11,11,61,No
5000_0,5000,2024-12-05,3,84,No
5000_1,5000,2024-12-06,6,43,No
5000_2,5000,2024-12-07,15,7,No
5001_0,5001,2024-03-06,12,14,No
5001_1,5001,2024-03-07,15,20,No
5002_0,5002,2024-06-14,13,59,No
5002_1,5002,2024-06-15,7,112,Yes
5002_2,5002,2024-06-16,5,53,No
5003_0,5003,2024-01-07,5,34,No
5003_1,5003,2024-01-08,5,20,Yes
5003_2,5003,2024-01-09,12,103,Yes
5003_3,5003,2024-01-10,12,24,Yes
5004_0,5004,2024-11-17,1,24,Yes
5005_0,5005,2024-08-28,14,115,No
5005_1,5005,2024-08-29,11,110,Yes
5005_2,5005,2024-08-30,1,98,No
5005_3,5005,2024-08-31,4,19,No
5006_0,5006,2024-06-13,11,44,No
5007_0,5007,2024-01-05,10,92,Yes
5008_0,5008,2024-08-01,12,21,Yes
5008_1,5008,2024-08-02,3,23,Yes
5008_2,5008,2024-08-03,8,80,Yes
5009_0,5009,2024-07-18,6,111,No
5009_1,5009,2024-07-19,11,108,No
5009_2,5009,2024-07-20,3,105,No
5010_0,5010,2024-04-16,3,58,No
5010_1,5010,2024-04-17,8,28,No
5010_2,5010,2024-04-18,2,92,Yes
5010_3,5010,2024-04-19,13,105,Yes
5010_4,5010,2024-04-20,9,108,No
5011_0,5011,2024-05-07,4,100,Yes
5011_1,5011,2024-05-08,11,95,Yes
5011_2,5011,2024-05-09,3,27,Yes
5011_3,5011,2024-05-10,3,77,Yes
5012_0,5012,2024-12-13,15,90,Yes
5012_1,5012,2024-12-14,5,98,Yes
5012_2,5012,2024-12-15,9,84,No
5012_3,5012,2024-12-16,12,13,No
5013_0,5013,2024-02-11,13,76,Yes
5013_1,5013,2024-02-12,8,56,No
5014_0,5014,2024-05-04,14,103,No
5014_1,5014,2024-05-05,11,39,No
5015_0,5015,2024-09-11,10,100,No
5015_1,5015,2024-09-12,2,25,Yes
5015_2,5015,2024-09-13,5,116,No
5015_3,5015,2024-09-14,2,110,No
5015_4,5015,2024-09-15,8,10,Yes
5016_0,5016,2024-08-05,10,38,No
5016_1,5016,2024-08-06,6,29,No
5016_2,5016,2024-08-07,2,113,Yes
5017_0,5017,2024-11-03,4,90,Yes
5017_1,5017,2024-11-04,9,23,No
5018_0,5018,2024-05-09,15,37,No
5018_1,5018,2024-05-10,2,14,No
5019_0,5019,2024-11-23,4,61,No
5020_0,5020,2024-09-17,12,101,Yes
5021_0,5021,2024-05-27,11,104,No
5021_1,5021,2024-05-28,4,38,No
5021_2,5021,2024-05-29,12,54,No
5021_3,5021,2024-05-30,13,57,No
5021_4,5021,2024-05-31,11,100,Yes
5022_0,5022,2024-01-09,5,79,Yes
5022_1,5022,2024-01-10,13,91,Yes
5022_2,5022,2024-01-11,2,102,Yes
5022_3,5022,2024-01-12,14,84,Yes
5022_4,5022,2024-01-13,12,84,No
5023_0,5023,2024-08-08,10,51,No
5023_1,5023,2024-08-09,7,63,Yes
5024_0,5024,2024-08-12,7,28,No
5024_1,5024,2024-08-13,7,79,No
5024_2,5024,2024-08-14,6,93,Yes
5025_0,5025,2024-06-11,7,51,No
5026_0,5026,2024-11-01,14,96,No
5026_1,5026,2024-11-02,10,40,Yes
5027_0,5027,2024-12-12,9,44,No
5027_1,5027,2024-12-13,4,95,No
5027_2,5027,2024-12-14,15,49,Yes
5027_3,5027,2024-12-15,1,23,No
5027_4,5027,2024-12-16,6,14,No
5028_0,5028,2024-10-04,6,75,No
5028_1,5028,2024-10-05,8,114,Yes
5028_2,5028,2024-10-06,13,66,Yes
5029_0,5029,2024-03-24,6,82,No
5029_1,5029,2024-03-25,13,2,No
5029_2,5029,2024-03-26,8,7,Yes
5029_3,5029,2024-03-27,9,88,No
5029_4,5029,2024-03-28,2,12,Yes
5030_0,5030,2024-07-12,9,76,Yes
5030_1,5030,2024-07-13,7,40,No
5030_2,5030,2024-07-14,13,70,No
5030_3,5030,2024-07-15,2,13,No
5031_0,5031,2024-07-28,7,83,No
5031_1,5031,2024-07-29,5,42,No
5032_0,5032,2024-05-31,5,2,No
5032_1,5032,2024-06-01,14,31,No
5033_0,5033,2024-04-19,7,62,No
5033_1,5033,2024-04-20,12,119,No
5033_2,5033,2024-04-21,11,100,No
5034_0,5034,2024-06-18,9,76,Yes
5035_0,5035,2024-03-17,12,39,No
5035_1,5035,2024-03-18,15,84,No
5035_2,5035,2024-03-19,5,25,Yes
5036_0,5036,2024-01-04,7,56,Yes
5036_1,5036,2024-01-05,4,46,No
5036_2,5036,2024-01-06,1,108,No
5036_3,5036,2024-01-07,9,51,No
5036_4,5036,2024-01-08,15,92,No
5037_0,5037,2024-02-14,15,108,No
5038_0,5038,2024-08-28,4,96,No
5038_1,5038,2024-08-29,10,63,No
5038_2,5038,2024-08-30,7,97,Yes
5038_3,5038,2024-08-31,10,27,No
5039_0,5039,2024-06-27,14,96,Yes
5039_1,5039,2024-06-28,3,79,No
5039_2,5039,2024-06-29,2,40,Yes
5040_0,5040,2024-08-14,2,11,No
5040_1,5040,2024-08-15,6,53,No
5040_2,5040,2024-08-16,2,59,No
5040_3,5040,2024-08-17,6,69,No
5041_0,5041,2024-05-18,3,29,No
5041_1,5041,2024-05-19,15,96,Yes
5041_2,5041,2024-05-20,9,57,Yes
5041_3,5041,2024-05-21,3,84,Yes
5041_4,5041,2024-05-22,15,115,Yes
5042_0,5042,2024-04-17,9,77,Yes
5042_1,5042,2024-04-18,2,67,No
5042_2,5042,2024-04-19,4,5,No
5042_3,5042,2024-04-20,3,117,Yes
5042_4,5042,2024-04-21,8,18,No
5043_0,5043,2024-08-10,8,1,Yes
5043_1,5043,2024-08-11,7,80,No
5043_2,5043,2024-08-12,2,38,No
5043_3,5043,2024-08-13,2,44,No
5043_4,5043,2024-08-14,6,114,Yes
5044_0,5044,2024-05-25,5,46,Yes
5045_0,5045,2024-02-10,5,86,No
5045_1,5045,2024-02-11,14,14,No
5046_0,5046,2024-05-23,1,34,Yes
5046_1,5046,2024-05-24,1,2,Yes
5047_0,5047,2024-06-18,3,91,Yes
5047_1,5047,2024-06-19,5,85,No
5048_0,5048,2024-02-26,2,15,No
5048_1,5048,2024-02-27,7,30,No
5048_2,5048,2024-02-28,6,1,Yes
5048_3,5048,2024-02-29,6,111,Yes
5048_4,5048,2024-03-01,8,98,No
5049_0,5049,2024-02-24,6,98,No
5049_1,5049,2024-02-25,9,67,No
5049_2,5049,2024-02-26,12,52,No
5050_0,5050,2024-06-15,10,105,No
5050_1,5050,2024-06-16,4,81,No
5050_2,5050,2024-06-17,3,112,No
5051_0,5051,2024-02-13,5,16,Yes
5051_1,5051,2024-02-14,7,54,No
5051_2,5051,2024-02-15,9,46,No
5051_3,5051,2024-02-16,13,111,No
5051_4,5051,2024-02-17,13,85,Yes
5052_0,5052,2024-01-29,13,37,No
5052_1,5052,2024-01-30,8,57,No
5053_0,5053,2024-12-24,5,40,No
5053_1,5053,2024-12-25,12,97,No
5053_2,5053,2024-12-26,6,85,No
5054_0,5054,2024-05-08,6,115,No
5054_1,5054,2024-05-09,8,116,No
5055_0,5055,2024-06-22,15,92,Yes
5055_1,5055,2024-06-23,1,27,No
5055_2,5055,2024-06-24,5,116,No
5055_3,5055,2024-06-25,8,14,No
5055_4,5055,2024-06-26,12,74,No
5056_0,5056,2024-11-25,13,109,No
5057_0,5057,2024-05-31,1,71,Yes
5058_0,5058,2024-02-13,5,16,No
5058_1,5058,2024-02-14,3,120,Yes
5059_0,5059,2024-11-26,5,40,No
5059_1,5059,2024-11-27,8,22,Yes
5059_2,5059,2024-11-28,10,71,No
5060_0,5060,2024-07-23,7,92,No
5061_0,5061,2024-04-30,10,86,Yes
5061_1,5061,2024-05-01,15,69,No
5061_2,5061,2024-05-02,10,82,No
5061_3,5061,2024-05-03,7,63,No
5062_0,5062,2024-02-23,3,38,No
5062_1,5062,2024-02-24,6,54,No
5062_2,5062,2024-02-25,3,10,Yes
5063_0,5063,2024-07-09,5,107,No
5063_1,5063,2024-07-10,1,86,No
5064_0,5064,2024-02-26,9,98,No
5064_1,5064,2024-02-27,2,112,Yes
5064_2,5064,2024-02-28,2,101,No
5064_3,5064,2024-02-29,14,66,No
5064_4,5064,2024-03-01,9,25,No
5065_0,5065,2024-09-29,13,110,No
5065_1,5065,2024-09-30,13,84,No
5066_0,5066,2024-01-16,10,110,Yes
5067_0,5067,2024-11-13,1,40,No
5067_1,5067,2024-11-14,8,43,No
5068_0,5068,2024-02-07,4,3,No
5068_1,5068,2024-02-08,6,22,Yes
5069_0,5069,2024-11-25,1,25,No
5069_1,5069,2024-11-26,14,83,Yes
5069_2,5069,2024-11-27,10,22,No
5069_3,5069,2024-11-28,3,27,Yes
5070_0,5070,2024-11-08,10,73,Yes
5070_1,5070,2024-11-09,15,84,Yes
5070_2,5070,2024-11-10,14,67,No
5070_3,5070,2024-11-11,8,79,No
5070_4,5070,2024-11-12,6,34,Yes
5071_0,5071,2024-10-28,7,86,No
5071_1,5071,2024-10-29,7,2,Yes
5071_2,5071,2024-10-30,7,15,No
5071_3,5071,2024-10-31,11,19,No
5071_4,5071,2024-11-01,9,46,No
5072_0,5072,2024-06-09,7,67,No
5072_1,5072,2024-06-10,7,31,No
5073_0,5073,2024-07-28,15,8,No
5073_1,5073,2024-07-29,2,10,Yes
5073_2,5073,2024-07-30,5,29,No
5073_3,5073,2024-07-31,1,71,No
5074_0,5074,2024-03-18,15,4,Yes
5074_1,5074,2024-03-19,14,53,Yes
5075_0,5075,2024-09-15,2,79,Yes
5075_1,5075,2024-09-16,6,97,No
5075_2,5075,2024-09-17,14,53,No
5075_3,5075,2024-09-18,7,73,No
5075_4,5075,2024-09-19,1,12,No
5076_0,5076,2024-05-23,1,39,No
5076_1,5076,2024-05-24,14,43,No
5076_2,5076,2024-05-25,15,73,No
5077_0,5077,2024-01-16,14,91,No
5077_1,5077,2024-01-17,2,78,No
5077_2,5077,2024-01-18,10,13,No
5078_0,5078,2024-03-26,11,82,No
5079_0,5079,2024-02-29,4,34,No
5079_1,5079,2024-03-01,2,39,No
5080_0,5080,2024-10-09,2,79,Yes
5080_1,5080,2024-10-10,9,14,No
5080_2,5080,2024-10-11,2,55,No
5081_0,5081,2024-12-28,4,95,Yes
5081_1,5081,2024-12-29,13,116,No
5082_0,5082,2024-01-08,8,62,Yes
5082_1,5082,2024-01-09,7,48,No
5082_2,5082,2024-01-10,7,85,No
5082_3,5082,2024-01-11,15,34,No
5083_0,5083,2024-02-28,1,70,No
5083_1,5083,2024-02-29,11,5,Yes
5083_2,5083,2024-03-01,11,103,No
5083_3,5083,2024-03-02,1,63,Yes
5084_0,5084,2024-08-25,8,95,Yes
5084_1,5084,2024-08-26,2,26,Yes
5084_2,5084,2024-08-27,12,56,Yes
5085_0,5085,2024-04-27,7,104,No
5085_1,5085,2024-04-28,14,63,No
5086_0,5086,2024-08-04,10,69,No
5086_1,5086,2024-08-05,14,27,No
5086_2,5086,2024-08-06,11,94,No
5086_3,5086,2024-08-07,6,54,No
5086_4,5086,2024-08-08,7,100,Yes
5087_0,5087,2024-05-23,7,57,No
5088_0,5088,2024-08-14,10,45,No
5088_1,5088,2024-08-15,6,67,No
5088_2,5088,2024-08-16,11,109,Yes
5088_3,5088,2024-08-17,4,56,Yes
5088_4,5088,2024-08-18,2,82,No
5089_0,5089,2024-08-30,15,71,No
5089_1,5089,2024-08-31,3,67,No
5089_2,5089,2024-09-01,5,119,Yes
5090_0,5090,2024-07-28,14,48,No
5090_1,5090,2024-07-29,11,50,Yes
5091_0,5091,2024-07-09,13,93,No
5091_1,5091,2024-07-10,15,99,No
5091_2,5091,2024-07-11,8,54,Yes
5091_3,5091,2024-07-12,4,73,No
5092_0,5092,2024-03-10,9,51,No
5092_1,5092,2024-03-11,14,3,Yes
5093_0,5093,2024-04-13,15,108,Yes
5093_1,5093,2024-04-14,7,101,No
5093_2,5093,2024-04-15,1,112,Yes
5094_0,5094,2024-05-22,1,87,Yes
5094_1,5094,2024-05-23,6,63,No
5094_2,5094,2024-05-24,11,119,No
5094_3,5094,2024-05-25,10,16,No
5094_4,5094,2024-05-26,5,14,No
5095_0,5095,2024-05-04,8,41,No
5095_1,5095,2024-05-05,9,79,No
5096_0,5096,2024-08-25,14,24,No
5096_1,5096,2024-08-26,1,115,No
5096_2,5096,2024-08-27,15,98,No
5097_0,5097,2024-04-21,3,120,Yes
5098_0,5098,2024-08-22,13,74,Yes
5098_1,5098,2024-08-23,14,108,No
5098_2,5098,2024-08-24,7,110,No
5099_0,5099,2024-11-07,2,35,No
5099_1,5099,2024-11-08,3,90,Yes
5099_2,5099,2024-11-09,9,31,Yes
5100_0,5100,2024-04-15,12,90,No
5100_1,5100,2024-04-16,13,99,No
5100_2,5100,2024-04-17,7,110,Yes
5100_3,5100,2024-04-18,14,41,No
5101_0,5101,2024-08-09,8,117,No
5101_1,5101,2024-08-10,12,18,No
5101_2,5101,2024-08-11,4,10,No
5101_3,5101,2024-08-12,13,99,Yes
5102_0,5102,2024-06-15,10,64,Yes
5103_0,5103,2024-12-01,11,62,No
5103_1,5103,2024-12-02,3,61,No
5103_2,5103,2024-12-03,11,50,No
5103_3,5103,2024-12-04,6,76,Yes
5103_4,5103,2024-12-05,7,26,No
5104_0,5104,2024-03-31,2,52,No
5105_0,5105,2024-05-05,1,56,Yes
5106_0,5106,2024-10-30,15,51,Yes
5106_1,5106,2024-10-31,2,35,Yes
5106_2,5106,2024-11-01,11,110,No
5106_3,5106,2024-11-02,5,79,No
5106_4,5106,2024-11-03,3,20,No
5107_0,5107,2024-09-16,9,85,No
5107_1,5107,2024-09-17,8,44,No
5107_2,5107,2024-09-18,15,19,No
5107_3,5107,2024-09-19,8,29,No
5108_0,5108,2024-01-05,14,77,No
5109_0,5109,2024-07-22,5,24,No
5110_0,5110,2024-06-22,13,31,No
5110_1,5110,2024-06-23,15,14,No
5111_0,5111,2024-10-31,15,64,Yes
5111_1,5111,2024-11-01,15,87,No
5112_0,5112,2024-04-10,7,40,No
5113_0,5113,2024-08-12,14,44,No
5113_1,5113,2024-08-13,13,11,Yes
5114_0,5114,2024-06-09,12,3,No
5114_1,5114,2024-06-10,13,42,Yes
5114_2,5114,2024-06-11,10,46,No
5114_3,5114,2024-06-12,9,61,No
5115_0,5115,2024-10-02,3,15,Yes
5115_1,5115,2024-10-03,6,18,No
5115_2,5115,2024-10-04,4,113,No
5115_3,5115,2024-10-05,8,54,No
5115_4,5115,2024-10-06,9,63,No
5116_0,5116,2024-08-12,7,50,Yes
5116_1,5116,2024-08-13,3,1,Yes
5116_2,5116,2024-08-14,2,92,No
5117_0,5117,2024-11-26,5,108,Yes
5117_1,5117,2024-11-27,7,12,Yes
5118_0,5118,2024-02-22,14,115,No
5118_1,5118,2024-02-23,8,99,No
5118_2,5118,2024-02-24,15,62,No
5118_3,5118,2024-02-25,2,115,No
5119_0,5119,2024-03-25,11,96,No
5119_1,5119,2024-03-26,9,77,No
5119_2,5119,2024-03-27,11,50,No
5120_0,5120,2024-02-07,1,15,No
5121_0,5121,2024-04-09,15,15,Yes
5121_1,5121,2024-04-10,5,33,No
5121_2,5121,2024-04-11,7,111,No
5122_0,5122,2024-02-08,5,60,No
5122_1,5122,2024-02-09,15,102,No
5122_2,5122,2024-02-10,2,112,No
5123_0,5123,2024-02-24,11,35,No
5123_1,5123,2024-02-25,9,16,No
5123_2,5123,2024-02-26,4,35,No
5123_3,5123,2024-02-27,13,39,No
5124_0,5124,2024-06-27,8,28,No
5124_1,5124,2024-06-28,5,78,No
5125_0,5125,2024-07-04,1,75,No
5125_1,5125,2024-07-05,3,79,Yes
5125_2,5125,2024-07-06,6,14,No
5125_3,5125,2024-07-07,2,41,Yes
5125_4,5125,2024-07-08,8,12,Yes
5126_0,5126,2024-02-23,10,96,Yes
5126_1,5126,2024-02-24,2,26,Yes
5127_0,5127,2024-05-01,2,83,Yes
5127_1,5127,2024-05-02,11,91,Yes
5127_2,5127,2024-05-03,15,112,No
5127_3,5127,2024-05-04,9,25,No
5127_4,5127,2024-05-05,12,57,Yes
5128_0,5128,2024-06-18,3,65,No
5128_1,5128,2024-06-19,6,73,Yes
5128_2,5128,2024-06-20,8,41,No
5129_0,5129,2024-11-08,9,75,No
5130_0,5130,2024-04-14,14,54,Yes
5130_1,5130,2024-04-15,1,22,No
5130_2,5130,2024-04-16,3,45,No
5130_3,5130,2024-04-17,14,72,No
5130_4,5130,2024-04-18,8,118,No
5131_0,5131,2024-07-15,11,74,No
5131_1,5131,2024-07-16,1,40,Yes
5131_2,5131,2024-07-17,11,40,No
5131_3,5131,2024-07-18,10,59,Yes
5132_0,5132,2024-07-24,4,51,No
5132_1,5132,2024-07-25,14,21,No
5132_2,5132,2024-07-26,7,30,Yes
5132_3,5132,2024-07-27,8,57,No
5132_4,5132,2024-07-28,9,86,No
5133_0,5133,2024-01-07,2,62,Yes
5133_1,5133,2024-01-08,8,119,No
5133_2,5133,2024-01-09,15,58,No
5133_3,5133,2024-01-10,6,118,Yes
5134_0,5134,2024-04-11,7,99,Yes
5135_0,5135,2024-04-05,13,61,Yes
5135_1,5135,2024-04-06,8,20,No
5136_0,5136,2024-02-24,11,7,No
5136_1,5136,2024-02-25,6,63,No
5136_2,5136,2024-02-26,8,114,Yes
5137_0,5137,2024-11-30,1,53,No
5137_1,5137,2024-12-01,9,4,No
5138_0,5138,2024-06-28,11,98,No
5138_1,5138,2024-06-29,3,36,Yes
5138_2,5138,2024-06-30,11,2,No
5138_3,5138,2024-07-01,14,21,No
5139_0,5139,2024-07-24,15,72,Yes
5139_1,5139,2024-07-25,13,4,No
5139_2,5139,2024-07-26,15,15,No
5139_3,5139,2024-07-27,3,86,No
5139_4,5139,2024-07-28,15,23,Yes
5140_0,5140,2024-04-07,5,47,Yes
5140_1,5140,2024-04-08,3,45,No
5140_2,5140,2024-04-09,5,28,No
5141_0,5141,2024-12-03,2,77,No
5141_1,5141,2024-12-04,5,119,Yes
5141_2,5141,2024-12-05,11,99,No
5141_3,5141,2024-12-06,11,107,No
5141_4,5141,2024-12-07,12,41,No
5142_0,5142,2024-10-28,4,89,No
5142_1,5142,2024-10-29,15,112,No
5142_2,5142,2024-10-30,14,115,Yes
5143_0,5143,2024-07-13,1,93,No
5144_0,5144,2024-09-29,4,90,Yes
5144_1,5144,2024-09-30,1,37,Yes
5144_2,5144,2024-10-01,8,3,No
5144_3,5144,2024-10-02,4,73,Yes
5145_0,5145,2024-07-29,1,114,Yes
5145_1,5145,2024-07-30,7,50,Yes
5145_2,5145,2024-07-31,5,63,No
5146_0,5146,2024-09-04,10,77,No
5146_1,5146,2024-09-05,12,89,No
5146_2,5146,2024-09-06,11,21,Yes
5147_0,5147,2024-10-15,4,32,No
5147_1,5147,2024-10-16,14,105,No
5147_2,5147,2024-10-17,8,94,No
5148_0,5148,2024-12-23,15,71,No
5148_1,5148,2024-12-24,11,44,Yes
5148_2,5148,2024-12-25,11,2,Yes
5149_0,5149,2024-12-07,14,41,No
5149_1,5149,2024-12-08,4,50,No
5149_2,5149,2024-12-09,11,11,No
5149_3,5149,2024-12-10,15,32,No
5150_0,5150,2024-02-08,6,25,No
5151_0,5151,2024-06-30,6,38,No
5151_1,5151,2024-07-01,12,104,Yes
5152_0,5152,2024-06-20,1,31,Yes
5152_1,5152,2024-06-21,12,46,Yes
5152_2,5152,2024-06-22,10,103,Yes
5152_3,5152,2024-06-23,13,72,No
5153_0,5153,2024-09-02,2,97,No
5153_1,5153,2024-09-03,9,56,No
5153_2,5153,2024-09-04,4,44,No
5153_3,5153,2024-09-05,9,45,No
5154_0,5154,2024-04-03,10,56,No
5154_1,5154,2024-04-04,7,63,No
5155_0,5155,2024-10-21,12,106,No
5155_1,5155,2024-10-22,1,49,Yes
5155_2,5155,2024-10-23,1,80,Yes
5155_3,5155,2024-10-24,6,54,No
5156_0,5156,2024-11-16,5,65,Yes
5157_0,5157,2024-01-08,14,7,Yes
5157_1,5157,2024-01-09,10,75,No
5157_2,5157,2024-01-10,3,95,No
5157_3,5157,2024-01-11,7,5,No
5158_0,5158,2024-07-26,2,15,No
5159_0,5159,2024-09-16,9,64,No
5159_1,5159,2024-09-17,14,89,No
5159_2,5159,2024-09-18,10,108,Yes
5160_0,5160,2024-08-05,14,59,Yes
5160_1,5160,2024-08-06,6,53,Yes
5160_2,5160,2024-08-07,10,42,No
5161_0,5161,2024-03-11,13,62,No
5161_1,5161,2024-03-12,6,96,Yes
5161_2,5161,2024-03-13,11,10,Yes
5161_3,5161,2024-03-14,5,94,Yes
5161_4,5161,2024-03-15,10,81,Yes
5162_0,5162,2024-08-23,3,27,No
5162_1,5162,2024-08-24,9,67,No
5162_2,5162,2024-08-25,3,14,No
5163_0,5163,2024-03-19,4,89,No
5164_0,5164,2024-03-12,7,105,Yes
5164_1,5164,2024-03-13,9,100,Yes
5164_2,5164,2024-03-14,9,90,No
5165_0,5165,2024-03-28,1,70,No
5165_1,5165,2024-03-29,15,69,No
5165_2,5165,2024-03-30,3,56,Yes
5165_3,5165,2024-03-31,12,93,Yes
5166_0,5166,2024-06-22,2,85,No
5166_1,5166,2024-06-23,5,56,No
5167_0,5167,2024-02-21,9,120,No
5167_1,5167,2024-02-22,3,111,No
5168_0,5168,2024-01-19,13,8,Yes
5168_1,5168,2024-01-20,12,4,No
5168_2,5168,2024-01-21,9,71,No
5168_3,5168,2024-01-22,1,54,No
5168_4,5168,2024-01-23,4,107,No
5169_0,5169,2024-10-30,5,97,No
5169_1,5169,2024-10-31,5,8,No
5169_2,5169,2024-11-01,2,73,No
5170_0,5170,2024-01-17,11,62,No
5170_1,5170,2024-01-18,2,84,No
5170_2,5170,2024-01-19,12,80,No
5170_3,5170,2024-01-20,9,89,Yes
5170_4,5170,2024-01-21,2,92,No
5171_0,5171,2024-09-27,10,103,No
5171_1,5171,2024-09-28,15,78,No
5172_0,5172,2024-01-02,8,26,No
5172_1,5172,2024-01-03,14,93,No
5172_2,5172,2024-01-04,9,53,No
5172_3,5172,2024-01-05,6,67,No
5173_0,5173,2024-07-13,5,116,Yes
5173_1,5173,2024-07-14,8,90,No
5173_2,5173,2024-07-15,7,42,No
5174_0,5174,2024-04-19,1,70,No
5175_0,5175,2024-03-14,7,21,No
5176_0,5176,2024-11-02,10,32,No
5176_1,5176,2024-11-03,6,34,No
5176_2,5176,2024-11-04,15,50,No
5177_0,5177,2024-04-28,15,61,No
5177_1,5177,2024-04-29,8,54,No
5178_0,5178,2024-02-01,15,39,No
5178_1,5178,2024-02-02,13,80,No
5178_2,5178,2024-02-03,13,105,No
5178_3,5178,2024-02-04,3,50,Yes
5178_4,5178,2024-02-05,2,7,No
5179_0,5179,2024-11-05,12,88,Yes
5179_1,5179,2024-11-06,15,47,No
5179_2,5179,2024-11-07,15,73,Yes
5180_0,5180,2024-04-27,10,116,No
5180_1,5180,2024-04-28,7,51,Yes
5180_2,5180,2024-04-29,2,112,No
5181_0,5181,2024-11-13,3,49,Yes
5181_1,5181,2024-11-14,10,43,No
5181_2,5181,2024-11-15,7,90,No
5181_3,5181,2024-11-16,4,3,Yes
5182_0,5182,2024-10-23,10,32,Yes
5182_1,5182,2024-10-24,8,37,No
5183_0,5183,2024-04-09,15,3,No
5184_0,5184,2024-02-14,7,93,Yes
5184_1,5184,2024-02-15,7,65,Yes
5184_2,5184,2024-02-16,5,109,No
5184_3,5184,2024-02-17,8,77,Yes
5185_0,5185,2024-01-17,9,52,No
5185_1,5185,2024-01-18,14,66,No
5185_2,5185,2024-01-19,11,47,No
5186_0,5186,2024-10-02,12,99,No
5187_0,5187,2024-08-28,10,42,No
5187_1,5187,2024-08-29,6,12,Yes
5187_2,5187,2024-08-30,5,97,No
5187_3,5187,2024-08-31,1,77,Yes
5188_0,5188,2024-01-06,6,76,No
5188_1,5188,2024-01-07,12,27,Yes
5188_2,5188,2024-01-08,6,92,No
5188_3,5188,2024-01-09,4,111,No
5188_4,5188,2024-01-10,1,90,Yes
5189_0,5189,2024-11-19,5,105,No
5189_1,5189,2024-11-20,5,51,No
5190_0,5190,2024-02-13,4,76,Yes
5190_1,5190,2024-02-14,2,73,No
5190_2,5190,2024-02-15,14,99,No
5191_0,5191,2024-10-09,1,7,No
5191_1,5191,2024-10-10,2,73,Yes
5191_2,5191,2024-10-11,4,81,Yes
5191_3,5191,2024-10-12,14,22,No
5192_0,5192,2024-06-11,6,70,Yes
5193_0,5193,2024-03-09,1,113,Yes
5193_1,5193,2024-03-10,13,110,Yes
5193_2,5193,2024-03-11,10,5,Yes
5193_3,5193,2024-03-12,13,13,No
5194_0,5194,2024-03-30,4,31,Yes
5194_1,5194,2024-03-31,1,29,No
5194_2,5194,2024-04-01,5,107,No
5194_3,5194,2024-04-02,14,119,No
5194_4,5194,2024-04-03,6,96,No
5195_0,5195,2024-10-07,11,43,No
5195_1,5195,2024-10-08,1,44,No
5195_2,5195,2024-10-09,9,44,Yes
5195_3,5195,2024-10-10,2,46,Yes
5195_4,5195,2024-10-11,14,7,Yes
5196_0,5196,2024-01-07,3,36,No
5196_1,5196,2024-01-08,3,72,No
5196_2,5196,2024-01-09,15,119,No
5197_0,5197,2024-07-21,9,111,No
5197_1,5197,2024-07-22,6,99,No
5197_2,5197,2024-07-23,4,101,No
5198_0,5198,2024-12-11,15,76,No
5199_0,5199,2024-12-14,12,17,No
5199_1,5199,2024-12-15,9,40,Yes
5199_2,5199,2024-12-16,2,12,Yes
5199_3,5199,2024-12-17,10,45,Yes
5200_0,5200,2024-02-08,6,54,No
5201_0,5201,2024-02-24,10,33,Yes
5201_1,5201,2024-02-25,7,57,Yes
5201_2,5201,2024-02-26,11,41,No
5202_0,5202,2024-07-16,9,69,No
5202_1,5202,2024-07-17,15,86,No
5202_2,5202,2024-07-18,4,110,Yes
5203_0,5203,2024-11-05,5,88,Yes
5203_1,5203,2024-11-06,10,57,No
5203_2,5203,2024-11-07,8,45,No
5203_3,5203,2024-11-08,4,117,Yes
5204_0,5204,2024-02-09,1,112,No
5204_1,5204,2024-02-10,14,60,No
5205_0,5205,2024-02-29,9,83,Yes
5205_1,5205,2024-03-01,3,116,No
5206_0,5206,2024-10-30,6,93,No
5206_1,5206,2024-10-31,10,60,No
5207_0,5207,2024-08-04,7,120,Yes
5208_0,5208,2024-05-17,1,45,No
5208_1,5208,2024-05-18,5,33,No
5208_2,5208,2024-05-19,6,8,No
5208_3,5208,2024-05-20,10,107,Yes
5208_4,5208,2024-05-21,5,114,No
5209_0,5209,2024-03-24,7,42,Yes
5209_1,5209,2024-03-25,13,64,Yes
5209_2,5209,2024-03-26,6,62,No
5209_3,5209,2024-03-27,9,118,Yes
5209_4,5209,2024-03-28,1,5,No
5210_0,5210,2024-12-07,11,59,Yes
5211_0,5211,2024-09-06,11,82,Yes
5211_1,5211,2024-09-07,4,75,No
5211_2,5211,2024-09-08,15,47,No
5211_3,5211,2024-09-09,14,59,Yes
5211_4,5211,2024-09-10,5,85,No
5212_0,5212,2024-11-08,4,1,No
5213_0,5213,2024-02-19,11,81,No
5213_1,5213,2024-02-20,5,23,No
5213_2,5213,2024-02-21,11,90,No
5214_0,5214,2024-03-25,11,91,No
5214_1,5214,2024-03-26,14,78,No
5214_2,5214,2024-03-27,11,28,No
5214_3,5214,2024-03-28,13,105,Yes
5215_0,5215,2024-10-07,11,95,No
5215_1,5215,2024-10-08,15,50,No
5215_2,5215,2024-10-09,10,96,No
5215_3,5215,2024-10-10,8,44,Yes
5216_0,5216,2024-02-04,3,66,No
5217_0,5217,2024-11-22,1,113,No
5218_0,5218,2024-10-20,10,117,Yes
5218_1,5218,2024-10-21,7,85,Yes
5218_2,5218,2024-10-22,1,50,No
5218_3,5218,2024-10-23,9,52,No
5218_4,5218,2024-10-24,12,2,No
5219_0,5219,2024-09-17,8,71,Yes
5219_1,5219,2024-09-18,14,51,No
5219_2,5219,2024-09-19,15,38,No
5219_3,5219,2024-09-20,6,64,Yes
5220_0,5220,2024-12-16,12,21,No
5220_1,5220,2024-12-17,6,71,No
5220_2,5220,2024-12-18,5,89,No
5221_0,5221,2024-05-09,6,38,No
5221_1,5221,2024-05-10,2,49,Yes
5222_0,5222,2024-04-04,7,36,No
5222_1,5222,2024-04-05,2,19,Yes
5222_2,5222,2024-04-06,10,44,Yes
5223_0,5223,2024-09-06,13,25,Yes
5223_1,5223,2024-09-07,8,18,Yes
5223_2,5223,2024-09-08,13,41,No
5224_0,5224,2024-07-26,1,68,No
5224_1,5224,2024-07-27,12,73,No
5225_0,5225,2024-10-18,8,70,No
5225_1,5225,2024-10-19,6,104,No
5225_2,5225,2024-10-20,14,17,No
5226_0,5226,2024-01-26,8,119,No
5226_1,5226,2024-01-27,10,3,No
5226_2,5226,2024-01-28,13,111,No
5226_3,5226,2024-01-29,11,23,No
5227_0,5227,2024-09-19,11,4,No
5227_1,5227,2024-09-20,13,105,Yes
5227_2,5227,2024-09-21,5,33,No
5227_3,5227,2024-09-22,4,33,No
5228_0,5228,2024-08-29,13,10,Yes
5228_1,5228,2024-08-30,14,45,No
5229_0,5229,2024-02-06,10,42,No
5229_1,5229,2024-02-07,3,11,No
5229_2,5229,2024-02-08,15,73,No
5229_3,5229,2024-02-09,13,11,Yes
5230_0,5230,2024-02-15,9,58,No
5230_1,5230,2024-02-16,13,82,Yes
5230_2,5230,2024-02-17,2,92,No
5230_3,5230,2024-02-18,1,109,Yes
5230_4,5230,2024-02-19,6,70,No
5231_0,5231,2024-04-21,9,26,Yes
5231_1,5231,2024-04-22,3,119,No
5231_2,5231,2024-04-23,9,7,No
5231_3,5231,2024-04-24,8,4,No
5232_0,5232,2024-05-08,11,51,Yes
5232_1,5232,2024-05-09,14,98,No
5232_2,5232,2024-05-10,6,3,No
5233_0,5233,2024-02-25,9,6,No
5233_1,5233,2024-02-26,6,32,No
5233_2,5233,2024-02-27,4,67,No
5234_0,5234,2024-07-15,9,76,No
5234_1,5234,2024-07-16,8,83,No
5234_2,5234,2024-07-17,3,72,Yes
5234_3,5234,2024-07-18,11,15,No
5235_0,5235,2024-11-23,8,91,No
5235_1,5235,2024-11-24,1,39,Yes
5235_2,5235,2024-11-25,2,28,Yes
5235_3,5235,2024-11-26,8,19,No
5236_0,5236,2024-07-03,3,47,No
5237_0,5237,2024-12-10,8,33,No
5238_0,5238,2024-10-10,15,58,Yes
5239_0,5239,2024-02-26,7,25,No
5239_1,5239,2024-02-27,4,52,No
5239_2,5239,2024-02-28,6,84,Yes
5240_0,5240,2024-11-10,6,15,No
5240_1,5240,2024-11-11,15,8,No
5241_0,5241,2024-03-17,10,102,No
5241_1,5241,2024-03-18,6,34,Yes
5241_2,5241,2024-03-19,14,33,No
5241_3,5241,2024-03-20,5,15,No
5241_4,5241,2024-03-21,2,67,No
5242_0,5242,2024-05-14,10,81,No
5243_0,5243,2024-01-24,12,45,No
5243_1,5243,2024-01-25,6,13,No
5244_0,5244,2024-11-14,9,42,No
5244_1,5244,2024-11-15,12,24,Yes
5244_2,5244,2024-11-16,12,7,No
5244_3,5244,2024-11-17,14,95,No
5244_4,5244,2024-11-18,8,60,No
5245_0,5245,2024-11-29,12,84,Yes
5245_1,5245,2024-11-30,9,55,Yes
5245_2,5245,2024-12-01,10,60,Yes
5245_3,5245,2024-12-02,11,93,No
5246_0,5246,2024-06-01,7,114,No
5246_1,5246,2024-06-02,13,18,No
5246_2,5246,2024-06-03,14,93,No
5247_0,5247,2024-02-19,14,59,No
5248_0,5248,2024-03-02,10,37,No
5248_1,5248,2024-03-03,5,119,No
5248_2,5248,2024-03-04,6,101,No
5248_3,5248,2024-03-05,11,78,Yes
5249_0,5249,2024-01-25,3,80,No
5249_1,5249,2024-01-26,13,40,No
5249_2,5249,2024-01-27,10,7,Yes
5250_0,5250,2024-07-11,1,83,Yes
5251_0,5251,2024-04-16,7,117,No
5251_1,5251,2024-04-17,11,3,No
5251_2,5251,2024-04-18,8,74,No
5251_3,5251,2024-04-19,7,103,No
5252_0,5252,2024-12-21,7,46,No
5253_0,5253,2024-09-17,2,17,Yes
5254_0,5254,2024-04-20,11,112,No
5254_1,5254,2024-04-21,5,37,No
5254_2,5254,2024-04-22,12,117,No
5254_3,5254,2024-04-23,3,67,No
5255_0,5255,2024-02-24,5,77,Yes
5255_1,5255,2024-02-25,15,98,No
5256_0,5256,2024-01-21,6,23,No
5256_1,5256,2024-01-22,12,41,No
5256_2,5256,2024-01-23,6,83,No
5257_0,5257,2024-11-06,6,33,No
5257_1,5257,2024-11-07,14,53,Yes
5257_2,5257,2024-11-08,8,71,No
5257_3,5257,2024-11-09,3,53,No
5257_4,5257,2024-11-10,6,35,No
5258_0,5258,2024-04-13,7,38,No
5258_1,5258,2024-04-14,10,7,No
5258_2,5258,2024-04-15,7,21,Yes
5258_3,5258,2024-04-16,12,40,No
5259_0,5259,2024-12-20,15,59,No
5259_1,5259,2024-12-21,5,46,Yes
5260_0,5260,2024-04-01,14,28,No
5260_1,5260,2024-04-02,14,9,No
5260_2,5260,2024-04-03,1,72,No
5260_3,5260,2024-04-04,7,112,No
5260_4,5260,2024-04-05,12,42,No
5261_0,5261,2024-09-04,3,61,Yes
5261_1,5261,2024-09-05,1,70,Yes
5261_2,5261,2024-09-06,6,26,No
5261_3,5261,2024-09-07,6,103,Yes
5261_4,5261,2024-09-08,3,70,No
5262_0,5262,2024-09-12,10,96,Yes
5262_1,5262,2024-09-13,15,66,No
5262_2,5262,2024-09-14,7,119,No
5262_3,5262,2024-09-15,2,21,No
5262_4,5262,2024-09-16,10,55,Yes
5263_0,5263,2024-07-16,10,56,No
5264_0,5264,2024-04-28,1,13,No
5264_1,5264,2024-04-29,6,76,No
5265_0,5265,2024-01-23,3,78,Yes
5265_1,5265,2024-01-24,12,73,No
5265_2,5265,2024-01-25,3,50,No
5265_3,5265,2024-01-26,7,93,No
5266_0,5266,2024-08-10,13,51,No
5266_1,5266,2024-08-11,5,110,No
5266_2,5266,2024-08-12,5,7,No
5267_0,5267,2024-08-08,1,51,Yes
5267_1,5267,2024-08-09,3,50,No
5268_0,5268,2024-09-16,1,117,Yes
5268_1,5268,2024-09-17,3,108,No
5269_0,5269,2024-06-18,4,73,Yes
5269_1,5269,2024-06-19,7,33,Yes
5269_2,5269,2024-06-20,4,71,No
5269_3,5269,2024-06-21,7,118,No
5269_4,5269,2024-06-22,10,56,No
5270_0,5270,2024-10-03,2,41,No
5270_1,5270,2024-10-04,11,24,Yes
5270_2,5270,2024-10-05,8,27,No
5270_3,5270,2024-10-06,11,50,No
5271_0,5271,2024-02-08,7,53,Yes
5271_1,5271,2024-02-09,2,48,No
5271_2,5271,2024-02-10,1,116,No
5271_3,5271,2024-02-11,6,3,No
5272_0,5272,2024-06-25,10,109,Yes
5273_0,5273,2024-05-13,12,28,Yes
5273_1,5273,2024-05-14,10,29,No
5274_0,5274,2024-10-06,11,12,No
5274_1,5274,2024-10-07,10,69,No
5274_2,5274,2024-10-08,6,17,Yes
5274_3,5274,2024-10-09,1,108,No
5275_0,5275,2024-07-21,14,42,No
5275_1,5275,2024-07-22,2,99,Yes
5276_0,5276,2024-07-09,15,46,Yes
5276_1,5276,2024-07-10,4,30,No
5276_2,5276,2024-07-11,6,5,No
5277_0,5277,2024-01-31,7,74,No
5277_1,5277,2024-02-01,4,51,No
5277_2,5277,2024-02-02,7,86,Yes
5278_0,5278,2024-12-18,6,92,Yes
5278_1,5278,2024-12-19,3,37,No
5278_2,5278,2024-12-20,5,61,Yes
5278_3,5278,2024-12-21,10,68,Yes
5278_4,5278,2024-12-22,7,79,Yes
5279_0,5279,2024-02-26,6,21,Yes
5279_1,5279,2024-02-27,10,77,No
5279_2,5279,2024-02-28,13,68,No
5280_0,5280,2024-03-15,11,115,No
5280_1,5280,2024-03-16,3,78,Yes
5281_0,5281,2024-04-05,10,60,No
5282_0,5282,2024-06-04,5,69,No
5282_1,5282,2024-06-05,15,17,No
5283_0,5283,2024-04-01,14,110,No
5283_1,5283,2024-04-02,13,16,Yes
5283_2,5283,2024-04-03,14,93,No
5283_3,5283,2024-04-04,9,97,Yes
5284_0,5284,2024-07-21,12,30,No
5284_1,5284,2024-07-22,10,45,No
5284_2,5284,2024-07-23,4,42,No
5284_3,5284,2024-07-24,12,4,No
5285_0,5285,2024-06-15,13,19,Yes
5285_1,5285,2024-06-16,4,55,Yes
5286_0,5286,2024-07-29,5,3,No
5286_1,5286,2024-07-30,10,32,No
5286_2,5286,2024-07-31,13,47,No
5286_3,5286,2024-08-01,2,119,No
5287_0,5287,2024-09-18,15,75,Yes
5287_1,5287,2024-09-19,1,110,Yes
5287_2,5287,2024-09-20,4,75,Yes
5287_3,5287,2024-09-21,3,31,No
5288_0,5288,2024-06-04,7,67,No
5288_1,5288,2024-06-05,10,25,No
5288_2,5288,2024-06-06,2,81,Yes
5289_0,5289,2024-07-10,9,21,No
5290_0,5290,2024-02-16,5,114,No
5290_1,5290,2024-02-17,15,81,No
5290_2,5290,2024-02-18,8,47,No
5290_3,5290,2024-02-19,5,49,No
5290_4,5290,2024-02-20,2,84,No
5291_0,5291,2024-01-02,10,25,No
5291_1,5291,2024-01-03,13,13,No
5291_2,5291,2024-01-04,6,15,No
5292_0,5292,2024-09-02,6,53,Yes
5292_1,5292,2024-09-03,15,104,No
5292_2,5292,2024-09-04,14,79,No
5292_3,5292,2024-09-05,14,7,Yes
5292_4,5292,2024-09-06,4,50,No
5293_0,5293,2024-10-11,1,91,Yes
5293_1,5293,2024-10-12,5,83,No
5294_0,5294,2024-01-25,8,25,Yes
5294_1,5294,2024-01-26,5,24,No
5294_2,5294,2024-01-27,9,97,Yes
5295_0,5295,2024-05-21,8,24,No
5295_1,5295,2024-05-22,11,78,Yes
5296_0,5296,2024-11-14,1,104,No
5296_1,5296,2024-11-15,11,31,No
5296_2,5296,2024-11-16,14,3,No
5296_3,5296,2024-11-17,11,54,No
5296_4,5296,2024-11-18,10,65,Yes
5297_0,5297,2024-09-19,2,113,No
5297_1,5297,2024-09-20,5,74,No
5298_0,5298,2024-08-01,12,74,Yes
5298_1,5298,2024-08-02,3,76,Yes
5298_2,5298,2024-08-03,14,98,No
5299_0,5299,2024-04-15,9,91,Yes
5300_0,5300,2024-07-11,9,77,Yes
5300_1,5300,2024-07-12,12,11,No
5301_0,5301,2024-10-14,13,96,No
5302_0,5302,2024-10-28,5,82,Yes
5302_1,5302,2024-10-29,8,11,No
5302_2,5302,2024-10-30,12,60,Yes
5302_3,5302,2024-10-31,2,37,Yes
5303_0,5303,2024-07-28,5,115,No
5304_0,5304,2024-09-07,3,93,Yes
5304_1,5304,2024-09-08,8,50,No
5304_2,5304,2024-09-09,4,71,No
5304_3,5304,2024-09-10,5,81,No
5304_4,5304,2024-09-11,1,29,Yes
5305_0,5305,2024-08-08,15,84,No
5305_1,5305,2024-08-09,10,92,No
5305_2,5305,2024-08-10,1,7,No
5306_0,5306,2024-07-18,2,28,No
5306_1,5306,2024-07-19,8,62,No
5306_2,5306,2024-07-20,6,50,No
5306_3,5306,2024-07-21,12,57,No
5307_0,5307,2024-09-04,5,105,No
5307_1,5307,2024-09-05,9,19,Yes
5307_2,5307,2024-09-06,6,110,Yes
5307_3,5307,2024-09-07,11,67,Yes
5308_0,5308,2024-03-17,7,10,Yes
5308_1,5308,2024-03-18,4,54,No
5308_2,5308,2024-03-19,10,23,Yes
5309_0,5309,2024-06-10,5,70,Yes
5309_1,5309,2024-06-11,11,62,No
5309_2,5309,2024-06-12,14,12,No
5309_3,5309,2024-06-13,4,40,No
5309_4,5309,2024-06-14,14,55,Yes
5310_0,5310,2024-05-10,2,93,No
5310_1,5310,2024-05-11,6,8,No
5311_0,5311,2024-10-18,10,91,Yes
5311_1,5311,2024-10-19,4,34,No
5311_2,5311,2024-10-20,10,17,No
5311_3,5311,2024-10-21,4,62,No
5312_0,5312,2024-05-16,9,27,Yes
5312_1,5312,2024-05-17,2,28,No
5313_0,5313,2024-09-21,3,33,No
5313_1,5313,2024-09-22,15,22,No
5313_2,5313,2024-09-23,4,106,Yes
5313_3,5313,2024-09-24,10,44,Yes
5313_4,5313,2024-09-25,13,77,No
5314_0,5314,2024-11-01,9,9,No
5314_1,5314,2024-11-02,7,88,Yes
5314_2,5314,2024-11-03,4,32,No
5314_3,5314,2024-11-04,1,51,No
5315_0,5315,2024-10-21,10,2,No
5315_1,5315,2024-10-22,4,117,Yes
5315_2,5315,2024-10-23,6,61,No
5316_0,5316,2024-10-19,15,36,Yes
5316_1,5316,2024-10-20,10,79,No
5317_0,5317,2024-12-26,1,13,Yes
5317_1,5317,2024-12-27,7,99,Yes
5317_2,5317,2024-12-28,12,6,Yes
5318_0,5318,2024-12-24,8,39,No
5318_1,5318,2024-12-25,6,28,Yes
5318_2,5318,2024-12-26,4,10,Yes
5319_0,5319,2024-04-08,1,33,No
5319_1,5319,2024-04-09,14,4,No
5319_2,5319,2024-04-10,9,37,No
5319_3,5319,2024-04-11,6,114,Yes
5319_4,5319,2024-04-12,10,31,No
5320_0,5320,2024-06-28,7,97,No
5321_0,5321,2024-01-09,14,61,Yes
5321_1,5321,2024-01-10,5,38,Yes
5321_2,5321,2024-01-11,5,27,Yes
5322_0,5322,2024-01-08,15,48,No
5322_1,5322,2024-01-09,9,91,No
5323_0,5323,2024-03-25,11,31,Yes
5324_0,5324,2024-05-16,10,113,No
5324_1,5324,2024-05-17,12,99,No
5324_2,5324,2024-05-18,11,119,No
5324_3,5324,2024-05-19,3,6,No
5324_4,5324,2024-05-20,5,24,No
5325_0,5325,2024-10-07,6,88,No
5325_1,5325,2024-10-08,4,65,No
5325_2,5325,2024-10-09,7,10,No
5326_0,5326,2024-05-03,1,110,No
5327_0,5327,2024-01-01,9,80,No
5327_1,5327,2024-01-02,14,3,No
5327_2,5327,2024-01-03,3,120,No
5327_3,5327,2024-01-04,3,6,No
5327_4,5327,2024-01-05,11,18,No
5328_0,5328,2024-05-11,6,60,No
5328_1,5328,2024-05-12,13,56,No
5328_2,5328,2024-05-13,2,30,No
5328_3,5328,2024-05-14,9,81,Yes
5329_0,5329,2024-12-16,4,81,No
5329_1,5329,2024-12-17,3,12,No
5329_2,5329,2024-12-18,3,21,No
5329_3,5329,2024-12-19,15,100,No
5330_0,5330,2024-04-27,6,58,No
5330_1,5330,2024-04-28,9,10,Yes
5330_2,5330,2024-04-29,8,119,No
5331_0,5331,2024-05-14,8,2,Yes
5332_0,5332,2024-06-23,11,23,Yes
5332_1,5332,2024-06-24,1,32,No
5332_2,5332,2024-06-25,1,57,No
5332_3,5332,2024-06-26,2,73,No
5332_4,5332,2024-06-27,12,15,No
5333_0,5333,2024-09-29,11,9,No
5333_1,5333,2024-09-30,8,74,Yes
5333_2,5333,2024-10-01,9,51,No
5333_3,5333,2024-10-02,13,102,Yes
5333_4,5333,2024-10-03,3,7,No
5334_0,5334,2024-07-18,14,58,No
5334_1,5334,2024-07-19,7,112,Yes
5335_0,5335,2024-09-13,1,102,No
5335_1,5335,2024-09-14,3,100,No
5335_2,5335,2024-09-15,15,53,No
5336_0,5336,2024-03-27,1,113,No
5336_1,5336,2024-03-28,9,113,No
5336_2,5336,2024-03-29,9,2,No
5336_3,5336,2024-03-30,4,82,Yes
5336_4,5336,2024-03-31,3,12,Yes
5337_0,5337,2024-10-21,10,59,No
5337_1,5337,2024-10-22,14,81,Yes
5337_2,5337,2024-10-23,11,71,No
5338_0,5338,2024-04-17,10,69,No
5338_1,5338,2024-04-18,12,65,No
5338_2,5338,2024-04-19,15,41,Yes
5338_3,5338,2024-04-20,13,96,Yes
5338_4,5338,2024-04-21,1,70,No
5339_0,5339,2024-08-14,12,97,No
5339_1,5339,2024-08-15,1,33,No
5339_2,5339,2024-08-16,15,31,No
5340_0,5340,2024-11-02,8,111,No
5340_1,5340,2024-11-03,2,48,Yes
5340_2,5340,2024-11-04,9,64,Yes
5340_3,5340,2024-11-05,9,3,No
5341_0,5341,2024-05-05,4,11,No
5341_1,5341,2024-05-06,4,58,Yes
5341_2,5341,2024-05-07,11,17,No
5341_3,5341,2024-05-08,15,83,No
5342_0,5342,2024-08-21,8,57,No
5342_1,5342,2024-08-22,4,95,No
5342_2,5342,2024-08-23,7,92,Yes
5342_3,5342,2024-08-24,11,115,Yes
5343_0,5343,2024-01-08,3,30,No
5343_1,5343,2024-01-09,4,68,No
5343_2,5343,2024-01-10,5,15,No
5343_3,5343,2024-01-11,6,27,No
5344_0,5344,2024-11-11,5,8,No
5344_1,5344,2024-11-12,7,38,Yes
5344_2,5344,2024-11-13,15,112,No
5345_0,5345,2024-02-15,4,105,Yes
5345_1,5345,2024-02-16,9,1,No
5346_0,5346,2024-06-16,8,112,No
5346_1,5346,2024-06-17,5,104,No
5346_2,5346,2024-06-18,12,95,Yes
5347_0,5347,2024-02-23,7,76,No
5348_0,5348,2024-12-12,1,34,Yes
5349_0,5349,2024-04-22,9,25,No
5349_1,5349,2024-04-23,9,71,No
5349_2,5349,2024-04-24,9,90,No
5349_3,5349,2024-04-25,1,72,Yes
5350_0,5350,2024-04-22,11,75,No
5351_0,5351,2024-08-02,4,54,No
5352_0,5352,2024-03-27,15,7,Yes
5352_1,5352,2024-03-28,9,85,Yes
5352_2,5352,2024-03-29,12,4,Yes
5352_3,5352,2024-03-30,14,26,No
5352_4,5352,2024-03-31,1,78,No
5353_0,5353,2024-10-29,4,72,Yes
5353_1,5353,2024-10-30,7,62,No
5354_0,5354,2024-11-29,9,71,Yes
5355_0,5355,2024-01-26,9,92,No
5355_1,5355,2024-01-27,5,10,No
5355_2,5355,2024-01-28,13,62,No
5355_3,5355,2024-01-29,6,96,Yes
5355_4,5355,2024-01-30,15,75,Yes
5356_0,5356,2024-01-05,1,105,Yes
5356_1,5356,2024-01-06,3,96,Yes
5356_2,5356,2024-01-07,5,7,No
5357_0,5357,2024-12-29,11,22,Yes
5357_1,5357,2024-12-30,9,115,No
5358_0,5358,2024-09-10,5,53,No
5358_1,5358,2024-09-11,10,115,No
5358_2,5358,2024-09-12,15,116,No
5358_3,5358,2024-09-13,11,1,No
5358_4,5358,2024-09-14,15,49,No
5359_0,5359,2024-04-13,11,71,Yes
5359_1,5359,2024-04-14,9,61,No
5359_2,5359,2024-04-15,6,49,Yes
5359_3,5359,2024-04-16,2,48,No
5359_4,5359,2024-04-17,8,117,No
5360_0,5360,2024-10-08,5,100,No
5360_1,5360,2024-10-09,14,67,Yes
5360_2,5360,2024-10-10,15,77,No
5360_3,5360,2024-10-11,10,110,No
5361_0,5361,2024-01-07,13,34,Yes
5361_1,5361,2024-01-08,12,68,Yes
5361_2,5361,2024-01-09,2,27,Yes
5362_0,5362,2024-09-22,4,111,No
5363_0,5363,2024-06-05,7,49,No
5363_1,5363,2024-06-06,6,101,No
5363_2,5363,2024-06-07,2,51,Yes
5363_3,5363,2024-06-08,1,9,Yes
5364_0,5364,2024-02-08,8,65,No
5364_1,5364,2024-02-09,14,39,No
5364_2,5364,2024-02-10,15,62,No
5365_0,5365,2024-10-21,2,63,Yes
5365_1,5365,2024-10-22,10,6,No
5366_0,5366,2024-02-23,11,82,No
5366_1,5366,2024-02-24,4,65,No
5366_2,5366,2024-02-25,1,117,Yes
5367_0,5367,2024-05-06,1,8,No
5367_1,5367,2024-05-07,8,41,No
5367_2,5367,2024-05-08,2,97,No
5367_3,5367,2024-05-09,11,7,No
5367_4,5367,2024-05-10,12,29,No
5368_0,5368,2024-08-06,5,22,No
5368_1,5368,2024-08-07,9,1,No
5368_2,5368,2024-08-08,10,76,Yes
5368_3,5368,2024-08-09,2,38,Yes
5369_0,5369,2024-05-11,7,119,No
5369_1,5369,2024-05-12,11,110,Yes
5369_2,5369,2024-05-13,5,10,No
5370_0,5370,2024-03-20,2,75,No
5370_1,5370,2024-03-21,9,4,No
5370_2,5370,2024-03-22,10,108,No
5371_0,5371,2024-07-20,12,93,No
5371_1,5371,2024-07-21,12,92,No
5372_0,5372,2024-07-16,10,3,No
5373_0,5373,2024-10-02,7,76,Yes
5373_1,5373,2024-10-03,12,62,No
5373_2,5373,2024-10-04,5,57,No
5374_0,5374,2024-01-23,9,36,No
5374_1,5374,2024-01-24,15,91,No
5374_2,5374,2024-01-25,10,99,No
5375_0,5375,2024-12-05,7,60,No
5375_1,5375,2024-12-06,7,7,Yes
5375_2,5375,2024-12-07,8,21,No
5375_3,5375,2024-12-08,13,22,No
5376_0,5376,2024-10-03,5,30,No
5376_1,5376,2024-10-04,14,51,No
5377_0,5377,2024-03-05,10,76,No
5377_1,5377,2024-03-06,5,38,No
5378_0,5378,2024-08-04,1,55,Yes
5378_1,5378,2024-08-05,4,1,No
5378_2,5378,2024-08-06,5,79,No
5378_3,5378,2024-08-07,12,113,Yes
5378_4,5378,2024-08-08,11,41,No
5379_0,5379,2024-12-10,1,83,No
5380_0,5380,2024-09-16,9,97,No
5380_1,5380,2024-09-17,7,46,No
5381_0,5381,2024-11-18,7,47,Yes
5381_1,5381,2024-11-19,8,118,No
5382_0,5382,2024-08-11,6,32,No
5382_1,5382,2024-08-12,6,51,Yes
5383_0,5383,2024-09-21,12,37,No
5383_1,5383,2024-09-22,11,76,No
5383_2,5383,2024-09-23,8,83,No
5383_3,5383,2024-09-24,6,11,Yes
5384_0,5384,2024-08-17,11,80,No
5384_1,5384,2024-08-18,8,78,No
5385_0,5385,2024-07-15,14,107,No
5385_1,5385,2024-07-16,1,31,No
5386_0,5386,2024-06-28,8,87,Yes
5386_1,5386,2024-06-29,15,33,No
5386_2,5386,2024-06-30,3,8,Yes
5386_3,5386,2024-07-01,15,6,Yes
5387_0,5387,2024-07-08,13,12,No
5387_1,5387,2024-07-09,8,120,Yes
5387_2,5387,2024-07-10,5,4,Yes
5388_0,5388,2024-03-06,7,66,Yes
5388_1,5388,2024-03-07,7,43,No
5388_2,5388,2024-03-08,2,40,No
5388_3,5388,2024-03-09,1,20,No
5389_0,5389,2024-04-03,10,75,No
5389_1,5389,2024-04-04,2,54,Yes
5389_2,5389,2024-04-05,4,21,No
5390_0,5390,2024-07-14,11,109,No
5390_1,5390,2024-07-15,14,35,No
5390_2,5390,2024-07-16,2,23,Yes
5390_3,5390,2024-07-17,3,6,Yes
5390_4,5390,2024-07-18,6,17,Yes
5391_0,5391,2024-02-01,4,16,No
5391_1,5391,2024-02-02,6,8,Yes
5391_2,5391,2024-02-03,15,5,Yes
5391_3,5391,2024-02-04,2,8,Yes
5391_4,5391,2024-02-05,3,54,No
5392_0,5392,2024-11-01,10,114,No
5392_1,5392,2024-11-02,14,100,No
5392_2,5392,2024-11-03,14,42,No
5392_3,5392,2024-11-04,7,110,No
5392_4,5392,2024-11-05,13,10,Yes
5393_0,5393,2024-04-13,14,55,No
5393_1,5393,2024-04-14,7,38,No
5393_2,5393,2024-04-15,6,115,No
5394_0,5394,2024-06-10,5,66,No
5394_1,5394,2024-06-11,14,10,No
5394_2,5394,2024-06-12,2,107,No
5394_3,5394,2024-06-13,1,71,No
5394_4,5394,2024-06-14,11,117,No
5395_0,5395,2024-08-27,12,76,No
5395_1,5395,2024-08-28,13,42,No
5395_2,5395,2024-08-29,4,25,Yes
5395_3,5395,2024-08-30,7,48,No
5395_4,5395,2024-08-31,12,37,Yes
5396_0,5396,2024-05-29,4,96,No
5396_1,5396,2024-05-30,14,98,No
5396_2,5396,2024-05-31,14,16,Yes
5396_3,5396,2024-06-01,9,7,No
5396_4,5396,2024-06-02,6,98,Yes
5397_0,5397,2024-02-29,10,44,No
5397_1,5397,2024-03-01,2,116,Yes
5397_2,5397,2024-03-02,1,99,No
5397_3,5397,2024-03-03,1,102,Yes
5397_4,5397,2024-03-04,2,78,No
5398_0,5398,2024-04-01,13,33,Yes
5398_1,5398,2024-04-02,8,10,No
5398_2,5398,2024-04-03,10,120,No
5398_3,5398,2024-04-04,10,2,No
5399_0,5399,2024-08-28,5,59,No
5399_1,5399,2024-08-29,5,100,No
5399_2,5399,2024-08-30,13,18,Yes
5400_0,5400,2024-11-10,12,21,No
5400_1,5400,2024-11-11,4,64,No
5400_2,5400,2024-11-12,9,59,Yes
5400_3,5400,2024-11-13,13,89,No
5400_4,5400,2024-11-14,3,29,No
5401_0,5401,2024-01-23,12,109,Yes
5401_1,5401,2024-01-24,15,74,No
5401_2,5401,2024-01-25,10,71,No
5401_3,5401,2024-01-26,10,87,Yes
5402_0,5402,2024-05-08,9,79,No
5402_1,5402,2024-05-09,11,102,No
5402_2,5402,2024-05-10,7,17,Yes
5402_3,5402,2024-05-11,11,104,Yes
5403_0,5403,2024-11-11,12,92,No
5403_1,5403,2024-11-12,6,7,Yes
5403_2,5403,2024-11-13,5,18,No
5404_0,5404,2024-06-16,13,44,No
5404_1,5404,2024-06-17,9,15,No
5404_2,5404,2024-06-18,12,112,Yes
5404_3,5404,2024-06-19,10,7,Yes
5405_0,5405,2024-06-12,5,25,No
5405_1,5405,2024-06-13,15,74,Yes
5405_2,5405,2024-06-14,8,80,No
5406_0,5406,2024-10-01,9,81,No
5406_1,5406,2024-10-02,15,26,No
5406_2,5406,2024-10-03,14,13,No
5406_3,5406,2024-10-04,6,101,Yes
5406_4,5406,2024-10-05,6,93,Yes
5407_0,5407,2024-07-31,6,56,No
5407_1,5407,2024-08-01,1,6,No
5407_2,5407,2024-08-02,14,11,No
5408_0,5408,2024-07-14,8,93,No
5408_1,5408,2024-07-15,10,106,No
5409_0,5409,2024-05-15,1,95,No
5410_0,5410,2024-10-18,12,120,No
5410_1,5410,2024-10-19,8,8,No
5410_2,5410,2024-10-20,14,22,Yes
5411_0,5411,2024-10-11,14,58,No
5412_0,5412,2024-08-24,7,79,Yes
5412_1,5412,2024-08-25,9,115,Yes
5412_2,5412,2024-08-26,8,68,No
5412_3,5412,2024-08-27,10,91,No
5413_0,5413,2024-06-21,14,6,No
5413_1,5413,2024-06-22,14,50,Yes
5413_2,5413,2024-06-23,10,59,No
5413_3,5413,2024-06-24,11,51,Yes
5414_0,5414,2024-10-13,14,55,No
5415_0,5415,2024-01-08,9,74,No
5415_1,5415,2024-01-09,11,11,No
5415_2,5415,2024-01-10,14,50,Yes
5416_0,5416,2024-01-07,13,87,No
5416_1,5416,2024-01-08,6,49,No
5417_0,5417,2024-03-25,14,86,Yes
5417_1,5417,2024-03-26,4,84,No
5417_2,5417,2024-03-27,8,111,No
5417_3,5417,2024-03-28,12,47,Yes
5418_0,5418,2024-04-10,2,94,No
5419_0,5419,2024-03-28,11,47,No
5419_1,5419,2024-03-29,8,109,No
5419_2,5419,2024-03-30,2,48,No
5420_0,5420,2024-04-23,6,92,No
5420_1,5420,2024-04-24,14,55,Yes
5420_2,5420,2024-04-25,12,19,No
5420_3,5420,2024-04-26,1,18,No
5421_0,5421,2024-03-17,12,101,No
5421_1,5421,2024-03-18,6,75,No
5421_2,5421,2024-03-19,14,61,No
5422_0,5422,2024-02-29,3,73,No
5423_0,5423,2024-04-11,13,79,No
5423_1,5423,2024-04-12,10,71,No
5424_0,5424,2024-12-27,2,19,Yes
5424_1,5424,2024-12-28,13,40,No
5424_2,5424,2024-12-29,6,71,Yes
5424_3,5424,2024-12-30,9,4,No
5424_4,5424,2024-12-31,5,77,No
5425_0,5425,2024-04-18,6,81,No
5425_1,5425,2024-04-19,13,64,No
5425_2,5425,2024-04-20,5,24,No
5425_3,5425,2024-04-21,1,71,Yes
5426_0,5426,2024-05-19,8,71,No
5426_1,5426,2024-05-20,4,58,No
5426_2,5426,2024-05-21,12,117,No
5426_3,5426,2024-05-22,9,92,Yes
5427_0,5427,2024-04-16,6,114,No
5428_0,5428,2024-04-03,4,95,No
5428_1,5428,2024-04-04,13,27,No
5428_2,5428,2024-04-05,9,43,No
5428_3,5428,2024-04-06,1,106,No
5429_0,5429,2024-08-23,14,102,No
5429_1,5429,2024-08-24,13,52,Yes
5429_2,5429,2024-08-25,9,104,No
5429_3,5429,2024-08-26,9,22,Yes
5430_0,5430,2024-12-18,15,21,No
5430_1,5430,2024-12-19,7,46,No
5430_2,5430,2024-12-20,1,53,No
5430_3,5430,2024-12-21,7,33,No
5431_0,5431,2024-01-09,1,62,Yes
5432_0,5432,2024-02-07,1,55,No
5432_1,5432,2024-02-08,1,24,No
5432_2,5432,2024-02-09,5,91,Yes
5433_0,5433,2024-10-16,3,117,No
5433_1,5433,2024-10-17,13,92,Yes
5433_2,5433,2024-10-18,7,47,Yes
5434_0,5434,2024-06-26,6,72,No
5434_1,5434,2024-06-27,12,99,No
5434_2,5434,2024-06-28,10,103,No
5434_3,5434,2024-06-29,2,93,No
5435_0,5435,2024-02-14,9,101,No
5435_1,5435,2024-02-15,11,51,No
5435_2,5435,2024-02-16,3,112,No
5436_0,5436,2024-04-15,9,10,No
5437_0,5437,2024-03-23,4,27,Yes
5437_1,5437,2024-03-24,4,69,No
5438_0,5438,2024-06-09,10,100,Yes
5438_1,5438,2024-06-10,15,58,Yes
5438_2,5438,2024-06-11,5,81,Yes
5438_3,5438,2024-06-12,3,89,Yes
5439_0,5439,2024-11-01,10,52,No
5439_1,5439,2024-11-02,11,53,No
5440_0,5440,2024-11-21,4,97,No
5440_1,5440,2024-11-22,1,29,Yes
5440_2,5440,2024-11-23,9,68,No
5440_3,5440,2024-11-24,10,68,No
5440_4,5440,2024-11-25,13,5,Yes
5441_0,5441,2024-10-28,1,80,No
5441_1,5441,2024-10-29,12,33,No
5441_2,5441,2024-10-30,7,119,No
5441_3,5441,2024-10-31,8,94,Yes
5441_4,5441,2024-11-01,2,36,No
5442_0,5442,2024-04-22,10,18,No
5442_1,5442,2024-04-23,4,39,Yes
5442_2,5442,2024-04-24,14,119,No
5442_3,5442,2024-04-25,14,14,Yes
5443_0,5443,2024-03-31,4,41,No
5444_0,5444,2024-01-03,7,71,Yes
5444_1,5444,2024-01-04,12,106,No
5444_2,5444,2024-01-05,2,116,No
5444_3,5444,2024-01-06,9,96,Yes
5444_4,5444,2024-01-07,15,108,No
5445_0,5445,2024-07-31,4,120,Yes
5445_1,5445,2024-08-01,12,101,Yes
5445_2,5445,2024-08-02,7,71,No
5445_3,5445,2024-08-03,12,109,Yes
5445_4,5445,2024-08-04,10,97,Yes
5446_0,5446,2024-11-07,9,86,Yes
5446_1,5446,2024-11-08,12,119,No
5447_0,5447,2024-08-08,10,88,No
5447_1,5447,2024-08-09,4,18,Yes
5447_2,5447,2024-08-10,7,59,Yes
5448_0,5448,2024-08-02,5,44,Yes
5448_1,5448,2024-08-03,7,44,No
5448_2,5448,2024-08-04,15,115,No
5449_0,5449,2024-04-25,10,57,No
5449_1,5449,2024-04-26,13,84,No
5449_2,5449,2024-04-27,3,43,Yes
5449_3,5449,2024-04-28,6,49,No
5450_0,5450,2024-10-22,4,26,No
5450_1,5450,2024-10-23,4,100,Yes
5451_0,5451,2024-06-24,12,11,No
5452_0,5452,2024-03-16,12,33,No
5452_1,5452,2024-03-17,8,25,No
5452_2,5452,2024-03-18,4,10,No
5453_0,5453,2024-09-03,9,49,No
5453_1,5453,2024-09-04,11,93,Yes
5453_2,5453,2024-09-05,5,81,No
5454_0,5454,2024-03-07,8,119,No
5454_1,5454,2024-03-08,7,2,No
5454_2,5454,2024-03-09,8,86,No
5454_3,5454,2024-03-10,14,41,No
5454_4,5454,2024-03-11,7,114,No
5455_0,5455,2024-05-29,12,101,No
5455_1,5455,2024-05-30,9,23,No
5455_2,5455,2024-05-31,15,44,No
5456_0,5456,2024-01-27,6,67,Yes
5456_1,5456,2024-01-28,9,69,No
5456_2,5456,2024-01-29,3,113,No
5456_3,5456,2024-01-30,15,86,No
5457_0,5457,2024-04-16,14,60,No
5457_1,5457,2024-04-17,13,75,No
5457_2,5457,2024-04-18,7,51,No
5457_3,5457,2024-04-19,13,116,No
5457_4,5457,2024-04-20,11,62,Yes
5458_0,5458,2024-04-29,2,81,No
5458_1,5458,2024-04-30,4,106,No
5458_2,5458,2024-05-01,15,115,Yes
5458_3,5458,2024-05-02,5,16,No
5459_0,5459,2024-08-21,2,58,No
5459_1,5459,2024-08-22,7,52,Yes
5459_2,5459,2024-08-23,6,67,No
5459_3,5459,2024-08-24,9,115,No
5460_0,5460,2024-10-05,9,29,No
5460_1,5460,2024-10-06,5,12,No
5460_2,5460,2024-10-07,3,110,No
5460_3,5460,2024-10-08,4,118,No
5461_0,5461,2024-08-08,9,109,No
5462_0,5462,2024-06-24,8,64,Yes
5462_1,5462,2024-06-25,5,69,Yes
5462_2,5462,2024-06-26,15,96,No
5462_3,5462,2024-06-27,4,59,No
5463_0,5463,2024-09-02,9,70,No
5463_1,5463,2024-09-03,3,37,Yes
5464_0,5464,2024-08-17,4,9,No
5465_0,5465,2024-11-27,3,84,Yes
5465_1,5465,2024-11-28,11,64,No
5465_2,5465,2024-11-29,10,26,No
5465_3,5465,2024-11-30,12,19,Yes
5466_0,5466,2024-03-16,11,65,No
5467_0,5467,2024-05-14,13,106,No
5467_1,5467,2024-05-15,11,68,Yes
5468_0,5468,2024-08-30,2,22,No
5468_1,5468,2024-08-31,4,82,Yes
5468_2,5468,2024-09-01,13,75,No
5468_3,5468,2024-09-02,8,88,No
5468_4,5468,2024-09-03,15,26,Yes
5469_0,5469,2024-08-05,13,46,No
5470_0,5470,2024-05-26,10,91,No
5470_1,5470,2024-05-27,12,44,Yes
5471_0,5471,2024-06-30,15,76,Yes
5472_0,5472,2024-07-06,1,56,No
5472_1,5472,2024-07-07,14,111,Yes
5472_2,5472,2024-07-08,15,88,No
5473_0,5473,2024-10-01,11,93,No
5474_0,5474,2024-12-29,9,95,No
5475_0,5475,2024-10-11,5,117,No
5475_1,5475,2024-10-12,13,102,No
5475_2,5475,2024-10-13,10,106,No
5475_3,5475,2024-10-14,14,40,Yes
5475_4,5475,2024-10-15,12,111,No
5476_0,5476,2024-12-22,14,5,Yes
5476_1,5476,2024-12-23,6,64,No
5477_0,5477,2024-10-10,10,73,No
5478_0,5478,2024-12-28,1,4,Yes
5478_1,5478,2024-12-29,4,110,Yes
5479_0,5479,2024-05-23,9,7,No
5479_1,5479,2024-05-24,6,57,Yes
5479_2,5479,2024-05-25,10,54,No
5480_0,5480,2024-10-05,1,58,No
5480_1,5480,2024-10-06,10,104,No
5480_2,5480,2024-10-07,11,16,No
5481_0,5481,2024-05-14,5,5,No
5481_1,5481,2024-05-15,11,72,No
5481_2,5481,2024-05-16,15,40,No
5482_0,5482,2024-02-18,11,94,Yes
5482_1,5482,2024-02-19,15,3,No
5482_2,5482,2024-02-20,6,25,Yes
5483_0,5483,2024-09-14,7,41,No
5483_1,5483,2024-09-15,5,117,No
5483_2,5483,2024-09-16,12,8,No
5483_3,5483,2024-09-17,7,45,No
5484_0,5484,2024-01-17,5,48,No
5484_1,5484,2024-01-18,11,29,Yes
5484_2,5484,2024-01-19,11,18,No
5484_3,5484,2024-01-20,4,108,No
5485_0,5485,2024-08-31,4,47,No
5485_1,5485,2024-09-01,7,73,No
5485_2,5485,2024-09-02,4,107,No
5485_3,5485,2024-09-03,1,46,Yes
5486_0,5486,2024-04-28,8,43,No
5486_1,5486,2024-04-29,1,47,Yes
5486_2,5486,2024-04-30,2,94,No
5487_0,5487,2024-07-31,3,90,No
5487_1,5487,2024-08-01,4,80,No
5487_2,5487,2024-08-02,5,13,No
5487_3,5487,2024-08-03,15,93,No
5488_0,5488,2024-06-29,1,39,No
5489_0,5489,2024-07-29,7,89,No
5489_1,5489,2024-07-30,9,17,Yes
5489_2,5489,2024-07-31,13,86,No
5489_3,5489,2024-08-01,5,25,Yes
5490_0,5490,2024-08-18,7,26,No
5491_0,5491,2024-10-20,11,59,No
5491_1,5491,2024-10-21,3,83,No
5491_2,5491,2024-10-22,6,45,No
5491_3,5491,2024-10-23,11,70,Yes
5491_4,5491,2024-10-24,11,91,No
5492_0,5492,2024-08-07,9,85,No
5492_1,5492,2024-08-08,3,103,No
5493_0,5493,2024-10-01,14,20,No
5493_1,5493,2024-10-02,12,78,No
5494_0,5494,2024-09-07,14,43,No
5494_1,5494,2024-09-08,6,28,No
5494_2,5494,2024-09-09,8,27,No
5495_0,5495,2024-03-22,13,24,No
5495_1,5495,2024-03-23,13,52,No
5496_0,5496,2024-12-04,15,79,Yes
5496_1,5496,2024-12-05,8,89,No
5496_2,5496,2024-12-06,12,114,Yes
5497_0,5497,2024-03-05,8,109,No
5498_0,5498,2024-02-23,3,52,Yes
5498_1,5498,2024-02-24,13,27,No
5499_0,5499,2024-07-09,3,118,Yes
5499_1,5499,2024-07-10,1,90,Yes
5499_2,5499,2024-07-11,11,21,No
5499_3,5499,2024-07-12,5,116,No
5500_0,5500,2024-08-11,14,16,No
5500_1,5500,2024-08-12,14,76,No
5501_0,5501,2024-08-05,5,55,Yes
5501_1,5501,2024-08-06,12,27,No
5501_2,5501,2024-08-07,11,70,Yes
5502_0,5502,2024-07-02,4,78,Yes
5502_1,5502,2024-07-03,11,39,No
5502_2,5502,2024-07-04,2,57,Yes
5502_3,5502,2024-07-05,2,12,No
5502_4,5502,2024-07-06,10,80,No
5503_0,5503,2024-11-30,13,108,No
5503_1,5503,2024-12-01,1,64,Yes
5504_0,5504,2024-06-26,12,44,No
5504_1,5504,2024-06-27,12,31,No
5504_2,5504,2024-06-28,14,110,No
5504_3,5504,2024-06-29,11,48,No
5504_4,5504,2024-06-30,12,96,Yes
5505_0,5505,2024-10-30,15,16,No
5505_1,5505,2024-10-31,7,63,No
5505_2,5505,2024-11-01,5,22,No
5505_3,5505,2024-11-02,10,14,No
5505_4,5505,2024-11-03,9,58,No
5506_0,5506,2024-06-21,7,106,Yes
5507_0,5507,2024-08-13,10,99,Yes
5507_1,5507,2024-08-14,8,115,Yes
5508_0,5508,2024-02-07,7,67,No
5508_1,5508,2024-02-08,8,21,No
5508_2,5508,2024-02-09,3,66,No
5508_3,5508,2024-02-10,1,29,Yes
5509_0,5509,2024-01-03,11,111,No
5509_1,5509,2024-01-04,9,19,No
5509_2,5509,2024-01-05,1,2,No
5509_3,5509,2024-01-06,3,118,No
5509_4,5509,2024-01-07,6,114,Yes
5510_0,5510,2024-04-27,10,96,Yes
5510_1,5510,2024-04-28,5,81,No
5510_2,5510,2024-04-29,6,10,No
5510_3,5510,2024-04-30,1,73,Yes
5511_0,5511,2024-03-19,12,71,No
5511_1,5511,2024-03-20,13,8,Yes
5512_0,5512,2024-01-15,1,52,Yes
5512_1,5512,2024-01-16,3,50,No
5512_2,5512,2024-01-17,6,116,No
5512_3,5512,2024-01-18,6,11,No
5513_0,5513,2024-09-26,7,38,No
5514_0,5514,2024-10-17,1,11,No
5514_1,5514,2024-10-18,11,86,No
5514_2,5514,2024-10-19,13,39,No
5514_3,5514,2024-10-20,4,102,No
5514_4,5514,2024-10-21,2,79,No
5515_0,5515,2024-11-30,8,28,No
5515_1,5515,2024-12-01,12,120,No
5515_2,5515,2024-12-02,6,7,Yes
5515_3,5515,2024-12-03,7,65,Yes
5516_0,5516,2024-09-01,8,99,No
5516_1,5516,2024-09-02,7,14,Yes
5516_2,5516,2024-09-03,9,69,Yes
5516_3,5516,2024-09-04,11,11,No
5517_0,5517,2024-04-20,1,64,No
5518_0,5518,2024-06-30,10,73,No
5518_1,5518,2024-07-01,5,15,No
5518_2,5518,2024-07-02,9,10,No
5518_3,5518,2024-07-03,14,49,Yes
5518_4,5518,2024-07-04,4,16,Yes
5519_0,5519,2024-09-09,7,84,Yes
5519_1,5519,2024-09-10,3,11,Yes
5520_0,5520,2024-04-15,15,34,No
5520_1,5520,2024-04-16,8,42,No
5521_0,5521,2024-09-08,13,96,No
5521_1,5521,2024-09-09,2,56,Yes
5521_2,5521,2024-09-10,10,32,Yes
5521_3,5521,2024-09-11,11,27,Yes
5521_4,5521,2024-09-12,6,96,No
5522_0,5522,2024-07-29,12,110,No
5522_1,5522,2024-07-30,12,95,No
5523_0,5523,2024-05-02,15,27,No
5523_1,5523,2024-05-03,13,29,No
5523_2,5523,2024-05-04,4,77,Yes
5523_3,5523,2024-05-05,3,66,No
5524_0,5524,2024-03-08,9,82,No
5524_1,5524,2024-03-09,10,14,No
5525_0,5525,2024-08-10,11,16,Yes
5526_0,5526,2024-07-13,12,8,No
5526_1,5526,2024-07-14,6,6,No
5527_0,5527,2024-01-20,3,117,Yes
5527_1,5527,2024-01-21,7,77,No
5527_2,5527,2024-01-22,6,85,Yes
5527_3,5527,2024-01-23,14,111,No
5527_4,5527,2024-01-24,3,107,No
5528_0,5528,2024-07-01,8,4,No
5528_1,5528,2024-07-02,6,113,No
5528_2,5528,2024-07-03,1,106,No
5529_0,5529,2024-07-26,6,81,Yes
5530_0,5530,2024-12-15,11,47,No
5530_1,5530,2024-12-16,11,92,No
5530_2,5530,2024-12-17,13,28,Yes
5531_0,5531,2024-11-02,2,75,Yes
5531_1,5531,2024-11-03,12,108,Yes
5531_2,5531,2024-11-04,6,59,No
5531_3,5531,2024-11-05,5,52,Yes
5531_4,5531,2024-11-06,14,116,No
5532_0,5532,2024-03-24,3,58,Yes
5532_1,5532,2024-03-25,6,83,No
5532_2,5532,2024-03-26,4,45,No
5532_3,5532,2024-03-27,7,116,No
5532_4,5532,2024-03-28,11,119,No
5533_0,5533,2024-04-27,13,72,No
5533_1,5533,2024-04-28,3,3,No
5533_2,5533,2024-04-29,6,76,No
5533_3,5533,2024-04-30,10,106,No
5534_0,5534,2024-02-27,2,60,No
5534_1,5534,2024-02-28,14,111,No
5535_0,5535,2024-09-13,6,88,No
5535_1,5535,2024-09-14,10,5,Yes
5535_2,5535,2024-09-15,2,106,No
5536_0,5536,2024-09-02,9,96,No
5536_1,5536,2024-09-03,12,74,No
5536_2,5536,2024-09-04,14,101,No
5537_0,5537,2024-05-28,11,19,Yes
5537_1,5537,2024-05-29,11,120,No
5538_0,5538,2024-11-01,4,40,Yes
5538_1,5538,2024-11-02,13,70,No
5538_2,5538,2024-11-03,12,32,Yes
5539_0,5539,2024-02-08,5,39,No
5540_0,5540,2024-08-12,8,102,No
5541_0,5541,2024-10-11,12,94,No
5541_1,5541,2024-10-12,3,49,Yes
5541_2,5541,2024-10-13,13,38,No
5541_3,5541,2024-10-14,11,79,No
5541_4,5541,2024-10-15,5,14,No
5542_0,5542,2024-01-19,11,84,No
5543_0,5543,2024-01-14,6,87,No
5543_1,5543,2024-01-15,8,52,Yes
5544_0,5544,2024-01-02,15,67,No
5544_1,5544,2024-01-03,11,72,No
5545_0,5545,2024-08-02,8,71,No
5545_1,5545,2024-08-03,14,40,No
5545_2,5545,2024-08-04,8,10,Yes
5546_0,5546,2024-02-17,9,108,No
5546_1,5546,2024-02-18,11,8,Yes
5546_2,5546,2024-02-19,4,119,No
5546_3,5546,2024-02-20,3,66,No
5546_4,5546,2024-02-21,12,77,No
5547_0,5547,2024-06-13,9,104,Yes
5547_1,5547,2024-06-14,10,1,No
5547_2,5547,2024-06-15,15,4,No
5548_0,5548,2024-01-12,15,73,No
5548_1,5548,2024-01-13,2,11,No
5548_2,5548,2024-01-14,5,64,No
5548_3,5548,2024-01-15,13,25,No
5549_0,5549,2024-09-22,3,112,No
5549_1,5549,2024-09-23,10,97,No
5549_2,5549,2024-09-24,8,42,No
5549_3,5549,2024-09-25,9,25,No
5550_0,5550,2024-10-10,5,55,Yes
5550_1,5550,2024-10-11,15,53,Yes
5550_2,5550,2024-10-12,7,106,Yes
5550_3,5550,2024-10-13,14,89,Yes
5550_4,5550,2024-10-14,5,82,No
5551_0,5551,2024-12-04,14,69,No
5551_1,5551,2024-12-05,13,55,Yes
5551_2,5551,2024-12-06,13,81,No
5552_0,5552,2024-07-21,2,63,No
5553_0,5553,2024-11-08,14,3,Yes
5553_1,5553,2024-11-09,2,31,No
5553_2,5553,2024-11-10,13,111,No
5553_3,5553,2024-11-11,8,46,No
5553_4,5553,2024-11-12,6,15,No
5554_0,5554,2024-01-01,1,96,No
5554_1,5554,2024-01-02,2,120,Yes
5554_2,5554,2024-01-03,4,80,No
5554_3,5554,2024-01-04,12,116,No
5554_4,5554,2024-01-05,9,53,Yes
5555_0,5555,2024-08-03,7,18,No
5556_0,5556,2024-01-08,11,108,No
5556_1,5556,2024-01-09,1,19,No
5557_0,5557,2024-12-10,7,34,Yes
5557_1,5557,2024-12-11,13,63,No
5557_2,5557,2024-12-12,8,13,Yes
5558_0,5558,2024-04-12,1,62,No
5559_0,5559,2024-03-19,4,13,No
5559_1,5559,2024-03-20,5,94,Yes
5559_2,5559,2024-03-21,6,90,No
5560_0,5560,2024-11-06,14,82,Yes
5560_1,5560,2024-11-07,15,69,Yes
5560_2,5560,2024-11-08,1,12,Yes
5560_3,5560,2024-11-09,11,38,No
5561_0,5561,2024-01-01,11,90,No
5561_1,5561,2024-01-02,4,95,Yes
5561_2,5561,2024-01-03,11,70,No
5562_0,5562,2024-10-03,6,91,No
5563_0,5563,2024-06-07,5,67,No
5563_1,5563,2024-06-08,15,37,No
5563_2,5563,2024-06-09,2,100,No
5564_0,5564,2024-08-30,1,53,No
5564_1,5564,2024-08-31,7,111,No
5564_2,5564,2024-09-01,1,39,No
5564_3,5564,2024-09-02,1,50,No
5565_0,5565,2024-08-04,10,116,Yes
5566_0,5566,2024-08-06,1,71,No
5566_1,5566,2024-08-07,7,70,No
5566_2,5566,2024-08-08,11,28,Yes
5566_3,5566,2024-08-09,14,113,No
5567_0,5567,2024-03-20,2,119,No
5567_1,5567,2024-03-21,12,82,Yes
5568_0,5568,2024-12-27,9,75,No
5568_1,5568,2024-12-28,13,74,No
5568_2,5568,2024-12-29,4,119,No
5568_3,5568,2024-12-30,4,16,Yes
5568_4,5568,2024-12-31,7,113,Yes
5569_0,5569,2024-07-04,12,107,No
5569_1,5569,2024-07-05,3,36,No
5569_2,5569,2024-07-06,4,72,No
5569_3,5569,2024-07-07,9,42,No
5569_4,5569,2024-07-08,3,2,Yes
5570_0,5570,2024-03-02,14,11,No
5570_1,5570,2024-03-03,9,11,Yes
5570_2,5570,2024-03-04,13,42,No
5570_3,5570,2024-03-05,15,113,No
5570_4,5570,2024-03-06,6,34,No
5571_0,5571,2024-07-10,9,48,No
5571_1,5571,2024-07-11,15,15,No
5571_2,5571,2024-07-12,5,115,No
5572_0,5572,2024-02-18,3,102,No
5573_0,5573,2024-04-15,2,76,No
5574_0,5574,2024-04-22,3,49,No
5574_1,5574,2024-04-23,6,119,No
5575_0,5575,2024-06-05,15,11,No
5575_1,5575,2024-06-06,10,107,Yes
5576_0,5576,2024-07-18,4,84,Yes
5576_1,5576,2024-07-19,12,111,Yes
5576_2,5576,2024-07-20,14,84,Yes
5576_3,5576,2024-07-21,7,45,No
5576_4,5576,2024-07-22,2,117,No
5577_0,5577,2024-02-28,5,73,Yes
5577_1,5577,2024-02-29,4,20,No
5577_2,5577,2024-03-01,14,85,No
5577_3,5577,2024-03-02,7,8,No
5577_4,5577,2024-03-03,5,86,No
5578_0,5578,2024-06-11,10,113,No
5578_1,5578,2024-06-12,12,37,Yes
5578_2,5578,2024-06-13,8,13,No
5578_3,5578,2024-06-14,14,99,Yes
5578_4,5578,2024-06-15,15,69,No
5579_0,5579,2024-04-14,4,70,No
5579_1,5579,2024-04-15,1,30,No
5579_2,5579,2024-04-16,7,28,No
5579_3,5579,2024-04-17,8,29,Yes
5580_0,5580,2024-06-03,10,106,Yes
5580_1,5580,2024-06-04,8,100,Yes
5580_2,5580,2024-06-05,5,92,No
5580_3,5580,2024-06-06,1,88,Yes
5581_0,5581,2024-09-04,3,39,No
5582_0,5582,2024-11-20,9,60,Yes
5583_0,5583,2024-07-11,12,23,Yes
5583_1,5583,2024-07-12,5,100,No
5583_2,5583,2024-07-13,1,118,No
5583_3,5583,2024-07-14,13,50,No
5584_0,5584,2024-09-04,6,3,No
5585_0,5585,2024-05-07,12,13,No
5585_1,5585,2024-05-08,1,47,No
5585_2,5585,2024-05-09,7,15,No
5585_3,5585,2024-05-10,2,114,No
5585_4,5585,2024-05-11,5,83,No
5586_0,5586,2024-05-08,5,25,Yes
5587_0,5587,2024-03-08,6,88,No
5587_1,5587,2024-03-09,11,66,Yes
5587_2,5587,2024-03-10,1,88,No
5587_3,5587,2024-03-11,13,33,Yes
5587_4,5587,2024-03-12,14,2,Yes
5588_0,5588,2024-07-31,8,93,No
5589_0,5589,2024-05-28,7,86,No
5589_1,5589,2024-05-29,2,56,No
5589_2,5589,2024-05-30,2,60,No
5590_0,5590,2024-03-10,7,41,Yes
5591_0,5591,2024-03-03,9,75,No
5591_1,5591,2024-03-04,9,100,No
5592_0,5592,2024-08-25,10,76,Yes
5593_0,5593,2024-12-20,7,60,Yes
5593_1,5593,2024-12-21,3,64,Yes
5593_2,5593,2024-12-22,3,42,No
5594_0,5594,2024-04-21,5,1,No
5594_1,5594,2024-04-22,6,43,No
5595_0,5595,2024-04-22,12,73,No
5595_1,5595,2024-04-23,14,2,Yes
5595_2,5595,2024-04-24,6,77,No
5595_3,5595,2024-04-25,14,71,No
5595_4,5595,2024-04-26,3,120,No
5596_0,5596,2024-02-06,1,96,No
5596_1,5596,2024-02-07,10,68,No
5596_2,5596,2024-02-08,2,81,Yes
5596_3,5596,2024-02-09,14,5,Yes
5596_4,5596,2024-02-10,11,49,No
5597_0,5597,2024-02-27,6,27,No
5597_1,5597,2024-02-28,12,118,No
5598_0,5598,2024-03-03,4,86,Yes
5598_1,5598,2024-03-04,15,68,Yes
5598_2,5598,2024-03-05,5,67,Yes
5599_0,5599,2024-01-23,15,106,No
5600_0,5600,2024-05-14,1,47,No
5601_0,5601,2024-05-20,15,72,No
5601_1,5601,2024-05-21,8,106,No
5601_2,5601,2024-05-22,15,70,Yes
5602_0,5602,2024-06-09,11,49,No
5602_1,5602,2024-06-10,9,54,Yes
5603_0,5603,2024-07-22,14,7,Yes
5603_1,5603,2024-07-23,12,48,No
5604_0,5604,2024-04-04,10,116,No
5604_1,5604,2024-04-05,13,90,No
5604_2,5604,2024-04-06,9,91,Yes
5604_3,5604,2024-04-07,1,34,No
5604_4,5604,2024-04-08,2,7,No
5605_0,5605,2024-12-05,15,2,No
5605_1,5605,2024-12-06,5,40,No
5606_0,5606,2024-04-17,8,103,No
5606_1,5606,2024-04-18,3,33,No
5606_2,5606,2024-04-19,2,76,No
5606_3,5606,2024-04-20,6,17,No
5606_4,5606,2024-04-21,9,24,Yes
5607_0,5607,2024-01-12,6,52,No
5607_1,5607,2024-01-13,11,45,Yes
5607_2,5607,2024-01-14,8,109,No
5608_0,5608,2024-07-13,14,110,Yes
5608_1,5608,2024-07-14,8,84,Yes
5608_2,5608,2024-07-15,5,65,Yes
5608_3,5608,2024-07-16,2,97,No
5608_4,5608,2024-07-17,6,17,No
5609_0,5609,2024-04-30,14,108,Yes
5610_0,5610,2024-06-02,13,73,No
5610_1,5610,2024-06-03,13,64,No
5610_2,5610,2024-06-04,11,24,Yes
5610_3,5610,2024-06-05,1,57,No
5610_4,5610,2024-06-06,1,102,No
5611_0,5611,2024-01-10,14,24,Yes
5611_1,5611,2024-01-11,2,39,Yes
5611_2,5611,2024-01-12,14,26,No
5611_3,5611,2024-01-13,1,26,Yes
5612_0,5612,2024-05-03,10,40,No
5612_1,5612,2024-05-04,10,25,No
5612_2,5612,2024-05-05,15,6,No
5613_0,5613,2024-05-10,9,54,Yes
5613_1,5613,2024-05-11,5,98,No
5613_2,5613,2024-05-12,3,82,No
5613_3,5613,2024-05-13,2,51,Yes
5614_0,5614,2024-08-11,12,53,No
5614_1,5614,2024-08-12,7,52,Yes
5614_2,5614,2024-08-13,8,25,No
5614_3,5614,2024-08-14,6,97,Yes
5614_4,5614,2024-08-15,3,80,Yes
5615_0,5615,2024-01-13,8,45,No
5615_1,5615,2024-01-14,14,90,Yes
5615_2,5615,2024-01-15,7,68,No
5616_0,5616,2024-08-12,12,62,No
5616_1,5616,2024-08-13,8,94,Yes
5616_2,5616,2024-08-14,1,89,No
5617_0,5617,2024-04-28,6,3,No
5617_1,5617,2024-04-29,1,70,Yes
5617_2,5617,2024-04-30,9,33,No
5618_0,5618,2024-05-26,6,44,No
5618_1,5618,2024-05-27,11,98,No
5618_2,5618,2024-05-28,5,91,No
5618_3,5618,2024-05-29,8,31,No
5619_0,5619,2024-08-09,5,69,No
5620_0,5620,2024-05-17,1,117,No
5621_0,5621,2024-01-23,7,39,No
5621_1,5621,2024-01-24,4,39,No
5622_0,5622,2024-06-29,4,56,No
5622_1,5622,2024-06-30,3,71,Yes
5623_0,5623,2024-11-14,8,56,No
5623_1,5623,2024-11-15,15,26,Yes
5623_2,5623,2024-11-16,7,45,Yes
5624_0,5624,2024-01-15,11,108,No
5625_0,5625,2024-11-25,8,117,No
5626_0,5626,2024-07-01,1,79,Yes
5626_1,5626,2024-07-02,12,80,Yes
5627_0,5627,2024-03-11,14,79,No
5627_1,5627,2024-03-12,13,73,No
5628_0,5628,2024-03-02,5,27,No
5629_0,5629,2024-02-14,11,113,Yes
5629_1,5629,2024-02-15,15,1,Yes
5629_2,5629,2024-02-16,14,47,Yes
5629_3,5629,2024-02-17,6,22,No
5630_0,5630,2024-10-15,13,118,Yes
5630_1,5630,2024-10-16,11,3,Yes
5630_2,5630,2024-10-17,4,106,No
5630_3,5630,2024-10-18,14,37,No
5630_4,5630,2024-10-19,11,1,No
5631_0,5631,2024-01-18,9,63,No
5631_1,5631,2024-01-19,13,112,No
5631_2,5631,2024-01-20,7,32,No
5631_3,5631,2024-01-21,11,3,Yes
5631_4,5631,2024-01-22,4,34,Yes
5632_0,5632,2024-10-03,7,81,No
5632_1,5632,2024-10-04,13,63,No
5633_0,5633,2024-06-11,10,106,No
5633_1,5633,2024-06-12,14,55,Yes
5633_2,5633,2024-06-13,8,30,No
5634_0,5634,2024-06-07,1,93,No
5634_1,5634,2024-06-08,8,34,No
5634_2,5634,2024-06-09,11,102,No
5635_0,5635,2024-06-06,15,98,Yes
5635_1,5635,2024-06-07,7,31,No
5635_2,5635,2024-06-08,11,33,No
5635_3,5635,2024-06-09,15,105,No
5636_0,5636,2024-07-25,14,99,No
5636_1,5636,2024-07-26,11,6,No
5637_0,5637,2024-06-29,11,105,No
5637_1,5637,2024-06-30,10,112,No
5637_2,5637,2024-07-01,12,108,Yes
5638_0,5638,2024-11-08,4,76,No
5639_0,5639,2024-05-28,2,89,Yes
5639_1,5639,2024-05-29,6,48,No
5640_0,5640,2024-12-01,15,77,Yes
5640_1,5640,2024-12-02,15,57,No
5641_0,5641,2024-09-05,13,14,No
5641_1,5641,2024-09-06,1,42,No
5641_2,5641,2024-09-07,3,67,No
5641_3,5641,2024-09-08,13,69,No
5641_4,5641,2024-09-09,14,42,No
5642_0,5642,2024-08-28,4,17,No
5642_1,5642,2024-08-29,11,50,Yes
5642_2,5642,2024-08-30,3,14,Yes
5642_3,5642,2024-08-31,13,3,No
5642_4,5642,2024-09-01,9,68,No
5643_0,5643,2024-08-26,12,85,No
5643_1,5643,2024-08-27,14,64,No
5644_0,5644,2024-05-08,8,4,No
5645_0,5645,2024-11-09,4,9,No
5645_1,5645,2024-11-10,11,23,No
5645_2,5645,2024-11-11,8,19,No
5645_3,5645,2024-11-12,5,74,No
5646_0,5646,2024-08-30,1,51,No
5646_1,5646,2024-08-31,15,100,No
5646_2,5646,2024-09-01,7,20,Yes
5647_0,5647,2024-09-26,15,81,No
5647_1,5647,2024-09-27,8,78,No
5647_2,5647,2024-09-28,11,107,No
5647_3,5647,2024-09-29,13,1,No
5648_0,5648,2024-05-27,6,59,Yes
5648_1,5648,2024-05-28,9,54,Yes
5649_0,5649,2024-11-06,2,64,No
5649_1,5649,2024-11-07,2,46,No
5649_2,5649,2024-11-08,12,50,No
5649_3,5649,2024-11-09,15,94,No
5649_4,5649,2024-11-10,5,51,Yes
5650_0,5650,2024-06-15,3,82,No
5651_0,5651,2024-04-03,7,113,No
5651_1,5651,2024-04-04,9,18,No
5652_0,5652,2024-08-01,14,16,No
5652_1,5652,2024-08-02,3,40,No
5652_2,5652,2024-08-03,12,55,No
5653_0,5653,2024-07-04,11,58,No
5653_1,5653,2024-07-05,4,108,No
5653_2,5653,2024-07-06,3,36,No
5653_3,5653,2024-07-07,4,91,No
5654_0,5654,2024-01-06,4,68,No
5654_1,5654,2024-01-07,3,81,Yes
5655_0,5655,2024-12-11,11,105,Yes
5655_1,5655,2024-12-12,9,65,No
5655_2,5655,2024-12-13,14,33,No
5655_3,5655,2024-12-14,2,4,No
5655_4,5655,2024-12-15,9,61,No
5656_0,5656,2024-03-01,9,110,No
5656_1,5656,2024-03-02,6,68,No
5656_2,5656,2024-03-03,6,5,Yes
5656_3,5656,2024-03-04,14,64,No
5656_4,5656,2024-03-05,1,50,Yes
5657_0,5657,2024-02-19,4,95,No
5657_1,5657,2024-02-20,4,55,No
5657_2,5657,2024-02-21,12,23,No
5658_0,5658,2024-01-01,7,20,No
5659_0,5659,2024-11-25,13,34,No
5659_1,5659,2024-11-26,6,62,No
5659_2,5659,2024-11-27,5,14,No
5659_3,5659,2024-11-28,10,71,No
5660_0,5660,2024-08-07,14,67,No
5660_1,5660,2024-08-08,1,7,No
5660_2,5660,2024-08-09,8,82,No
5660_3,5660,2024-08-10,2,74,Yes
5660_4,5660,2024-08-11,2,95,No
5661_0,5661,2024-01-28,8,50,Yes
5661_1,5661,2024-01-29,12,101,No
5661_2,5661,2024-01-30,2,30,No
5662_0,5662,2024-09-08,4,52,Yes
5662_1,5662,2024-09-09,9,63,No
5662_2,5662,2024-09-10,1,84,Yes
5662_3,5662,2024-09-11,1,76,No
5663_0,5663,2024-05-15,14,82,No
5663_1,5663,2024-05-16,13,10,No
5664_0,5664,2024-05-13,15,88,No
5665_0,5665,2024-06-26,13,99,No
5666_0,5666,2024-02-28,8,63,No
5666_1,5666,2024-02-29,7,90,Yes
5667_0,5667,2024-02-26,3,15,No
5668_0,5668,2024-09-07,9,44,No
5668_1,5668,2024-09-08,6,79,Yes
5668_2,5668,2024-09-09,1,43,No
5669_0,5669,2024-02-21,7,25,No
5670_0,5670,2024-01-31,10,83,Yes
5670_1,5670,2024-02-01,3,35,No
5670_2,5670,2024-02-02,12,99,No
5670_3,5670,2024-02-03,4,36,Yes
5671_0,5671,2024-09-24,7,54,No
5671_1,5671,2024-09-25,12,66,No
5671_2,5671,2024-09-26,9,106,Yes
5671_3,5671,2024-09-27,12,76,No
5671_4,5671,2024-09-28,7,10,No
5672_0,5672,2024-06-15,15,23,Yes
5672_1,5672,2024-06-16,9,87,No
5672_2,5672,2024-06-17,5,32,Yes
5672_3,5672,2024-06-18,2,64,No
5673_0,5673,2024-08-09,5,68,No
5673_1,5673,2024-08-10,10,33,No
5673_2,5673,2024-08-11,15,1,No
5673_3,5673,2024-08-12,2,108,Yes
5674_0,5674,2024-08-07,9,43,Yes
5674_1,5674,2024-08-08,12,99,No
5674_2,5674,2024-08-09,14,46,No
5674_3,5674,2024-08-10,8,105,Yes
5675_0,5675,2024-01-05,15,48,Yes
5675_1,5675,2024-01-06,11,92,No
5675_2,5675,2024-01-07,4,100,Yes
5676_0,5676,2024-04-15,7,91,No
5676_1,5676,2024-04-16,1,2,No
5676_2,5676,2024-04-17,4,71,Yes
5676_3,5676,2024-04-18,5,5,No
5677_0,5677,2024-06-27,11,49,Yes
5677_1,5677,2024-06-28,6,16,Yes
5677_2,5677,2024-06-29,11,5,No
5677_3,5677,2024-06-30,3,104,No
5678_0,5678,2024-02-20,15,79,No
5678_1,5678,2024-02-21,2,72,No
5679_0,5679,2024-12-16,10,7,No
5679_1,5679,2024-12-17,12,65,Yes
5680_0,5680,2024-01-03,9,47,No
5680_1,5680,2024-01-04,3,73,No
5680_2,5680,2024-01-05,10,30,No
5680_3,5680,2024-01-06,5,19,Yes
5681_0,5681,2024-05-14,13,102,Yes
5681_1,5681,2024-05-15,5,82,No
5682_0,5682,2024-07-03,15,40,Yes
5683_0,5683,2024-10-05,12,33,Yes
5684_0,5684,2024-06-19,12,100,Yes
5684_1,5684,2024-06-20,12,6,No
5684_2,5684,2024-06-21,2,100,No
5684_3,5684,2024-06-22,8,2,No
5685_0,5685,2024-06-26,10,7,No
5686_0,5686,2024-08-04,6,98,No
5686_1,5686,2024-08-05,9,23,No
5687_0,5687,2024-06-21,11,66,No
5687_1,5687,2024-06-22,14,20,Yes
5687_2,5687,2024-06-23,11,42,No
5687_3,5687,2024-06-24,8,105,No
5687_4,5687,2024-06-25,14,23,Yes
5688_0,5688,2024-08-13,9,57,No
5689_0,5689,2024-08-04,14,86,Yes
5689_1,5689,2024-08-05,13,48,Yes
5689_2,5689,2024-08-06,4,64,No
5689_3,5689,2024-08-07,5,53,No
5690_0,5690,2024-06-05,2,10,No
5690_1,5690,2024-06-06,3,47,No
5691_0,5691,2024-06-11,9,25,No
5691_1,5691,2024-06-12,1,4,Yes
5691_2,5691,2024-06-13,10,111,No
5691_3,5691,2024-06-14,9,75,No
5691_4,5691,2024-06-15,4,97,No
5692_0,5692,2024-06-05,8,116,Yes
5692_1,5692,2024-06-06,4,54,Yes
5692_2,5692,2024-06-07,9,43,No
5693_0,5693,2024-06-21,9,23,No
5693_1,5693,2024-06-22,2,28,No
5693_2,5693,2024-06-23,6,57,No
5693_3,5693,2024-06-24,5,38,Yes
5693_4,5693,2024-06-25,12,26,Yes
5694_0,5694,2024-10-01,10,19,No
5694_1,5694,2024-10-02,15,6,No
5694_2,5694,2024-10-03,11,94,Yes
5694_3,5694,2024-10-04,9,98,No
5695_0,5695,2024-04-25,9,57,No
5695_1,5695,2024-04-26,14,26,Yes
5696_0,5696,2024-03-19,7,98,Yes
5696_1,5696,2024-03-20,5,109,No
5696_2,5696,2024-03-21,2,45,No
5697_0,5697,2024-12-14,7,15,No
5697_1,5697,2024-12-15,4,58,No
5697_2,5697,2024-12-16,2,61,No
5697_3,5697,2024-12-17,1,114,No
5697_4,5697,2024-12-18,2,1,Yes
5698_0,5698,2024-10-07,7,78,No
5698_1,5698,2024-10-08,5,99,Yes
5698_2,5698,2024-10-09,4,36,No
5699_0,5699,2024-11-10,11,103,No
5700_0,5700,2024-03-13,5,112,No
5700_1,5700,2024-03-14,5,103,Yes
5701_0,5701,2024-12-24,13,48,No
5701_1,5701,2024-12-25,8,64,Yes
5701_2,5701,2024-12-26,7,82,No
5701_3,5701,2024-12-27,6,3,Yes
5701_4,5701,2024-12-28,8,117,Yes
5702_0,5702,2024-05-14,13,79,No
5703_0,5703,2024-10-17,13,87,No
5704_0,5704,2024-08-21,13,10,Yes
5704_1,5704,2024-08-22,8,6,No
5704_2,5704,2024-08-23,5,116,No
5704_3,5704,2024-08-24,6,105,No
5705_0,5705,2024-07-16,12,80,No
5705_1,5705,2024-07-17,11,120,No
5705_2,5705,2024-07-18,6,111,No
5705_3,5705,2024-07-19,2,116,No
5705_4,5705,2024-07-20,12,42,No
5706_0,5706,2024-06-08,14,19,No
5706_1,5706,2024-06-09,13,63,No
5706_2,5706,2024-06-10,10,5,No
5706_3,5706,2024-06-11,14,9,No
5706_4,5706,2024-06-12,11,95,No
5707_0,5707,2024-05-06,2,17,Yes
5707_1,5707,2024-05-07,3,20,No
5708_0,5708,2024-12-03,5,74,No
5708_1,5708,2024-12-04,11,57,No
5708_2,5708,2024-12-05,4,78,No
5708_3,5708,2024-12-06,9,35,Yes
5709_0,5709,2024-07-21,8,22,Yes
5709_1,5709,2024-07-22,6,97,No
5709_2,5709,2024-07-23,11,84,No
5709_3,5709,2024-07-24,2,69,No
5710_0,5710,2024-04-05,14,114,No
5711_0,5711,2024-09-16,12,84,No
5711_1,5711,2024-09-17,5,87,Yes
5711_2,5711,2024-09-18,12,82,Yes
5711_3,5711,2024-09-19,13,42,Yes
5712_0,5712,2024-12-20,9,77,No
5712_1,5712,2024-12-21,15,73,No
5712_2,5712,2024-12-22,14,94,Yes
5713_0,5713,2024-09-25,1,71,No
5713_1,5713,2024-09-26,7,48,No
5714_0,5714,2024-09-07,12,33,No
5714_1,5714,2024-09-08,4,114,No
5714_2,5714,2024-09-09,14,74,Yes
5715_0,5715,2024-11-25,8,7,Yes
5715_1,5715,2024-11-26,9,8,No
5715_2,5715,2024-11-27,11,39,No
5716_0,5716,2024-07-15,3,103,No
5717_0,5717,2024-08-18,9,96,No
5718_0,5718,2024-05-26,3,113,No
5718_1,5718,2024-05-27,3,70,No
5719_0,5719,2024-12-05,3,61,Yes
5719_1,5719,2024-12-06,14,69,No
5719_2,5719,2024-12-07,2,6,No
5719_3,5719,2024-12-08,3,85,No
5719_4,5719,2024-12-09,9,48,No
5720_0,5720,2024-02-26,10,109,No
5721_0,5721,2024-05-16,12,61,No
5721_1,5721,2024-05-17,7,9,No
5721_2,5721,2024-05-18,13,51,Yes
5722_0,5722,2024-07-09,10,93,No
5722_1,5722,2024-07-10,11,71,Yes
5722_2,5722,2024-07-11,11,103,No
5723_0,5723,2024-11-26,6,120,Yes
5723_1,5723,2024-11-27,14,86,No
5723_2,5723,2024-11-28,6,62,No
5723_3,5723,2024-11-29,15,71,Yes
5723_4,5723,2024-11-30,10,2,Yes
5724_0,5724,2024-08-19,15,95,Yes
5725_0,5725,2024-08-18,5,114,No
5725_1,5725,2024-08-19,1,37,No
5725_2,5725,2024-08-20,14,46,No
5725_3,5725,2024-08-21,14,71,No
5726_0,5726,2024-06-03,1,35,No
5726_1,5726,2024-06-04,9,71,Yes
5726_2,5726,2024-06-05,11,57,No
5726_3,5726,2024-06-06,7,33,No
5726_4,5726,2024-06-07,12,72,No
5727_0,5727,2024-12-05,13,37,No
5727_1,5727,2024-12-06,12,86,No
5727_2,5727,2024-12-07,9,16,No
5728_0,5728,2024-11-14,11,9,No
5728_1,5728,2024-11-15,6,109,Yes
5728_2,5728,2024-11-16,10,42,No
5729_0,5729,2024-08-01,8,92,No
5730_0,5730,2024-07-16,9,6,Yes
5730_1,5730,2024-07-17,9,119,No
5730_2,5730,2024-07-18,8,39,Yes
5730_3,5730,2024-07-19,9,90,No
5731_0,5731,2024-04-27,5,22,Yes
5731_1,5731,2024-04-28,11,26,Yes
5732_0,5732,2024-09-14,1,62,No
5732_1,5732,2024-09-15,3,56,No
5733_0,5733,2024-11-26,11,33,No
5734_0,5734,2024-11-29,4,77,No
5734_1,5734,2024-11-30,2,104,No
5735_0,5735,2024-08-08,4,95,Yes
5735_1,5735,2024-08-09,1,63,Yes
5735_2,5735,2024-08-10,6,55,Yes
5735_3,5735,2024-08-11,9,105,No
5735_4,5735,2024-08-12,9,26,No
5736_0,5736,2024-07-18,9,93,No
5736_1,5736,2024-07-19,3,36,No
5736_2,5736,2024-07-20,7,73,Yes
5737_0,5737,2024-02-01,12,115,Yes
5737_1,5737,2024-02-02,14,106,Yes
5738_0,5738,2024-02-08,11,77,No
5738_1,5738,2024-02-09,4,16,No
5738_2,5738,2024-02-10,13,7,No
5738_3,5738,2024-02-11,1,110,No
5739_0,5739,2024-04-04,7,111,No
5739_1,5739,2024-04-05,13,85,No
5739_2,5739,2024-04-06,9,3,No
5740_0,5740,2024-07-02,1,64,Yes
5741_0,5741,2024-07-10,1,67,No
5741_1,5741,2024-07-11,14,71,No
5741_2,5741,2024-07-12,11,113,No
5741_3,5741,2024-07-13,13,52,No
5742_0,5742,2024-07-27,2,82,No
5742_1,5742,2024-07-28,10,66,No
5742_2,5742,2024-07-29,11,20,Yes
5743_0,5743,2024-01-18,8,47,No
5744_0,5744,2024-12-22,10,81,No
5744_1,5744,2024-12-23,10,34,Yes
5744_2,5744,2024-12-24,11,60,Yes
5744_3,5744,2024-12-25,5,116,No
5745_0,5745,2024-06-02,5,120,No
5745_1,5745,2024-06-03,14,119,No
5745_2,5745,2024-06-04,4,52,No
5745_3,5745,2024-06-05,15,14,No
5745_4,5745,2024-06-06,7,101,No
5746_0,5746,2024-09-09,13,88,No
5747_0,5747,2024-01-25,15,52,No
5747_1,5747,2024-01-26,7,105,Yes
5747_2,5747,2024-01-27,15,79,Yes
5747_3,5747,2024-01-28,1,103,No
5747_4,5747,2024-01-29,1,18,No
5748_0,5748,2024-01-09,7,83,No
5748_1,5748,2024-01-10,14,118,No
5748_2,5748,2024-01-11,2,113,No
5748_3,5748,2024-01-12,10,15,Yes
5749_0,5749,2024-11-21,6,54,No
5750_0,5750,2024-06-14,2,4,No
5750_1,5750,2024-06-15,4,42,No
5750_2,5750,2024-06-16,14,44,No
5750_3,5750,2024-06-17,15,4,No
5750_4,5750,2024-06-18,8,3,No
5751_0,5751,2024-01-16,8,69,No
5751_1,5751,2024-01-17,15,62,Yes
5752_0,5752,2024-03-19,12,21,No
5752_1,5752,2024-03-20,13,14,Yes
5753_0,5753,2024-03-20,13,31,Yes
5753_1,5753,2024-03-21,2,39,No
5753_2,5753,2024-03-22,6,5,No
5753_3,5753,2024-03-23,7,79,Yes
5753_4,5753,2024-03-24,3,53,No
5754_0,5754,2024-04-13,7,22,No
5754_1,5754,2024-04-14,7,104,No
5754_2,5754,2024-04-15,5,13,No
5754_3,5754,2024-04-16,15,11,No
5754_4,5754,2024-04-17,11,46,No
5755_0,5755,2024-04-24,4,37,Yes
5755_1,5755,2024-04-25,3,95,No
5756_0,5756,2024-09-01,3,109,Yes
5756_1,5756,2024-09-02,14,69,No
5757_0,5757,2024-10-25,5,33,No
5757_1,5757,2024-10-26,11,25,No
5757_2,5757,2024-10-27,3,94,Yes
5758_0,5758,2024-03-28,13,15,No
5758_1,5758,2024-03-29,8,56,No
5758_2,5758,2024-03-30,4,117,No
5758_3,5758,2024-03-31,11,24,Yes
5758_4,5758,2024-04-01,7,32,No
5759_0,5759,2024-06-17,2,117,Yes
5760_0,5760,2024-03-03,9,8,Yes
5761_0,5761,2024-10-14,12,80,Yes
5761_1,5761,2024-10-15,15,23,No
5761_2,5761,2024-10-16,8,120,No
5761_3,5761,2024-10-17,10,118,No
5762_0,5762,2024-01-03,8,45,No
5763_0,5763,2024-01-04,1,12,No
5763_1,5763,2024-01-05,11,67,Yes
5763_2,5763,2024-01-06,6,28,No
5764_0,5764,2024-10-28,12,97,No
5764_1,5764,2024-10-29,1,49,Yes
5764_2,5764,2024-10-30,6,20,Yes
5765_0,5765,2024-12-15,6,30,No
5766_0,5766,2024-11-25,6,79,No
5766_1,5766,2024-11-26,4,47,No
5767_0,5767,2024-11-08,12,21,Yes
5767_1,5767,2024-11-09,12,78,No
5767_2,5767,2024-11-10,12,19,Yes
5767_3,5767,2024-11-11,8,102,No
5767_4,5767,2024-11-12,1,78,No
5768_0,5768,2024-12-15,7,97,No
5768_1,5768,2024-12-16,15,41,No
5769_0,5769,2024-08-17,1,37,No
5769_1,5769,2024-08-18,1,1,Yes
5769_2,5769,2024-08-19,3,106,No
5770_0,5770,2024-08-13,6,51,No
5770_1,5770,2024-08-14,12,100,No
5770_2,5770,2024-08-15,4,71,No
5770_3,5770,2024-08-16,12,59,Yes
5771_0,5771,2024-01-11,12,120,No
5771_1,5771,2024-01-12,12,53,No
5771_2,5771,2024-01-13,13,30,Yes
5771_3,5771,2024-01-14,14,117,Yes
5771_4,5771,2024-01-15,6,112,Yes
5772_0,5772,2024-12-16,11,36,Yes
5773_0,5773,2024-07-11,11,75,No
5773_1,5773,2024-07-12,15,98,No
5773_2,5773,2024-07-13,9,120,No
5774_0,5774,2024-09-29,13,111,No
5774_1,5774,2024-09-30,2,61,Yes
5774_2,5774,2024-10-01,14,110,Yes
5775_0,5775,2024-12-20,9,3,No
5775_1,5775,2024-12-21,14,89,No
5775_2,5775,2024-12-22,11,116,Yes
5775_3,5775,2024-12-23,12,24,No
5776_0,5776,2024-10-22,1,60,No
5776_1,5776,2024-10-23,6,26,Yes
5776_2,5776,2024-10-24,5,11,Yes
5777_0,5777,2024-04-17,13,60,No
5777_1,5777,2024-04-18,10,3,No
5777_2,5777,2024-04-19,3,56,No
5778_0,5778,2024-03-24,2,33,No
5779_0,5779,2024-09-14,12,91,No
5779_1,5779,2024-09-15,7,15,Yes
5779_2,5779,2024-09-16,10,4,No
5779_3,5779,2024-09-17,11,53,No
5779_4,5779,2024-09-18,11,69,No
5780_0,5780,2024-01-13,2,35,No
5780_1,5780,2024-01-14,1,45,Yes
5780_2,5780,2024-01-15,5,82,No
5780_3,5780,2024-01-16,14,38,Yes
5781_0,5781,2024-05-17,5,117,Yes
5781_1,5781,2024-05-18,15,67,No
5781_2,5781,2024-05-19,7,74,No
5781_3,5781,2024-05-20,14,98,Yes
5782_0,5782,2024-01-14,12,52,No
5782_1,5782,2024-01-15,8,109,No
5783_0,5783,2024-01-19,5,67,No
5783_1,5783,2024-01-20,4,59,No
5783_2,5783,2024-01-21,12,99,Yes
5784_0,5784,2024-06-20,6,42,No
5785_0,5785,2024-09-01,11,4,No
5785_1,5785,2024-09-02,9,49,Yes
5786_0,5786,2024-02-27,2,72,No
5786_1,5786,2024-02-28,6,100,Yes
5786_2,5786,2024-02-29,15,104,Yes
5787_0,5787,2024-10-16,5,56,No
5787_1,5787,2024-10-17,12,87,No
5788_0,5788,2024-08-17,2,89,No
5788_1,5788,2024-08-18,11,108,No
5788_2,5788,2024-08-19,6,31,No
5789_0,5789,2024-11-07,4,70,No
5789_1,5789,2024-11-08,2,51,No
5789_2,5789,2024-11-09,4,25,Yes
5789_3,5789,2024-11-10,2,28,No
5789_4,5789,2024-11-11,4,70,No
5790_0,5790,2024-11-17,8,41,Yes
5790_1,5790,2024-11-18,5,44,Yes
5790_2,5790,2024-11-19,15,14,No
5790_3,5790,2024-11-20,4,108,No
5790_4,5790,2024-11-21,1,61,No
5791_0,5791,2024-11-16,11,96,Yes
5791_1,5791,2024-11-17,5,44,No
5791_2,5791,2024-11-18,11,84,No
5791_3,5791,2024-11-19,3,119,Yes
5791_4,5791,2024-11-20,3,62,No
5792_0,5792,2024-12-01,9,113,Yes
5792_1,5792,2024-12-02,5,96,No
5792_2,5792,2024-12-03,5,76,No
5793_0,5793,2024-05-04,12,46,No
5793_1,5793,2024-05-05,10,19,No
5793_2,5793,2024-05-06,12,117,No
5794_0,5794,2024-04-17,9,87,No
5795_0,5795,2024-02-23,12,48,No
5796_0,5796,2024-12-27,10,111,No
5797_0,5797,2024-07-22,9,13,Yes
5797_1,5797,2024-07-23,14,98,Yes
5797_2,5797,2024-07-24,10,50,Yes
5797_3,5797,2024-07-25,10,68,No
5798_0,5798,2024-02-06,1,70,No
5798_1,5798,2024-02-07,14,86,Yes
5798_2,5798,2024-02-08,9,25,No
5799_0,5799,2024-09-25,7,60,No
5799_1,5799,2024-09-26,15,7,Yes
5799_2,5799,2024-09-27,9,82,Yes
5799_3,5799,2024-09-28,1,86,No
5799_4,5799,2024-09-29,11,83,No
5800_0,5800,2024-04-18,7,61,Yes
5800_1,5800,2024-04-19,15,47,Yes
5800_2,5800,2024-04-20,1,26,Yes
5800_3,5800,2024-04-21,5,91,No
5800_4,5800,2024-04-22,14,22,No
5801_0,5801,2024-08-12,1,43,No
5801_1,5801,2024-08-13,7,113,Yes
5801_2,5801,2024-08-14,15,33,No
5801_3,5801,2024-08-15,15,104,Yes
5802_0,5802,2024-08-18,9,86,Yes
5802_1,5802,2024-08-19,8,58,Yes
5802_2,5802,2024-08-20,10,75,No
5803_0,5803,2024-09-17,7,41,No
5803_1,5803,2024-09-18,6,7,No
5804_0,5804,2024-01-04,9,67,No
5804_1,5804,2024-01-05,2,14,No
5804_2,5804,2024-01-06,2,53,Yes
5805_0,5805,2024-04-03,7,45,No
5805_1,5805,2024-04-04,4,34,No
5805_2,5805,2024-04-05,13,63,No
5805_3,5805,2024-04-06,3,24,No
5806_0,5806,2024-09-17,8,86,No
5806_1,5806,2024-09-18,15,40,No
5806_2,5806,2024-09-19,5,5,Yes
5806_3,5806,2024-09-20,9,116,No
5806_4,5806,2024-09-21,4,103,No
5807_0,5807,2024-11-21,12,36,Yes
5807_1,5807,2024-11-22,8,70,No
5808_0,5808,2024-01-04,1,1,No
5808_1,5808,2024-01-05,6,104,No
5808_2,5808,2024-01-06,11,3,Yes
5808_3,5808,2024-01-07,3,60,Yes
5809_0,5809,2024-09-09,1,26,No
5809_1,5809,2024-09-10,12,19,No
5810_0,5810,2024-04-29,13,45,Yes
5810_1,5810,2024-04-30,15,116,Yes
5810_2,5810,2024-05-01,6,116,No
5811_0,5811,2024-11-28,2,61,Yes
5812_0,5812,2024-02-12,13,113,No
5812_1,5812,2024-02-13,4,116,No
5813_0,5813,2024-04-30,7,9,No
5814_0,5814,2024-04-01,6,92,Yes
5815_0,5815,2024-10-19,1,11,Yes
5815_1,5815,2024-10-20,5,101,Yes
5815_2,5815,2024-10-21,5,9,No
5815_3,5815,2024-10-22,8,47,No
5815_4,5815,2024-10-23,11,92,No
5816_0,5816,2024-01-15,2,90,Yes
5816_1,5816,2024-01-16,6,89,No
5816_2,5816,2024-01-17,13,91,No
5816_3,5816,2024-01-18,13,112,No
5817_0,5817,2024-11-18,1,14,No
5817_1,5817,2024-11-19,6,101,No
5817_2,5817,2024-11-20,8,104,No
5818_0,5818,2024-05-30,4,112,No
5818_1,5818,2024-05-31,14,88,No
5818_2,5818,2024-06-01,2,27,Yes
5818_3,5818,2024-06-02,5,58,No
5819_0,5819,2024-01-21,1,4,No
5820_0,5820,2024-05-10,1,12,No
5820_1,5820,2024-05-11,10,79,No
5820_2,5820,2024-05-12,14,98,No
5820_3,5820,2024-05-13,12,104,Yes
5820_4,5820,2024-05-14,15,94,No
5821_0,5821,2024-10-18,11,24,No
5821_1,5821,2024-10-19,10,92,No
5821_2,5821,2024-10-20,14,92,No
5821_3,5821,2024-10-21,13,103,No
5821_4,5821,2024-10-22,11,108,No
5822_0,5822,2024-07-30,13,15,No
5822_1,5822,2024-07-31,2,43,Yes
5823_0,5823,2024-06-26,2,6,No
5823_1,5823,2024-06-27,14,105,No
5824_0,5824,2024-10-05,15,100,No
5824_1,5824,2024-10-06,15,17,No
5824_2,5824,2024-10-07,12,76,Yes
5824_3,5824,2024-10-08,14,97,No
5825_0,5825,2024-11-27,7,34,Yes
5825_1,5825,2024-11-28,8,95,No
5825_2,5825,2024-11-29,13,101,No
5826_0,5826,2024-11-06,7,103,No
5827_0,5827,2024-01-20,7,87,Yes
5827_1,5827,2024-01-21,9,35,No
5827_2,5827,2024-01-22,10,111,No
5827_3,5827,2024-01-23,13,99,Yes
5828_0,5828,2024-11-25,5,67,No
5828_1,5828,2024-11-26,12,3,No
5828_2,5828,2024-11-27,12,82,No
5828_3,5828,2024-11-28,9,12,No
5829_0,5829,2024-05-30,15,65,No
5829_1,5829,2024-05-31,13,20,No
5829_2,5829,2024-06-01,3,95,Yes
5829_3,5829,2024-06-02,7,101,No
5829_4,5829,2024-06-03,5,70,Yes
5830_0,5830,2024-08-27,2,35,Yes
5830_1,5830,2024-08-28,9,71,Yes
5830_2,5830,2024-08-29,10,73,Yes
5830_3,5830,2024-08-30,2,89,No
5831_0,5831,2024-02-05,12,70,Yes
5831_1,5831,2024-02-06,14,109,Yes
5832_0,5832,2024-07-10,5,28,No
5832_1,5832,2024-07-11,5,85,No
5833_0,5833,2024-03-19,10,2,No
5834_0,5834,2024-05-21,8,98,Yes
5834_1,5834,2024-05-22,7,18,No
5834_2,5834,2024-05-23,13,30,No
5835_0,5835,2024-01-01,13,101,No
5835_1,5835,2024-01-02,1,94,Yes
5835_2,5835,2024-01-03,13,51,Yes
5835_3,5835,2024-01-04,13,23,Yes
5836_0,5836,2024-03-31,10,3,No
5836_1,5836,2024-04-01,10,54,Yes
5836_2,5836,2024-04-02,5,84,No
5837_0,5837,2024-04-21,1,118,No
5837_1,5837,2024-04-22,15,56,No
5837_2,5837,2024-04-23,14,8,No
5838_0,5838,2024-06-23,2,53,No
5838_1,5838,2024-06-24,14,12,Yes
5838_2,5838,2024-06-25,4,36,No
5838_3,5838,2024-06-26,11,29,No
5838_4,5838,2024-06-27,6,104,Yes
5839_0,5839,2024-07-19,1,19,Yes
5839_1,5839,2024-07-20,9,105,No
5840_0,5840,2024-08-20,4,32,Yes
5841_0,5841,2024-12-02,9,92,Yes
5841_1,5841,2024-12-03,14,59,No
5841_2,5841,2024-12-04,3,68,No
5841_3,5841,2024-12-05,13,107,No
5842_0,5842,2024-02-05,2,111,No
5842_1,5842,2024-02-06,4,17,No
5842_2,5842,2024-02-07,13,97,No
5842_3,5842,2024-02-08,2,32,No
5842_4,5842,2024-02-09,10,118,Yes
5843_0,5843,2024-10-24,4,85,No
5843_1,5843,2024-10-25,15,6,No
5843_2,5843,2024-10-26,4,31,No
5843_3,5843,2024-10-27,8,103,No
5844_0,5844,2024-03-14,13,19,No
5844_1,5844,2024-03-15,7,82,No
5845_0,5845,2024-11-10,6,47,No
5846_0,5846,2024-08-17,13,71,No
5846_1,5846,2024-08-18,1,75,Yes
5846_2,5846,2024-08-19,2,75,No
5846_3,5846,2024-08-20,14,45,Yes
5846_4,5846,2024-08-21,14,89,No
5847_0,5847,2024-06-22,13,16,No
5847_1,5847,2024-06-23,15,42,No
5848_0,5848,2024-11-16,7,79,Yes
5848_1,5848,2024-11-17,7,85,Yes
5849_0,5849,2024-08-12,3,7,No
5849_1,5849,2024-08-13,10,37,No
5849_2,5849,2024-08-14,4,38,Yes
5849_3,5849,2024-08-15,3,111,No
5850_0,5850,2024-02-18,3,13,No
5850_1,5850,2024-02-19,8,10,No
5851_0,5851,2024-05-10,15,43,No
5851_1,5851,2024-05-11,3,117,Yes
5852_0,5852,2024-09-24,15,34,Yes
5852_1,5852,2024-09-25,13,60,No
5853_0,5853,2024-10-13,4,29,No
5853_1,5853,2024-10-14,11,6,No
5854_0,5854,2024-11-19,12,69,Yes
5855_0,5855,2024-06-04,14,79,No
5855_1,5855,2024-06-05,1,42,Yes
5855_2,5855,2024-06-06,7,91,No
5855_3,5855,2024-06-07,8,43,No
5855_4,5855,2024-06-08,9,47,Yes
5856_0,5856,2024-07-03,1,62,Yes
5857_0,5857,2024-03-21,3,6,No
5857_1,5857,2024-03-22,14,77,No
5857_2,5857,2024-03-23,1,30,No
5857_3,5857,2024-03-24,8,79,Yes
5857_4,5857,2024-03-25,10,76,Yes
5858_0,5858,2024-01-18,10,54,Yes
5858_1,5858,2024-01-19,13,33,No
5858_2,5858,2024-01-20,1,92,Yes
5859_0,5859,2024-12-22,12,85,No
5859_1,5859,2024-12-23,3,13,No
5859_2,5859,2024-12-24,3,111,No
5860_0,5860,2024-03-04,11,61,Yes
5861_0,5861,2024-02-29,13,80,No
5862_0,5862,2024-07-23,14,72,No
5862_1,5862,2024-07-24,4,1,No
5862_2,5862,2024-07-25,9,114,No
5862_3,5862,2024-07-26,10,15,No
5863_0,5863,2024-02-08,7,14,No
5864_0,5864,2024-06-05,7,106,No
5864_1,5864,2024-06-06,14,89,No
5864_2,5864,2024-06-07,2,11,No
5864_3,5864,2024-06-08,1,96,Yes
5865_0,5865,2024-06-30,7,91,Yes
5865_1,5865,2024-07-01,10,97,Yes
5865_2,5865,2024-07-02,14,54,No
5865_3,5865,2024-07-03,1,47,No
5865_4,5865,2024-07-04,8,79,No
5866_0,5866,2024-07-08,5,34,No
5866_1,5866,2024-07-09,1,6,No
5867_0,5867,2024-02-25,6,64,No
5867_1,5867,2024-02-26,7,30,Yes
5868_0,5868,2024-02-14,4,75,No
5868_1,5868,2024-02-15,2,55,No
5868_2,5868,2024-02-16,10,11,Yes
5869_0,5869,2024-05-14,14,96,No
5870_0,5870,2024-10-11,15,49,Yes
5870_1,5870,2024-10-12,13,109,Yes
5870_2,5870,2024-10-13,8,96,Yes
5870_3,5870,2024-10-14,12,84,Yes
5870_4,5870,2024-10-15,3,38,Yes
5871_0,5871,2024-03-05,7,99,No
5871_1,5871,2024-03-06,7,7,Yes
5871_2,5871,2024-03-07,10,52,Yes
5872_0,5872,2024-02-17,15,93,No
5872_1,5872,2024-02-18,10,80,Yes
5873_0,5873,2024-05-12,9,76,Yes
5873_1,5873,2024-05-13,5,16,No
5873_2,5873,2024-05-14,10,66,No
5873_3,5873,2024-05-15,3,105,No
5874_0,5874,2024-10-15,12,63,Yes
5875_0,5875,2024-08-27,8,35,Yes
5875_1,5875,2024-08-28,10,110,Yes
5876_0,5876,2024-09-26,3,29,No
5876_1,5876,2024-09-27,4,59,No
5877_0,5877,2024-06-18,11,85,No
5877_1,5877,2024-06-19,6,50,No
5877_2,5877,2024-06-20,13,102,No
5877_3,5877,2024-06-21,9,104,No
5878_0,5878,2024-01-11,12,89,Yes
5878_1,5878,2024-01-12,2,32,Yes
5879_0,5879,2024-12-05,7,104,Yes
5880_0,5880,2024-12-20,13,75,No
5880_1,5880,2024-12-21,12,90,No
5880_2,5880,2024-12-22,15,22,No
5880_3,5880,2024-12-23,4,118,No
5881_0,5881,2024-02-20,5,41,No
5882_0,5882,2024-11-18,10,51,No
5882_1,5882,2024-11-19,5,111,No
5882_2,5882,2024-11-20,14,55,Yes
5883_0,5883,2024-11-01,12,48,No
5883_1,5883,2024-11-02,12,64,No
5883_2,5883,2024-11-03,4,11,No
5883_3,5883,2024-11-04,14,11,Yes
5884_0,5884,2024-05-12,2,19,No
5885_0,5885,2024-01-19,9,42,Yes
5885_1,5885,2024-01-20,10,42,No
5885_2,5885,2024-01-21,7,48,No
5885_3,5885,2024-01-22,4,96,No
5885_4,5885,2024-01-23,3,72,No
5886_0,5886,2024-03-22,14,84,Yes
5886_1,5886,2024-03-23,8,29,Yes
5886_2,5886,2024-03-24,4,18,No
5886_3,5886,2024-03-25,9,118,No
5886_4,5886,2024-03-26,15,35,Yes
5887_0,5887,2024-09-05,10,24,No
5887_1,5887,2024-09-06,4,117,No
5887_2,5887,2024-09-07,1,36,Yes
5888_0,5888,2024-11-06,1,103,Yes
5888_1,5888,2024-11-07,6,7,No
5888_2,5888,2024-11-08,9,107,No
5889_0,5889,2024-08-21,2,8,Yes
5889_1,5889,2024-08-22,2,1,No
5890_0,5890,2024-06-10,9,23,No
5890_1,5890,2024-06-11,6,15,No
5890_2,5890,2024-06-12,9,108,No
5891_0,5891,2024-11-13,9,49,Yes
5891_1,5891,2024-11-14,11,59,No
5891_2,5891,2024-11-15,14,76,No
5891_3,5891,2024-11-16,3,61,No
5891_4,5891,2024-11-17,3,42,Yes
5892_0,5892,2024-08-10,9,31,No
5892_1,5892,2024-08-11,11,100,No
5892_2,5892,2024-08-12,11,32,Yes
5892_3,5892,2024-08-13,12,52,No
5893_0,5893,2024-04-07,15,97,No
5893_1,5893,2024-04-08,3,33,No
5893_2,5893,2024-04-09,5,32,No
5893_3,5893,2024-04-10,12,18,No
5893_4,5893,2024-04-11,6,103,No
5894_0,5894,2024-08-12,14,33,No
5894_1,5894,2024-08-13,15,79,No
5894_2,5894,2024-08-14,9,52,Yes
5895_0,5895,2024-08-11,15,115,No
5895_1,5895,2024-08-12,12,106,Yes
5895_2,5895,2024-08-13,13,48,Yes
5895_3,5895,2024-08-14,11,69,No
5896_0,5896,2024-06-05,2,43,No
5896_1,5896,2024-06-06,12,83,No
5896_2,5896,2024-06-07,11,12,No
5896_3,5896,2024-06-08,11,104,No
5897_0,5897,2024-06-29,6,118,No
5897_1,5897,2024-06-30,1,67,No
5898_0,5898,2024-12-17,10,35,No
5898_1,5898,2024-12-18,1,40,Yes
5898_2,5898,2024-12-19,9,38,No
5899_0,5899,2024-01-11,3,28,Yes
5900_0,5900,2024-05-06,7,30,No
5900_1,5900,2024-05-07,11,44,No
5900_2,5900,2024-05-08,4,8,Yes
5900_3,5900,2024-05-09,14,41,No
5901_0,5901,2024-12-06,14,43,No
5901_1,5901,2024-12-07,12,91,No
5901_2,5901,2024-12-08,13,61,No
5901_3,5901,2024-12-09,6,86,Yes
5902_0,5902,2024-01-28,7,102,No
5902_1,5902,2024-01-29,7,68,Yes
5902_2,5902,2024-01-30,6,72,No
5902_3,5902,2024-01-31,2,104,No
5902_4,5902,2024-02-01,2,15,Yes
5903_0,5903,2024-05-26,10,72,Yes
5903_1,5903,2024-05-27,7,53,No
5903_2,5903,2024-05-28,7,20,No
5903_3,5903,2024-05-29,6,63,No
5904_0,5904,2024-03-17,15,104,No
5904_1,5904,2024-03-18,5,30,No
5904_2,5904,2024-03-19,8,40,No
5905_0,5905,2024-06-02,11,3,No
5905_1,5905,2024-06-03,11,100,No
5905_2,5905,2024-06-04,13,70,No
5905_3,5905,2024-06-05,3,89,No
5905_4,5905,2024-06-06,7,58,No
5906_0,5906,2024-04-25,14,16,Yes
5906_1,5906,2024-04-26,3,120,Yes
5907_0,5907,2024-06-10,7,56,Yes
5907_1,5907,2024-06-11,11,66,No
5907_2,5907,2024-06-12,1,66,No
5907_3,5907,2024-06-13,1,107,No
5907_4,5907,2024-06-14,9,1,No
5908_0,5908,2024-10-02,10,105,No
5908_1,5908,2024-10-03,6,42,No
5908_2,5908,2024-10-04,12,68,No
5909_0,5909,2024-03-01,10,4,Yes
5909_1,5909,2024-03-02,5,10,Yes
5909_2,5909,2024-03-03,15,93,No
5909_3,5909,2024-03-04,1,75,No
5909_4,5909,2024-03-05,12,24,No
5910_0,5910,2024-08-16,2,32,No
5910_1,5910,2024-08-17,15,105,Yes
5910_2,5910,2024-08-18,5,111,No
5910_3,5910,2024-08-19,1,16,No
5910_4,5910,2024-08-20,4,80,No
5911_0,5911,2024-04-17,5,34,Yes
5911_1,5911,2024-04-18,11,89,Yes
5911_2,5911,2024-04-19,15,30,No
5911_3,5911,2024-04-20,7,86,No
5912_0,5912,2024-02-05,1,29,Yes
5912_1,5912,2024-02-06,11,37,No
5912_2,5912,2024-02-07,10,75,Yes
5912_3,5912,2024-02-08,10,81,Yes
5913_0,5913,2024-05-22,12,8,No
5913_1,5913,2024-05-23,11,14,Yes
5914_0,5914,2024-02-17,8,86,Yes
5914_1,5914,2024-02-18,12,58,No
5914_2,5914,2024-02-19,2,17,No
5914_3,5914,2024-02-20,1,77,No
5915_0,5915,2024-01-24,14,22,No
5916_0,5916,2024-02-18,2,80,Yes
5916_1,5916,2024-02-19,9,60,No
5916_2,5916,2024-02-20,1,87,No
5917_0,5917,2024-10-20,5,37,No
5917_1,5917,2024-10-21,15,90,Yes
5917_2,5917,2024-10-22,4,10,No
5917_3,5917,2024-10-23,8,1,No
5917_4,5917,2024-10-24,3,70,Yes
5918_0,5918,2024-12-28,6,112,No
5918_1,5918,2024-12-29,4,13,No
5919_0,5919,2024-03-29,5,17,No
5919_1,5919,2024-03-30,2,91,No
5920_0,5920,2024-11-28,7,42,No
5920_1,5920,2024-11-29,13,21,No
5921_0,5921,2024-12-17,2,7,No
5922_0,5922,2024-10-31,9,38,Yes
5923_0,5923,2024-10-11,1,20,Yes
5923_1,5923,2024-10-12,5,107,No
5923_2,5923,2024-10-13,10,28,No
5923_3,5923,2024-10-14,14,43,No
5924_0,5924,2024-04-26,11,18,No
5924_1,5924,2024-04-27,8,24,No
5924_2,5924,2024-04-28,12,10,No
5924_3,5924,2024-04-29,7,18,No
5925_0,5925,2024-09-07,15,31,No
5926_0,5926,2024-03-09,13,55,No
5926_1,5926,2024-03-10,2,27,No
5926_2,5926,2024-03-11,6,92,No
5926_3,5926,2024-03-12,6,54,No
5926_4,5926,2024-03-13,7,14,No
5927_0,5927,2024-01-26,1,83,Yes
5927_1,5927,2024-01-27,9,29,No
5927_2,5927,2024-01-28,14,65,No
5927_3,5927,2024-01-29,14,43,No
5928_0,5928,2024-04-19,7,91,No
5928_1,5928,2024-04-20,9,58,No
5929_0,5929,2024-05-13,4,43,No
5929_1,5929,2024-05-14,10,21,No
5929_2,5929,2024-05-15,4,14,Yes
5929_3,5929,2024-05-16,5,111,No
5930_0,5930,2024-10-05,4,39,Yes
5930_1,5930,2024-10-06,15,92,Yes
5930_2,5930,2024-10-07,11,12,No
5930_3,5930,2024-10-08,10,64,No
5931_0,5931,2024-08-28,4,16,No
5931_1,5931,2024-08-29,3,80,No
5931_2,5931,2024-08-30,6,55,No
5931_3,5931,2024-08-31,10,38,Yes
5931_4,5931,2024-09-01,3,19,No
5932_0,5932,2024-01-08,11,60,No
5932_1,5932,2024-01-09,2,11,No
5932_2,5932,2024-01-10,8,53,No
5932_3,5932,2024-01-11,11,65,Yes
5932_4,5932,2024-01-12,14,79,No
5933_0,5933,2024-09-02,15,120,Yes
5933_1,5933,2024-09-03,14,31,No
5933_2,5933,2024-09-04,2,30,No
5933_3,5933,2024-09-05,15,71,No
5934_0,5934,2024-01-24,3,53,No
5934_1,5934,2024-01-25,13,49,No
5935_0,5935,2024-01-11,7,110,Yes
5935_1,5935,2024-01-12,4,3,No
5935_2,5935,2024-01-13,14,83,No
5935_3,5935,2024-01-14,9,28,No
5935_4,5935,2024-01-15,12,4,No
5936_0,5936,2024-06-05,6,101,No
5936_1,5936,2024-06-06,4,73,Yes
5936_2,5936,2024-06-07,8,14,No
5936_3,5936,2024-06-08,4,115,No
5937_0,5937,2024-12-19,8,26,Yes
5938_0,5938,2024-09-08,14,19,No
5939_0,5939,2024-12-25,9,29,Yes
5939_1,5939,2024-12-26,15,113,Yes
5939_2,5939,2024-12-27,6,102,Yes
5940_0,5940,2024-10-17,15,57,No
5941_0,5941,2024-05-07,10,59,No
5941_1,5941,2024-05-08,15,89,No
5941_2,5941,2024-05-09,3,32,No
5941_3,5941,2024-05-10,3,37,No
5941_4,5941,2024-05-11,4,83,No
5942_0,5942,2024-01-30,1,9,No
5942_1,5942,2024-01-31,9,57,No
5943_0,5943,2024-03-16,6,110,No
5944_0,5944,2024-12-04,9,37,No
5944_1,5944,2024-12-05,9,109,No
5945_0,5945,2024-03-09,12,31,No
5946_0,5946,2024-12-29,7,102,No
5946_1,5946,2024-12-30,1,36,No
5946_2,5946,2024-12-31,10,16,No
5946_3,5946,2025-01-01,2,65,Yes
5946_4,5946,2025-01-02,5,10,No
5947_0,5947,2024-12-17,3,19,No
5947_1,5947,2024-12-18,11,102,No
5947_2,5947,2024-12-19,1,41,No
5948_0,5948,2024-05-09,6,20,No
5949_0,5949,2024-05-26,6,116,No
5949_1,5949,2024-05-27,4,10,No
5949_2,5949,2024-05-28,5,76,No
5949_3,5949,2024-05-29,5,6,Yes
5949_4,5949,2024-05-30,3,8,No
5950_0,5950,2024-11-14,9,30,No
5950_1,5950,2024-11-15,7,12,No
5950_2,5950,2024-11-16,9,7,No
5950_3,5950,2024-11-17,1,115,No
5951_0,5951,2024-04-02,5,119,Yes
5951_1,5951,2024-04-03,6,113,No
5951_2,5951,2024-04-04,1,36,No
5952_0,5952,2024-08-21,9,34,No
5952_1,5952,2024-08-22,5,11,No
5952_2,5952,2024-08-23,3,65,Yes
5952_3,5952,2024-08-24,1,110,No
5952_4,5952,2024-08-25,12,76,No
5953_0,5953,2024-08-08,1,56,No
5953_1,5953,2024-08-09,2,25,Yes
5953_2,5953,2024-08-10,15,38,No
5954_0,5954,2024-12-13,3,26,No
5954_1,5954,2024-12-14,12,79,No
5954_2,5954,2024-12-15,2,23,No
5954_3,5954,2024-12-16,9,119,Yes
5954_4,5954,2024-12-17,15,42,No
5955_0,5955,2024-06-29,9,5,No
5955_1,5955,2024-06-30,14,51,No
5955_2,5955,2024-07-01,8,55,No
5955_3,5955,2024-07-02,11,75,No
5955_4,5955,2024-07-03,10,55,No
5956_0,5956,2024-08-09,15,24,Yes
5957_0,5957,2024-12-18,2,89,No
5957_1,5957,2024-12-19,4,101,Yes
5958_0,5958,2024-02-04,2,104,Yes
5958_1,5958,2024-02-05,12,65,No
5958_2,5958,2024-02-06,4,99,No
5959_0,5959,2024-04-24,1,67,Yes
5959_1,5959,2024-04-25,7,53,Yes
5960_0,5960,2024-10-03,6,87,No
5960_1,5960,2024-10-04,2,76,Yes
5960_2,5960,2024-10-05,5,81,No
5961_0,5961,2024-02-27,6,105,No
5961_1,5961,2024-02-28,3,35,No
5961_2,5961,2024-02-29,10,65,No
5961_3,5961,2024-03-01,3,39,No
5961_4,5961,2024-03-02,2,74,Yes
5962_0,5962,2024-08-01,6,38,No
5962_1,5962,2024-08-02,1,52,Yes
5962_2,5962,2024-08-03,1,82,No
5963_0,5963,2024-06-18,5,6,Yes
5963_1,5963,2024-06-19,14,29,Yes
5963_2,5963,2024-06-20,7,73,Yes
5963_3,5963,2024-06-21,5,58,Yes
5964_0,5964,2024-10-05,12,23,No
5964_1,5964,2024-10-06,4,59,No
5964_2,5964,2024-10-07,11,74,Yes
5964_3,5964,2024-10-08,1,42,Yes
5965_0,5965,2024-07-28,4,106,No
5966_0,5966,2024-10-28,1,3,Yes
5966_1,5966,2024-10-29,15,99,No
5967_0,5967,2024-11-13,7,69,No
5967_1,5967,2024-11-14,1,1,Yes
5968_0,5968,2024-11-06,13,6,No
5968_1,5968,2024-11-07,5,65,No
5969_0,5969,2024-12-24,5,2,No
5969_1,5969,2024-12-25,1,45,No
5969_2,5969,2024-12-26,6,102,No
5969_3,5969,2024-12-27,7,77,Yes
5970_0,5970,2024-08-27,1,24,Yes
5970_1,5970,2024-08-28,13,53,No
5970_2,5970,2024-08-29,12,78,Yes
5970_3,5970,2024-08-30,14,23,No
5971_0,5971,2024-03-29,2,66,No
5971_1,5971,2024-03-30,10,1,No
5972_0,5972,2024-01-21,11,47,Yes
5972_1,5972,2024-01-22,13,65,No
5972_2,5972,2024-01-23,9,33,Yes
5973_0,5973,2024-04-05,6,36,Yes
5973_1,5973,2024-04-06,5,20,No
5973_2,5973,2024-04-07,13,60,No
5974_0,5974,2024-11-27,15,117,Yes
5975_0,5975,2024-11-15,11,73,No
5976_0,5976,2024-06-22,2,71,Yes
5976_1,5976,2024-06-23,1,4,No
5976_2,5976,2024-06-24,5,107,No
5977_0,5977,2024-12-22,5,62,No
5977_1,5977,2024-12-23,8,52,No
5977_2,5977,2024-12-24,2,43,No
5977_3,5977,2024-12-25,4,117,No
5978_0,5978,2024-07-01,1,19,No
5978_1,5978,2024-07-02,1,41,Yes
5978_2,5978,2024-07-03,3,117,No
5979_0,5979,2024-08-24,15,46,No
5980_0,5980,2024-05-28,7,106,No
5980_1,5980,2024-05-29,10,90,No
5980_2,5980,2024-05-30,10,46,No
5981_0,5981,2024-06-01,8,105,No
5981_1,5981,2024-06-02,10,13,No
5981_2,5981,2024-06-03,2,20,No
5982_0,5982,2024-05-30,15,53,No
5982_1,5982,2024-05-31,8,45,No
5982_2,5982,2024-06-01,9,50,Yes
5982_3,5982,2024-06-02,1,103,No
5982_4,5982,2024-06-03,12,34,Yes
5983_0,5983,2024-05-01,3,98,No
5983_1,5983,2024-05-02,5,94,Yes
5984_0,5984,2024-02-05,9,63,Yes
5984_1,5984,2024-02-06,3,26,No
5984_2,5984,2024-02-07,3,26,No
5984_3,5984,2024-02-08,2,60,No
5984_4,5984,2024-02-09,14,3,No
5985_0,5985,2024-05-18,3,44,No
5985_1,5985,2024-05-19,9,57,No
5985_2,5985,2024-05-20,4,39,No
5986_0,5986,2024-10-22,4,38,No
5986_1,5986,2024-10-23,11,68,No
5986_2,5986,2024-10-24,7,76,No
5986_3,5986,2024-10-25,14,99,Yes
5986_4,5986,2024-10-26,1,35,Yes
5987_0,5987,2024-06-16,4,92,No
5987_1,5987,2024-06-17,12,30,No
5987_2,5987,2024-06-18,6,11,No
5987_3,5987,2024-06-19,3,20,No
5988_0,5988,2024-11-03,12,32,No
5988_1,5988,2024-11-04,15,91,No
5988_2,5988,2024-11-05,13,3,No
5988_3,5988,2024-11-06,1,58,No
5988_4,5988,2024-11-07,4,74,No
5989_0,5989,2024-11-16,4,46,No
5989_1,5989,2024-11-17,11,10,No
5990_0,5990,2024-03-09,12,45,No
5990_1,5990,2024-03-10,5,74,No
5990_2,5990,2024-03-11,2,11,No
5991_0,5991,2024-06-14,2,106,No
5991_1,5991,2024-06-15,6,19,No
5992_0,5992,2024-09-29,3,57,Yes
5992_1,5992,2024-09-30,11,108,Yes
5993_0,5993,2024-11-13,10,50,No
5994_0,5994,2024-07-11,2,46,No
5994_1,5994,2024-07-12,4,56,Yes
5994_2,5994,2024-07-13,4,65,Yes
5995_0,5995,2024-01-25,14,47,No
5995_1,5995,2024-01-26,11,38,No
5995_2,5995,2024-01-27,11,96,No
5995_3,5995,2024-01-28,3,22,No
5995_4,5995,2024-01-29,12,97,No
5996_0,5996,2024-02-22,15,41,No
5996_1,5996,2024-02-23,10,43,No
5996_2,5996,2024-02-24,13,72,No
5996_3,5996,2024-02-25,2,73,No
5996_4,5996,2024-02-26,11,93,No
5997_0,5997,2024-06-12,7,54,No
5997_1,5997,2024-06-13,14,53,No
5997_2,5997,2024-06-14,4,29,No
5997_3,5997,2024-06-15,5,17,Yes
5997_4,5997,2024-06-16,2,48,No
5998_0,5998,2024-04-09,7,5,Yes
5998_1,5998,2024-04-10,9,28,Yes
5998_2,5998,2024-04-11,9,60,No
5999_0,5999,2024-08-29,3,55,No
5999_1,5999,2024-08-30,5,44,Yes
5999_2,5999,2024-08-31,10,44,No
6000_0,6000,2024-12-14,13,43,No
6001_0,6001,2024-12-26,15,105,Yes
6001_1,6001,2024-12-27,9,74,No
6001_2,6001,2024-12-28,8,33,No
6001_3,6001,2024-12-29,9,89,Yes
6001_4,6001,2024-12-30,8,4,No
6002_0,6002,2024-08-02,4,73,Yes
6002_1,6002,2024-08-03,6,58,Yes
6003_0,6003,2024-10-28,3,8,No
6003_1,6003,2024-10-29,4,19,No
6004_0,6004,2024-10-08,4,43,Yes
6004_1,6004,2024-10-09,5,1,Yes
6004_2,6004,2024-10-10,3,34,No
6005_0,6005,2024-01-29,14,108,Yes
6005_1,6005,2024-01-30,9,59,Yes
6005_2,6005,2024-01-31,12,26,No
6005_3,6005,2024-02-01,11,88,Yes
6006_0,6006,2024-01-05,9,15,No
6006_1,6006,2024-01-06,1,3,Yes
6007_0,6007,2024-12-13,13,25,No
6007_1,6007,2024-12-14,15,2,No
6007_2,6007,2024-12-15,13,110,No
6007_3,6007,2024-12-16,6,101,No
6008_0,6008,2024-09-11,1,25,Yes
6009_0,6009,2024-08-22,4,97,Yes
6010_0,6010,2024-09-08,7,30,No
6010_1,6010,2024-09-09,4,45,No
6010_2,6010,2024-09-10,12,114,No
6010_3,6010,2024-09-11,14,67,Yes
6010_4,6010,2024-09-12,1,110,No
6011_0,6011,2024-08-27,7,66,No
6011_1,6011,2024-08-28,7,117,No
6011_2,6011,2024-08-29,13,70,No
6011_3,6011,2024-08-30,7,96,No
6012_0,6012,2024-02-11,3,100,No
6012_1,6012,2024-02-12,8,4,No
6013_0,6013,2024-10-09,14,33,Yes
6013_1,6013,2024-10-10,12,21,No
6013_2,6013,2024-10-11,13,3,No
6013_3,6013,2024-10-12,2,59,Yes
6013_4,6013,2024-10-13,15,75,Yes
6014_0,6014,2024-03-16,7,40,No
6014_1,6014,2024-03-17,5,22,No
6014_2,6014,2024-03-18,6,27,Yes
6014_3,6014,2024-03-19,4,88,Yes
6014_4,6014,2024-03-20,11,21,Yes
6015_0,6015,2024-07-09,2,85,No
6016_0,6016,2024-04-07,13,51,No
6016_1,6016,2024-04-08,14,41,No
6017_0,6017,2024-11-04,3,13,No
6017_1,6017,2024-11-05,9,20,No
6017_2,6017,2024-11-06,2,117,No
6017_3,6017,2024-11-07,3,80,Yes
6017_4,6017,2024-11-08,10,2,Yes
6018_0,6018,2024-06-24,1,52,Yes
6018_1,6018,2024-06-25,5,40,No
6018_2,6018,2024-06-26,4,90,Yes
6018_3,6018,2024-06-27,13,94,No
6019_0,6019,2024-05-01,11,17,Yes
6019_1,6019,2024-05-02,12,107,No
6020_0,6020,2024-12-30,3,94,No
6020_1,6020,2024-12-31,9,104,No
6020_2,6020,2025-01-01,12,36,Yes
6021_0,6021,2024-09-22,3,27,No
6021_1,6021,2024-09-23,1,22,No
6022_0,6022,2024-02-23,2,3,Yes
6022_1,6022,2024-02-24,3,117,Yes
6023_0,6023,2024-03-02,6,102,No
6023_1,6023,2024-03-03,15,46,No
6023_2,6023,2024-03-04,13,76,Yes
6023_3,6023,2024-03-05,6,10,No
6024_0,6024,2024-07-15,11,77,Yes
6024_1,6024,2024-07-16,3,11,No
6024_2,6024,2024-07-17,11,10,No
6024_3,6024,2024-07-18,5,41,Yes
6024_4,6024,2024-07-19,15,2,Yes
6025_0,6025,2024-08-29,3,53,Yes
6025_1,6025,2024-08-30,6,96,No
6025_2,6025,2024-08-31,5,79,No
6025_3,6025,2024-09-01,4,11,No
6026_0,6026,2024-01-28,2,32,No
6026_1,6026,2024-01-29,14,86,Yes
6026_2,6026,2024-01-30,9,6,Yes
6027_0,6027,2024-09-14,10,1,No
6027_1,6027,2024-09-15,9,63,No
6027_2,6027,2024-09-16,8,47,No
6028_0,6028,2024-02-27,7,38,No
6028_1,6028,2024-02-28,9,119,No
6028_2,6028,2024-02-29,11,117,Yes
6029_0,6029,2024-10-26,2,109,No
6029_1,6029,2024-10-27,15,4,No
6029_2,6029,2024-10-28,3,41,Yes
6030_0,6030,2024-08-01,4,55,No
6030_1,6030,2024-08-02,8,105,Yes
6031_0,6031,2024-02-15,14,39,No
6031_1,6031,2024-02-16,13,64,Yes
6031_2,6031,2024-02-17,1,77,No
6032_0,6032,2024-05-12,6,66,Yes
6032_1,6032,2024-05-13,8,95,No
6032_2,6032,2024-05-14,11,113,No
6033_0,6033,2024-08-04,6,100,No
6033_1,6033,2024-08-05,5,56,No
6033_2,6033,2024-08-06,8,85,No
6033_3,6033,2024-08-07,6,40,No
6034_0,6034,2024-05-20,15,76,No
6034_1,6034,2024-05-21,2,7,No
6034_2,6034,2024-05-22,1,97,No
6034_3,6034,2024-05-23,10,9,Yes
6035_0,6035,2024-07-01,9,96,No
6036_0,6036,2024-09-05,6,69,No
6036_1,6036,2024-09-06,11,42,Yes
6036_2,6036,2024-09-07,3,48,No
6036_3,6036,2024-09-08,9,42,No
6037_0,6037,2024-06-18,13,98,No
6037_1,6037,2024-06-19,2,44,Yes
6037_2,6037,2024-06-20,7,61,No
6038_0,6038,2024-03-25,6,104,Yes
6038_1,6038,2024-03-26,12,10,No
6038_2,6038,2024-03-27,5,102,No
6039_0,6039,2024-09-11,3,85,No
6039_1,6039,2024-09-12,9,5,No
6040_0,6040,2024-02-05,12,49,No
6040_1,6040,2024-02-06,4,1,No
6040_2,6040,2024-02-07,9,109,No
6040_3,6040,2024-02-08,6,109,Yes
6040_4,6040,2024-02-09,9,49,No
6041_0,6041,2024-02-12,12,85,Yes
6041_1,6041,2024-02-13,14,113,No
6041_2,6041,2024-02-14,4,88,No
6041_3,6041,2024-02-15,9,23,Yes
6041_4,6041,2024-02-16,6,71,Yes
6042_0,6042,2024-06-15,6,90,No
6042_1,6042,2024-06-16,7,4,No
6042_2,6042,2024-06-17,15,93,Yes
6042_3,6042,2024-06-18,10,111,Yes
6043_0,6043,2024-12-04,7,75,No
6043_1,6043,2024-12-05,13,31,Yes
6043_2,6043,2024-12-06,14,78,No
6043_3,6043,2024-12-07,11,70,No
6043_4,6043,2024-12-08,4,25,No
6044_0,6044,2024-06-20,3,49,Yes
6044_1,6044,2024-06-21,8,117,No
6044_2,6044,2024-06-22,14,118,No
6044_3,6044,2024-06-23,14,56,No
6044_4,6044,2024-06-24,9,61,No
6045_0,6045,2024-10-23,7,104,Yes
6045_1,6045,2024-10-24,5,51,No
6045_2,6045,2024-10-25,15,100,No
6045_3,6045,2024-10-26,11,30,No
6046_0,6046,2024-04-05,8,112,No
6046_1,6046,2024-04-06,8,96,No
6046_2,6046,2024-04-07,15,120,No
6046_3,6046,2024-04-08,15,62,No
6047_0,6047,2024-04-30,11,24,No
6047_1,6047,2024-05-01,9,36,No
6047_2,6047,2024-05-02,2,13,Yes
6047_3,6047,2024-05-03,2,65,No
6048_0,6048,2024-01-01,11,83,Yes
6048_1,6048,2024-01-02,4,64,Yes
6048_2,6048,2024-01-03,7,55,Yes
6048_3,6048,2024-01-04,2,25,No
6048_4,6048,2024-01-05,13,72,No
6049_0,6049,2024-01-07,6,22,No
6049_1,6049,2024-01-08,6,46,No
6049_2,6049,2024-01-09,3,39,No
6049_3,6049,2024-01-10,11,120,Yes
6049_4,6049,2024-01-11,12,2,No
6050_0,6050,2024-06-06,15,38,No
6050_1,6050,2024-06-07,12,44,No
6051_0,6051,2024-05-28,13,120,Yes
6051_1,6051,2024-05-29,3,24,No
6051_2,6051,2024-05-30,2,64,No
6051_3,6051,2024-05-31,10,107,No
6052_0,6052,2024-04-21,2,84,Yes
6052_1,6052,2024-04-22,8,33,No
6052_2,6052,2024-04-23,15,112,No
6053_0,6053,2024-01-25,8,23,No
6054_0,6054,2024-10-16,4,25,No
6054_1,6054,2024-10-17,4,68,No
6055_0,6055,2024-09-02,14,47,No
6055_1,6055,2024-09-03,13,41,No
6055_2,6055,2024-09-04,13,120,No
6055_3,6055,2024-09-05,4,21,No
6056_0,6056,2024-02-13,15,81,No
6057_0,6057,2024-02-11,11,26,No
6058_0,6058,2024-05-04,10,65,No
6058_1,6058,2024-05-05,5,68,No
6059_0,6059,2024-09-07,5,95,No
6059_1,6059,2024-09-08,14,18,No
6060_0,6060,2024-09-03,7,21,No
6060_1,6060,2024-09-04,7,11,No
6061_0,6061,2024-05-13,14,10,No
6061_1,6061,2024-05-14,15,18,No
6061_2,6061,2024-05-15,12,40,No
6062_0,6062,2024-01-13,5,24,No
6062_1,6062,2024-01-14,9,56,No
6063_0,6063,2024-01-05,6,90,No
6063_1,6063,2024-01-06,7,63,No
6064_0,6064,2024-03-24,9,28,No
6064_1,6064,2024-03-25,12,86,No
6064_2,6064,2024-03-26,14,99,No
6065_0,6065,2024-08-15,3,108,No
6065_1,6065,2024-08-16,14,6,No
6065_2,6065,2024-08-17,12,86,No
6065_3,6065,2024-08-18,1,118,No
6066_0,6066,2024-09-27,1,57,No
6066_1,6066,2024-09-28,4,57,Yes
6066_2,6066,2024-09-29,15,88,No
6066_3,6066,2024-09-30,13,98,No
6067_0,6067,2024-04-02,4,21,No
6067_1,6067,2024-04-03,8,33,No
6067_2,6067,2024-04-04,14,10,Yes
6067_3,6067,2024-04-05,14,87,No
6068_0,6068,2024-05-25,12,45,No
6068_1,6068,2024-05-26,14,116,No
6068_2,6068,2024-05-27,10,112,No
6068_3,6068,2024-05-28,5,73,No
6069_0,6069,2024-05-04,4,100,No
6069_1,6069,2024-05-05,1,87,No
6069_2,6069,2024-05-06,9,58,Yes
6069_3,6069,2024-05-07,10,4,No
6069_4,6069,2024-05-08,13,115,Yes
6070_0,6070,2024-05-03,14,45,No
6071_0,6071,2024-01-22,1,68,No
6071_1,6071,2024-01-23,9,13,No
6071_2,6071,2024-01-24,1,61,No
6071_3,6071,2024-01-25,10,36,No
6071_4,6071,2024-01-26,4,60,No
6072_0,6072,2024-10-23,3,19,Yes
6072_1,6072,2024-10-24,12,15,No
6072_2,6072,2024-10-25,5,40,Yes
6072_3,6072,2024-10-26,13,63,No
6072_4,6072,2024-10-27,5,58,No
6073_0,6073,2024-12-23,3,32,No
6073_1,6073,2024-12-24,14,35,Yes
6073_2,6073,2024-12-25,3,104,No
6073_3,6073,2024-12-26,3,92,Yes
6074_0,6074,2024-10-24,1,6,No
6075_0,6075,2024-05-01,15,116,Yes
6075_1,6075,2024-05-02,12,120,No
6075_2,6075,2024-05-03,6,102,Yes
6076_0,6076,2024-06-29,3,10,No
6076_1,6076,2024-06-30,9,3,No
6077_0,6077,2024-08-13,7,97,No
6077_1,6077,2024-08-14,10,29,No
6078_0,6078,2024-01-14,12,74,Yes
6078_1,6078,2024-01-15,10,112,No
6079_0,6079,2024-05-19,8,14,No
6079_1,6079,2024-05-20,14,1,No
6079_2,6079,2024-05-21,4,107,No
6079_3,6079,2024-05-22,10,94,Yes
6079_4,6079,2024-05-23,10,41,No
6080_0,6080,2024-03-10,5,15,Yes
6080_1,6080,2024-03-11,1,54,No
6080_2,6080,2024-03-12,4,33,Yes
6080_3,6080,2024-03-13,11,23,No
6081_0,6081,2024-04-01,4,104,No
6081_1,6081,2024-04-02,13,28,No
6081_2,6081,2024-04-03,15,17,No
6081_3,6081,2024-04-04,11,114,No
6081_4,6081,2024-04-05,15,97,Yes
6082_0,6082,2024-11-28,3,18,Yes
6082_1,6082,2024-11-29,4,11,No
6082_2,6082,2024-11-30,2,68,Yes
6083_0,6083,2024-08-30,4,94,No
6084_0,6084,2024-09-23,12,71,Yes
6084_1,6084,2024-09-24,14,93,Yes
6084_2,6084,2024-09-25,2,78,No
6084_3,6084,2024-09-26,4,13,Yes
6084_4,6084,2024-09-27,3,114,No
6085_0,6085,2024-05-04,11,98,No
6085_1,6085,2024-05-05,1,55,No
6085_2,6085,2024-05-06,10,63,No
6085_3,6085,2024-05-07,1,27,No
6086_0,6086,2024-10-21,3,29,No
6087_0,6087,2024-12-09,7,64,No
6087_1,6087,2024-12-10,11,6,Yes
6087_2,6087,2024-12-11,3,64,No
6088_0,6088,2024-05-14,7,75,No
6088_1,6088,2024-05-15,8,99,No
6088_2,6088,2024-05-16,1,76,No
6089_0,6089,2024-11-06,3,46,No
6089_1,6089,2024-11-07,5,104,No
6089_2,6089,2024-11-08,9,68,No
6090_0,6090,2024-07-21,8,109,No
6091_0,6091,2024-05-27,9,1,Yes
6092_0,6092,2024-05-30,1,16,No
6092_1,6092,2024-05-31,12,109,No
6092_2,6092,2024-06-01,5,103,Yes
6092_3,6092,2024-06-02,9,16,No
6092_4,6092,2024-06-03,8,46,No
6093_0,6093,2024-10-02,12,58,No
6093_1,6093,2024-10-03,10,98,Yes
6094_0,6094,2024-08-10,6,58,No
6094_1,6094,2024-08-11,14,89,No
6094_2,6094,2024-08-12,2,101,No
6094_3,6094,2024-08-13,6,11,No
6095_0,6095,2024-04-13,4,102,Yes
6095_1,6095,2024-04-14,7,59,Yes
6096_0,6096,2024-10-09,13,19,No
6096_1,6096,2024-10-10,9,50,No
6096_2,6096,2024-10-11,8,12,Yes
6097_0,6097,2024-02-19,1,2,Yes
6097_1,6097,2024-02-20,12,11,No
6097_2,6097,2024-02-21,4,19,No
6097_3,6097,2024-02-22,6,29,No
6098_0,6098,2024-12-09,6,78,No
6098_1,6098,2024-12-10,11,8,No
6098_2,6098,2024-12-11,13,84,No
6099_0,6099,2024-02-16,4,114,No
6099_1,6099,2024-02-17,2,44,No
6099_2,6099,2024-02-18,9,36,No
6099_3,6099,2024-02-19,1,37,Yes
6100_0,6100,2024-04-17,10,41,No
6101_0,6101,2024-12-16,3,39,No
6101_1,6101,2024-12-17,6,87,Yes
6101_2,6101,2024-12-18,3,52,No
6101_3,6101,2024-12-19,15,13,No
6102_0,6102,2024-12-25,10,61,No
6102_1,6102,2024-12-26,3,58,Yes
6102_2,6102,2024-12-27,1,101,No
6102_3,6102,2024-12-28,5,16,No
6103_0,6103,2024-03-13,10,38,Yes
6103_1,6103,2024-03-14,13,25,Yes
6103_2,6103,2024-03-15,13,2,Yes
6103_3,6103,2024-03-16,2,62,No
6104_0,6104,2024-07-12,14,42,No
6104_1,6104,2024-07-13,10,118,No
6104_2,6104,2024-07-14,1,57,No
6105_0,6105,2024-06-01,5,61,No
6105_1,6105,2024-06-02,14,51,No
6105_2,6105,2024-06-03,5,32,No
6106_0,6106,2024-12-21,1,23,No
6107_0,6107,2024-10-01,14,15,No
6107_1,6107,2024-10-02,13,84,Yes
6107_2,6107,2024-10-03,8,22,No
6107_3,6107,2024-10-04,9,29,No
6108_0,6108,2024-08-12,14,3,No
6108_1,6108,2024-08-13,9,85,No
6108_2,6108,2024-08-14,5,113,No
6108_3,6108,2024-08-15,15,53,No
6108_4,6108,2024-08-16,7,85,No
6109_0,6109,2024-04-15,6,74,No
6109_1,6109,2024-04-16,12,83,Yes
6109_2,6109,2024-04-17,5,51,No
6110_0,6110,2024-12-31,2,92,Yes
6110_1,6110,2025-01-01,2,41,No
6110_2,6110,2025-01-02,8,53,No
6110_3,6110,2025-01-03,9,34,No
6111_0,6111,2024-11-30,10,120,No
6111_1,6111,2024-12-01,15,77,No
6111_2,6111,2024-12-02,12,85,Yes
6111_3,6111,2024-12-03,12,25,No
6111_4,6111,2024-12-04,14,107,No
6112_0,6112,2024-07-17,7,96,No
6113_0,6113,2024-06-06,4,98,Yes
6113_1,6113,2024-06-07,10,112,No
6113_2,6113,2024-06-08,4,89,No
6113_3,6113,2024-06-09,11,41,Yes
6113_4,6113,2024-06-10,12,54,No
6114_0,6114,2024-02-24,3,24,No
6114_1,6114,2024-02-25,13,61,No
6114_2,6114,2024-02-26,6,4,No
6114_3,6114,2024-02-27,13,38,Yes
6115_0,6115,2024-12-24,12,76,No
6116_0,6116,2024-03-14,3,55,No
6116_1,6116,2024-03-15,11,73,Yes
6116_2,6116,2024-03-16,10,80,No
6116_3,6116,2024-03-17,6,12,No
6116_4,6116,2024-03-18,11,104,Yes
6117_0,6117,2024-07-23,2,13,Yes
6117_1,6117,2024-07-24,12,78,Yes
6117_2,6117,2024-07-25,14,10,Yes
6118_0,6118,2024-05-03,2,40,No
6118_1,6118,2024-05-04,4,68,No
6119_0,6119,2024-11-27,14,47,Yes
6119_1,6119,2024-11-28,9,88,Yes
6119_2,6119,2024-11-29,8,24,No
6119_3,6119,2024-11-30,11,65,No
6120_0,6120,2024-05-19,3,89,No
6120_1,6120,2024-05-20,14,32,Yes
6120_2,6120,2024-05-21,4,95,No
6120_3,6120,2024-05-22,9,78,No
6121_0,6121,2024-12-25,4,105,No
6121_1,6121,2024-12-26,7,83,No
6121_2,6121,2024-12-27,15,90,No
6122_0,6122,2024-04-08,2,16,Yes
6122_1,6122,2024-04-09,6,77,No
6122_2,6122,2024-04-10,15,42,No
6122_3,6122,2024-04-11,9,24,No
6123_0,6123,2024-04-22,5,55,No
6123_1,6123,2024-04-23,8,73,Yes
6124_0,6124,2024-07-28,5,97,Yes
6125_0,6125,2024-03-09,10,89,No
6126_0,6126,2024-03-23,12,102,No
6127_0,6127,2024-06-14,8,57,Yes
6128_0,6128,2024-09-24,1,87,No
6129_0,6129,2024-11-13,9,89,No
6129_1,6129,2024-11-14,11,11,No
6129_2,6129,2024-11-15,6,53,No
6129_3,6129,2024-11-16,10,94,No
6130_0,6130,2024-06-11,8,39,No
6131_0,6131,2024-06-13,11,71,No
6131_1,6131,2024-06-14,2,68,No
6131_2,6131,2024-06-15,3,13,No
6132_0,6132,2024-02-06,13,90,No
6132_1,6132,2024-02-07,7,76,No
6132_2,6132,2024-02-08,8,112,No
6133_0,6133,2024-06-04,14,98,No
6133_1,6133,2024-06-05,14,15,Yes
6133_2,6133,2024-06-06,1,34,No
6133_3,6133,2024-06-07,2,60,No
6134_0,6134,2024-11-01,4,42,No
6134_1,6134,2024-11-02,8,28,No
6135_0,6135,2024-11-11,6,46,No
6135_1,6135,2024-11-12,3,60,Yes
6135_2,6135,2024-11-13,9,120,Yes
6135_3,6135,2024-11-14,5,49,No
6135_4,6135,2024-11-15,1,74,No
6136_0,6136,2024-12-21,5,115,No
6136_1,6136,2024-12-22,11,108,No
6136_2,6136,2024-12-23,5,73,Yes
6136_3,6136,2024-12-24,5,85,No
6137_0,6137,2024-06-23,7,36,Yes
6137_1,6137,2024-06-24,10,36,No
6138_0,6138,2024-07-11,4,117,Yes
6139_0,6139,2024-05-10,11,59,Yes
6139_1,6139,2024-05-11,1,79,Yes
6139_2,6139,2024-05-12,3,113,No
6139_3,6139,2024-05-13,1,15,No
6140_0,6140,2024-04-15,10,56,Yes
6140_1,6140,2024-04-16,5,59,No
6140_2,6140,2024-04-17,11,105,Yes
6141_0,6141,2024-10-10,9,43,No
6141_1,6141,2024-10-11,4,26,Yes
6142_0,6142,2024-09-30,7,92,No
6142_1,6142,2024-10-01,14,115,No
6143_0,6143,2024-05-19,5,5,Yes
6143_1,6143,2024-05-20,15,116,Yes
6143_2,6143,2024-05-21,14,2,No
6143_3,6143,2024-05-22,11,60,No
6144_0,6144,2024-06-28,6,61,No
6144_1,6144,2024-06-29,5,80,No
6144_2,6144,2024-06-30,14,10,Yes
6144_3,6144,2024-07-01,2,30,No
6145_0,6145,2024-11-22,8,85,No
6145_1,6145,2024-11-23,5,91,Yes
6145_2,6145,2024-11-24,2,86,No
6145_3,6145,2024-11-25,4,15,No
6146_0,6146,2024-04-29,1,13,Yes
6146_1,6146,2024-04-30,10,31,Yes
6146_2,6146,2024-05-01,2,99,No
6146_3,6146,2024-05-02,11,68,No
6146_4,6146,2024-05-03,7,61,No
6147_0,6147,2024-09-20,6,115,No
6148_0,6148,2024-12-29,8,120,No
6148_1,6148,2024-12-30,3,32,Yes
6148_2,6148,2024-12-31,11,77,No
6148_3,6148,2025-01-01,13,117,Yes
6148_4,6148,2025-01-02,13,97,Yes
6149_0,6149,2024-09-14,10,26,No
6149_1,6149,2024-09-15,6,61,No
6149_2,6149,2024-09-16,14,5,No
6150_0,6150,2024-07-27,8,20,No
6150_1,6150,2024-07-28,1,69,No
6150_2,6150,2024-07-29,4,13,No
6150_3,6150,2024-07-30,8,16,No
6151_0,6151,2024-10-12,4,1,Yes
6151_1,6151,2024-10-13,14,95,No
6151_2,6151,2024-10-14,6,31,Yes
6151_3,6151,2024-10-15,9,15,No
6152_0,6152,2024-10-12,12,117,No
6152_1,6152,2024-10-13,8,40,No
6152_2,6152,2024-10-14,3,74,No
6153_0,6153,2024-07-16,1,39,Yes
6153_1,6153,2024-07-17,3,10,No
6154_0,6154,2024-10-07,12,19,No
6154_1,6154,2024-10-08,7,5,Yes
6154_2,6154,2024-10-09,8,58,No
6154_3,6154,2024-10-10,10,17,No
6154_4,6154,2024-10-11,7,29,No
6155_0,6155,2024-02-13,4,58,No
6155_1,6155,2024-02-14,3,46,No
6155_2,6155,2024-02-15,6,33,Yes
6155_3,6155,2024-02-16,4,117,No
6155_4,6155,2024-02-17,3,15,Yes
6156_0,6156,2024-11-23,13,81,No
6157_0,6157,2024-07-22,11,67,Yes
6158_0,6158,2024-10-20,9,100,Yes
6158_1,6158,2024-10-21,12,49,Yes
6158_2,6158,2024-10-22,5,120,No
6158_3,6158,2024-10-23,9,2,No
6158_4,6158,2024-10-24,12,65,No
6159_0,6159,2024-05-24,13,41,Yes
6159_1,6159,2024-05-25,7,63,No
6159_2,6159,2024-05-26,2,65,No
6159_3,6159,2024-05-27,13,97,No
6159_4,6159,2024-05-28,7,109,Yes
6160_0,6160,2024-01-07,1,62,Yes
6161_0,6161,2024-04-26,13,4,No
6161_1,6161,2024-04-27,12,60,No
6162_0,6162,2024-04-04,13,16,No
6162_1,6162,2024-04-05,4,55,No
6162_2,6162,2024-04-06,13,39,No
6163_0,6163,2024-12-25,10,43,Yes
6163_1,6163,2024-12-26,3,99,No
6163_2,6163,2024-12-27,12,75,Yes
6163_3,6163,2024-12-28,4,120,No
6163_4,6163,2024-12-29,15,29,No
6164_0,6164,2024-12-13,10,94,Yes
6164_1,6164,2024-12-14,3,63,No
6164_2,6164,2024-12-15,12,36,Yes
6164_3,6164,2024-12-16,7,19,No
6164_4,6164,2024-12-17,11,57,No
6165_0,6165,2024-05-14,12,1,No
6165_1,6165,2024-05-15,8,65,Yes
6165_2,6165,2024-05-16,8,47,Yes
6165_3,6165,2024-05-17,4,110,No
6166_0,6166,2024-07-23,2,68,No
6167_0,6167,2024-10-14,3,106,No
6167_1,6167,2024-10-15,3,40,No
6167_2,6167,2024-10-16,2,59,No
6167_3,6167,2024-10-17,5,98,No
6168_0,6168,2024-04-28,14,73,No
6169_0,6169,2024-07-15,1,110,No
6170_0,6170,2024-06-25,12,108,Yes
6170_1,6170,2024-06-26,4,5,Yes
6170_2,6170,2024-06-27,10,90,No
6171_0,6171,2024-11-26,11,101,Yes
6171_1,6171,2024-11-27,11,40,Yes
6171_2,6171,2024-11-28,2,8,No
6171_3,6171,2024-11-29,8,90,No
6171_4,6171,2024-11-30,13,100,Yes
6172_0,6172,2024-04-02,15,97,Yes
6172_1,6172,2024-04-03,15,25,No
6172_2,6172,2024-04-04,11,63,No
6173_0,6173,2024-04-21,15,74,No
6173_1,6173,2024-04-22,1,110,No
6173_2,6173,2024-04-23,12,38,No
6173_3,6173,2024-04-24,13,30,Yes
6174_0,6174,2024-10-27,14,14,No
6174_1,6174,2024-10-28,13,10,Yes
6174_2,6174,2024-10-29,4,54,Yes
6174_3,6174,2024-10-30,3,31,No
6174_4,6174,2024-10-31,7,32,No
6175_0,6175,2024-09-16,9,103,No
6175_1,6175,2024-09-17,11,40,No
6175_2,6175,2024-09-18,3,6,No
6175_3,6175,2024-09-19,3,17,No
6176_0,6176,2024-05-29,3,110,No
6176_1,6176,2024-05-30,13,69,Yes
6177_0,6177,2024-12-13,5,114,No
6177_1,6177,2024-12-14,6,48,Yes
6177_2,6177,2024-12-15,2,98,No
6177_3,6177,2024-12-16,4,72,No
6178_0,6178,2024-10-23,5,33,Yes
6179_0,6179,2024-11-13,15,103,No
6179_1,6179,2024-11-14,1,105,No
6179_2,6179,2024-11-15,7,47,No
6179_3,6179,2024-11-16,6,105,Yes
6180_0,6180,2024-05-03,4,102,Yes
6180_1,6180,2024-05-04,14,63,No
6180_2,6180,2024-05-05,7,18,No
6181_0,6181,2024-02-13,15,29,No
6181_1,6181,2024-02-14,14,91,Yes
6182_0,6182,2024-10-15,1,83,No
6182_1,6182,2024-10-16,10,102,No
6183_0,6183,2024-06-05,3,26,Yes
6183_1,6183,2024-06-06,3,46,No
6183_2,6183,2024-06-07,14,38,No
6183_3,6183,2024-06-08,5,88,No
6184_0,6184,2024-01-15,6,113,Yes
6184_1,6184,2024-01-16,15,78,No
6184_2,6184,2024-01-17,15,50,No
6184_3,6184,2024-01-18,4,86,No
6185_0,6185,2024-01-18,7,83,No
6186_0,6186,2024-08-21,14,46,No
6186_1,6186,2024-08-22,1,84,No
6187_0,6187,2024-11-03,9,74,No
6188_0,6188,2024-03-03,2,23,No
6188_1,6188,2024-03-04,7,65,Yes
6189_0,6189,2024-09-13,9,6,No
6189_1,6189,2024-09-14,7,69,No
6189_2,6189,2024-09-15,10,47,No
6189_3,6189,2024-09-16,13,21,No
6189_4,6189,2024-09-17,3,92,No
6190_0,6190,2024-12-22,8,37,No
6190_1,6190,2024-12-23,12,89,No
6191_0,6191,2024-09-02,5,46,No
6191_1,6191,2024-09-03,4,46,No
6191_2,6191,2024-09-04,10,57,No
6191_3,6191,2024-09-05,10,66,No
6192_0,6192,2024-03-08,5,82,No
6192_1,6192,2024-03-09,14,74,No
6192_2,6192,2024-03-10,11,92,No
6193_0,6193,2024-03-25,5,110,No
6193_1,6193,2024-03-26,13,108,No
6193_2,6193,2024-03-27,12,95,No
6193_3,6193,2024-03-28,4,114,No
6193_4,6193,2024-03-29,12,53,No
6194_0,6194,2024-07-13,15,68,No
6195_0,6195,2024-08-25,12,60,Yes
6195_1,6195,2024-08-26,3,83,No
6196_0,6196,2024-05-15,15,91,Yes
6196_1,6196,2024-05-16,14,8,No
6196_2,6196,2024-05-17,8,107,No
6196_3,6196,2024-05-18,2,89,No
6197_0,6197,2024-10-17,5,65,No
6197_1,6197,2024-10-18,13,56,No
6197_2,6197,2024-10-19,6,53,No
6198_0,6198,2024-09-30,6,115,No
6198_1,6198,2024-10-01,3,102,No
6198_2,6198,2024-10-02,7,61,Yes
6199_0,6199,2024-02-16,9,109,Yes
6199_1,6199,2024-02-17,4,44,Yes
6199_2,6199,2024-02-18,11,29,No
6199_3,6199,2024-02-19,1,36,Yes
6199_4,6199,2024-02-20,7,101,Yes
6200_0,6200,2024-10-20,3,59,Yes
6200_1,6200,2024-10-21,7,22,No
6201_0,6201,2024-05-31,12,49,Yes
6201_1,6201,2024-06-01,6,12,Yes
6201_2,6201,2024-06-02,9,62,Yes
6201_3,6201,2024-06-03,14,65,No
6202_0,6202,2024-09-23,12,18,No
6202_1,6202,2024-09-24,7,77,No
6202_2,6202,2024-09-25,4,94,No
6202_3,6202,2024-09-26,15,72,No
6202_4,6202,2024-09-27,7,100,Yes
6203_0,6203,2024-04-13,8,97,Yes
6203_1,6203,2024-04-14,4,117,No
6203_2,6203,2024-04-15,5,1,No
6204_0,6204,2024-01-24,10,2,No
6204_1,6204,2024-01-25,15,27,No
6204_2,6204,2024-01-26,14,32,Yes
6204_3,6204,2024-01-27,7,41,Yes
6205_0,6205,2024-08-16,14,94,No
6206_0,6206,2024-05-13,10,77,No
6206_1,6206,2024-05-14,1,96,No
6206_2,6206,2024-05-15,15,8,Yes
6207_0,6207,2024-05-18,7,92,No
6207_1,6207,2024-05-19,10,19,Yes
6207_2,6207,2024-05-20,8,57,No
6208_0,6208,2024-01-07,12,92,Yes
6208_1,6208,2024-01-08,15,99,Yes
6208_2,6208,2024-01-09,3,7,No
6209_0,6209,2024-12-29,8,7,No
6209_1,6209,2024-12-30,11,34,Yes
6209_2,6209,2024-12-31,9,2,Yes
6209_3,6209,2025-01-01,14,99,Yes
6209_4,6209,2025-01-02,9,109,No
6210_0,6210,2024-07-05,6,8,Yes
6210_1,6210,2024-07-06,2,108,No
6210_2,6210,2024-07-07,1,14,Yes
6211_0,6211,2024-02-10,7,88,No
6211_1,6211,2024-02-11,13,47,No
6211_2,6211,2024-02-12,9,98,Yes
6211_3,6211,2024-02-13,11,68,No
6211_4,6211,2024-02-14,7,31,No
6212_0,6212,2024-07-25,9,13,No
6213_0,6213,2024-04-27,12,119,No
6213_1,6213,2024-04-28,8,38,Yes
6213_2,6213,2024-04-29,10,33,Yes
6213_3,6213,2024-04-30,5,31,No
6213_4,6213,2024-05-01,11,39,No
6214_0,6214,2024-04-20,12,18,Yes
6214_1,6214,2024-04-21,5,71,No
6214_2,6214,2024-04-22,3,103,Yes
6215_0,6215,2024-01-27,2,17,Yes
6215_1,6215,2024-01-28,7,110,Yes
6215_2,6215,2024-01-29,7,67,No
6216_0,6216,2024-05-11,3,13,No
6216_1,6216,2024-05-12,14,115,Yes
6216_2,6216,2024-05-13,13,106,Yes
6216_3,6216,2024-05-14,12,43,No
6217_0,6217,2024-06-06,15,41,Yes
6217_1,6217,2024-06-07,1,2,No
6217_2,6217,2024-06-08,7,35,Yes
6217_3,6217,2024-06-09,11,85,No
6217_4,6217,2024-06-10,1,13,Yes
6218_0,6218,2024-05-23,15,118,No
6218_1,6218,2024-05-24,8,64,Yes
6218_2,6218,2024-05-25,13,44,No
6219_0,6219,2024-02-27,8,27,No
6219_1,6219,2024-02-28,14,55,No
6219_2,6219,2024-02-29,2,84,Yes
6220_0,6220,2024-06-15,7,116,Yes
6220_1,6220,2024-06-16,7,4,No
6220_2,6220,2024-06-17,4,58,Yes
6220_3,6220,2024-06-18,3,81,No
6220_4,6220,2024-06-19,14,89,Yes
6221_0,6221,2024-10-18,8,70,No
6222_0,6222,2024-08-09,6,51,No
6222_1,6222,2024-08-10,11,117,No
6223_0,6223,2024-01-24,7,65,No
6223_1,6223,2024-01-25,13,75,No
6223_2,6223,2024-01-26,8,115,No
6223_3,6223,2024-01-27,2,96,Yes
6224_0,6224,2024-12-20,3,110,No
6224_1,6224,2024-12-21,3,16,Yes
6224_2,6224,2024-12-22,3,87,Yes
6225_0,6225,2024-05-08,8,110,No
6225_1,6225,2024-05-09,7,36,No
6225_2,6225,2024-05-10,9,41,No
6225_3,6225,2024-05-11,8,97,Yes
6225_4,6225,2024-05-12,7,100,Yes
6226_0,6226,2024-02-13,14,64,No
6226_1,6226,2024-02-14,12,36,No
6226_2,6226,2024-02-15,12,55,No
6226_3,6226,2024-02-16,11,11,No
6226_4,6226,2024-02-17,12,96,No
6227_0,6227,2024-03-17,11,94,No
6227_1,6227,2024-03-18,6,15,No
6228_0,6228,2024-11-06,9,44,No
6228_1,6228,2024-11-07,9,105,No
6228_2,6228,2024-11-08,7,63,No
6228_3,6228,2024-11-09,1,45,No
6228_4,6228,2024-11-10,12,109,No
6229_0,6229,2024-01-19,10,82,No
6230_0,6230,2024-08-03,2,76,Yes
6230_1,6230,2024-08-04,12,16,Yes
6230_2,6230,2024-08-05,5,116,Yes
6230_3,6230,2024-08-06,6,110,No
6230_4,6230,2024-08-07,2,31,No
6231_0,6231,2024-03-19,8,120,No
6231_1,6231,2024-03-20,9,105,No
6231_2,6231,2024-03-21,3,56,Yes
6231_3,6231,2024-03-22,9,102,No
6232_0,6232,2024-05-26,15,97,Yes
6232_1,6232,2024-05-27,1,79,No
6232_2,6232,2024-05-28,6,117,No
6233_0,6233,2024-03-26,12,83,No
6233_1,6233,2024-03-27,7,13,Yes
6233_2,6233,2024-03-28,12,86,Yes
6234_0,6234,2024-12-15,1,116,No
6234_1,6234,2024-12-16,15,21,Yes
6234_2,6234,2024-12-17,6,58,No
6234_3,6234,2024-12-18,14,11,No
6234_4,6234,2024-12-19,13,80,Yes
6235_0,6235,2024-01-20,3,10,Yes
6235_1,6235,2024-01-21,13,22,No
6235_2,6235,2024-01-22,7,61,Yes
6235_3,6235,2024-01-23,1,15,No
6235_4,6235,2024-01-24,10,32,No
6236_0,6236,2024-02-11,8,15,No
6236_1,6236,2024-02-12,1,44,Yes
6236_2,6236,2024-02-13,3,48,Yes
6236_3,6236,2024-02-14,14,100,No
6236_4,6236,2024-02-15,15,24,No
6237_0,6237,2024-05-14,9,49,No
6238_0,6238,2024-05-02,5,49,No
6238_1,6238,2024-05-03,13,109,Yes
6238_2,6238,2024-05-04,6,98,No
6238_3,6238,2024-05-05,13,13,No
6238_4,6238,2024-05-06,9,74,Yes
6239_0,6239,2024-11-09,5,90,No
6239_1,6239,2024-11-10,8,50,No
6239_2,6239,2024-11-11,4,47,No
6239_3,6239,2024-11-12,3,50,No
6240_0,6240,2024-06-13,9,60,Yes
6240_1,6240,2024-06-14,8,66,Yes
6240_2,6240,2024-06-15,10,102,No
6240_3,6240,2024-06-16,7,44,Yes
6240_4,6240,2024-06-17,11,78,No
6241_0,6241,2024-11-20,13,113,No
6241_1,6241,2024-11-21,3,4,Yes
6241_2,6241,2024-11-22,12,47,No
6242_0,6242,2024-04-15,13,31,Yes
6242_1,6242,2024-04-16,3,58,Yes
6242_2,6242,2024-04-17,15,57,No
6243_0,6243,2024-05-16,15,37,Yes
6243_1,6243,2024-05-17,8,118,No
6243_2,6243,2024-05-18,1,7,No
6243_3,6243,2024-05-19,4,69,No
6244_0,6244,2024-12-01,6,9,Yes
6244_1,6244,2024-12-02,11,58,No
6244_2,6244,2024-12-03,8,17,No
6244_3,6244,2024-12-04,3,110,Yes
6244_4,6244,2024-12-05,13,71,No
6245_0,6245,2024-01-24,11,51,No
6245_1,6245,2024-01-25,9,37,No
6245_2,6245,2024-01-26,9,46,No
6245_3,6245,2024-01-27,13,97,No
6246_0,6246,2024-09-13,14,107,Yes
6246_1,6246,2024-09-14,15,25,Yes
6247_0,6247,2024-08-18,14,66,No
6248_0,6248,2024-11-22,4,112,Yes
6248_1,6248,2024-11-23,3,47,Yes
6248_2,6248,2024-11-24,1,25,Yes
6248_3,6248,2024-11-25,3,21,No
6248_4,6248,2024-11-26,2,111,Yes
6249_0,6249,2024-03-20,12,104,No
6249_1,6249,2024-03-21,8,103,No
6250_0,6250,2024-09-28,7,32,Yes
6250_1,6250,2024-09-29,7,25,Yes
6251_0,6251,2024-05-22,1,36,No
6251_1,6251,2024-05-23,13,86,Yes
6251_2,6251,2024-05-24,12,98,No
6252_0,6252,2024-10-23,6,113,No
6252_1,6252,2024-10-24,8,63,Yes
6253_0,6253,2024-01-06,15,84,No
6254_0,6254,2024-12-12,3,98,No
6254_1,6254,2024-12-13,10,15,No
6254_2,6254,2024-12-14,10,97,No
6254_3,6254,2024-12-15,2,102,No
6254_4,6254,2024-12-16,9,32,Yes
6255_0,6255,2024-11-26,4,59,Yes
6255_1,6255,2024-11-27,8,31,No
6255_2,6255,2024-11-28,8,7,No
6255_3,6255,2024-11-29,12,99,No
6255_4,6255,2024-11-30,3,82,No
6256_0,6256,2024-07-19,13,56,No
6256_1,6256,2024-07-20,4,57,Yes
6256_2,6256,2024-07-21,7,69,Yes
6256_3,6256,2024-07-22,6,39,Yes
6257_0,6257,2024-03-11,8,107,No
6257_1,6257,2024-03-12,6,1,Yes
6257_2,6257,2024-03-13,3,92,No
6257_3,6257,2024-03-14,10,83,No
6258_0,6258,2024-02-09,5,20,No
6258_1,6258,2024-02-10,7,97,No
6258_2,6258,2024-02-11,12,107,No
6258_3,6258,2024-02-12,6,120,No
6258_4,6258,2024-02-13,10,33,No
6259_0,6259,2024-01-11,13,30,No
6259_1,6259,2024-01-12,3,71,Yes
6259_2,6259,2024-01-13,7,35,No
6259_3,6259,2024-01-14,8,24,No
6259_4,6259,2024-01-15,10,69,Yes
6260_0,6260,2024-06-04,4,5,Yes
6261_0,6261,2024-01-30,8,93,No
6261_1,6261,2024-01-31,2,59,No
6261_2,6261,2024-02-01,11,41,No
6261_3,6261,2024-02-02,7,57,No
6261_4,6261,2024-02-03,13,45,Yes
6262_0,6262,2024-11-25,12,30,No
6262_1,6262,2024-11-26,6,29,No
6263_0,6263,2024-08-11,15,34,Yes
6264_0,6264,2024-01-05,5,26,No
6264_1,6264,2024-01-06,4,29,No
6264_2,6264,2024-01-07,5,90,No
6264_3,6264,2024-01-08,6,26,No
6265_0,6265,2024-03-15,6,12,No
6265_1,6265,2024-03-16,11,44,No
6266_0,6266,2024-09-11,3,71,No
6266_1,6266,2024-09-12,8,115,Yes
6266_2,6266,2024-09-13,5,87,No
6267_0,6267,2024-07-12,1,34,Yes
6268_0,6268,2024-10-03,14,102,No
6268_1,6268,2024-10-04,5,100,Yes
6268_2,6268,2024-10-05,15,71,No
6268_3,6268,2024-10-06,12,116,No
6268_4,6268,2024-10-07,1,6,No
6269_0,6269,2024-05-24,2,104,No
6269_1,6269,2024-05-25,3,2,No
6269_2,6269,2024-05-26,13,59,No
6270_0,6270,2024-12-18,6,73,Yes
6270_1,6270,2024-12-19,4,7,No
6270_2,6270,2024-12-20,15,21,Yes
6270_3,6270,2024-12-21,12,21,No
6271_0,6271,2024-07-13,12,39,No
6271_1,6271,2024-07-14,14,113,No
6272_0,6272,2024-04-16,4,94,No
6272_1,6272,2024-04-17,6,111,No
6272_2,6272,2024-04-18,1,81,Yes
6273_0,6273,2024-11-29,7,20,Yes
6273_1,6273,2024-11-30,7,7,No
6273_2,6273,2024-12-01,13,48,No
6273_3,6273,2024-12-02,4,71,Yes
6274_0,6274,2024-03-14,4,15,No
6274_1,6274,2024-03-15,10,11,Yes
6275_0,6275,2024-08-11,11,77,Yes
6276_0,6276,2024-07-04,14,81,No
6277_0,6277,2024-08-23,6,7,No
6277_1,6277,2024-08-24,7,64,Yes
6278_0,6278,2024-06-03,2,35,No
6278_1,6278,2024-06-04,12,51,No
6278_2,6278,2024-06-05,12,39,No
6279_0,6279,2024-11-06,7,113,No
6279_1,6279,2024-11-07,8,35,No
6279_2,6279,2024-11-08,7,63,No
6279_3,6279,2024-11-09,15,28,Yes
6279_4,6279,2024-11-10,14,51,Yes
6280_0,6280,2024-01-05,12,108,No
6281_0,6281,2024-09-28,3,6,No
6281_1,6281,2024-09-29,14,71,Yes
6281_2,6281,2024-09-30,5,47,No
6281_3,6281,2024-10-01,12,102,No
6282_0,6282,2024-01-31,7,37,Yes
6282_1,6282,2024-02-01,9,45,No
6282_2,6282,2024-02-02,13,60,Yes
6282_3,6282,2024-02-03,7,53,No
6283_0,6283,2024-10-21,7,35,Yes
6283_1,6283,2024-10-22,10,61,No
6283_2,6283,2024-10-23,11,32,No
6283_3,6283,2024-10-24,13,64,No
6284_0,6284,2024-12-14,2,83,Yes
6284_1,6284,2024-12-15,13,1,No
6284_2,6284,2024-12-16,1,11,No
6284_3,6284,2024-12-17,9,60,No
6285_0,6285,2024-02-11,15,75,No
6285_1,6285,2024-02-12,7,107,No
6285_2,6285,2024-02-13,7,96,Yes
6286_0,6286,2024-11-12,11,1,Yes
6286_1,6286,2024-11-13,13,112,Yes
6286_2,6286,2024-11-14,15,82,No
6286_3,6286,2024-11-15,2,16,No
6287_0,6287,2024-06-28,14,109,Yes
6287_1,6287,2024-06-29,7,71,No
6287_2,6287,2024-06-30,7,27,No
6287_3,6287,2024-07-01,7,108,No
6288_0,6288,2024-09-07,15,66,No
6288_1,6288,2024-09-08,10,15,No
6288_2,6288,2024-09-09,11,16,No
6288_3,6288,2024-09-10,6,107,No
6288_4,6288,2024-09-11,5,95,Yes
6289_0,6289,2024-09-02,2,105,No
6289_1,6289,2024-09-03,3,106,Yes
6289_2,6289,2024-09-04,6,116,No
6289_3,6289,2024-09-05,3,93,No
6289_4,6289,2024-09-06,8,34,No
6290_0,6290,2024-12-14,13,1,No
6291_0,6291,2024-01-06,9,51,No
6291_1,6291,2024-01-07,1,59,No
6291_2,6291,2024-01-08,8,37,Yes
6291_3,6291,2024-01-09,9,90,No
6292_0,6292,2024-10-18,13,111,No
6292_1,6292,2024-10-19,12,107,No
6292_2,6292,2024-10-20,7,107,No
6292_3,6292,2024-10-21,2,15,No
6293_0,6293,2024-12-03,6,20,No
6294_0,6294,2024-04-30,14,56,Yes
6294_1,6294,2024-05-01,6,115,No
6294_2,6294,2024-05-02,6,31,No
6294_3,6294,2024-05-03,9,101,No
6294_4,6294,2024-05-04,3,25,No
6295_0,6295,2024-01-01,8,114,Yes
6295_1,6295,2024-01-02,12,56,No
6295_2,6295,2024-01-03,8,31,No
6295_3,6295,2024-01-04,7,96,Yes
6296_0,6296,2024-02-02,3,55,No
6296_1,6296,2024-02-03,15,104,Yes
6296_2,6296,2024-02-04,14,98,No
6296_3,6296,2024-02-05,4,52,No
6296_4,6296,2024-02-06,4,62,Yes
6297_0,6297,2024-02-28,10,20,Yes
6297_1,6297,2024-02-29,14,99,Yes
6297_2,6297,2024-03-01,4,24,Yes
6297_3,6297,2024-03-02,10,39,No
6298_0,6298,2024-01-27,12,53,No
6298_1,6298,2024-01-28,9,103,Yes
6299_0,6299,2024-01-07,6,82,Yes
6299_1,6299,2024-01-08,1,61,Yes
6300_0,6300,2024-04-28,6,108,No
6301_0,6301,2024-03-30,4,11,Yes
6302_0,6302,2024-06-11,11,116,No
6303_0,6303,2024-11-26,6,83,No
6303_1,6303,2024-11-27,4,111,No
6303_2,6303,2024-11-28,12,48,Yes
6304_0,6304,2024-06-12,11,79,No
6305_0,6305,2024-07-13,11,48,Yes
6305_1,6305,2024-07-14,7,90,No
6305_2,6305,2024-07-15,8,21,No
6305_3,6305,2024-07-16,8,29,Yes
6306_0,6306,2024-04-03,12,38,No
6307_0,6307,2024-04-27,3,18,No
6307_1,6307,2024-04-28,14,3,No
6307_2,6307,2024-04-29,4,59,Yes
6308_0,6308,2024-02-24,7,58,Yes
6308_1,6308,2024-02-25,2,14,No
6308_2,6308,2024-02-26,4,116,No
6308_3,6308,2024-02-27,9,26,No
6309_0,6309,2024-06-29,5,47,No
6309_1,6309,2024-06-30,8,73,No
6309_2,6309,2024-07-01,5,73,No
6310_0,6310,2024-08-03,11,25,Yes
6310_1,6310,2024-08-04,3,4,No
6311_0,6311,2024-09-02,12,13,Yes
6312_0,6312,2024-08-12,9,65,No
6312_1,6312,2024-08-13,3,55,No
6312_2,6312,2024-08-14,7,53,No
6312_3,6312,2024-08-15,5,107,Yes
6312_4,6312,2024-08-16,11,13,No
6313_0,6313,2024-10-28,10,40,No
6313_1,6313,2024-10-29,4,43,Yes
6313_2,6313,2024-10-30,4,95,No
6313_3,6313,2024-10-31,9,26,No
6314_0,6314,2024-12-25,6,27,No
6315_0,6315,2024-12-29,12,49,Yes
6315_1,6315,2024-12-30,6,95,Yes
6315_2,6315,2024-12-31,15,83,No
6316_0,6316,2024-12-08,3,86,Yes
6317_0,6317,2024-12-26,15,5,No
6317_1,6317,2024-12-27,9,80,No
6317_2,6317,2024-12-28,8,91,No
6318_0,6318,2024-01-25,8,60,Yes
6318_1,6318,2024-01-26,7,86,No
6318_2,6318,2024-01-27,4,32,Yes
6318_3,6318,2024-01-28,14,27,No
6318_4,6318,2024-01-29,7,116,Yes
6319_0,6319,2024-10-05,14,3,Yes
6319_1,6319,2024-10-06,5,49,No
6319_2,6319,2024-10-07,1,4,Yes
6319_3,6319,2024-10-08,4,99,No
6320_0,6320,2024-08-06,7,117,Yes
6320_1,6320,2024-08-07,10,106,Yes
6320_2,6320,2024-08-08,9,109,No
6321_0,6321,2024-05-03,13,87,No
6321_1,6321,2024-05-04,12,64,No
6321_2,6321,2024-05-05,13,106,No
6321_3,6321,2024-05-06,14,103,No
6322_0,6322,2024-04-14,3,67,No
6322_1,6322,2024-04-15,12,101,Yes
6322_2,6322,2024-04-16,12,53,Yes
6323_0,6323,2024-10-10,14,107,No
6323_1,6323,2024-10-11,3,110,Yes
6324_0,6324,2024-03-31,1,96,No
6324_1,6324,2024-04-01,7,92,No
6324_2,6324,2024-04-02,3,84,No
6324_3,6324,2024-04-03,3,106,No
6325_0,6325,2024-12-02,2,41,Yes
6325_1,6325,2024-12-03,6,104,Yes
6325_2,6325,2024-12-04,7,26,Yes
6326_0,6326,2024-03-12,3,30,No
6326_1,6326,2024-03-13,5,93,No
6327_0,6327,2024-09-29,8,22,No
6327_1,6327,2024-09-30,7,3,No
6327_2,6327,2024-10-01,9,6,No
6327_3,6327,2024-10-02,7,92,No
6328_0,6328,2024-09-19,5,24,No
6328_1,6328,2024-09-20,3,65,No
6328_2,6328,2024-09-21,15,90,Yes
6328_3,6328,2024-09-22,11,66,No
6328_4,6328,2024-09-23,3,70,No
6329_0,6329,2024-09-24,2,29,No
6330_0,6330,2024-04-16,1,55,No
6330_1,6330,2024-04-17,15,113,No
6331_0,6331,2024-02-05,1,56,No
6331_1,6331,2024-02-06,9,45,No
6331_2,6331,2024-02-07,3,95,No
6331_3,6331,2024-02-08,1,62,No
6332_0,6332,2024-05-19,14,52,No
6332_1,6332,2024-05-20,7,92,No
6332_2,6332,2024-05-21,15,73,No
6332_3,6332,2024-05-22,14,93,Yes
6333_0,6333,2024-07-31,9,31,Yes
6333_1,6333,2024-08-01,14,112,Yes
6333_2,6333,2024-08-02,15,43,Yes
6333_3,6333,2024-08-03,7,4,No
6333_4,6333,2024-08-04,2,115,No
6334_0,6334,2024-02-23,12,27,No
6334_1,6334,2024-02-24,9,29,Yes
6335_0,6335,2024-04-23,14,100,No
6335_1,6335,2024-04-24,12,73,No
6335_2,6335,2024-04-25,6,52,Yes
6336_0,6336,2024-04-21,13,102,No
6336_1,6336,2024-04-22,7,36,No
6336_2,6336,2024-04-23,3,99,Yes
6337_0,6337,2024-05-10,6,83,No
6337_1,6337,2024-05-11,5,22,No
6337_2,6337,2024-05-12,3,118,No
6337_3,6337,2024-05-13,6,33,No
6338_0,6338,2024-08-18,8,93,No
6338_1,6338,2024-08-19,2,30,No
6338_2,6338,2024-08-20,8,12,No
6339_0,6339,2024-04-20,2,30,No
6339_1,6339,2024-04-21,2,1,No
6339_2,6339,2024-04-22,14,85,No
6339_3,6339,2024-04-23,11,21,Yes
6339_4,6339,2024-04-24,13,9,No
6340_0,6340,2024-02-25,2,104,No
6340_1,6340,2024-02-26,5,92,Yes
6340_2,6340,2024-02-27,3,5,No
6340_3,6340,2024-02-28,13,87,No
6341_0,6341,2024-12-05,3,38,No
6341_1,6341,2024-12-06,5,8,No
6341_2,6341,2024-12-07,6,63,Yes
6341_3,6341,2024-12-08,2,70,No
6341_4,6341,2024-12-09,6,18,Yes
6342_0,6342,2024-08-07,10,27,No
6342_1,6342,2024-08-08,13,20,No
6342_2,6342,2024-08-09,13,15,Yes
6342_3,6342,2024-08-10,8,45,No
6343_0,6343,2024-06-06,9,35,Yes
6344_0,6344,2024-01-31,3,4,Yes
6344_1,6344,2024-02-01,2,92,Yes
6345_0,6345,2024-12-09,15,76,No
6345_1,6345,2024-12-10,14,3,No
6345_2,6345,2024-12-11,9,106,No
6346_0,6346,2024-11-25,5,57,No
6346_1,6346,2024-11-26,14,21,No
6346_2,6346,2024-11-27,12,65,No
6346_3,6346,2024-11-28,6,109,No
6347_0,6347,2024-04-05,15,57,No
6348_0,6348,2024-12-11,6,29,Yes
6348_1,6348,2024-12-12,1,60,No
6348_2,6348,2024-12-13,15,38,No
6348_3,6348,2024-12-14,1,95,No
6349_0,6349,2024-08-30,2,102,No
6349_1,6349,2024-08-31,2,104,No
6349_2,6349,2024-09-01,10,69,Yes
6349_3,6349,2024-09-02,5,107,Yes
6349_4,6349,2024-09-03,12,30,No
6350_0,6350,2024-11-26,3,85,Yes
6351_0,6351,2024-05-12,8,93,Yes
6351_1,6351,2024-05-13,13,98,Yes
6351_2,6351,2024-05-14,6,36,No
6351_3,6351,2024-05-15,14,65,No
6351_4,6351,2024-05-16,4,16,Yes
6352_0,6352,2024-08-17,12,46,No
6352_1,6352,2024-08-18,13,106,No
6352_2,6352,2024-08-19,12,111,Yes
6353_0,6353,2024-09-25,5,119,No
6353_1,6353,2024-09-26,9,53,No
6353_2,6353,2024-09-27,4,39,No
6353_3,6353,2024-09-28,7,1,No
6353_4,6353,2024-09-29,14,13,Yes
6354_0,6354,2024-12-11,13,94,No
6354_1,6354,2024-12-12,8,54,No
6355_0,6355,2024-08-06,9,3,Yes
6355_1,6355,2024-08-07,7,101,Yes
6356_0,6356,2024-07-17,8,81,Yes
6356_1,6356,2024-07-18,5,50,No
6357_0,6357,2024-07-23,15,118,Yes
6357_1,6357,2024-07-24,4,44,No
6357_2,6357,2024-07-25,10,111,No
6357_3,6357,2024-07-26,7,30,Yes
6358_0,6358,2024-10-21,15,44,No
6358_1,6358,2024-10-22,9,38,No
6359_0,6359,2024-09-26,15,111,No
6359_1,6359,2024-09-27,11,100,No
6359_2,6359,2024-09-28,3,29,No
6360_0,6360,2024-09-08,13,73,Yes
6360_1,6360,2024-09-09,13,109,No
6360_2,6360,2024-09-10,5,94,No
6361_0,6361,2024-08-05,1,90,No
6361_1,6361,2024-08-06,8,107,Yes
6361_2,6361,2024-08-07,6,5,No
6361_3,6361,2024-08-08,14,16,No
6362_0,6362,2024-10-14,10,29,Yes
6362_1,6362,2024-10-15,9,25,No
6363_0,6363,2024-04-06,15,100,No
6363_1,6363,2024-04-07,7,36,Yes
6364_0,6364,2024-05-29,2,5,Yes
6364_1,6364,2024-05-30,11,104,Yes
6364_2,6364,2024-05-31,5,83,Yes
6364_3,6364,2024-06-01,11,28,Yes
6365_0,6365,2024-09-13,12,1,No
6365_1,6365,2024-09-14,3,37,No
6365_2,6365,2024-09-15,1,25,No
6365_3,6365,2024-09-16,14,34,No
6366_0,6366,2024-02-27,2,111,No
6366_1,6366,2024-02-28,14,109,No
6366_2,6366,2024-02-29,13,10,No
6366_3,6366,2024-03-01,8,45,No
6367_0,6367,2024-03-18,10,54,Yes
6368_0,6368,2024-05-14,9,29,No
6369_0,6369,2024-02-28,13,14,No
6369_1,6369,2024-02-29,3,80,Yes
6369_2,6369,2024-03-01,12,25,Yes
6370_0,6370,2024-03-11,3,7,No
6370_1,6370,2024-03-12,4,42,No
6371_0,6371,2024-09-01,8,15,No
6371_1,6371,2024-09-02,15,109,No
6371_2,6371,2024-09-03,6,37,No
6372_0,6372,2024-09-13,1,68,No
6372_1,6372,2024-09-14,12,118,No
6372_2,6372,2024-09-15,1,84,Yes
6372_3,6372,2024-09-16,7,63,No
6373_0,6373,2024-11-26,7,100,Yes
6374_0,6374,2024-02-03,1,40,Yes
6374_1,6374,2024-02-04,3,46,No
6374_2,6374,2024-02-05,15,26,No
6374_3,6374,2024-02-06,12,99,No
6375_0,6375,2024-01-11,10,30,Yes
6375_1,6375,2024-01-12,5,28,No
6375_2,6375,2024-01-13,6,89,No
6375_3,6375,2024-01-14,9,83,No
6375_4,6375,2024-01-15,8,87,Yes
6376_0,6376,2024-11-27,2,44,No
6376_1,6376,2024-11-28,9,4,Yes
6376_2,6376,2024-11-29,1,5,No
6376_3,6376,2024-11-30,8,87,Yes
6377_0,6377,2024-02-29,3,66,No
6377_1,6377,2024-03-01,10,34,No
6378_0,6378,2024-04-26,11,113,No
6378_1,6378,2024-04-27,5,55,Yes
6379_0,6379,2024-03-15,12,60,No
6379_1,6379,2024-03-16,12,18,No
6379_2,6379,2024-03-17,13,93,Yes
6379_3,6379,2024-03-18,2,17,Yes
6380_0,6380,2024-04-01,8,111,No
6380_1,6380,2024-04-02,2,34,Yes
6380_2,6380,2024-04-03,8,40,No
6380_3,6380,2024-04-04,1,2,No
6381_0,6381,2024-10-04,1,59,No
6381_1,6381,2024-10-05,6,27,No
6381_2,6381,2024-10-06,8,78,No
6382_0,6382,2024-04-18,15,81,Yes
6382_1,6382,2024-04-19,12,67,No
6382_2,6382,2024-04-20,10,119,No
6382_3,6382,2024-04-21,3,69,Yes
6383_0,6383,2024-10-28,13,72,No
6383_1,6383,2024-10-29,7,24,No
6383_2,6383,2024-10-30,2,1,No
6383_3,6383,2024-10-31,3,114,Yes
6384_0,6384,2024-07-21,3,5,Yes
6384_1,6384,2024-07-22,14,100,No
6384_2,6384,2024-07-23,5,108,Yes
6384_3,6384,2024-07-24,12,100,No
6384_4,6384,2024-07-25,15,45,Yes
6385_0,6385,2024-12-23,9,74,No
6385_1,6385,2024-12-24,13,65,Yes
6385_2,6385,2024-12-25,10,3,No
6385_3,6385,2024-12-26,14,115,No
6386_0,6386,2024-03-31,3,31,No
6386_1,6386,2024-04-01,9,9,Yes
6386_2,6386,2024-04-02,2,27,No
6386_3,6386,2024-04-03,6,75,Yes
6387_0,6387,2024-10-30,5,10,No
6387_1,6387,2024-10-31,14,24,Yes
6387_2,6387,2024-11-01,3,112,Yes
6387_3,6387,2024-11-02,1,9,No
6388_0,6388,2024-05-03,15,23,No
6388_1,6388,2024-05-04,6,20,No
6388_2,6388,2024-05-05,3,117,No
6388_3,6388,2024-05-06,4,108,No
6389_0,6389,2024-09-01,15,25,Yes
6390_0,6390,2024-08-26,8,8,No
6390_1,6390,2024-08-27,11,108,No
6390_2,6390,2024-08-28,11,116,No
6390_3,6390,2024-08-29,10,110,No
6391_0,6391,2024-02-09,13,57,No
6391_1,6391,2024-02-10,3,106,No
6391_2,6391,2024-02-11,9,118,Yes
6391_3,6391,2024-02-12,10,98,No
6391_4,6391,2024-02-13,12,74,No
6392_0,6392,2024-09-12,4,119,No
6392_1,6392,2024-09-13,12,42,No
6392_2,6392,2024-09-14,4,73,No
6393_0,6393,2024-12-09,10,100,No
6393_1,6393,2024-12-10,11,98,Yes
6394_0,6394,2024-03-25,9,58,No
6394_1,6394,2024-03-26,4,8,No
6394_2,6394,2024-03-27,10,73,No
6394_3,6394,2024-03-28,7,26,Yes
6395_0,6395,2024-01-08,6,45,Yes
6396_0,6396,2024-07-28,4,4,No
6396_1,6396,2024-07-29,2,110,No
6396_2,6396,2024-07-30,4,55,No
6396_3,6396,2024-07-31,5,47,No
6396_4,6396,2024-08-01,12,44,No
6397_0,6397,2024-01-20,13,115,Yes
6397_1,6397,2024-01-21,1,106,No
6398_0,6398,2024-04-02,11,106,No
6398_1,6398,2024-04-03,11,12,No
6399_0,6399,2024-03-21,9,81,No
6400_0,6400,2024-07-26,14,49,No
6400_1,6400,2024-07-27,14,65,No
6400_2,6400,2024-07-28,10,81,No
6400_3,6400,2024-07-29,5,54,No
6400_4,6400,2024-07-30,10,112,Yes
6401_0,6401,2024-06-03,2,91,Yes
6401_1,6401,2024-06-04,6,73,No
6402_0,6402,2024-02-02,13,16,Yes
6402_1,6402,2024-02-03,13,90,No
6402_2,6402,2024-02-04,9,93,No
6402_3,6402,2024-02-05,5,7,No
6402_4,6402,2024-02-06,7,15,No
6403_0,6403,2024-08-14,15,118,No
6404_0,6404,2024-07-21,12,88,No
6404_1,6404,2024-07-22,6,99,Yes
6404_2,6404,2024-07-23,3,38,No
6404_3,6404,2024-07-24,14,18,No
6404_4,6404,2024-07-25,12,65,No
6405_0,6405,2024-01-13,7,35,No
6405_1,6405,2024-01-14,2,96,No
6405_2,6405,2024-01-15,3,101,No
6405_3,6405,2024-01-16,2,24,Yes
6405_4,6405,2024-01-17,2,94,No
6406_0,6406,2024-04-15,2,3,Yes
6406_1,6406,2024-04-16,13,83,Yes
6406_2,6406,2024-04-17,4,118,Yes
6407_0,6407,2024-09-30,2,47,Yes
6408_0,6408,2024-09-08,7,77,Yes
6408_1,6408,2024-09-09,2,9,No
6408_2,6408,2024-09-10,11,36,No
6409_0,6409,2024-06-12,3,19,No
6409_1,6409,2024-06-13,3,56,Yes
6410_0,6410,2024-08-29,2,53,No
6410_1,6410,2024-08-30,11,50,No
6410_2,6410,2024-08-31,2,10,No
6411_0,6411,2024-06-13,5,27,No
6411_1,6411,2024-06-14,7,57,No
6411_2,6411,2024-06-15,2,10,Yes
6412_0,6412,2024-12-10,10,5,No
6412_1,6412,2024-12-11,6,80,No
6413_0,6413,2024-12-01,8,91,No
6413_1,6413,2024-12-02,2,4,No
6414_0,6414,2024-04-30,5,59,No
6414_1,6414,2024-05-01,13,110,Yes
6414_2,6414,2024-05-02,5,64,No
6414_3,6414,2024-05-03,8,37,Yes
6415_0,6415,2024-06-20,5,117,No
6416_0,6416,2024-12-26,15,20,No
6417_0,6417,2024-05-09,15,32,No
6418_0,6418,2024-07-26,14,89,No
6418_1,6418,2024-07-27,5,80,No
6418_2,6418,2024-07-28,1,69,No
6418_3,6418,2024-07-29,13,110,Yes
6419_0,6419,2024-01-30,14,103,No
6419_1,6419,2024-01-31,14,100,Yes
6420_0,6420,2024-01-15,12,109,No
6420_1,6420,2024-01-16,11,84,Yes
6420_2,6420,2024-01-17,9,71,Yes
6421_0,6421,2024-10-14,3,52,No
6421_1,6421,2024-10-15,14,16,Yes
6422_0,6422,2024-04-09,2,29,No
6422_1,6422,2024-04-10,15,36,No
6423_0,6423,2024-02-07,9,32,No
6424_0,6424,2024-10-20,12,102,No
6424_1,6424,2024-10-21,10,69,No
6424_2,6424,2024-10-22,8,104,No
6424_3,6424,2024-10-23,13,64,Yes
6424_4,6424,2024-10-24,1,51,No
6425_0,6425,2024-06-17,2,77,No
6425_1,6425,2024-06-18,11,2,No
6425_2,6425,2024-06-19,2,37,No
6425_3,6425,2024-06-20,14,15,No
6426_0,6426,2024-03-03,12,62,No
6426_1,6426,2024-03-04,4,47,No
6427_0,6427,2024-08-17,6,87,Yes
6427_1,6427,2024-08-18,12,44,Yes
6427_2,6427,2024-08-19,12,24,No
6427_3,6427,2024-08-20,11,64,Yes
6427_4,6427,2024-08-21,5,95,No
6428_0,6428,2024-01-09,6,43,No
6428_1,6428,2024-01-10,8,79,Yes
6429_0,6429,2024-07-01,2,97,No
6429_1,6429,2024-07-02,3,18,Yes
6429_2,6429,2024-07-03,15,109,No
6429_3,6429,2024-07-04,1,36,No
6430_0,6430,2024-09-29,2,112,No
6430_1,6430,2024-09-30,13,55,No
6430_2,6430,2024-10-01,12,120,No
6431_0,6431,2024-03-13,14,47,No
6432_0,6432,2024-09-08,15,2,No
6432_1,6432,2024-09-09,4,53,No
6432_2,6432,2024-09-10,5,15,No
6432_3,6432,2024-09-11,15,40,No
6432_4,6432,2024-09-12,13,39,No
6433_0,6433,2024-07-18,4,69,Yes
6434_0,6434,2024-12-28,3,37,Yes
6434_1,6434,2024-12-29,7,113,No
6434_2,6434,2024-12-30,11,46,Yes
6434_3,6434,2024-12-31,2,21,Yes
6434_4,6434,2025-01-01,14,42,No
6435_0,6435,2024-10-06,15,93,No
6436_0,6436,2024-12-25,11,8,No
6437_0,6437,2024-11-05,15,57,Yes
6437_1,6437,2024-11-06,14,113,No
6437_2,6437,2024-11-07,3,32,Yes
6437_3,6437,2024-11-08,10,94,No
6438_0,6438,2024-12-08,3,114,No
6439_0,6439,2024-07-05,9,40,No
6440_0,6440,2024-12-29,14,16,No
6440_1,6440,2024-12-30,2,102,No
6440_2,6440,2024-12-31,6,53,No
6440_3,6440,2025-01-01,1,117,No
6440_4,6440,2025-01-02,12,80,Yes
6441_0,6441,2024-08-05,6,99,No
6441_1,6441,2024-08-06,3,48,No
6441_2,6441,2024-08-07,6,33,No
6441_3,6441,2024-08-08,3,81,Yes
6441_4,6441,2024-08-09,8,102,No
6442_0,6442,2024-04-22,12,76,No
6442_1,6442,2024-04-23,6,90,Yes
6443_0,6443,2024-11-07,9,77,No
6443_1,6443,2024-11-08,3,110,Yes
6443_2,6443,2024-11-09,8,117,Yes
6444_0,6444,2024-09-30,14,115,Yes
6444_1,6444,2024-10-01,9,22,No
6445_0,6445,2024-01-13,15,53,No
6445_1,6445,2024-01-14,2,102,No
6446_0,6446,2024-01-05,14,46,No
6446_1,6446,2024-01-06,2,92,No
6446_2,6446,2024-01-07,12,49,Yes
6446_3,6446,2024-01-08,1,31,No
6446_4,6446,2024-01-09,15,102,Yes
6447_0,6447,2024-10-29,5,100,No
6447_1,6447,2024-10-30,11,44,Yes
6447_2,6447,2024-10-31,9,47,No
6448_0,6448,2024-12-08,1,62,No
6448_1,6448,2024-12-09,13,21,No
6448_2,6448,2024-12-10,1,57,No
6448_3,6448,2024-12-11,2,92,Yes
6448_4,6448,2024-12-12,15,96,Yes
6449_0,6449,2024-03-28,5,7,No
6449_1,6449,2024-03-29,11,106,No
6449_2,6449,2024-03-30,5,35,No
6449_3,6449,2024-03-31,14,30,No
6449_4,6449,2024-04-01,2,43,No
6450_0,6450,2024-02-24,7,108,Yes
6450_1,6450,2024-02-25,2,91,No
6451_0,6451,2024-09-02,13,86,Yes
6451_1,6451,2024-09-03,6,11,No
6452_0,6452,2024-12-02,1,42,No
6452_1,6452,2024-12-03,4,23,Yes
6452_2,6452,2024-12-04,2,120,No
6452_3,6452,2024-12-05,6,93,Yes
6452_4,6452,2024-12-06,6,3,No
6453_0,6453,2024-12-29,6,5,Yes
6453_1,6453,2024-12-30,10,76,No
6453_2,6453,2024-12-31,1,16,Yes
6454_0,6454,2024-01-12,14,64,Yes
6455_0,6455,2024-01-08,4,116,No
6455_1,6455,2024-01-09,9,80,Yes
6456_0,6456,2024-01-29,10,115,No
6456_1,6456,2024-01-30,10,57,No
6456_2,6456,2024-01-31,9,14,No
6456_3,6456,2024-02-01,1,112,No
6457_0,6457,2024-04-14,5,58,No
6457_1,6457,2024-04-15,1,83,No
6458_0,6458,2024-05-03,4,1,No
6458_1,6458,2024-05-04,14,82,No
6459_0,6459,2024-12-09,2,54,No
6460_0,6460,2024-07-20,14,89,No
6460_1,6460,2024-07-21,2,97,No
6460_2,6460,2024-07-22,14,84,No
6460_3,6460,2024-07-23,14,21,Yes
6461_0,6461,2024-08-08,10,39,No
6461_1,6461,2024-08-09,12,118,No
6462_0,6462,2024-01-06,2,46,No
6462_1,6462,2024-01-07,7,65,Yes
6462_2,6462,2024-01-08,13,9,No
6462_3,6462,2024-01-09,9,94,No
6462_4,6462,2024-01-10,1,19,No
6463_0,6463,2024-04-21,4,84,No
6463_1,6463,2024-04-22,1,13,Yes
6464_0,6464,2024-08-14,7,84,No
6464_1,6464,2024-08-15,3,89,Yes
6465_0,6465,2024-12-15,4,24,No
6465_1,6465,2024-12-16,9,78,No
6465_2,6465,2024-12-17,8,105,Yes
6465_3,6465,2024-12-18,7,3,No
6466_0,6466,2024-07-28,1,29,No
6466_1,6466,2024-07-29,6,81,Yes
6467_0,6467,2024-02-07,11,55,No
6467_1,6467,2024-02-08,9,77,Yes
6467_2,6467,2024-02-09,15,88,No
6467_3,6467,2024-02-10,2,11,No
6468_0,6468,2024-04-20,5,62,Yes
6468_1,6468,2024-04-21,3,82,No
6468_2,6468,2024-04-22,9,67,No
6468_3,6468,2024-04-23,15,82,No
6468_4,6468,2024-04-24,2,58,No
6469_0,6469,2024-04-04,5,73,No
6469_1,6469,2024-04-05,8,67,No
6470_0,6470,2024-07-06,15,91,No
6470_1,6470,2024-07-07,1,6,No
6471_0,6471,2024-10-11,10,116,No
6471_1,6471,2024-10-12,4,12,No
6471_2,6471,2024-10-13,15,114,No
6472_0,6472,2024-06-29,4,71,No
6472_1,6472,2024-06-30,2,96,No
6473_0,6473,2024-12-11,11,100,No
6473_1,6473,2024-12-12,9,42,No
6473_2,6473,2024-12-13,12,80,No
6473_3,6473,2024-12-14,9,119,Yes
6474_0,6474,2024-03-20,15,37,No
6474_1,6474,2024-03-21,12,35,No
6474_2,6474,2024-03-22,8,107,No
6474_3,6474,2024-03-23,6,72,Yes
6474_4,6474,2024-03-24,14,45,Yes
6475_0,6475,2024-07-02,2,64,No
6476_0,6476,2024-09-11,5,81,No
6476_1,6476,2024-09-12,13,119,No
6476_2,6476,2024-09-13,9,99,No
6476_3,6476,2024-09-14,7,35,No
6477_0,6477,2024-10-31,8,110,Yes
6477_1,6477,2024-11-01,4,98,Yes
6477_2,6477,2024-11-02,2,19,No
6477_3,6477,2024-11-03,10,96,No
6477_4,6477,2024-11-04,13,116,Yes
6478_0,6478,2024-07-07,11,94,No
6479_0,6479,2024-07-15,4,93,No
6479_1,6479,2024-07-16,3,17,No
6480_0,6480,2024-05-15,2,103,No
6480_1,6480,2024-05-16,1,93,No
6480_2,6480,2024-05-17,14,34,No
6480_3,6480,2024-05-18,11,66,No
6481_0,6481,2024-10-14,13,114,No
6481_1,6481,2024-10-15,1,10,No
6482_0,6482,2024-02-20,5,78,No
6482_1,6482,2024-02-21,1,116,No
6483_0,6483,2024-03-29,9,100,Yes
6484_0,6484,2024-10-20,15,36,No
6484_1,6484,2024-10-21,7,8,No
6485_0,6485,2024-08-31,9,6,No
6486_0,6486,2024-02-25,1,113,No
6486_1,6486,2024-02-26,6,22,No
6486_2,6486,2024-02-27,10,14,No
6486_3,6486,2024-02-28,9,18,No
6486_4,6486,2024-02-29,8,58,Yes
6487_0,6487,2024-01-04,9,75,Yes
6487_1,6487,2024-01-05,3,40,No
6487_2,6487,2024-01-06,9,107,No
6487_3,6487,2024-01-07,1,106,No
6488_0,6488,2024-05-04,4,90,No
6488_1,6488,2024-05-05,1,104,No
6488_2,6488,2024-05-06,9,34,No
6488_3,6488,2024-05-07,7,91,No
6488_4,6488,2024-05-08,6,67,Yes
6489_0,6489,2024-12-04,6,27,No
6489_1,6489,2024-12-05,8,51,No
6489_2,6489,2024-12-06,7,111,No
6489_3,6489,2024-12-07,14,90,Yes
6490_0,6490,2024-07-02,13,78,No
6491_0,6491,2024-09-17,11,119,No
6491_1,6491,2024-09-18,3,30,No
6491_2,6491,2024-09-19,6,3,Yes
6492_0,6492,2024-10-03,8,18,Yes
6492_1,6492,2024-10-04,4,89,No
6492_2,6492,2024-10-05,14,98,No
6493_0,6493,2024-07-15,4,81,No
6493_1,6493,2024-07-16,8,55,Yes
6493_2,6493,2024-07-17,4,8,No
6493_3,6493,2024-07-18,2,61,No
6493_4,6493,2024-07-19,12,44,No
6494_0,6494,2024-06-11,15,11,Yes
6494_1,6494,2024-06-12,11,95,Yes
6494_2,6494,2024-06-13,6,19,No
6495_0,6495,2024-07-25,2,113,Yes
6496_0,6496,2024-12-28,13,102,No
6496_1,6496,2024-12-29,15,43,No
6496_2,6496,2024-12-30,14,24,Yes
6497_0,6497,2024-02-19,15,6,No
6497_1,6497,2024-02-20,6,49,No
6497_2,6497,2024-02-21,9,67,No
6497_3,6497,2024-02-22,5,28,No
6498_0,6498,2024-08-23,7,32,No
6498_1,6498,2024-08-24,1,15,No
6498_2,6498,2024-08-25,11,18,No
6498_3,6498,2024-08-26,5,73,No
6498_4,6498,2024-08-27,9,33,Yes
6499_0,6499,2024-08-26,8,14,No
6499_1,6499,2024-08-27,10,60,No
6499_2,6499,2024-08-28,11,39,No
6500_0,6500,2024-03-21,4,43,No
6500_1,6500,2024-03-22,7,56,Yes
6500_2,6500,2024-03-23,6,77,No
6500_3,6500,2024-03-24,7,13,No
6500_4,6500,2024-03-25,5,43,Yes
6501_0,6501,2024-06-30,8,101,No
6502_0,6502,2024-05-30,9,118,No
6502_1,6502,2024-05-31,14,81,Yes
6502_2,6502,2024-06-01,11,10,No
6503_0,6503,2024-03-02,6,117,No
6503_1,6503,2024-03-03,9,10,No
6504_0,6504,2024-04-30,7,101,No
6504_1,6504,2024-05-01,1,48,Yes
6505_0,6505,2024-06-29,15,39,No
6505_1,6505,2024-06-30,5,34,No
6505_2,6505,2024-07-01,15,40,No
6505_3,6505,2024-07-02,8,55,Yes
6506_0,6506,2024-07-14,12,60,No
6506_1,6506,2024-07-15,3,44,No
6507_0,6507,2024-10-26,1,45,No
6507_1,6507,2024-10-27,11,29,No
6507_2,6507,2024-10-28,2,71,No
6507_3,6507,2024-10-29,7,46,Yes
6508_0,6508,2024-10-01,15,100,Yes
6508_1,6508,2024-10-02,13,100,Yes
6508_2,6508,2024-10-03,1,117,No
6509_0,6509,2024-04-11,12,40,No
6509_1,6509,2024-04-12,2,4,No
6510_0,6510,2024-05-25,13,59,No
6510_1,6510,2024-05-26,3,1,No
6511_0,6511,2024-03-20,8,20,No
6511_1,6511,2024-03-21,4,4,No
6512_0,6512,2024-07-17,4,113,No
6512_1,6512,2024-07-18,11,63,No
6512_2,6512,2024-07-19,2,50,No
6512_3,6512,2024-07-20,8,77,No
6513_0,6513,2024-10-05,1,100,No
6513_1,6513,2024-10-06,4,5,No
6513_2,6513,2024-10-07,12,50,No
6514_0,6514,2024-05-21,2,80,Yes
6515_0,6515,2024-10-20,6,58,No
6515_1,6515,2024-10-21,2,33,No
6515_2,6515,2024-10-22,3,9,No
6515_3,6515,2024-10-23,10,71,No
6515_4,6515,2024-10-24,1,64,No
6516_0,6516,2024-09-07,4,64,No
6517_0,6517,2024-04-06,4,120,No
6517_1,6517,2024-04-07,11,11,No
6517_2,6517,2024-04-08,14,41,No
6518_0,6518,2024-08-18,11,4,Yes
6518_1,6518,2024-08-19,1,43,Yes
6518_2,6518,2024-08-20,9,106,No
6518_3,6518,2024-08-21,14,103,No
6518_4,6518,2024-08-22,3,78,Yes
6519_0,6519,2024-06-16,4,120,No
6519_1,6519,2024-06-17,9,75,No
6520_0,6520,2024-05-18,8,37,No
6520_1,6520,2024-05-19,3,52,No
6520_2,6520,2024-05-20,7,59,No
6521_0,6521,2024-04-04,7,32,No
6522_0,6522,2024-03-05,14,103,No
6522_1,6522,2024-03-06,7,17,No
6522_2,6522,2024-03-07,2,99,No
6523_0,6523,2024-02-10,8,50,No
6523_1,6523,2024-02-11,14,58,Yes
6523_2,6523,2024-02-12,14,101,No
6524_0,6524,2024-01-01,1,68,Yes
6524_1,6524,2024-01-02,1,71,Yes
6524_2,6524,2024-01-03,5,71,No
6525_0,6525,2024-11-18,2,92,No
6525_1,6525,2024-11-19,8,6,No
6525_2,6525,2024-11-20,12,51,No
6525_3,6525,2024-11-21,12,92,No
6525_4,6525,2024-11-22,13,21,No
6526_0,6526,2024-11-12,5,18,Yes
6526_1,6526,2024-11-13,3,92,No
6527_0,6527,2024-02-01,4,42,No
6528_0,6528,2024-09-26,8,62,No
6528_1,6528,2024-09-27,10,78,No
6528_2,6528,2024-09-28,15,88,Yes
6528_3,6528,2024-09-29,3,101,No
6529_0,6529,2024-12-06,11,66,No
6529_1,6529,2024-12-07,13,45,No
6529_2,6529,2024-12-08,9,49,No
6529_3,6529,2024-12-09,13,6,Yes
6529_4,6529,2024-12-10,8,64,Yes
6530_0,6530,2024-07-25,5,57,Yes
6531_0,6531,2024-03-25,8,54,No
6531_1,6531,2024-03-26,5,30,No
6532_0,6532,2024-01-29,5,66,No
6532_1,6532,2024-01-30,6,31,No
6533_0,6533,2024-01-18,9,11,Yes
6533_1,6533,2024-01-19,14,33,Yes
6533_2,6533,2024-01-20,6,97,No
6534_0,6534,2024-05-06,2,7,Yes
6534_1,6534,2024-05-07,5,29,Yes
6534_2,6534,2024-05-08,12,106,No
6534_3,6534,2024-05-09,2,104,Yes
6535_0,6535,2024-03-12,4,102,Yes
6536_0,6536,2024-09-12,8,48,Yes
6536_1,6536,2024-09-13,13,71,No
6536_2,6536,2024-09-14,7,1,No
6537_0,6537,2024-05-06,10,78,Yes
6537_1,6537,2024-05-07,9,71,Yes
6537_2,6537,2024-05-08,11,35,Yes
6538_0,6538,2024-07-24,3,72,Yes
6538_1,6538,2024-07-25,1,34,Yes
6539_0,6539,2024-02-09,6,59,No
6539_1,6539,2024-02-10,6,68,No
6540_0,6540,2024-11-03,15,26,No
6540_1,6540,2024-11-04,12,118,No
6540_2,6540,2024-11-05,15,1,No
6540_3,6540,2024-11-06,8,105,No
6540_4,6540,2024-11-07,7,28,Yes
6541_0,6541,2024-12-01,14,9,No
6541_1,6541,2024-12-02,6,112,Yes
6542_0,6542,2024-05-08,14,110,No
6542_1,6542,2024-05-09,9,82,No
6542_2,6542,2024-05-10,1,109,Yes
6542_3,6542,2024-05-11,15,30,No
6542_4,6542,2024-05-12,6,15,No
6543_0,6543,2024-06-04,11,37,Yes
6543_1,6543,2024-06-05,3,91,Yes
6543_2,6543,2024-06-06,4,4,No
6543_3,6543,2024-06-07,13,114,Yes
6544_0,6544,2024-10-01,3,18,Yes
6544_1,6544,2024-10-02,9,79,Yes
6544_2,6544,2024-10-03,2,100,No
6545_0,6545,2024-03-26,8,116,Yes
6545_1,6545,2024-03-27,12,49,No
6545_2,6545,2024-03-28,14,5,No
6545_3,6545,2024-03-29,8,76,No
6546_0,6546,2024-09-28,5,60,Yes
6546_1,6546,2024-09-29,12,29,Yes
6546_2,6546,2024-09-30,5,43,No
6546_3,6546,2024-10-01,4,104,No
6546_4,6546,2024-10-02,9,81,No
6547_0,6547,2024-05-29,1,61,Yes
6548_0,6548,2024-05-03,12,116,Yes
6548_1,6548,2024-05-04,5,22,No
6548_2,6548,2024-05-05,6,37,No
6549_0,6549,2024-03-04,13,45,No
6550_0,6550,2024-06-22,14,80,No
6551_0,6551,2024-10-23,15,96,No
6552_0,6552,2024-08-27,3,16,Yes
6552_1,6552,2024-08-28,4,37,No
6552_2,6552,2024-08-29,12,39,No
6552_3,6552,2024-08-30,15,79,No
6553_0,6553,2024-09-28,12,20,No
6554_0,6554,2024-09-07,13,110,No
6554_1,6554,2024-09-08,2,44,Yes
6555_0,6555,2024-02-14,13,69,No
6555_1,6555,2024-02-15,12,91,No
6556_0,6556,2024-11-07,2,112,No
6557_0,6557,2024-09-16,10,99,No
6557_1,6557,2024-09-17,3,33,Yes
6557_2,6557,2024-09-18,15,36,No
6558_0,6558,2024-03-08,13,115,No
6558_1,6558,2024-03-09,7,29,No
6559_0,6559,2024-12-28,11,69,No
6559_1,6559,2024-12-29,4,35,Yes
6559_2,6559,2024-12-30,5,4,No
6560_0,6560,2024-03-31,6,87,No
6560_1,6560,2024-04-01,1,16,Yes
6560_2,6560,2024-04-02,9,104,No
6560_3,6560,2024-04-03,3,87,No
6561_0,6561,2024-02-09,7,104,No
6561_1,6561,2024-02-10,12,50,No
6562_0,6562,2024-05-23,9,44,No
6562_1,6562,2024-05-24,10,55,No
6562_2,6562,2024-05-25,3,120,No
6562_3,6562,2024-05-26,15,100,Yes
6562_4,6562,2024-05-27,4,84,No
6563_0,6563,2024-04-18,8,116,No
6564_0,6564,2024-09-16,9,48,No
6564_1,6564,2024-09-17,1,80,Yes
6564_2,6564,2024-09-18,12,70,No
6565_0,6565,2024-11-11,14,45,Yes
6565_1,6565,2024-11-12,1,56,No
6565_2,6565,2024-11-13,13,52,Yes
6565_3,6565,2024-11-14,5,66,No
6565_4,6565,2024-11-15,7,59,No
6566_0,6566,2024-12-18,2,92,Yes
6566_1,6566,2024-12-19,1,88,No
6566_2,6566,2024-12-20,10,7,Yes
6566_3,6566,2024-12-21,2,6,No
6566_4,6566,2024-12-22,8,61,No
6567_0,6567,2024-03-31,14,44,No
6568_0,6568,2024-04-20,10,86,Yes
6568_1,6568,2024-04-21,6,4,No
6568_2,6568,2024-04-22,8,59,No
6568_3,6568,2024-04-23,15,112,No
6568_4,6568,2024-04-24,5,81,Yes
6569_0,6569,2024-02-13,12,64,No
6569_1,6569,2024-02-14,1,75,No
6569_2,6569,2024-02-15,9,39,No
6569_3,6569,2024-02-16,14,48,Yes
6569_4,6569,2024-02-17,11,92,No
6570_0,6570,2024-10-31,1,109,No
6570_1,6570,2024-11-01,1,109,No
6570_2,6570,2024-11-02,4,31,No
6570_3,6570,2024-11-03,8,4,No
6571_0,6571,2024-03-18,7,84,Yes
6572_0,6572,2024-12-06,8,36,Yes
6572_1,6572,2024-12-07,10,3,No
6573_0,6573,2024-06-22,4,63,No
6573_1,6573,2024-06-23,4,71,Yes
6573_2,6573,2024-06-24,6,84,No
6574_0,6574,2024-08-21,15,106,Yes
6575_0,6575,2024-08-12,11,45,Yes
6575_1,6575,2024-08-13,3,93,No
6576_0,6576,2024-03-25,3,50,No
6577_0,6577,2024-01-13,4,92,No
6577_1,6577,2024-01-14,13,10,No
6577_2,6577,2024-01-15,5,8,Yes
6577_3,6577,2024-01-16,9,59,No
6577_4,6577,2024-01-17,5,45,Yes
6578_0,6578,2024-06-09,12,53,No
6578_1,6578,2024-06-10,5,62,No
6578_2,6578,2024-06-11,5,24,No
6579_0,6579,2024-10-28,8,17,No
6579_1,6579,2024-10-29,4,13,No
6579_2,6579,2024-10-30,12,60,Yes
6579_3,6579,2024-10-31,14,45,No
6579_4,6579,2024-11-01,10,4,Yes
6580_0,6580,2024-09-03,4,50,No
6580_1,6580,2024-09-04,9,8,Yes
6580_2,6580,2024-09-05,10,98,No
6581_0,6581,2024-09-17,6,73,No
6581_1,6581,2024-09-18,2,15,Yes
6581_2,6581,2024-09-19,6,48,No
6582_0,6582,2024-06-27,15,16,No
6582_1,6582,2024-06-28,10,15,No
6582_2,6582,2024-06-29,12,105,No
6583_0,6583,2024-05-27,7,56,No
6583_1,6583,2024-05-28,12,100,No
6584_0,6584,2024-01-27,10,30,No
6584_1,6584,2024-01-28,12,57,Yes
6584_2,6584,2024-01-29,13,5,Yes
6584_3,6584,2024-01-30,6,23,No
6585_0,6585,2024-02-15,12,64,No
6585_1,6585,2024-02-16,5,39,No
6585_2,6585,2024-02-17,9,36,No
6585_3,6585,2024-02-18,14,101,No
6585_4,6585,2024-02-19,9,37,No
6586_0,6586,2024-08-29,6,14,Yes
6586_1,6586,2024-08-30,3,109,Yes
6586_2,6586,2024-08-31,3,49,No
6586_3,6586,2024-09-01,5,94,No
6586_4,6586,2024-09-02,4,116,No
6587_0,6587,2024-03-14,6,84,No
6587_1,6587,2024-03-15,8,106,No
6587_2,6587,2024-03-16,14,62,No
6588_0,6588,2024-01-12,6,119,No
6588_1,6588,2024-01-13,8,77,No
6588_2,6588,2024-01-14,4,78,No
6588_3,6588,2024-01-15,13,90,No
6589_0,6589,2024-12-13,3,57,Yes
6589_1,6589,2024-12-14,4,20,Yes
6589_2,6589,2024-12-15,8,113,No
6589_3,6589,2024-12-16,15,43,Yes
6589_4,6589,2024-12-17,7,67,No
6590_0,6590,2024-05-05,8,68,No
6590_1,6590,2024-05-06,9,32,No
6590_2,6590,2024-05-07,13,25,No
6590_3,6590,2024-05-08,4,39,Yes
6590_4,6590,2024-05-09,15,64,No
6591_0,6591,2024-09-17,14,88,Yes
6591_1,6591,2024-09-18,2,12,No
6591_2,6591,2024-09-19,4,43,No
6592_0,6592,2024-02-15,12,69,No
6592_1,6592,2024-02-16,6,93,Yes
6592_2,6592,2024-02-17,13,91,No
6593_0,6593,2024-11-27,12,53,No
6594_0,6594,2024-05-12,3,72,No
6594_1,6594,2024-05-13,9,12,No
6594_2,6594,2024-05-14,4,39,Yes
6594_3,6594,2024-05-15,11,90,No
6595_0,6595,2024-09-29,1,5,No
6595_1,6595,2024-09-30,11,37,Yes
6595_2,6595,2024-10-01,15,2,Yes
6596_0,6596,2024-09-20,2,30,No
6596_1,6596,2024-09-21,15,115,No
6596_2,6596,2024-09-22,5,25,No
6596_3,6596,2024-09-23,1,8,No
6596_4,6596,2024-09-24,13,11,No
6597_0,6597,2024-02-23,14,27,No
6597_1,6597,2024-02-24,11,56,No
6598_0,6598,2024-08-17,5,22,No
6598_1,6598,2024-08-18,13,113,Yes
6598_2,6598,2024-08-19,14,91,No
6598_3,6598,2024-08-20,15,42,No
6599_0,6599,2024-02-26,14,8,Yes
6599_1,6599,2024-02-27,11,33,No
6600_0,6600,2024-06-04,12,31,No
6600_1,6600,2024-06-05,4,1,No
6600_2,6600,2024-06-06,13,42,Yes
6600_3,6600,2024-06-07,7,34,No
6601_0,6601,2024-11-18,1,4,No
6601_1,6601,2024-11-19,6,118,No
6601_2,6601,2024-11-20,10,12,No
6601_3,6601,2024-11-21,1,45,No
6601_4,6601,2024-11-22,1,108,No
6602_0,6602,2024-05-08,6,97,No
6602_1,6602,2024-05-09,10,91,Yes
6602_2,6602,2024-05-10,15,76,No
6602_3,6602,2024-05-11,4,116,No
6602_4,6602,2024-05-12,12,64,No
6603_0,6603,2024-02-07,4,99,No
6603_1,6603,2024-02-08,7,115,No
6603_2,6603,2024-02-09,12,69,No
6603_3,6603,2024-02-10,10,5,No
6603_4,6603,2024-02-11,6,75,No
6604_0,6604,2024-04-07,4,43,Yes
6605_0,6605,2024-02-22,11,30,Yes
6605_1,6605,2024-02-23,8,21,Yes
6606_0,6606,2024-09-07,9,48,No
6606_1,6606,2024-09-08,5,85,No
6606_2,6606,2024-09-09,7,116,No
6606_3,6606,2024-09-10,4,30,No
6607_0,6607,2024-10-03,1,3,Yes
6607_1,6607,2024-10-04,6,46,No
6607_2,6607,2024-10-05,4,39,No
6607_3,6607,2024-10-06,13,17,No
6607_4,6607,2024-10-07,11,80,No
6608_0,6608,2024-12-23,14,32,Yes
6608_1,6608,2024-12-24,1,101,No
6608_2,6608,2024-12-25,9,9,No
6608_3,6608,2024-12-26,9,90,No
6608_4,6608,2024-12-27,9,62,No
6609_0,6609,2024-12-31,10,72,No
6610_0,6610,2024-10-12,11,98,No
6610_1,6610,2024-10-13,9,22,No
6610_2,6610,2024-10-14,9,39,Yes
6611_0,6611,2024-06-28,2,30,Yes
6611_1,6611,2024-06-29,10,113,No
6611_2,6611,2024-06-30,11,32,No
6611_3,6611,2024-07-01,5,75,No
6611_4,6611,2024-07-02,7,113,Yes
6612_0,6612,2024-01-15,6,93,Yes
6612_1,6612,2024-01-16,8,64,No
6612_2,6612,2024-01-17,3,1,No
6613_0,6613,2024-11-09,13,31,No
6614_0,6614,2024-12-14,10,54,Yes
6614_1,6614,2024-12-15,3,81,Yes
6614_2,6614,2024-12-16,7,75,No
6615_0,6615,2024-11-18,11,27,No
6615_1,6615,2024-11-19,8,39,No
6616_0,6616,2024-08-20,4,3,Yes
6616_1,6616,2024-08-21,15,37,No
6616_2,6616,2024-08-22,4,88,Yes
6616_3,6616,2024-08-23,6,5,No
6617_0,6617,2024-04-08,15,87,No
6617_1,6617,2024-04-09,6,119,Yes
6617_2,6617,2024-04-10,12,8,No
6618_0,6618,2024-11-21,8,76,Yes
6618_1,6618,2024-11-22,7,22,Yes
6618_2,6618,2024-11-23,6,119,No
6618_3,6618,2024-11-24,11,94,No
6619_0,6619,2024-09-06,9,91,No
6619_1,6619,2024-09-07,6,48,Yes
6620_0,6620,2024-07-13,12,112,Yes
6621_0,6621,2024-11-06,12,99,No
6621_1,6621,2024-11-07,14,15,Yes
6622_0,6622,2024-10-26,3,54,Yes
6623_0,6623,2024-07-02,3,99,Yes
6623_1,6623,2024-07-03,3,92,No
6623_2,6623,2024-07-04,15,17,No
6624_0,6624,2024-08-01,13,5,No
6624_1,6624,2024-08-02,3,96,No
6624_2,6624,2024-08-03,15,100,No
6625_0,6625,2024-10-25,11,104,Yes
6625_1,6625,2024-10-26,9,28,No
6625_2,6625,2024-10-27,5,10,No
6626_0,6626,2024-05-06,5,84,No
6626_1,6626,2024-05-07,11,47,No
6627_0,6627,2024-03-27,12,22,Yes
6627_1,6627,2024-03-28,8,75,No
6628_0,6628,2024-09-20,14,101,Yes
6629_0,6629,2024-03-01,4,82,No
6629_1,6629,2024-03-02,13,19,No
6629_2,6629,2024-03-03,5,88,No
6630_0,6630,2024-10-24,12,11,No
6630_1,6630,2024-10-25,2,86,No
6630_2,6630,2024-10-26,15,41,No
6631_0,6631,2024-11-09,13,54,No
6631_1,6631,2024-11-10,3,7,Yes
6631_2,6631,2024-11-11,13,6,Yes
6631_3,6631,2024-11-12,9,91,Yes
6631_4,6631,2024-11-13,13,24,No
6632_0,6632,2024-10-21,7,106,Yes
6632_1,6632,2024-10-22,3,9,Yes
6632_2,6632,2024-10-23,4,67,Yes
6633_0,6633,2024-11-04,12,113,No
6633_1,6633,2024-11-05,12,107,Yes
6633_2,6633,2024-11-06,9,97,No
6633_3,6633,2024-11-07,13,104,No
6633_4,6633,2024-11-08,5,92,Yes
6634_0,6634,2024-02-10,12,7,No
6634_1,6634,2024-02-11,3,16,Yes
6634_2,6634,2024-02-12,12,32,No
6634_3,6634,2024-02-13,4,32,No
6634_4,6634,2024-02-14,6,107,No
6635_0,6635,2024-01-05,10,14,Yes
6635_1,6635,2024-01-06,1,15,No
6636_0,6636,2024-01-31,8,95,No
6636_1,6636,2024-02-01,12,102,No
6637_0,6637,2024-02-15,12,100,No
6637_1,6637,2024-02-16,7,46,Yes
6638_0,6638,2024-02-24,12,94,Yes
6638_1,6638,2024-02-25,2,28,No
6638_2,6638,2024-02-26,15,45,No
6639_0,6639,2024-07-02,14,74,No
6639_1,6639,2024-07-03,7,115,Yes
6639_2,6639,2024-07-04,6,66,No
6639_3,6639,2024-07-05,6,35,Yes
6639_4,6639,2024-07-06,13,70,No
6640_0,6640,2024-09-20,3,112,No
6640_1,6640,2024-09-21,7,77,No
6640_2,6640,2024-09-22,3,63,Yes
6640_3,6640,2024-09-23,6,103,Yes
6641_0,6641,2024-03-19,12,18,Yes
6641_1,6641,2024-03-20,8,57,No
6642_0,6642,2024-08-30,4,111,Yes
6642_1,6642,2024-08-31,14,55,Yes
6643_0,6643,2024-09-21,2,63,Yes
6643_1,6643,2024-09-22,8,52,No
6643_2,6643,2024-09-23,2,15,No
6643_3,6643,2024-09-24,6,8,No
6644_0,6644,2024-09-25,13,95,No
6644_1,6644,2024-09-26,7,76,No
6644_2,6644,2024-09-27,4,45,No
6644_3,6644,2024-09-28,15,115,No
6644_4,6644,2024-09-29,14,45,Yes
6645_0,6645,2024-09-10,12,104,No
6645_1,6645,2024-09-11,1,2,Yes
6645_2,6645,2024-09-12,1,116,Yes
6646_0,6646,2024-04-19,13,89,Yes
6646_1,6646,2024-04-20,5,39,No
6646_2,6646,2024-04-21,15,79,Yes
6647_0,6647,2024-06-27,10,53,No
6647_1,6647,2024-06-28,7,82,No
6648_0,6648,2024-12-16,13,70,No
6649_0,6649,2024-09-01,8,35,No
6650_0,6650,2024-03-17,15,14,Yes
6650_1,6650,2024-03-18,12,102,No
6650_2,6650,2024-03-19,15,12,No
6650_3,6650,2024-03-20,8,4,No
6651_0,6651,2024-06-18,3,5,Yes
6652_0,6652,2024-12-14,12,92,No
6652_1,6652,2024-12-15,10,63,Yes
6652_2,6652,2024-12-16,1,70,No
6653_0,6653,2024-08-23,9,32,No
6653_1,6653,2024-08-24,9,47,Yes
6653_2,6653,2024-08-25,5,87,No
6653_3,6653,2024-08-26,11,23,Yes
6654_0,6654,2024-06-04,7,28,No
6654_1,6654,2024-06-05,15,15,Yes
6654_2,6654,2024-06-06,8,107,Yes
6654_3,6654,2024-06-07,10,104,Yes
6654_4,6654,2024-06-08,4,24,No
6655_0,6655,2024-10-17,14,8,Yes
6655_1,6655,2024-10-18,6,63,No
6655_2,6655,2024-10-19,5,36,Yes
6656_0,6656,2024-12-23,15,42,No
6656_1,6656,2024-12-24,3,2,No
6656_2,6656,2024-12-25,4,8,No
6657_0,6657,2024-08-08,7,111,No
6657_1,6657,2024-08-09,5,62,No
6658_0,6658,2024-04-28,1,88,No
6658_1,6658,2024-04-29,10,105,No
6658_2,6658,2024-04-30,3,61,No
6659_0,6659,2024-07-21,5,73,No
6659_1,6659,2024-07-22,15,79,Yes
6660_0,6660,2024-01-16,2,21,No
6660_1,6660,2024-01-17,5,32,No
6660_2,6660,2024-01-18,15,17,Yes
6660_3,6660,2024-01-19,9,26,No
6660_4,6660,2024-01-20,13,86,No
6661_0,6661,2024-01-01,2,105,Yes
6661_1,6661,2024-01-02,6,14,No
6662_0,6662,2024-03-23,3,115,Yes
6662_1,6662,2024-03-24,6,99,No
6662_2,6662,2024-03-25,4,53,No
6662_3,6662,2024-03-26,12,4,No
6663_0,6663,2024-04-23,4,92,Yes
6663_1,6663,2024-04-24,10,34,No
6663_2,6663,2024-04-25,15,85,Yes
6664_0,6664,2024-12-05,1,68,No
6665_0,6665,2024-02-15,14,82,No
6665_1,6665,2024-02-16,6,9,Yes
6665_2,6665,2024-02-17,13,40,No
6665_3,6665,2024-02-18,2,14,No
6666_0,6666,2024-09-18,12,13,No
6666_1,6666,2024-09-19,15,47,No
6667_0,6667,2024-04-03,1,31,Yes
6668_0,6668,2024-12-10,13,60,No
6669_0,6669,2024-09-12,1,18,No
6669_1,6669,2024-09-13,6,46,No
6669_2,6669,2024-09-14,4,3,No
6669_3,6669,2024-09-15,1,42,Yes
6670_0,6670,2024-11-19,10,11,No
6670_1,6670,2024-11-20,6,23,No
6671_0,6671,2024-11-26,14,94,No
6671_1,6671,2024-11-27,2,82,No
6671_2,6671,2024-11-28,10,108,No
6671_3,6671,2024-11-29,5,106,No
6671_4,6671,2024-11-30,1,44,No
6672_0,6672,2024-12-24,10,44,No
6672_1,6672,2024-12-25,6,42,Yes
6673_0,6673,2024-10-28,13,22,Yes
6674_0,6674,2024-01-24,13,21,Yes
6674_1,6674,2024-01-25,3,37,No
6674_2,6674,2024-01-26,9,23,No
6674_3,6674,2024-01-27,1,61,No
6674_4,6674,2024-01-28,4,74,Yes
6675_0,6675,2024-10-25,8,33,No
6675_1,6675,2024-10-26,5,38,No
6676_0,6676,2024-08-06,4,114,Yes
6676_1,6676,2024-08-07,4,64,No
6676_2,6676,2024-08-08,9,98,No
6676_3,6676,2024-08-09,12,47,Yes
6676_4,6676,2024-08-10,10,53,Yes
6677_0,6677,2024-10-05,5,76,No
6678_0,6678,2024-06-08,14,82,Yes
6678_1,6678,2024-06-09,7,63,Yes
6678_2,6678,2024-06-10,3,69,No
6679_0,6679,2024-03-31,3,94,Yes
6679_1,6679,2024-04-01,5,18,Yes
6679_2,6679,2024-04-02,5,2,Yes
6680_0,6680,2024-05-03,6,75,No
6680_1,6680,2024-05-04,12,70,No
6680_2,6680,2024-05-05,12,4,No
6681_0,6681,2024-11-08,10,101,Yes
6681_1,6681,2024-11-09,12,16,No
6681_2,6681,2024-11-10,15,57,No
6682_0,6682,2024-04-10,1,18,No
6683_0,6683,2024-05-14,5,103,No
6683_1,6683,2024-05-15,10,45,Yes
6684_0,6684,2024-06-24,3,105,No
6685_0,6685,2024-08-01,3,20,No
6686_0,6686,2024-11-15,13,36,No
6686_1,6686,2024-11-16,2,105,Yes
6687_0,6687,2024-01-06,2,18,Yes
6688_0,6688,2024-01-07,1,114,Yes
6688_1,6688,2024-01-08,15,54,No
6688_2,6688,2024-01-09,15,20,No
6688_3,6688,2024-01-10,11,66,No
6688_4,6688,2024-01-11,2,12,Yes
6689_0,6689,2024-11-13,2,51,No
6689_1,6689,2024-11-14,3,107,No
6689_2,6689,2024-11-15,4,50,Yes
6689_3,6689,2024-11-16,6,48,Yes
6690_0,6690,2024-01-08,3,105,No
6690_1,6690,2024-01-09,4,93,No
6690_2,6690,2024-01-10,10,58,No
6690_3,6690,2024-01-11,15,100,No
6691_0,6691,2024-07-27,5,25,Yes
6691_1,6691,2024-07-28,4,109,Yes
6691_2,6691,2024-07-29,13,117,No
6692_0,6692,2024-04-10,8,44,No
6692_1,6692,2024-04-11,7,18,No
6693_0,6693,2024-02-25,6,84,No
6693_1,6693,2024-02-26,13,8,No
6693_2,6693,2024-02-27,14,91,No
6694_0,6694,2024-03-08,7,112,No
6694_1,6694,2024-03-09,5,65,No
6694_2,6694,2024-03-10,11,60,Yes
6695_0,6695,2024-06-01,11,120,No
6695_1,6695,2024-06-02,5,71,No
6695_2,6695,2024-06-03,6,12,No
6695_3,6695,2024-06-04,3,16,Yes
6695_4,6695,2024-06-05,7,15,Yes
6696_0,6696,2024-08-13,9,30,No
6696_1,6696,2024-08-14,4,51,No
6696_2,6696,2024-08-15,6,49,No
6697_0,6697,2024-02-16,12,1,Yes
6697_1,6697,2024-02-17,6,35,No
6697_2,6697,2024-02-18,2,101,No
6698_0,6698,2024-02-07,2,67,No
6698_1,6698,2024-02-08,12,48,No
6698_2,6698,2024-02-09,1,34,No
6698_3,6698,2024-02-10,4,84,No
6699_0,6699,2024-05-28,9,55,Yes
6699_1,6699,2024-05-29,13,48,No
6699_2,6699,2024-05-30,14,101,Yes
6699_3,6699,2024-05-31,6,22,Yes
6700_0,6700,2024-11-05,4,52,No
6700_1,6700,2024-11-06,8,78,No
6700_2,6700,2024-11-07,2,86,No
6701_0,6701,2024-05-20,6,85,No
6702_0,6702,2024-08-19,3,113,No
6702_1,6702,2024-08-20,3,26,Yes
6702_2,6702,2024-08-21,5,28,No
6703_0,6703,2024-12-26,10,52,Yes
6703_1,6703,2024-12-27,1,73,No
6703_2,6703,2024-12-28,14,102,No
6703_3,6703,2024-12-29,8,102,Yes
6704_0,6704,2024-01-29,6,44,No
6704_1,6704,2024-01-30,1,37,Yes
6704_2,6704,2024-01-31,6,15,Yes
6704_3,6704,2024-02-01,7,28,No
6705_0,6705,2024-01-09,5,39,No
6705_1,6705,2024-01-10,7,34,No
6706_0,6706,2024-05-24,1,89,Yes
6706_1,6706,2024-05-25,6,7,No
6707_0,6707,2024-08-15,11,85,No
6707_1,6707,2024-08-16,4,18,No
6707_2,6707,2024-08-17,4,33,No
6708_0,6708,2024-01-28,6,2,Yes
6708_1,6708,2024-01-29,11,51,No
6708_2,6708,2024-01-30,2,17,Yes
6709_0,6709,2024-12-25,2,41,No
6709_1,6709,2024-12-26,14,57,Yes
6710_0,6710,2024-02-11,1,56,No
6710_1,6710,2024-02-12,9,59,No
6710_2,6710,2024-02-13,6,118,No
6710_3,6710,2024-02-14,11,28,No
6710_4,6710,2024-02-15,1,21,Yes
6711_0,6711,2024-01-30,13,31,No
6711_1,6711,2024-01-31,14,22,No
6712_0,6712,2024-08-14,5,73,Yes
6712_1,6712,2024-08-15,8,34,No
6712_2,6712,2024-08-16,9,81,No
6712_3,6712,2024-08-17,2,70,No
6713_0,6713,2024-04-26,10,106,No
6714_0,6714,2024-08-23,4,11,Yes
6714_1,6714,2024-08-24,10,44,Yes
6714_2,6714,2024-08-25,7,7,No
6715_0,6715,2024-08-27,5,69,No
6715_1,6715,2024-08-28,12,87,No
6716_0,6716,2024-01-26,15,71,No
6716_1,6716,2024-01-27,14,43,Yes
6716_2,6716,2024-01-28,2,76,No
6716_3,6716,2024-01-29,13,26,No
6717_0,6717,2024-04-10,8,70,Yes
6717_1,6717,2024-04-11,3,65,No
6717_2,6717,2024-04-12,10,88,No
6718_0,6718,2024-03-12,9,97,Yes
6718_1,6718,2024-03-13,15,98,No
6718_2,6718,2024-03-14,14,7,No
6719_0,6719,2024-08-10,13,84,No
6719_1,6719,2024-08-11,8,76,No
6720_0,6720,2024-03-15,8,101,Yes
6720_1,6720,2024-03-16,7,75,No
6720_2,6720,2024-03-17,5,96,No
6720_3,6720,2024-03-18,3,76,No
6720_4,6720,2024-03-19,12,51,Yes
6721_0,6721,2024-10-02,15,57,Yes
6721_1,6721,2024-10-03,9,11,No
6722_0,6722,2024-05-28,11,109,No
6722_1,6722,2024-05-29,8,51,No
6722_2,6722,2024-05-30,3,9,No
6722_3,6722,2024-05-31,14,85,No
6723_0,6723,2024-02-03,1,90,Yes
6723_1,6723,2024-02-04,12,74,No
6723_2,6723,2024-02-05,12,104,No
6724_0,6724,2024-02-24,1,30,No
6724_1,6724,2024-02-25,6,110,No
6724_2,6724,2024-02-26,10,74,No
6724_3,6724,2024-02-27,5,92,No
6725_0,6725,2024-12-28,2,16,No
6726_0,6726,2024-03-12,14,16,No
6726_1,6726,2024-03-13,8,108,No
6726_2,6726,2024-03-14,12,13,No
6727_0,6727,2024-09-05,13,110,No
6727_1,6727,2024-09-06,11,110,No
6727_2,6727,2024-09-07,3,63,No
6727_3,6727,2024-09-08,6,49,No
6728_0,6728,2024-03-28,14,54,No
6728_1,6728,2024-03-29,2,97,Yes
6728_2,6728,2024-03-30,5,64,No
6728_3,6728,2024-03-31,7,18,Yes
6728_4,6728,2024-04-01,13,81,No
6729_0,6729,2024-09-16,11,104,No
6729_1,6729,2024-09-17,10,119,No
6729_2,6729,2024-09-18,7,104,No
6729_3,6729,2024-09-19,9,59,No
6729_4,6729,2024-09-20,12,118,No
6730_0,6730,2024-07-07,11,34,No
6731_0,6731,2024-12-05,3,13,No
6731_1,6731,2024-12-06,10,120,Yes
6732_0,6732,2024-02-09,9,38,No
6732_1,6732,2024-02-10,7,59,Yes
6732_2,6732,2024-02-11,2,39,Yes
6732_3,6732,2024-02-12,14,90,Yes
6733_0,6733,2024-10-25,6,24,No
6733_1,6733,2024-10-26,15,3,Yes
6734_0,6734,2024-06-10,1,64,Yes
6734_1,6734,2024-06-11,11,93,No
6734_2,6734,2024-06-12,7,63,No
6735_0,6735,2024-01-27,13,49,No
6735_1,6735,2024-01-28,12,48,No
6735_2,6735,2024-01-29,12,3,No
6736_0,6736,2024-08-30,1,103,No
6737_0,6737,2024-03-16,11,74,Yes
6738_0,6738,2024-01-30,6,29,No
6738_1,6738,2024-01-31,9,34,No
6739_0,6739,2024-07-14,7,50,No
6739_1,6739,2024-07-15,3,109,No
6739_2,6739,2024-07-16,1,42,No
6740_0,6740,2024-03-27,15,51,Yes
6740_1,6740,2024-03-28,11,120,No
6740_2,6740,2024-03-29,4,38,No
6740_3,6740,2024-03-30,6,32,No
6741_0,6741,2024-10-04,15,21,No
6741_1,6741,2024-10-05,5,40,No
6741_2,6741,2024-10-06,11,79,No
6741_3,6741,2024-10-07,15,85,Yes
6742_0,6742,2024-05-27,13,109,No
6742_1,6742,2024-05-28,15,72,No
6743_0,6743,2024-02-14,4,101,No
6743_1,6743,2024-02-15,1,95,No
6743_2,6743,2024-02-16,4,115,No
6744_0,6744,2024-08-14,4,111,No
6745_0,6745,2024-06-24,7,77,No
6745_1,6745,2024-06-25,1,9,Yes
6745_2,6745,2024-06-26,11,90,No
6745_3,6745,2024-06-27,14,17,No
6746_0,6746,2024-06-23,2,69,Yes
6746_1,6746,2024-06-24,1,71,Yes
6747_0,6747,2024-12-10,4,33,Yes
6747_1,6747,2024-12-11,14,68,Yes
6747_2,6747,2024-12-12,1,58,Yes
6747_3,6747,2024-12-13,5,13,Yes
6748_0,6748,2024-08-21,7,81,Yes
6748_1,6748,2024-08-22,1,73,No
6749_0,6749,2024-11-30,14,42,Yes
6749_1,6749,2024-12-01,13,70,Yes
6750_0,6750,2024-08-04,8,59,Yes
6750_1,6750,2024-08-05,10,82,No
6750_2,6750,2024-08-06,10,33,Yes
6751_0,6751,2024-01-16,6,92,No
6751_1,6751,2024-01-17,13,119,No
6751_2,6751,2024-01-18,12,35,No
6751_3,6751,2024-01-19,3,81,No
6752_0,6752,2024-11-04,12,97,Yes
6753_0,6753,2024-04-22,11,64,No
6754_0,6754,2024-08-07,15,81,No
6754_1,6754,2024-08-08,2,70,No
6755_0,6755,2024-07-08,1,32,No
6755_1,6755,2024-07-09,9,82,Yes
6755_2,6755,2024-07-10,7,5,No
6756_0,6756,2024-01-12,2,26,Yes
6756_1,6756,2024-01-13,15,77,No
6756_2,6756,2024-01-14,11,4,No
6756_3,6756,2024-01-15,15,3,No
6756_4,6756,2024-01-16,6,59,No
6757_0,6757,2024-01-10,12,1,No
6757_1,6757,2024-01-11,15,9,No
6757_2,6757,2024-01-12,10,102,No
6758_0,6758,2024-04-21,10,32,No
6759_0,6759,2024-04-10,13,53,No
6760_0,6760,2024-09-13,8,16,No
6760_1,6760,2024-09-14,3,11,Yes
6761_0,6761,2024-05-15,9,25,No
6762_0,6762,2024-05-09,15,99,No
6762_1,6762,2024-05-10,11,79,Yes
6763_0,6763,2024-11-14,11,17,No
6763_1,6763,2024-11-15,5,66,No
6763_2,6763,2024-11-16,13,75,Yes
6763_3,6763,2024-11-17,11,90,No
6763_4,6763,2024-11-18,1,57,Yes
6764_0,6764,2024-07-09,8,107,No
6764_1,6764,2024-07-10,15,42,No
6764_2,6764,2024-07-11,1,104,No
6764_3,6764,2024-07-12,4,56,No
6765_0,6765,2024-01-01,9,62,No
6766_0,6766,2024-03-02,5,47,Yes
6766_1,6766,2024-03-03,12,27,No
6767_0,6767,2024-01-02,14,23,Yes
6767_1,6767,2024-01-03,1,99,No
6767_2,6767,2024-01-04,3,100,Yes
6767_3,6767,2024-01-05,13,65,No
6768_0,6768,2024-06-29,13,58,No
6768_1,6768,2024-06-30,1,59,Yes
6768_2,6768,2024-07-01,4,59,No
6768_3,6768,2024-07-02,7,38,No
6769_0,6769,2024-09-09,4,100,Yes
6769_1,6769,2024-09-10,6,66,No
6770_0,6770,2024-04-16,1,49,No
6771_0,6771,2024-01-28,14,24,No
6771_1,6771,2024-01-29,7,58,No
6772_0,6772,2024-01-15,4,29,No
6772_1,6772,2024-01-16,11,116,Yes
6772_2,6772,2024-01-17,14,38,Yes
6772_3,6772,2024-01-18,14,105,No
6773_0,6773,2024-08-25,8,104,No
6773_1,6773,2024-08-26,14,88,Yes
6774_0,6774,2024-02-11,3,71,No
6774_1,6774,2024-02-12,9,53,No
6774_2,6774,2024-02-13,14,30,Yes
6774_3,6774,2024-02-14,13,104,No
6774_4,6774,2024-02-15,12,24,No
6775_0,6775,2024-04-07,3,42,No
6775_1,6775,2024-04-08,14,37,No
6776_0,6776,2024-02-25,3,85,Yes
6776_1,6776,2024-02-26,11,60,Yes
6776_2,6776,2024-02-27,7,22,No
6776_3,6776,2024-02-28,5,120,No
6776_4,6776,2024-02-29,13,56,No
6777_0,6777,2024-11-10,14,61,No
6778_0,6778,2024-11-20,9,98,No
6778_1,6778,2024-11-21,10,61,No
6778_2,6778,2024-11-22,14,60,No
6778_3,6778,2024-11-23,12,99,Yes
6779_0,6779,2024-09-06,15,76,No
6779_1,6779,2024-09-07,12,59,Yes
6780_0,6780,2024-01-29,10,18,No
6780_1,6780,2024-01-30,6,5,No
6781_0,6781,2024-09-06,13,19,No
6781_1,6781,2024-09-07,2,75,No
6782_0,6782,2024-01-11,5,12,No
6783_0,6783,2024-09-13,6,113,No
6783_1,6783,2024-09-14,15,50,No
6783_2,6783,2024-09-15,12,85,No
6783_3,6783,2024-09-16,12,12,Yes
6783_4,6783,2024-09-17,10,93,No
6784_0,6784,2024-07-29,5,62,No
6784_1,6784,2024-07-30,10,97,No
6784_2,6784,2024-07-31,3,119,No
6785_0,6785,2024-05-16,13,35,Yes
6786_0,6786,2024-12-17,11,108,Yes
6787_0,6787,2024-05-09,2,102,Yes
6787_1,6787,2024-05-10,11,91,Yes
6787_2,6787,2024-05-11,14,88,Yes
6787_3,6787,2024-05-12,4,119,No
6787_4,6787,2024-05-13,2,27,No
6788_0,6788,2024-08-31,3,44,No
6788_1,6788,2024-09-01,11,94,No
6788_2,6788,2024-09-02,5,85,No
6789_0,6789,2024-01-06,7,54,No
6790_0,6790,2024-02-09,8,73,No
6790_1,6790,2024-02-10,10,17,No
6791_0,6791,2024-04-21,11,104,No
6791_1,6791,2024-04-22,11,41,No
6791_2,6791,2024-04-23,7,24,No
6792_0,6792,2024-04-03,10,50,Yes
6792_1,6792,2024-04-04,7,115,No
6793_0,6793,2024-03-08,2,83,No
6793_1,6793,2024-03-09,5,66,No
6794_0,6794,2024-03-06,7,54,No
6794_1,6794,2024-03-07,11,86,No
6794_2,6794,2024-03-08,8,115,No
6794_3,6794,2024-03-09,12,52,Yes
6794_4,6794,2024-03-10,7,67,No
6795_0,6795,2024-08-18,12,74,No
6795_1,6795,2024-08-19,12,23,No
6795_2,6795,2024-08-20,8,72,No
6795_3,6795,2024-08-21,2,109,No
6796_0,6796,2024-03-15,12,102,Yes
6797_0,6797,2024-10-20,9,63,Yes
6797_1,6797,2024-10-21,7,104,Yes
6797_2,6797,2024-10-22,15,77,No
6798_0,6798,2024-08-20,2,85,Yes
6798_1,6798,2024-08-21,14,18,No
6799_0,6799,2024-10-31,13,28,No
6799_1,6799,2024-11-01,9,71,Yes
6799_2,6799,2024-11-02,9,35,No
6799_3,6799,2024-11-03,15,70,Yes
6800_0,6800,2024-08-18,11,68,No
6801_0,6801,2024-02-15,6,30,No
6801_1,6801,2024-02-16,10,94,No
6802_0,6802,2024-07-28,6,79,No
6802_1,6802,2024-07-29,14,58,No
6802_2,6802,2024-07-30,4,8,Yes
6802_3,6802,2024-07-31,6,70,No
6803_0,6803,2024-06-19,6,30,Yes
6803_1,6803,2024-06-20,3,37,No
6803_2,6803,2024-06-21,6,30,No
6803_3,6803,2024-06-22,2,8,No
6803_4,6803,2024-06-23,12,105,No
6804_0,6804,2024-09-27,11,46,No
6804_1,6804,2024-09-28,5,70,No
6805_0,6805,2024-01-10,3,105,No
6805_1,6805,2024-01-11,15,89,No
6805_2,6805,2024-01-12,4,31,No
6805_3,6805,2024-01-13,10,3,No
6805_4,6805,2024-01-14,11,110,No
6806_0,6806,2024-08-20,5,79,No
6806_1,6806,2024-08-21,6,115,No
6806_2,6806,2024-08-22,8,75,No
6806_3,6806,2024-08-23,15,78,Yes
6806_4,6806,2024-08-24,9,14,Yes
6807_0,6807,2024-04-10,8,24,No
6807_1,6807,2024-04-11,9,23,No
6808_0,6808,2024-09-08,9,92,Yes
6808_1,6808,2024-09-09,10,84,No
6809_0,6809,2024-08-22,10,31,No
6809_1,6809,2024-08-23,1,13,No
6809_2,6809,2024-08-24,14,119,No
6809_3,6809,2024-08-25,2,83,No
6809_4,6809,2024-08-26,6,25,Yes
6810_0,6810,2024-08-25,2,73,No
6810_1,6810,2024-08-26,5,63,Yes
6810_2,6810,2024-08-27,9,43,No
6811_0,6811,2024-02-08,14,24,Yes
6812_0,6812,2024-02-10,7,58,No
6812_1,6812,2024-02-11,14,61,No
6812_2,6812,2024-02-12,11,108,No
6813_0,6813,2024-10-30,2,101,No
6813_1,6813,2024-10-31,14,53,Yes
6814_0,6814,2024-10-10,9,73,Yes
6814_1,6814,2024-10-11,11,64,Yes
6814_2,6814,2024-10-12,2,64,No
6814_3,6814,2024-10-13,9,94,No
6814_4,6814,2024-10-14,8,79,No
6815_0,6815,2024-07-30,2,113,Yes
6816_0,6816,2024-01-12,8,34,Yes
6816_1,6816,2024-01-13,4,64,No
6816_2,6816,2024-01-14,11,54,No
6817_0,6817,2024-03-22,10,79,No
6817_1,6817,2024-03-23,15,106,Yes
6817_2,6817,2024-03-24,2,66,No
6817_3,6817,2024-03-25,9,67,No
6818_0,6818,2024-11-05,15,95,No
6818_1,6818,2024-11-06,3,43,No
6818_2,6818,2024-11-07,2,117,No
6818_3,6818,2024-11-08,7,80,No
6819_0,6819,2024-08-31,6,42,No
6819_1,6819,2024-09-01,11,23,No
6819_2,6819,2024-09-02,15,18,No
6819_3,6819,2024-09-03,9,55,No
6820_0,6820,2024-08-17,1,105,No
6821_0,6821,2024-12-26,10,28,No
6821_1,6821,2024-12-27,14,35,Yes
6821_2,6821,2024-12-28,10,100,Yes
6821_3,6821,2024-12-29,9,108,Yes
6822_0,6822,2024-12-28,8,69,No
6822_1,6822,2024-12-29,1,28,No
6822_2,6822,2024-12-30,1,58,Yes
6823_0,6823,2024-10-08,10,16,Yes
6823_1,6823,2024-10-09,3,90,Yes
6823_2,6823,2024-10-10,4,60,Yes
6823_3,6823,2024-10-11,13,32,Yes
6823_4,6823,2024-10-12,13,84,Yes
6824_0,6824,2024-01-14,9,45,Yes
6824_1,6824,2024-01-15,1,98,No
6824_2,6824,2024-01-16,8,1,No
6825_0,6825,2024-05-27,10,68,No
6825_1,6825,2024-05-28,4,64,Yes
6825_2,6825,2024-05-29,10,68,Yes
6826_0,6826,2024-04-11,3,112,Yes
6826_1,6826,2024-04-12,4,8,No
6827_0,6827,2024-09-18,12,97,No
6828_0,6828,2024-03-15,10,70,No
6829_0,6829,2024-11-09,4,114,No
6829_1,6829,2024-11-10,12,26,Yes
6829_2,6829,2024-11-11,6,108,Yes
6830_0,6830,2024-12-02,2,85,No
6830_1,6830,2024-12-03,3,113,No
6830_2,6830,2024-12-04,3,109,No
6831_0,6831,2024-05-06,8,59,Yes
6831_1,6831,2024-05-07,5,5,Yes
6831_2,6831,2024-05-08,1,56,No
6831_3,6831,2024-05-09,13,36,No
6832_0,6832,2024-02-25,2,114,No
6833_0,6833,2024-07-16,2,20,No
6834_0,6834,2024-09-20,5,56,Yes
6834_1,6834,2024-09-21,4,62,No
6834_2,6834,2024-09-22,7,28,No
6834_3,6834,2024-09-23,11,114,Yes
6834_4,6834,2024-09-24,14,11,Yes
6835_0,6835,2024-11-11,3,48,No
6835_1,6835,2024-11-12,12,15,No
6835_2,6835,2024-11-13,3,28,No
6836_0,6836,2024-07-22,4,47,No
6836_1,6836,2024-07-23,7,102,No
6836_2,6836,2024-07-24,11,115,No
6836_3,6836,2024-07-25,5,29,No
6836_4,6836,2024-07-26,11,111,No
6837_0,6837,2024-11-05,8,85,No
6837_1,6837,2024-11-06,2,107,Yes
6837_2,6837,2024-11-07,5,33,No
6838_0,6838,2024-08-29,7,68,Yes
6838_1,6838,2024-08-30,13,35,No
6838_2,6838,2024-08-31,2,58,Yes
6838_3,6838,2024-09-01,11,93,No
6839_0,6839,2024-01-03,9,82,No
6839_1,6839,2024-01-04,12,19,Yes
6839_2,6839,2024-01-05,12,105,No
6840_0,6840,2024-10-01,14,115,No
6840_1,6840,2024-10-02,13,96,Yes
6840_2,6840,2024-10-03,14,21,No
6840_3,6840,2024-10-04,9,32,No
6840_4,6840,2024-10-05,14,27,No
6841_0,6841,2024-04-26,5,116,Yes
6842_0,6842,2024-10-25,11,107,Yes
6842_1,6842,2024-10-26,6,24,Yes
6843_0,6843,2024-07-12,4,69,Yes
6843_1,6843,2024-07-13,12,9,No
6844_0,6844,2024-01-02,4,31,Yes
6844_1,6844,2024-01-03,10,44,No
6845_0,6845,2024-04-05,13,47,No
6846_0,6846,2024-10-21,6,15,No
6846_1,6846,2024-10-22,11,113,No
6846_2,6846,2024-10-23,14,49,Yes
6847_0,6847,2024-03-27,1,62,Yes
6847_1,6847,2024-03-28,5,62,Yes
6847_2,6847,2024-03-29,1,120,No
6848_0,6848,2024-01-31,10,59,Yes
6849_0,6849,2024-02-11,6,108,Yes
6850_0,6850,2024-11-25,8,24,No
6851_0,6851,2024-07-21,4,27,No
6851_1,6851,2024-07-22,14,58,No
6852_0,6852,2024-12-11,14,18,Yes
6852_1,6852,2024-12-12,6,116,No
6852_2,6852,2024-12-13,1,107,No
6853_0,6853,2024-05-21,13,9,Yes
6853_1,6853,2024-05-22,5,4,No
6853_2,6853,2024-05-23,3,30,No
6853_3,6853,2024-05-24,5,120,No
6853_4,6853,2024-05-25,2,1,Yes
6854_0,6854,2024-01-29,2,43,No
6854_1,6854,2024-01-30,14,68,No
6854_2,6854,2024-01-31,10,85,Yes
6854_3,6854,2024-02-01,2,45,No
6854_4,6854,2024-02-02,4,115,No
6855_0,6855,2024-11-07,12,57,Yes
6855_1,6855,2024-11-08,6,102,No
6856_0,6856,2024-06-25,11,85,No
6857_0,6857,2024-02-18,15,14,No
6858_0,6858,2024-07-12,7,96,No
6858_1,6858,2024-07-13,11,70,No
6859_0,6859,2024-11-14,2,47,No
6859_1,6859,2024-11-15,9,91,No
6859_2,6859,2024-11-16,3,90,No
6859_3,6859,2024-11-17,10,57,No
6860_0,6860,2024-05-02,1,74,Yes
6860_1,6860,2024-05-03,12,1,No
6860_2,6860,2024-05-04,9,95,No
6860_3,6860,2024-05-05,13,81,Yes
6861_0,6861,2024-09-21,3,68,Yes
6861_1,6861,2024-09-22,1,26,No
6861_2,6861,2024-09-23,1,85,No
6861_3,6861,2024-09-24,4,6,Yes
6862_0,6862,2024-11-02,7,90,No
6862_1,6862,2024-11-03,7,75,Yes
6863_0,6863,2024-01-16,5,97,No
6863_1,6863,2024-01-17,12,37,No
6863_2,6863,2024-01-18,8,58,No
6863_3,6863,2024-01-19,5,113,No
6863_4,6863,2024-01-20,11,10,No
6864_0,6864,2024-12-09,6,116,Yes
6864_1,6864,2024-12-10,14,75,No
6864_2,6864,2024-12-11,1,116,No
6865_0,6865,2024-08-30,12,20,No
6865_1,6865,2024-08-31,3,49,No
6865_2,6865,2024-09-01,3,11,Yes
6865_3,6865,2024-09-02,6,81,Yes
6866_0,6866,2024-01-09,9,56,No
6866_1,6866,2024-01-10,13,66,No
6866_2,6866,2024-01-11,3,92,No
6866_3,6866,2024-01-12,12,105,Yes
6866_4,6866,2024-01-13,6,43,Yes
6867_0,6867,2024-01-30,6,41,No
6867_1,6867,2024-01-31,7,107,No
6867_2,6867,2024-02-01,7,19,No
6867_3,6867,2024-02-02,4,76,No
6868_0,6868,2024-04-02,7,102,No
6868_1,6868,2024-04-03,14,116,Yes
6868_2,6868,2024-04-04,14,69,No
6868_3,6868,2024-04-05,7,110,No
6868_4,6868,2024-04-06,11,26,Yes
6869_0,6869,2024-07-07,1,6,No
6870_0,6870,2024-01-02,12,107,Yes
6870_1,6870,2024-01-03,7,69,Yes
6870_2,6870,2024-01-04,5,26,No
6871_0,6871,2024-11-05,4,2,No
6871_1,6871,2024-11-06,8,40,No
6871_2,6871,2024-11-07,14,47,No
6871_3,6871,2024-11-08,1,87,No
6872_0,6872,2024-01-04,4,8,No
6872_1,6872,2024-01-05,7,114,No
6872_2,6872,2024-01-06,5,14,No
6873_0,6873,2024-10-04,15,67,Yes
6874_0,6874,2024-05-17,2,24,No
6874_1,6874,2024-05-18,3,107,No
6874_2,6874,2024-05-19,4,36,Yes
6874_3,6874,2024-05-20,1,120,No
6874_4,6874,2024-05-21,13,96,No
6875_0,6875,2024-08-23,6,27,No
6875_1,6875,2024-08-24,15,7,Yes
6875_2,6875,2024-08-25,11,112,No
6875_3,6875,2024-08-26,2,37,No
6876_0,6876,2024-11-28,10,24,Yes
6877_0,6877,2024-03-13,9,67,Yes
6878_0,6878,2024-10-15,8,98,Yes
6878_1,6878,2024-10-16,1,87,No
6878_2,6878,2024-10-17,6,109,No
6878_3,6878,2024-10-18,15,113,No
6879_0,6879,2024-02-04,7,62,No
6879_1,6879,2024-02-05,2,96,No
6880_0,6880,2024-03-14,3,1,Yes
6881_0,6881,2024-04-05,1,80,Yes
6882_0,6882,2024-07-17,2,87,No
6882_1,6882,2024-07-18,9,76,No
6882_2,6882,2024-07-19,1,16,No
6882_3,6882,2024-07-20,15,88,Yes
6882_4,6882,2024-07-21,4,111,No
6883_0,6883,2024-05-13,11,32,Yes
6883_1,6883,2024-05-14,12,33,Yes
6883_2,6883,2024-05-15,5,15,No
6883_3,6883,2024-05-16,15,31,No
6884_0,6884,2024-02-14,8,46,No
6884_1,6884,2024-02-15,13,14,No
6885_0,6885,2024-06-14,8,66,No
6885_1,6885,2024-06-15,1,77,No
6885_2,6885,2024-06-16,3,79,No
6886_0,6886,2024-10-11,9,45,No
6886_1,6886,2024-10-12,15,11,Yes
6886_2,6886,2024-10-13,3,46,No
6886_3,6886,2024-10-14,7,114,Yes
6886_4,6886,2024-10-15,8,58,Yes
6887_0,6887,2024-05-13,10,57,No
6887_1,6887,2024-05-14,3,23,No
6887_2,6887,2024-05-15,11,38,Yes
6887_3,6887,2024-05-16,10,90,Yes
6888_0,6888,2024-07-16,3,16,No
6888_1,6888,2024-07-17,4,57,Yes
6889_0,6889,2024-07-01,7,53,No
6889_1,6889,2024-07-02,10,23,Yes
6890_0,6890,2024-07-16,5,25,No
6890_1,6890,2024-07-17,12,8,No
6890_2,6890,2024-07-18,5,78,No
6891_0,6891,2024-11-26,8,16,Yes
6892_0,6892,2024-03-18,10,51,Yes
6893_0,6893,2024-11-08,4,3,No
6893_1,6893,2024-11-09,8,1,No
6893_2,6893,2024-11-10,4,113,No
6893_3,6893,2024-11-11,15,15,No
6893_4,6893,2024-11-12,12,79,No
6894_0,6894,2024-11-11,8,67,Yes
6894_1,6894,2024-11-12,2,62,No
6894_2,6894,2024-11-13,14,63,No
6894_3,6894,2024-11-14,1,65,No
6895_0,6895,2024-11-24,1,98,No
6895_1,6895,2024-11-25,12,65,Yes
6896_0,6896,2024-05-14,12,9,No
6897_0,6897,2024-09-10,14,82,No
6898_0,6898,2024-12-19,4,101,No
6899_0,6899,2024-01-02,8,61,No
6900_0,6900,2024-12-27,7,119,No
6900_1,6900,2024-12-28,15,26,No
6900_2,6900,2024-12-29,3,44,No
6900_3,6900,2024-12-30,13,13,No
6900_4,6900,2024-12-31,10,38,No
6901_0,6901,2024-07-09,10,43,Yes
6901_1,6901,2024-07-10,10,117,No
6902_0,6902,2024-10-21,3,59,Yes
6903_0,6903,2024-12-28,6,24,Yes
6903_1,6903,2024-12-29,10,59,No
6903_2,6903,2024-12-30,12,80,No
6903_3,6903,2024-12-31,15,93,No
6903_4,6903,2025-01-01,14,32,Yes
6904_0,6904,2024-05-12,8,90,Yes
6904_1,6904,2024-05-13,10,35,No
6904_2,6904,2024-05-14,4,36,No
6904_3,6904,2024-05-15,9,13,No
6904_4,6904,2024-05-16,8,113,No
6905_0,6905,2024-02-13,4,88,No
6905_1,6905,2024-02-14,6,83,No
6906_0,6906,2024-09-19,14,4,Yes
6907_0,6907,2024-09-21,13,71,No
6907_1,6907,2024-09-22,10,60,Yes
6907_2,6907,2024-09-23,5,51,Yes
6908_0,6908,2024-01-14,1,38,No
6908_1,6908,2024-01-15,7,21,No
6908_2,6908,2024-01-16,7,115,No
6909_0,6909,2024-09-09,15,29,No
6910_0,6910,2024-11-26,10,85,No
6911_0,6911,2024-07-05,4,114,No
6912_0,6912,2024-05-13,4,41,No
6912_1,6912,2024-05-14,12,7,No
6912_2,6912,2024-05-15,6,5,No
6912_3,6912,2024-05-16,1,115,No
6913_0,6913,2024-03-11,14,71,No
6913_1,6913,2024-03-12,5,13,Yes
6913_2,6913,2024-03-13,12,55,Yes
6913_3,6913,2024-03-14,15,113,No
6914_0,6914,2024-09-27,3,14,No
6915_0,6915,2024-06-13,2,62,No
6916_0,6916,2024-01-13,5,38,Yes
6916_1,6916,2024-01-14,13,64,No
6916_2,6916,2024-01-15,11,1,No
6916_3,6916,2024-01-16,8,28,No
6916_4,6916,2024-01-17,6,26,No
6917_0,6917,2024-07-29,6,104,No
6917_1,6917,2024-07-30,3,92,No
6917_2,6917,2024-07-31,2,97,No
6917_3,6917,2024-08-01,9,28,No
6918_0,6918,2024-06-30,15,89,No
6918_1,6918,2024-07-01,7,14,No
6918_2,6918,2024-07-02,5,54,Yes
6919_0,6919,2024-05-09,6,68,No
6919_1,6919,2024-05-10,3,84,No
6919_2,6919,2024-05-11,5,69,No
6920_0,6920,2024-08-11,14,68,No
6920_1,6920,2024-08-12,1,85,Yes
6921_0,6921,2024-08-23,4,48,No
6921_1,6921,2024-08-24,10,13,Yes
6921_2,6921,2024-08-25,4,28,Yes
6922_0,6922,2024-09-16,14,26,No
6922_1,6922,2024-09-17,1,17,Yes
6922_2,6922,2024-09-18,14,33,No
6922_3,6922,2024-09-19,11,48,No
6923_0,6923,2024-11-07,5,118,No
6923_1,6923,2024-11-08,7,55,No
6923_2,6923,2024-11-09,12,63,No
6924_0,6924,2024-12-18,9,44,No
6924_1,6924,2024-12-19,3,56,Yes
6924_2,6924,2024-12-20,14,90,Yes
6924_3,6924,2024-12-21,13,94,Yes
6924_4,6924,2024-12-22,11,31,Yes
6925_0,6925,2024-10-17,14,54,No
6926_0,6926,2024-03-03,7,107,No
6926_1,6926,2024-03-04,14,49,No
6927_0,6927,2024-05-30,10,51,No
6927_1,6927,2024-05-31,1,67,Yes
6928_0,6928,2024-04-19,5,38,Yes
6928_1,6928,2024-04-20,10,73,Yes
6928_2,6928,2024-04-21,13,35,No
6928_3,6928,2024-04-22,6,53,No
6928_4,6928,2024-04-23,8,68,No
6929_0,6929,2024-10-17,8,19,No
6930_0,6930,2024-01-04,13,34,No
6930_1,6930,2024-01-05,7,64,No
6931_0,6931,2024-08-21,3,97,Yes
6931_1,6931,2024-08-22,11,84,Yes
6931_2,6931,2024-08-23,6,94,No
6931_3,6931,2024-08-24,5,80,Yes
6932_0,6932,2024-05-06,8,27,No
6932_1,6932,2024-05-07,2,60,No
6933_0,6933,2024-01-27,5,73,No
6933_1,6933,2024-01-28,15,70,No
6933_2,6933,2024-01-29,14,49,Yes
6934_0,6934,2024-11-08,11,36,No
6934_1,6934,2024-11-09,12,14,No
6934_2,6934,2024-11-10,1,66,Yes
6934_3,6934,2024-11-11,4,109,No
6935_0,6935,2024-09-01,6,7,No
6936_0,6936,2024-10-30,13,52,No
6936_1,6936,2024-10-31,2,71,Yes
6936_2,6936,2024-11-01,5,93,No
6937_0,6937,2024-08-26,14,19,Yes
6937_1,6937,2024-08-27,6,7,Yes
6938_0,6938,2024-05-14,2,60,No
6938_1,6938,2024-05-15,5,36,No
6938_2,6938,2024-05-16,11,91,Yes
6939_0,6939,2024-05-03,5,44,Yes
6939_1,6939,2024-05-04,8,110,No
6939_2,6939,2024-05-05,15,110,Yes
6940_0,6940,2024-11-07,15,8,Yes
6940_1,6940,2024-11-08,7,112,Yes
6941_0,6941,2024-05-27,6,83,No
6941_1,6941,2024-05-28,7,116,No
6942_0,6942,2024-10-24,8,51,No
6942_1,6942,2024-10-25,6,75,Yes
6943_0,6943,2024-04-11,5,119,Yes
6943_1,6943,2024-04-12,9,49,No
6944_0,6944,2024-12-18,11,25,Yes
6945_0,6945,2024-07-15,2,3,No
6945_1,6945,2024-07-16,9,78,No
6945_2,6945,2024-07-17,11,8,Yes
6945_3,6945,2024-07-18,3,48,No
6945_4,6945,2024-07-19,12,9,Yes
6946_0,6946,2024-05-18,7,16,Yes
6946_1,6946,2024-05-19,8,116,No
6946_2,6946,2024-05-20,8,25,No
6947_0,6947,2024-07-15,8,69,No
6947_1,6947,2024-07-16,2,119,Yes
6947_2,6947,2024-07-17,12,35,Yes
6947_3,6947,2024-07-18,2,66,Yes
6947_4,6947,2024-07-19,3,32,Yes
6948_0,6948,2024-02-25,12,21,Yes
6948_1,6948,2024-02-26,13,56,Yes
6949_0,6949,2024-02-21,10,94,No
6950_0,6950,2024-12-22,3,19,No
6950_1,6950,2024-12-23,2,113,No
6950_2,6950,2024-12-24,7,31,Yes
6950_3,6950,2024-12-25,9,31,Yes
6951_0,6951,2024-10-23,1,98,Yes
6951_1,6951,2024-10-24,13,114,Yes
6951_2,6951,2024-10-25,13,103,No
6952_0,6952,2024-01-21,4,49,Yes
6952_1,6952,2024-01-22,15,13,Yes
6953_0,6953,2024-11-08,11,91,Yes
6953_1,6953,2024-11-09,1,91,Yes
6954_0,6954,2024-08-21,9,79,No
6955_0,6955,2024-06-04,10,16,Yes
6955_1,6955,2024-06-05,14,110,Yes
6955_2,6955,2024-06-06,7,22,Yes
6955_3,6955,2024-06-07,8,38,Yes
6956_0,6956,2024-09-30,8,118,No
6957_0,6957,2024-08-20,9,100,No
6957_1,6957,2024-08-21,3,19,No
6957_2,6957,2024-08-22,14,110,Yes
6957_3,6957,2024-08-23,6,38,No
6958_0,6958,2024-12-09,10,62,No
6958_1,6958,2024-12-10,12,13,No
6959_0,6959,2024-01-19,8,60,No
6960_0,6960,2024-08-03,12,23,No
6960_1,6960,2024-08-04,5,108,Yes
6960_2,6960,2024-08-05,11,96,No
6961_0,6961,2024-10-29,9,116,Yes
6961_1,6961,2024-10-30,8,47,Yes
6961_2,6961,2024-10-31,5,6,No
6962_0,6962,2024-12-31,13,51,No
6962_1,6962,2025-01-01,10,77,Yes
6962_2,6962,2025-01-02,9,42,No
6962_3,6962,2025-01-03,15,63,No
6962_4,6962,2025-01-04,3,95,No
6963_0,6963,2024-09-20,6,90,No
6963_1,6963,2024-09-21,14,8,No
6963_2,6963,2024-09-22,10,8,No
6963_3,6963,2024-09-23,6,118,No
6964_0,6964,2024-04-17,5,37,No
6964_1,6964,2024-04-18,15,51,Yes
6964_2,6964,2024-04-19,7,17,No
6964_3,6964,2024-04-20,5,82,Yes
6965_0,6965,2024-06-23,2,42,Yes
6965_1,6965,2024-06-24,15,92,No
6965_2,6965,2024-06-25,6,104,Yes
6965_3,6965,2024-06-26,10,118,No
6966_0,6966,2024-01-22,11,41,Yes
6966_1,6966,2024-01-23,12,100,No
6966_2,6966,2024-01-24,11,1,Yes
6966_3,6966,2024-01-25,3,23,Yes
6967_0,6967,2024-07-19,5,60,Yes
6967_1,6967,2024-07-20,7,77,No
6967_2,6967,2024-07-21,10,15,No
6967_3,6967,2024-07-22,11,32,No
6967_4,6967,2024-07-23,6,45,Yes
6968_0,6968,2024-01-19,7,64,No
6969_0,6969,2024-10-01,10,111,No
6969_1,6969,2024-10-02,4,40,Yes
6969_2,6969,2024-10-03,1,53,No
6969_3,6969,2024-10-04,15,63,No
6969_4,6969,2024-10-05,8,23,Yes
6970_0,6970,2024-11-08,11,50,No
6970_1,6970,2024-11-09,8,39,Yes
6970_2,6970,2024-11-10,8,72,No
6970_3,6970,2024-11-11,8,112,Yes
6971_0,6971,2024-10-13,1,65,No
6971_1,6971,2024-10-14,3,54,Yes
6971_2,6971,2024-10-15,12,85,No
6971_3,6971,2024-10-16,11,66,Yes
6971_4,6971,2024-10-17,2,25,No
6972_0,6972,2024-10-27,3,76,Yes
6972_1,6972,2024-10-28,11,15,No
6972_2,6972,2024-10-29,1,93,No
6972_3,6972,2024-10-30,15,47,Yes
6972_4,6972,2024-10-31,8,66,Yes
6973_0,6973,2024-11-20,4,102,No
6973_1,6973,2024-11-21,10,102,No
6974_0,6974,2024-01-13,7,32,No
6974_1,6974,2024-01-14,5,88,No
6974_2,6974,2024-01-15,10,91,Yes
6974_3,6974,2024-01-16,9,39,No
6975_0,6975,2024-10-07,4,34,No
6975_1,6975,2024-10-08,11,115,Yes
6975_2,6975,2024-10-09,7,23,No
6976_0,6976,2024-08-27,10,89,No
6977_0,6977,2024-02-04,6,66,No
6977_1,6977,2024-02-05,2,75,Yes
6977_2,6977,2024-02-06,8,100,No
6978_0,6978,2024-07-24,5,62,No
6978_1,6978,2024-07-25,6,21,No
6978_2,6978,2024-07-26,13,97,Yes
6978_3,6978,2024-07-27,3,95,Yes
6978_4,6978,2024-07-28,14,91,No
6979_0,6979,2024-10-12,12,72,No
6979_1,6979,2024-10-13,7,64,No
6979_2,6979,2024-10-14,14,82,Yes
6979_3,6979,2024-10-15,10,79,No
6979_4,6979,2024-10-16,12,4,Yes
6980_0,6980,2024-10-13,4,71,No
6980_1,6980,2024-10-14,15,76,No
6980_2,6980,2024-10-15,7,99,No
6980_3,6980,2024-10-16,8,42,Yes
6980_4,6980,2024-10-17,14,29,No
6981_0,6981,2024-11-06,5,31,Yes
6981_1,6981,2024-11-07,10,8,No
6981_2,6981,2024-11-08,7,26,Yes
6981_3,6981,2024-11-09,10,94,No
6981_4,6981,2024-11-10,5,51,Yes
6982_0,6982,2024-02-24,8,96,No
6982_1,6982,2024-02-25,14,42,No
6983_0,6983,2024-06-05,8,40,No
6983_1,6983,2024-06-06,1,22,No
6983_2,6983,2024-06-07,4,89,No
6983_3,6983,2024-06-08,6,34,Yes
6984_0,6984,2024-10-11,5,83,No
6985_0,6985,2024-12-13,5,3,No
6985_1,6985,2024-12-14,14,11,No
6985_2,6985,2024-12-15,15,45,No
6986_0,6986,2024-06-11,2,101,No
6986_1,6986,2024-06-12,4,99,Yes
6987_0,6987,2024-01-05,11,31,Yes
6987_1,6987,2024-01-06,9,75,Yes
6987_2,6987,2024-01-07,11,14,No
6987_3,6987,2024-01-08,9,31,No
6987_4,6987,2024-01-09,1,104,Yes
6988_0,6988,2024-11-20,8,52,Yes
6988_1,6988,2024-11-21,14,70,No
6989_0,6989,2024-02-25,11,33,No
6989_1,6989,2024-02-26,14,83,Yes
6989_2,6989,2024-02-27,8,46,No
6989_3,6989,2024-02-28,12,37,Yes
6990_0,6990,2024-02-22,5,65,No
6991_0,6991,2024-06-14,1,34,No
6992_0,6992,2024-12-18,3,69,No
6992_1,6992,2024-12-19,4,109,Yes
6992_2,6992,2024-12-20,8,114,Yes
6992_3,6992,2024-12-21,13,111,No
6993_0,6993,2024-04-28,5,45,No
6993_1,6993,2024-04-29,12,86,No
6993_2,6993,2024-04-30,3,80,Yes
6993_3,6993,2024-05-01,11,22,No
6993_4,6993,2024-05-02,5,35,No
6994_0,6994,2024-11-14,14,15,No
6994_1,6994,2024-11-15,13,94,No
6994_2,6994,2024-11-16,2,35,No
6994_3,6994,2024-11-17,15,47,No
6994_4,6994,2024-11-18,4,54,Yes
6995_0,6995,2024-02-11,7,15,Yes
6995_1,6995,2024-02-12,3,104,No
6995_2,6995,2024-02-13,9,107,Yes
6995_3,6995,2024-02-14,6,91,Yes
6996_0,6996,2024-05-26,12,94,No
6996_1,6996,2024-05-27,4,114,No
6996_2,6996,2024-05-28,11,115,Yes
6997_0,6997,2024-03-12,8,64,No
6997_1,6997,2024-03-13,6,94,No
6997_2,6997,2024-03-14,13,48,No
6997_3,6997,2024-03-15,12,61,No
6997_4,6997,2024-03-16,1,21,Yes
6998_0,6998,2024-02-01,10,38,Yes
6998_1,6998,2024-02-02,7,71,No
6998_2,6998,2024-02-03,12,104,No
6999_0,6999,2024-09-21,11,88,No
6999_1,6999,2024-09-22,6,57,Yes
6999_2,6999,2024-09-23,13,113,No
7000_0,7000,2024-03-08,3,44,No
7000_1,7000,2024-03-09,1,58,Yes
7000_2,7000,2024-03-10,8,16,No
7001_0,7001,2024-02-05,15,5,No
7002_0,7002,2024-03-04,12,71,No
7002_1,7002,2024-03-05,7,118,No
7002_2,7002,2024-03-06,5,108,No
7002_3,7002,2024-03-07,5,119,No
7003_0,7003,2024-03-17,3,72,Yes
7004_0,7004,2024-08-27,3,55,No
7004_1,7004,2024-08-28,12,7,Yes
7004_2,7004,2024-08-29,7,110,No
7005_0,7005,2024-12-31,4,17,No
7005_1,7005,2025-01-01,9,88,Yes
7005_2,7005,2025-01-02,3,101,No
7006_0,7006,2024-01-03,2,16,No
7006_1,7006,2024-01-04,14,93,No
7006_2,7006,2024-01-05,5,80,No
7007_0,7007,2024-07-18,5,4,No
7007_1,7007,2024-07-19,15,18,No
7007_2,7007,2024-07-20,8,97,No
7007_3,7007,2024-07-21,9,17,Yes
7007_4,7007,2024-07-22,1,20,No
7008_0,7008,2024-10-16,9,13,No
7008_1,7008,2024-10-17,12,41,No
7008_2,7008,2024-10-18,10,51,Yes
7008_3,7008,2024-10-19,9,111,No
7009_0,7009,2024-05-15,11,102,Yes
7009_1,7009,2024-05-16,14,92,No
7009_2,7009,2024-05-17,2,3,Yes
7009_3,7009,2024-05-18,7,101,No
7009_4,7009,2024-05-19,8,96,No
7010_0,7010,2024-12-30,5,48,No
7010_1,7010,2024-12-31,9,79,No
7010_2,7010,2025-01-01,9,53,No
7011_0,7011,2024-07-26,3,45,No
7011_1,7011,2024-07-27,3,118,No
7012_0,7012,2024-03-20,4,7,No
7012_1,7012,2024-03-21,1,26,No
7012_2,7012,2024-03-22,2,29,No
7012_3,7012,2024-03-23,1,90,Yes
7013_0,7013,2024-05-21,13,41,No
7013_1,7013,2024-05-22,12,107,Yes
7013_2,7013,2024-05-23,10,48,Yes
7013_3,7013,2024-05-24,10,18,No
7013_4,7013,2024-05-25,6,20,No
7014_0,7014,2024-03-15,6,44,No
7014_1,7014,2024-03-16,9,31,No
7015_0,7015,2024-03-16,10,82,No
7015_1,7015,2024-03-17,14,10,No
7016_0,7016,2024-06-20,15,65,No
7016_1,7016,2024-06-21,14,25,No
7016_2,7016,2024-06-22,1,51,Yes
7017_0,7017,2024-01-21,8,42,No
7017_1,7017,2024-01-22,14,116,Yes
7018_0,7018,2024-02-24,1,27,No
7019_0,7019,2024-01-03,13,38,Yes
7019_1,7019,2024-01-04,2,93,Yes
7020_0,7020,2024-04-30,10,65,No
7020_1,7020,2024-05-01,11,10,No
7021_0,7021,2024-12-09,13,24,No
7021_1,7021,2024-12-10,13,95,Yes
7021_2,7021,2024-12-11,5,14,Yes
7021_3,7021,2024-12-12,6,43,No
7022_0,7022,2024-12-25,1,42,No
7023_0,7023,2024-11-01,7,38,Yes
7023_1,7023,2024-11-02,5,71,Yes
7024_0,7024,2024-02-08,5,26,Yes
7025_0,7025,2024-08-25,1,44,Yes
7025_1,7025,2024-08-26,13,33,Yes
7025_2,7025,2024-08-27,14,20,No
7025_3,7025,2024-08-28,9,64,No
7026_0,7026,2024-08-07,7,56,No
7026_1,7026,2024-08-08,10,7,Yes
7026_2,7026,2024-08-09,14,25,No
7026_3,7026,2024-08-10,12,10,No
7027_0,7027,2024-09-05,7,110,Yes
7027_1,7027,2024-09-06,15,106,No
7027_2,7027,2024-09-07,15,31,No
7028_0,7028,2024-04-05,9,118,No
7028_1,7028,2024-04-06,2,46,No
7029_0,7029,2024-11-08,2,27,No
7029_1,7029,2024-11-09,8,29,Yes
7030_0,7030,2024-05-31,3,2,No
7031_0,7031,2024-07-04,2,111,Yes
7032_0,7032,2024-03-20,15,101,No
7032_1,7032,2024-03-21,15,1,No
7032_2,7032,2024-03-22,10,31,No
7032_3,7032,2024-03-23,12,17,No
7032_4,7032,2024-03-24,8,76,No
7033_0,7033,2024-01-28,15,9,Yes
7033_1,7033,2024-01-29,10,71,No
7034_0,7034,2024-03-14,9,10,Yes
7034_1,7034,2024-03-15,1,85,No
7035_0,7035,2024-12-05,13,73,No
7035_1,7035,2024-12-06,12,60,No
7035_2,7035,2024-12-07,13,4,No
7035_3,7035,2024-12-08,14,75,No
7035_4,7035,2024-12-09,9,56,No
7036_0,7036,2024-03-15,3,43,Yes
7036_1,7036,2024-03-16,6,98,No
7036_2,7036,2024-03-17,6,86,No
7036_3,7036,2024-03-18,15,109,No
7037_0,7037,2024-06-28,5,44,No
7038_0,7038,2024-03-20,3,62,Yes
7039_0,7039,2024-02-10,11,58,No
7039_1,7039,2024-02-11,10,76,No
7040_0,7040,2024-01-11,13,50,No
7040_1,7040,2024-01-12,15,80,Yes
7040_2,7040,2024-01-13,15,120,No
7040_3,7040,2024-01-14,14,53,No
7041_0,7041,2024-01-18,7,25,Yes
7041_1,7041,2024-01-19,10,87,No
7041_2,7041,2024-01-20,1,53,No
7041_3,7041,2024-01-21,15,61,No
7042_0,7042,2024-11-05,9,119,Yes
7043_0,7043,2024-06-24,3,28,No
7043_1,7043,2024-06-25,11,109,Yes
7043_2,7043,2024-06-26,2,59,Yes
7044_0,7044,2024-11-30,7,103,No
7044_1,7044,2024-12-01,7,76,Yes
7045_0,7045,2024-05-14,8,69,No
7045_1,7045,2024-05-15,9,30,No
7045_2,7045,2024-05-16,3,59,Yes
7046_0,7046,2024-07-16,2,115,No
7046_1,7046,2024-07-17,12,116,No
7046_2,7046,2024-07-18,1,47,No
7046_3,7046,2024-07-19,8,78,No
7047_0,7047,2024-12-12,1,100,Yes
7047_1,7047,2024-12-13,7,113,No
7047_2,7047,2024-12-14,1,24,No
7047_3,7047,2024-12-15,3,54,No
7047_4,7047,2024-12-16,12,68,No
7048_0,7048,2024-08-08,5,43,No
7048_1,7048,2024-08-09,1,13,Yes
7048_2,7048,2024-08-10,15,27,No
7048_3,7048,2024-08-11,7,46,No
7048_4,7048,2024-08-12,3,20,No
7049_0,7049,2024-03-29,1,106,No
7049_1,7049,2024-03-30,5,119,No
7049_2,7049,2024-03-31,9,50,Yes
7049_3,7049,2024-04-01,7,76,No
7050_0,7050,2024-04-28,11,42,No
7051_0,7051,2024-03-21,14,74,No
7051_1,7051,2024-03-22,13,49,No
7051_2,7051,2024-03-23,14,20,Yes
7052_0,7052,2024-05-25,5,105,Yes
7052_1,7052,2024-05-26,3,39,Yes
7052_2,7052,2024-05-27,14,28,Yes
7053_0,7053,2024-07-19,9,32,No
7053_1,7053,2024-07-20,8,113,Yes
7053_2,7053,2024-07-21,8,73,Yes
7053_3,7053,2024-07-22,8,57,No
7053_4,7053,2024-07-23,9,43,No
7054_0,7054,2024-07-04,6,24,No
7055_0,7055,2024-01-01,6,83,No
7055_1,7055,2024-01-02,2,63,Yes
7055_2,7055,2024-01-03,11,25,Yes
7055_3,7055,2024-01-04,12,26,Yes
7055_4,7055,2024-01-05,10,45,No
7056_0,7056,2024-02-02,9,45,No
7056_1,7056,2024-02-03,15,92,Yes
7057_0,7057,2024-09-02,13,114,No
7057_1,7057,2024-09-03,10,82,No
7058_0,7058,2024-10-21,15,94,Yes
7058_1,7058,2024-10-22,6,85,No
7058_2,7058,2024-10-23,7,26,No
7058_3,7058,2024-10-24,14,46,No
7059_0,7059,2024-01-20,5,93,Yes
7059_1,7059,2024-01-21,15,50,No
7059_2,7059,2024-01-22,3,45,Yes
7059_3,7059,2024-01-23,11,102,Yes
7060_0,7060,2024-10-30,10,73,No
7061_0,7061,2024-05-24,10,98,No
7061_1,7061,2024-05-25,9,14,No
7061_2,7061,2024-05-26,13,77,No
7061_3,7061,2024-05-27,15,57,Yes
7061_4,7061,2024-05-28,5,70,Yes
7062_0,7062,2024-12-22,15,46,Yes
7063_0,7063,2024-02-17,8,105,No
7063_1,7063,2024-02-18,2,43,No
7063_2,7063,2024-02-19,2,2,No
7064_0,7064,2024-09-15,1,62,No
7064_1,7064,2024-09-16,8,2,No
7064_2,7064,2024-09-17,3,62,No
7064_3,7064,2024-09-18,15,41,No
7064_4,7064,2024-09-19,6,16,No
7065_0,7065,2024-02-07,6,79,Yes
7065_1,7065,2024-02-08,1,23,Yes
7065_2,7065,2024-02-09,10,111,No
7065_3,7065,2024-02-10,2,51,No
7065_4,7065,2024-02-11,8,113,Yes
7066_0,7066,2024-09-07,13,103,No
7066_1,7066,2024-09-08,12,62,Yes
7066_2,7066,2024-09-09,14,100,No
7067_0,7067,2024-09-21,9,40,No
7067_1,7067,2024-09-22,6,84,No
7067_2,7067,2024-09-23,14,52,No
7067_3,7067,2024-09-24,3,25,No
7067_4,7067,2024-09-25,6,61,No
7068_0,7068,2024-01-30,13,14,No
7068_1,7068,2024-01-31,12,66,No
7068_2,7068,2024-02-01,12,65,Yes
7069_0,7069,2024-10-10,10,11,No
7069_1,7069,2024-10-11,9,75,Yes
7070_0,7070,2024-12-05,7,22,No
7070_1,7070,2024-12-06,1,68,No
7070_2,7070,2024-12-07,6,10,No
7071_0,7071,2024-02-28,7,9,No
7072_0,7072,2024-03-08,7,43,No
7072_1,7072,2024-03-09,11,92,No
7072_2,7072,2024-03-10,2,43,Yes
7072_3,7072,2024-03-11,7,105,No
7072_4,7072,2024-03-12,2,111,No
7073_0,7073,2024-12-07,12,104,No
7073_1,7073,2024-12-08,7,96,No
7073_2,7073,2024-12-09,6,47,No
7073_3,7073,2024-12-10,13,60,No
7074_0,7074,2024-02-15,2,86,No
7075_0,7075,2024-09-29,4,54,Yes
7076_0,7076,2024-01-09,5,9,No
7076_1,7076,2024-01-10,15,3,No
7076_2,7076,2024-01-11,12,48,No
7076_3,7076,2024-01-12,9,64,No
7077_0,7077,2024-02-26,9,28,No
7077_1,7077,2024-02-27,4,75,No
7077_2,7077,2024-02-28,5,3,No
7077_3,7077,2024-02-29,13,97,No
7078_0,7078,2024-12-24,7,97,No
7078_1,7078,2024-12-25,1,77,No
7079_0,7079,2024-08-23,11,106,No
7079_1,7079,2024-08-24,6,109,No
7080_0,7080,2024-09-18,10,80,No
7080_1,7080,2024-09-19,11,89,No
7081_0,7081,2024-06-22,8,49,No
7081_1,7081,2024-06-23,2,63,No
7081_2,7081,2024-06-24,6,22,No
7081_3,7081,2024-06-25,10,83,Yes
7082_0,7082,2024-09-05,1,97,No
7082_1,7082,2024-09-06,2,6,No
7082_2,7082,2024-09-07,3,97,No
7082_3,7082,2024-09-08,4,85,No
7083_0,7083,2024-03-02,15,4,Yes
7083_1,7083,2024-03-03,10,31,No
7083_2,7083,2024-03-04,8,118,Yes
7083_3,7083,2024-03-05,9,97,Yes
7083_4,7083,2024-03-06,13,81,Yes
7084_0,7084,2024-03-21,8,117,No
7085_0,7085,2024-03-20,14,44,No
7085_1,7085,2024-03-21,15,113,No
7085_2,7085,2024-03-22,12,23,No
7085_3,7085,2024-03-23,11,114,No
7086_0,7086,2024-07-10,7,76,No
7086_1,7086,2024-07-11,13,41,No
7086_2,7086,2024-07-12,8,102,Yes
7086_3,7086,2024-07-13,9,44,No
7086_4,7086,2024-07-14,7,28,Yes
7087_0,7087,2024-06-29,13,82,No
7087_1,7087,2024-06-30,15,52,No
7087_2,7087,2024-07-01,3,61,No
7087_3,7087,2024-07-02,5,48,No
7087_4,7087,2024-07-03,10,5,No
7088_0,7088,2024-12-27,15,82,Yes
7088_1,7088,2024-12-28,14,93,No
7089_0,7089,2024-03-10,15,25,No
7090_0,7090,2024-10-26,12,2,No
7090_1,7090,2024-10-27,3,52,No
7090_2,7090,2024-10-28,5,36,No
7091_0,7091,2024-06-01,4,21,Yes
7091_1,7091,2024-06-02,12,67,Yes
7092_0,7092,2024-06-23,4,22,Yes
7092_1,7092,2024-06-24,1,31,Yes
7093_0,7093,2024-05-16,8,105,No
7094_0,7094,2024-09-17,5,57,No
7094_1,7094,2024-09-18,13,49,Yes
7095_0,7095,2024-07-14,5,14,No
7096_0,7096,2024-12-08,12,98,No
7096_1,7096,2024-12-09,15,64,No
7096_2,7096,2024-12-10,13,81,No
7097_0,7097,2024-05-08,11,23,Yes
7097_1,7097,2024-05-09,5,22,Yes
7097_2,7097,2024-05-10,14,102,No
7097_3,7097,2024-05-11,8,86,Yes
7098_0,7098,2024-04-10,9,93,No
7098_1,7098,2024-04-11,1,70,No
7098_2,7098,2024-04-12,5,11,No
7098_3,7098,2024-04-13,4,33,No
7098_4,7098,2024-04-14,13,43,No
7099_0,7099,2024-03-26,14,102,Yes
7099_1,7099,2024-03-27,7,6,No
7099_2,7099,2024-03-28,9,79,No
7100_0,7100,2024-01-07,5,115,Yes
7100_1,7100,2024-01-08,4,59,No
7100_2,7100,2024-01-09,8,74,No
7100_3,7100,2024-01-10,10,60,Yes
7101_0,7101,2024-09-04,12,75,No
7101_1,7101,2024-09-05,11,6,Yes
7101_2,7101,2024-09-06,6,102,No
7101_3,7101,2024-09-07,12,88,No
7102_0,7102,2024-02-19,6,112,No
7102_1,7102,2024-02-20,5,42,No
7103_0,7103,2024-03-10,7,108,Yes
7103_1,7103,2024-03-11,8,22,No
7103_2,7103,2024-03-12,4,52,No
7104_0,7104,2024-02-02,1,109,No
7104_1,7104,2024-02-03,6,3,No
7104_2,7104,2024-02-04,12,54,Yes
7104_3,7104,2024-02-05,4,114,No
7104_4,7104,2024-02-06,1,74,No
7105_0,7105,2024-01-17,10,1,Yes
7106_0,7106,2024-06-21,15,112,No
7106_1,7106,2024-06-22,5,54,Yes
7106_2,7106,2024-06-23,4,55,Yes
7106_3,7106,2024-06-24,14,52,Yes
7107_0,7107,2024-03-30,7,4,Yes
7107_1,7107,2024-03-31,3,9,No
7108_0,7108,2024-07-05,10,67,Yes
7108_1,7108,2024-07-06,7,94,No
7109_0,7109,2024-03-02,4,116,No
7110_0,7110,2024-10-30,9,5,Yes
7111_0,7111,2024-01-13,11,90,No
7111_1,7111,2024-01-14,2,89,No
7111_2,7111,2024-01-15,7,37,Yes
7111_3,7111,2024-01-16,14,52,No
7112_0,7112,2024-03-25,3,73,No
7112_1,7112,2024-03-26,14,82,No
7112_2,7112,2024-03-27,5,106,No
7112_3,7112,2024-03-28,14,13,Yes
7112_4,7112,2024-03-29,11,107,No
7113_0,7113,2024-01-07,2,119,Yes
7113_1,7113,2024-01-08,9,65,No
7113_2,7113,2024-01-09,1,59,No
7113_3,7113,2024-01-10,6,27,No
7114_0,7114,2024-02-13,14,11,No
7114_1,7114,2024-02-14,3,95,Yes
7114_2,7114,2024-02-15,9,42,No
7114_3,7114,2024-02-16,6,81,Yes
7115_0,7115,2024-05-29,8,65,No
7116_0,7116,2024-10-27,5,116,No
7117_0,7117,2024-12-05,2,45,Yes
7117_1,7117,2024-12-06,2,115,Yes
7117_2,7117,2024-12-07,2,52,No
7117_3,7117,2024-12-08,9,23,Yes
7117_4,7117,2024-12-09,15,61,Yes
7118_0,7118,2024-12-12,3,59,No
7119_0,7119,2024-07-22,8,11,Yes
7119_1,7119,2024-07-23,15,45,No
7119_2,7119,2024-07-24,13,116,No
7120_0,7120,2024-03-04,12,22,No
7120_1,7120,2024-03-05,14,54,No
7120_2,7120,2024-03-06,11,110,No
7120_3,7120,2024-03-07,7,94,No
7120_4,7120,2024-03-08,11,48,No
7121_0,7121,2024-05-22,5,37,No
7121_1,7121,2024-05-23,1,49,Yes
7122_0,7122,2024-07-22,2,99,No
7122_1,7122,2024-07-23,12,80,No
7122_2,7122,2024-07-24,13,82,No
7123_0,7123,2024-09-23,13,50,No
7123_1,7123,2024-09-24,5,116,No
7123_2,7123,2024-09-25,1,53,No
7124_0,7124,2024-10-20,6,105,No
7124_1,7124,2024-10-21,15,19,No
7125_0,7125,2024-01-26,3,16,No
7125_1,7125,2024-01-27,1,73,No
7125_2,7125,2024-01-28,4,46,Yes
7126_0,7126,2024-04-10,5,34,No
7127_0,7127,2024-05-21,9,80,No
7127_1,7127,2024-05-22,6,107,Yes
7127_2,7127,2024-05-23,2,49,No
7127_3,7127,2024-05-24,3,67,No
7127_4,7127,2024-05-25,3,88,No
7128_0,7128,2024-11-30,7,44,Yes
7128_1,7128,2024-12-01,11,58,No
7128_2,7128,2024-12-02,11,2,No
7128_3,7128,2024-12-03,14,76,Yes
7128_4,7128,2024-12-04,8,34,Yes
7129_0,7129,2024-04-04,15,78,No
7129_1,7129,2024-04-05,13,65,Yes
7129_2,7129,2024-04-06,14,5,Yes
7129_3,7129,2024-04-07,3,85,No
7130_0,7130,2024-08-17,3,1,Yes
7130_1,7130,2024-08-18,11,42,No
7130_2,7130,2024-08-19,10,105,No
7131_0,7131,2024-02-07,13,22,No
7131_1,7131,2024-02-08,3,42,Yes
7131_2,7131,2024-02-09,11,15,Yes
7131_3,7131,2024-02-10,8,75,Yes
7131_4,7131,2024-02-11,4,57,No
7132_0,7132,2024-06-26,7,29,No
7132_1,7132,2024-06-27,11,92,No
7132_2,7132,2024-06-28,11,73,No
7132_3,7132,2024-06-29,14,88,No
7133_0,7133,2024-04-20,8,105,Yes
7133_1,7133,2024-04-21,13,26,No
7133_2,7133,2024-04-22,7,93,Yes
7133_3,7133,2024-04-23,7,39,Yes
7134_0,7134,2024-08-11,5,98,No
7134_1,7134,2024-08-12,4,66,No
7134_2,7134,2024-08-13,8,3,No
7134_3,7134,2024-08-14,13,97,No
7134_4,7134,2024-08-15,11,27,No
7135_0,7135,2024-09-16,12,62,Yes
7135_1,7135,2024-09-17,3,64,No
7135_2,7135,2024-09-18,13,18,No
7135_3,7135,2024-09-19,10,72,Yes
7136_0,7136,2024-02-10,11,14,No
7136_1,7136,2024-02-11,3,51,Yes
7137_0,7137,2024-06-11,15,14,No
7137_1,7137,2024-06-12,13,83,No
7137_2,7137,2024-06-13,9,68,No
7137_3,7137,2024-06-14,14,42,No
7138_0,7138,2024-04-30,1,36,Yes
7138_1,7138,2024-05-01,5,44,Yes
7138_2,7138,2024-05-02,15,80,No
7138_3,7138,2024-05-03,1,115,No
7138_4,7138,2024-05-04,2,78,No
7139_0,7139,2024-03-30,6,83,No
7139_1,7139,2024-03-31,7,69,No
7140_0,7140,2024-07-23,10,60,Yes
7140_1,7140,2024-07-24,15,24,No
7140_2,7140,2024-07-25,2,55,Yes
7141_0,7141,2024-01-25,12,9,No
7141_1,7141,2024-01-26,8,96,No
7141_2,7141,2024-01-27,14,95,No
7141_3,7141,2024-01-28,6,71,No
7142_0,7142,2024-08-18,6,98,No
7142_1,7142,2024-08-19,3,9,No
7143_0,7143,2024-08-06,8,43,Yes
7144_0,7144,2024-10-24,13,39,Yes
7144_1,7144,2024-10-25,5,15,No
7144_2,7144,2024-10-26,5,50,Yes
7144_3,7144,2024-10-27,9,115,No
7144_4,7144,2024-10-28,15,49,No
7145_0,7145,2024-12-06,2,55,No
7146_0,7146,2024-12-09,3,3,Yes
7147_0,7147,2024-03-19,11,75,Yes
7147_1,7147,2024-03-20,3,109,No
7147_2,7147,2024-03-21,9,25,No
7148_0,7148,2024-10-16,2,116,Yes
7148_1,7148,2024-10-17,2,18,Yes
7149_0,7149,2024-01-31,8,39,No
7149_1,7149,2024-02-01,11,117,No
7149_2,7149,2024-02-02,15,52,Yes
7149_3,7149,2024-02-03,14,66,No
7150_0,7150,2024-06-17,6,64,Yes
7150_1,7150,2024-06-18,2,74,No
7151_0,7151,2024-06-16,2,63,Yes
7151_1,7151,2024-06-17,1,55,No
7151_2,7151,2024-06-18,15,63,No
7152_0,7152,2024-12-17,10,43,Yes
7153_0,7153,2024-11-02,10,70,No
7154_0,7154,2024-10-21,3,116,Yes
7154_1,7154,2024-10-22,15,102,No
7154_2,7154,2024-10-23,11,54,No
7154_3,7154,2024-10-24,6,32,No
7155_0,7155,2024-11-29,5,91,Yes
7155_1,7155,2024-11-30,6,26,No
7155_2,7155,2024-12-01,15,50,Yes
7155_3,7155,2024-12-02,9,20,No
7156_0,7156,2024-09-02,6,50,No
7156_1,7156,2024-09-03,13,60,Yes
7156_2,7156,2024-09-04,3,102,No
7156_3,7156,2024-09-05,14,99,Yes
7156_4,7156,2024-09-06,1,51,Yes
7157_0,7157,2024-03-26,9,31,No
7157_1,7157,2024-03-27,9,68,No
7158_0,7158,2024-03-10,14,56,Yes
7159_0,7159,2024-08-06,2,112,No
7159_1,7159,2024-08-07,8,48,Yes
7159_2,7159,2024-08-08,9,61,Yes
7160_0,7160,2024-05-06,1,84,No
7160_1,7160,2024-05-07,3,43,No
7160_2,7160,2024-05-08,12,94,No
7160_3,7160,2024-05-09,11,58,No
7161_0,7161,2024-06-14,5,34,Yes
7161_1,7161,2024-06-15,15,72,No
7161_2,7161,2024-06-16,2,24,No
7161_3,7161,2024-06-17,5,7,No
7161_4,7161,2024-06-18,12,7,Yes
7162_0,7162,2024-06-12,7,35,No
7162_1,7162,2024-06-13,3,20,No
7163_0,7163,2024-05-25,2,110,Yes
7163_1,7163,2024-05-26,6,87,No
7164_0,7164,2024-07-20,15,70,No
7164_1,7164,2024-07-21,2,22,Yes
7164_2,7164,2024-07-22,15,36,No
7164_3,7164,2024-07-23,10,72,Yes
7164_4,7164,2024-07-24,2,26,Yes
7165_0,7165,2024-02-11,14,5,No
7165_1,7165,2024-02-12,10,85,No
7166_0,7166,2024-08-01,4,6,No
7166_1,7166,2024-08-02,8,51,No
7167_0,7167,2024-10-18,11,84,No
7168_0,7168,2024-04-12,13,29,No
7168_1,7168,2024-04-13,7,31,No
7168_2,7168,2024-04-14,7,57,Yes
7168_3,7168,2024-04-15,7,42,Yes
7168_4,7168,2024-04-16,8,4,No
7169_0,7169,2024-08-19,11,7,Yes
7169_1,7169,2024-08-20,6,68,Yes
7169_2,7169,2024-08-21,11,105,No
7169_3,7169,2024-08-22,10,120,No
7170_0,7170,2024-11-11,11,56,No
7170_1,7170,2024-11-12,13,115,No
7170_2,7170,2024-11-13,5,11,No
7170_3,7170,2024-11-14,1,64,No
7170_4,7170,2024-11-15,1,79,Yes
7171_0,7171,2024-10-28,5,82,No
7171_1,7171,2024-10-29,5,20,No
7172_0,7172,2024-07-28,6,68,No
7172_1,7172,2024-07-29,7,41,Yes
7173_0,7173,2024-04-21,11,24,No
7174_0,7174,2024-04-02,8,20,No
7174_1,7174,2024-04-03,13,97,No
7175_0,7175,2024-11-17,7,4,No
7176_0,7176,2024-03-18,5,19,No
7176_1,7176,2024-03-19,2,70,Yes
7176_2,7176,2024-03-20,9,25,No
7176_3,7176,2024-03-21,9,5,No
7177_0,7177,2024-10-20,8,70,No
7177_1,7177,2024-10-21,8,15,Yes
7177_2,7177,2024-10-22,9,119,Yes
7177_3,7177,2024-10-23,6,78,No
7177_4,7177,2024-10-24,4,97,Yes
7178_0,7178,2024-06-03,1,2,No
7178_1,7178,2024-06-04,10,85,Yes
7178_2,7178,2024-06-05,1,109,No
7179_0,7179,2024-08-25,15,11,No
7180_0,7180,2024-05-22,10,69,Yes
7180_1,7180,2024-05-23,11,118,No
7181_0,7181,2024-12-28,7,88,Yes
7181_1,7181,2024-12-29,1,110,No
7181_2,7181,2024-12-30,1,39,No
7181_3,7181,2024-12-31,4,37,Yes
7182_0,7182,2024-02-02,12,44,No
7182_1,7182,2024-02-03,15,80,No
7182_2,7182,2024-02-04,2,55,No
7182_3,7182,2024-02-05,3,56,Yes
7183_0,7183,2024-01-07,13,78,Yes
7183_1,7183,2024-01-08,4,118,Yes
7183_2,7183,2024-01-09,3,10,No
7184_0,7184,2024-09-21,14,104,No
7184_1,7184,2024-09-22,5,50,No
7184_2,7184,2024-09-23,14,42,Yes
7184_3,7184,2024-09-24,10,83,No
7184_4,7184,2024-09-25,11,78,No
7185_0,7185,2024-10-05,9,62,No
7185_1,7185,2024-10-06,7,107,No
7185_2,7185,2024-10-07,4,87,No
7185_3,7185,2024-10-08,9,103,No
7186_0,7186,2024-09-11,2,34,No
7186_1,7186,2024-09-12,12,93,No
7187_0,7187,2024-08-21,10,108,Yes
7187_1,7187,2024-08-22,10,33,No
7187_2,7187,2024-08-23,2,19,No
7187_3,7187,2024-08-24,8,96,No
7188_0,7188,2024-05-04,3,58,No
7188_1,7188,2024-05-05,6,7,No
7188_2,7188,2024-05-06,11,67,No
7188_3,7188,2024-05-07,1,2,No
7189_0,7189,2024-07-13,12,120,No
7189_1,7189,2024-07-14,10,77,No
7189_2,7189,2024-07-15,1,51,No
7189_3,7189,2024-07-16,3,89,Yes
7190_0,7190,2024-09-28,9,20,No
7190_1,7190,2024-09-29,9,114,No
7190_2,7190,2024-09-30,9,86,No
7190_3,7190,2024-10-01,7,8,No
7191_0,7191,2024-12-28,7,70,No
7192_0,7192,2024-12-12,6,71,Yes
7192_1,7192,2024-12-13,10,103,No
7192_2,7192,2024-12-14,11,37,No
7192_3,7192,2024-12-15,6,97,No
7193_0,7193,2024-11-28,4,94,No
7194_0,7194,2024-12-10,2,28,No
7195_0,7195,2024-02-27,12,106,No
7195_1,7195,2024-02-28,15,87,Yes
7195_2,7195,2024-02-29,13,27,No
7195_3,7195,2024-03-01,13,28,No
7196_0,7196,2024-09-28,14,69,No
7196_1,7196,2024-09-29,9,36,No
7197_0,7197,2024-04-22,14,25,No
7197_1,7197,2024-04-23,7,76,No
7198_0,7198,2024-06-07,9,8,No
7198_1,7198,2024-06-08,10,120,No
7198_2,7198,2024-06-09,7,104,Yes
7199_0,7199,2024-11-27,1,58,Yes
7199_1,7199,2024-11-28,2,109,No
7199_2,7199,2024-11-29,11,58,No
7199_3,7199,2024-11-30,6,90,Yes
7199_4,7199,2024-12-01,8,59,Yes
7200_0,7200,2024-06-25,4,93,No
7200_1,7200,2024-06-26,10,93,No
7200_2,7200,2024-06-27,12,44,No
7200_3,7200,2024-06-28,10,95,No
7201_0,7201,2024-11-25,15,30,No
7201_1,7201,2024-11-26,14,72,Yes
7201_2,7201,2024-11-27,1,20,No
7201_3,7201,2024-11-28,10,39,Yes
7202_0,7202,2024-09-16,10,98,No
7202_1,7202,2024-09-17,9,11,No
7203_0,7203,2024-04-17,13,35,No
7203_1,7203,2024-04-18,11,83,No
7203_2,7203,2024-04-19,2,8,No
7204_0,7204,2024-05-05,11,77,Yes
7205_0,7205,2024-01-12,8,118,Yes
7206_0,7206,2024-05-08,11,87,No
7206_1,7206,2024-05-09,7,96,Yes
7207_0,7207,2024-08-08,10,92,No
7207_1,7207,2024-08-09,9,78,No
7208_0,7208,2024-08-08,11,37,Yes
7208_1,7208,2024-08-09,13,21,No
7208_2,7208,2024-08-10,3,7,Yes
7208_3,7208,2024-08-11,5,5,No
7209_0,7209,2024-09-06,12,2,Yes
7210_0,7210,2024-11-12,5,52,No
7210_1,7210,2024-11-13,1,49,No
7210_2,7210,2024-11-14,14,16,No
7210_3,7210,2024-11-15,10,55,No
7210_4,7210,2024-11-16,8,35,No
7211_0,7211,2024-06-05,3,63,No
7211_1,7211,2024-06-06,9,19,Yes
7211_2,7211,2024-06-07,12,29,No
7212_0,7212,2024-04-29,12,83,No
7212_1,7212,2024-04-30,10,20,No
7212_2,7212,2024-05-01,9,5,No
7212_3,7212,2024-05-02,7,31,No
7213_0,7213,2024-01-24,2,20,No
7214_0,7214,2024-09-20,11,76,No
7214_1,7214,2024-09-21,6,79,No
7214_2,7214,2024-09-22,15,120,No
7215_0,7215,2024-01-13,3,32,Yes
7216_0,7216,2024-03-31,9,43,Yes
7216_1,7216,2024-04-01,15,14,Yes
7217_0,7217,2024-12-11,15,6,Yes
7218_0,7218,2024-08-31,10,90,No
7219_0,7219,2024-05-14,2,55,Yes
7219_1,7219,2024-05-15,6,90,Yes
7219_2,7219,2024-05-16,2,14,No
7219_3,7219,2024-05-17,6,92,Yes
7220_0,7220,2024-06-13,7,70,No
7220_1,7220,2024-06-14,8,83,No
7220_2,7220,2024-06-15,4,35,Yes
7221_0,7221,2024-10-22,9,75,No
7221_1,7221,2024-10-23,1,79,No
7221_2,7221,2024-10-24,13,3,No
7221_3,7221,2024-10-25,14,21,Yes
7221_4,7221,2024-10-26,13,96,Yes
7222_0,7222,2024-02-09,4,68,Yes
7222_1,7222,2024-02-10,11,42,No
7222_2,7222,2024-02-11,13,84,No
7222_3,7222,2024-02-12,2,28,No
7223_0,7223,2024-11-09,7,109,Yes
7223_1,7223,2024-11-10,1,45,Yes
7223_2,7223,2024-11-11,9,46,No
7223_3,7223,2024-11-12,13,62,No
7224_0,7224,2024-08-23,15,40,No
7224_1,7224,2024-08-24,3,53,No
7225_0,7225,2024-01-24,11,94,No
7225_1,7225,2024-01-25,13,14,Yes
7225_2,7225,2024-01-26,7,26,No
7225_3,7225,2024-01-27,2,56,Yes
7225_4,7225,2024-01-28,5,113,No
7226_0,7226,2024-01-22,15,7,No
7226_1,7226,2024-01-23,9,49,No
7226_2,7226,2024-01-24,10,65,Yes
7227_0,7227,2024-05-03,2,30,Yes
7227_1,7227,2024-05-04,10,30,No
7227_2,7227,2024-05-05,14,63,Yes
7227_3,7227,2024-05-06,7,81,No
7228_0,7228,2024-12-02,7,9,No
7229_0,7229,2024-03-09,12,102,Yes
7229_1,7229,2024-03-10,10,80,Yes
7229_2,7229,2024-03-11,13,49,No
7230_0,7230,2024-11-06,8,43,Yes
7230_1,7230,2024-11-07,10,83,No
7230_2,7230,2024-11-08,15,30,No
7230_3,7230,2024-11-09,13,97,No
7231_0,7231,2024-06-03,2,7,Yes
7232_0,7232,2024-11-25,7,3,No
7232_1,7232,2024-11-26,4,7,No
7232_2,7232,2024-11-27,3,18,Yes
7233_0,7233,2024-12-16,10,85,Yes
7233_1,7233,2024-12-17,7,65,Yes
7233_2,7233,2024-12-18,10,119,No
7233_3,7233,2024-12-19,11,63,No
7233_4,7233,2024-12-20,9,74,No
7234_0,7234,2024-02-17,7,10,No
7234_1,7234,2024-02-18,8,112,No
7234_2,7234,2024-02-19,12,73,No
7234_3,7234,2024-02-20,2,109,No
7234_4,7234,2024-02-21,1,98,No
7235_0,7235,2024-04-11,5,3,Yes
7235_1,7235,2024-04-12,15,115,No
7235_2,7235,2024-04-13,3,95,Yes
7235_3,7235,2024-04-14,14,97,No
7235_4,7235,2024-04-15,7,59,No
7236_0,7236,2024-12-13,15,42,Yes
7236_1,7236,2024-12-14,2,21,No
7236_2,7236,2024-12-15,4,50,No
7237_0,7237,2024-08-04,3,11,Yes
7237_1,7237,2024-08-05,3,4,No
7238_0,7238,2024-12-12,5,60,No
7238_1,7238,2024-12-13,2,45,No
7239_0,7239,2024-12-30,11,117,No
7239_1,7239,2024-12-31,6,91,No
7239_2,7239,2025-01-01,3,46,Yes
7239_3,7239,2025-01-02,9,74,Yes
7240_0,7240,2024-08-02,7,104,No
7240_1,7240,2024-08-03,7,55,No
7240_2,7240,2024-08-04,12,70,No
7241_0,7241,2024-10-17,9,42,No
7241_1,7241,2024-10-18,6,114,No
7241_2,7241,2024-10-19,11,51,No
7241_3,7241,2024-10-20,13,107,No
7242_0,7242,2024-12-03,9,49,No
7242_1,7242,2024-12-04,14,54,No
7242_2,7242,2024-12-05,4,56,No
7242_3,7242,2024-12-06,13,1,No
7243_0,7243,2024-03-17,13,111,Yes
7243_1,7243,2024-03-18,5,42,No
7243_2,7243,2024-03-19,3,112,No
7243_3,7243,2024-03-20,6,27,Yes
7243_4,7243,2024-03-21,4,23,No
7244_0,7244,2024-03-07,2,13,No
7244_1,7244,2024-03-08,13,43,Yes
7245_0,7245,2024-12-31,10,53,Yes
7245_1,7245,2025-01-01,6,19,No
7245_2,7245,2025-01-02,1,7,No
7245_3,7245,2025-01-03,12,5,No
7246_0,7246,2024-03-19,4,7,No
7246_1,7246,2024-03-20,9,115,No
7246_2,7246,2024-03-21,5,20,No
7247_0,7247,2024-09-20,2,21,No
7247_1,7247,2024-09-21,14,119,No
7248_0,7248,2024-08-20,5,27,Yes
7248_1,7248,2024-08-21,10,87,No
7249_0,7249,2024-12-27,15,8,No
7249_1,7249,2024-12-28,8,54,No
7250_0,7250,2024-05-30,4,76,Yes
7250_1,7250,2024-05-31,4,76,No
7250_2,7250,2024-06-01,14,53,No
7250_3,7250,2024-06-02,4,95,No
7251_0,7251,2024-12-09,3,8,Yes
7251_1,7251,2024-12-10,15,8,No
7251_2,7251,2024-12-11,8,58,No
7251_3,7251,2024-12-12,4,105,No
7251_4,7251,2024-12-13,1,53,No
7252_0,7252,2024-11-22,14,115,Yes
7252_1,7252,2024-11-23,8,113,Yes
7253_0,7253,2024-01-09,2,95,Yes
7253_1,7253,2024-01-10,14,2,No
7253_2,7253,2024-01-11,14,54,No
7253_3,7253,2024-01-12,12,24,Yes
7254_0,7254,2024-09-25,5,78,No
7254_1,7254,2024-09-26,5,92,No
7254_2,7254,2024-09-27,13,35,No
7254_3,7254,2024-09-28,4,115,No
7255_0,7255,2024-04-07,3,65,Yes
7255_1,7255,2024-04-08,13,77,Yes
7255_2,7255,2024-04-09,9,87,No
7255_3,7255,2024-04-10,6,118,No
7255_4,7255,2024-04-11,12,29,Yes
7256_0,7256,2024-04-24,15,28,No
7256_1,7256,2024-04-25,15,9,No
7257_0,7257,2024-05-19,12,16,Yes
7257_1,7257,2024-05-20,1,78,No
7257_2,7257,2024-05-21,10,36,No
7257_3,7257,2024-05-22,12,23,No
7258_0,7258,2024-10-21,12,62,No
7259_0,7259,2024-11-11,12,76,No
7259_1,7259,2024-11-12,13,104,No
7259_2,7259,2024-11-13,10,58,No
7259_3,7259,2024-11-14,13,20,No
7259_4,7259,2024-11-15,13,65,Yes
7260_0,7260,2024-02-23,11,23,Yes
7260_1,7260,2024-02-24,13,93,No
7260_2,7260,2024-02-25,3,99,Yes
7260_3,7260,2024-02-26,5,54,Yes
7260_4,7260,2024-02-27,2,92,No
7261_0,7261,2024-06-03,5,56,Yes
7261_1,7261,2024-06-04,8,31,Yes
7261_2,7261,2024-06-05,3,78,No
7261_3,7261,2024-06-06,6,28,No
7261_4,7261,2024-06-07,15,110,Yes
7262_0,7262,2024-10-24,12,44,No
7262_1,7262,2024-10-25,6,70,No
7262_2,7262,2024-10-26,3,28,No
7262_3,7262,2024-10-27,13,45,Yes
7263_0,7263,2024-01-26,10,75,No
7263_1,7263,2024-01-27,11,50,No
7263_2,7263,2024-01-28,5,16,Yes
7264_0,7264,2024-04-05,7,63,No
7264_1,7264,2024-04-06,9,63,No
7264_2,7264,2024-04-07,8,8,No
7264_3,7264,2024-04-08,7,45,No
7264_4,7264,2024-04-09,5,67,Yes
7265_0,7265,2024-05-03,10,38,No
7265_1,7265,2024-05-04,5,51,No
7266_0,7266,2024-11-10,2,34,No
7266_1,7266,2024-11-11,5,104,No
7267_0,7267,2024-07-14,8,57,No
7268_0,7268,2024-02-07,9,16,No
7268_1,7268,2024-02-08,2,65,No
7268_2,7268,2024-02-09,9,118,No
7268_3,7268,2024-02-10,4,77,No
7269_0,7269,2024-07-11,2,77,Yes
7269_1,7269,2024-07-12,8,52,No
7270_0,7270,2024-02-28,3,50,No
7270_1,7270,2024-02-29,11,25,No
7270_2,7270,2024-03-01,3,112,No
7270_3,7270,2024-03-02,13,111,No
7270_4,7270,2024-03-03,5,77,No
7271_0,7271,2024-03-09,14,28,No
7271_1,7271,2024-03-10,10,98,Yes
7272_0,7272,2024-10-14,15,102,No
7272_1,7272,2024-10-15,15,32,No
7272_2,7272,2024-10-16,4,46,No
7273_0,7273,2024-07-20,15,51,No
7273_1,7273,2024-07-21,12,99,No
7273_2,7273,2024-07-22,12,81,No
7273_3,7273,2024-07-23,5,110,Yes
7274_0,7274,2024-03-03,5,89,Yes
7274_1,7274,2024-03-04,4,66,Yes
7275_0,7275,2024-06-16,11,5,No
7275_1,7275,2024-06-17,5,55,No
7275_2,7275,2024-06-18,2,45,Yes
7275_3,7275,2024-06-19,3,13,No
7275_4,7275,2024-06-20,12,51,No
7276_0,7276,2024-12-22,10,119,No
7276_1,7276,2024-12-23,4,11,No
7276_2,7276,2024-12-24,12,13,Yes
7277_0,7277,2024-12-01,11,9,No
7277_1,7277,2024-12-02,9,52,No
7277_2,7277,2024-12-03,1,25,No
7277_3,7277,2024-12-04,11,1,Yes
7277_4,7277,2024-12-05,5,78,Yes
7278_0,7278,2024-09-26,2,117,No
7279_0,7279,2024-04-22,7,90,No
7279_1,7279,2024-04-23,14,63,No
7280_0,7280,2024-05-05,9,82,No
7280_1,7280,2024-05-06,7,26,No
7280_2,7280,2024-05-07,12,22,Yes
7280_3,7280,2024-05-08,12,69,Yes
7281_0,7281,2024-03-22,11,36,No
7281_1,7281,2024-03-23,7,1,No
7282_0,7282,2024-04-10,14,74,Yes
7282_1,7282,2024-04-11,3,65,Yes
7282_2,7282,2024-04-12,1,39,No
7282_3,7282,2024-04-13,3,50,No
7282_4,7282,2024-04-14,11,58,No
7283_0,7283,2024-11-15,4,27,No
7283_1,7283,2024-11-16,1,45,No
7284_0,7284,2024-12-21,9,42,Yes
7284_1,7284,2024-12-22,12,107,No
7285_0,7285,2024-02-10,1,86,No
7285_1,7285,2024-02-11,4,119,No
7286_0,7286,2024-10-08,4,7,No
7286_1,7286,2024-10-09,3,68,Yes
7286_2,7286,2024-10-10,13,56,No
7286_3,7286,2024-10-11,10,5,Yes
7286_4,7286,2024-10-12,7,79,No
7287_0,7287,2024-08-27,12,117,Yes
7287_1,7287,2024-08-28,12,16,Yes
7288_0,7288,2024-02-17,13,28,Yes
7288_1,7288,2024-02-18,4,60,No
7288_2,7288,2024-02-19,3,20,No
7288_3,7288,2024-02-20,10,105,No
7288_4,7288,2024-02-21,4,24,No
7289_0,7289,2024-04-03,2,79,No
7289_1,7289,2024-04-04,10,5,No
7289_2,7289,2024-04-05,12,90,No
7289_3,7289,2024-04-06,2,41,No
7289_4,7289,2024-04-07,15,119,No
7290_0,7290,2024-07-09,8,116,Yes
7291_0,7291,2024-11-12,3,70,No
7291_1,7291,2024-11-13,3,22,No
7291_2,7291,2024-11-14,11,37,Yes
7292_0,7292,2024-09-22,15,57,No
7292_1,7292,2024-09-23,3,29,No
7292_2,7292,2024-09-24,7,96,No
7293_0,7293,2024-06-27,15,27,No
7293_1,7293,2024-06-28,4,86,No
7294_0,7294,2024-01-29,14,72,Yes
7294_1,7294,2024-01-30,5,102,No
7295_0,7295,2024-06-17,4,84,No
7295_1,7295,2024-06-18,11,54,No
7295_2,7295,2024-06-19,6,64,No
7295_3,7295,2024-06-20,15,105,Yes
7295_4,7295,2024-06-21,6,109,Yes
7296_0,7296,2024-05-04,6,25,No
7296_1,7296,2024-05-05,3,108,Yes
7296_2,7296,2024-05-06,8,87,Yes
7296_3,7296,2024-05-07,8,106,No
7297_0,7297,2024-02-22,10,53,No
7297_1,7297,2024-02-23,1,88,No
7297_2,7297,2024-02-24,10,16,No
7297_3,7297,2024-02-25,14,52,No
7298_0,7298,2024-02-15,3,94,Yes
7298_1,7298,2024-02-16,1,4,Yes
7298_2,7298,2024-02-17,4,60,No
7299_0,7299,2024-01-04,1,81,Yes
7299_1,7299,2024-01-05,14,48,No
7299_2,7299,2024-01-06,10,92,No
7299_3,7299,2024-01-07,2,85,No
7300_0,7300,2024-04-21,11,51,Yes
7300_1,7300,2024-04-22,10,61,No
7301_0,7301,2024-09-19,13,69,No
7301_1,7301,2024-09-20,5,87,Yes
7301_2,7301,2024-09-21,9,40,No
7301_3,7301,2024-09-22,4,62,No
7302_0,7302,2024-02-24,12,32,Yes
7302_1,7302,2024-02-25,11,109,No
7303_0,7303,2024-05-23,7,20,No
7303_1,7303,2024-05-24,15,94,No
7303_2,7303,2024-05-25,5,50,No
7303_3,7303,2024-05-26,3,24,No
7304_0,7304,2024-12-10,13,116,No
7304_1,7304,2024-12-11,9,79,No
7305_0,7305,2024-08-10,1,31,No
7305_1,7305,2024-08-11,7,70,No
7305_2,7305,2024-08-12,1,91,No
7305_3,7305,2024-08-13,6,114,Yes
7306_0,7306,2024-02-29,10,116,No
7306_1,7306,2024-03-01,7,18,No
7307_0,7307,2024-09-25,1,47,No
7307_1,7307,2024-09-26,4,54,No
7307_2,7307,2024-09-27,12,42,No
7307_3,7307,2024-09-28,7,60,No
7308_0,7308,2024-03-02,1,37,No
7308_1,7308,2024-03-03,12,106,No
7308_2,7308,2024-03-04,2,85,No
7308_3,7308,2024-03-05,10,59,Yes
7309_0,7309,2024-12-17,4,49,No
7310_0,7310,2024-04-15,11,101,No
7310_1,7310,2024-04-16,2,1,No
7310_2,7310,2024-04-17,6,44,No
7310_3,7310,2024-04-18,4,87,No
7311_0,7311,2024-09-18,10,34,No
7312_0,7312,2024-05-17,12,91,No
7312_1,7312,2024-05-18,14,40,No
7312_2,7312,2024-05-19,4,104,Yes
7312_3,7312,2024-05-20,3,11,Yes
7313_0,7313,2024-06-14,3,102,Yes
7313_1,7313,2024-06-15,1,33,No
7313_2,7313,2024-06-16,12,48,No
7313_3,7313,2024-06-17,10,106,No
7314_0,7314,2024-08-21,2,71,Yes
7314_1,7314,2024-08-22,11,33,Yes
7314_2,7314,2024-08-23,10,6,Yes
7314_3,7314,2024-08-24,2,64,No
7314_4,7314,2024-08-25,2,97,No
7315_0,7315,2024-06-07,11,71,No
7316_0,7316,2024-03-28,14,53,No
7317_0,7317,2024-07-15,13,62,No
7317_1,7317,2024-07-16,6,71,Yes
7318_0,7318,2024-06-03,4,88,No
7318_1,7318,2024-06-04,8,3,No
7318_2,7318,2024-06-05,11,56,Yes
7318_3,7318,2024-06-06,11,82,No
7318_4,7318,2024-06-07,4,109,Yes
7319_0,7319,2024-02-25,9,82,Yes
7319_1,7319,2024-02-26,11,81,No
7319_2,7319,2024-02-27,7,51,No
7320_0,7320,2024-06-25,13,35,No
7320_1,7320,2024-06-26,4,116,Yes
7320_2,7320,2024-06-27,9,42,No
7320_3,7320,2024-06-28,1,105,No
7321_0,7321,2024-11-16,14,106,Yes
7321_1,7321,2024-11-17,3,95,No
7321_2,7321,2024-11-18,2,65,No
7322_0,7322,2024-07-25,15,40,No
7323_0,7323,2024-11-04,5,37,No
7323_1,7323,2024-11-05,13,1,No
7324_0,7324,2024-07-02,15,88,No
7324_1,7324,2024-07-03,5,45,No
7325_0,7325,2024-11-17,9,50,Yes
7326_0,7326,2024-08-20,3,110,No
7326_1,7326,2024-08-21,5,11,Yes
7326_2,7326,2024-08-22,10,113,Yes
7326_3,7326,2024-08-23,3,96,Yes
7326_4,7326,2024-08-24,8,22,No
7327_0,7327,2024-04-07,4,119,No
7327_1,7327,2024-04-08,9,100,No
7327_2,7327,2024-04-09,14,94,No
7328_0,7328,2024-03-17,13,86,No
7328_1,7328,2024-03-18,9,27,Yes
7328_2,7328,2024-03-19,4,32,No
7328_3,7328,2024-03-20,6,78,No
7329_0,7329,2024-05-13,6,75,No
7329_1,7329,2024-05-14,7,17,No
7330_0,7330,2024-08-28,12,106,Yes
7331_0,7331,2024-01-26,8,63,Yes
7331_1,7331,2024-01-27,3,98,No
7331_2,7331,2024-01-28,1,31,No
7331_3,7331,2024-01-29,14,71,No
7331_4,7331,2024-01-30,2,43,Yes
7332_0,7332,2024-03-05,7,117,No
7332_1,7332,2024-03-06,15,59,No
7333_0,7333,2024-06-30,6,11,Yes
7334_0,7334,2024-01-31,2,93,No
7335_0,7335,2024-03-05,2,45,No
7335_1,7335,2024-03-06,15,16,No
7335_2,7335,2024-03-07,5,115,Yes
7335_3,7335,2024-03-08,6,48,No
7336_0,7336,2024-02-11,14,77,No
7336_1,7336,2024-02-12,9,7,Yes
7336_2,7336,2024-02-13,6,99,No
7337_0,7337,2024-04-01,9,95,Yes
7337_1,7337,2024-04-02,8,85,No
7338_0,7338,2024-05-04,4,9,Yes
7338_1,7338,2024-05-05,5,70,No
7338_2,7338,2024-05-06,10,96,Yes
7338_3,7338,2024-05-07,12,112,No
7339_0,7339,2024-08-10,3,83,No
7339_1,7339,2024-08-11,1,62,No
7339_2,7339,2024-08-12,12,1,Yes
7339_3,7339,2024-08-13,14,61,Yes
7340_0,7340,2024-03-30,7,14,No
7340_1,7340,2024-03-31,11,55,No
7340_2,7340,2024-04-01,15,63,No
7340_3,7340,2024-04-02,2,38,No
7341_0,7341,2024-05-03,6,20,Yes
7342_0,7342,2024-04-22,5,24,Yes
7342_1,7342,2024-04-23,14,65,Yes
7342_2,7342,2024-04-24,2,109,No
7342_3,7342,2024-04-25,12,73,No
7342_4,7342,2024-04-26,9,88,No
7343_0,7343,2024-10-10,15,109,Yes
7343_1,7343,2024-10-11,6,56,Yes
7343_2,7343,2024-10-12,7,68,Yes
7343_3,7343,2024-10-13,6,113,No
7343_4,7343,2024-10-14,9,67,Yes
7344_0,7344,2024-04-22,9,21,No
7344_1,7344,2024-04-23,8,111,Yes
7344_2,7344,2024-04-24,5,54,No
7345_0,7345,2024-06-24,7,78,No
7345_1,7345,2024-06-25,12,93,No
7345_2,7345,2024-06-26,5,67,No
7345_3,7345,2024-06-27,6,87,Yes
7345_4,7345,2024-06-28,13,82,No
7346_0,7346,2024-02-25,4,98,Yes
7346_1,7346,2024-02-26,4,100,Yes
7347_0,7347,2024-06-05,9,8,No
7348_0,7348,2024-10-11,3,95,No
7348_1,7348,2024-10-12,5,89,No
7348_2,7348,2024-10-13,6,84,No
7348_3,7348,2024-10-14,13,9,No
7349_0,7349,2024-06-09,13,92,No
7349_1,7349,2024-06-10,9,103,Yes
7349_2,7349,2024-06-11,8,82,No
7349_3,7349,2024-06-12,8,108,No
7350_0,7350,2024-02-04,3,96,Yes
7350_1,7350,2024-02-05,5,30,No
7351_0,7351,2024-07-17,4,58,No
7351_1,7351,2024-07-18,6,7,Yes
7352_0,7352,2024-01-29,2,100,Yes
7352_1,7352,2024-01-30,5,91,No
7352_2,7352,2024-01-31,11,34,No
7352_3,7352,2024-02-01,10,78,No
7352_4,7352,2024-02-02,3,61,No
7353_0,7353,2024-06-13,9,103,No
7353_1,7353,2024-06-14,3,110,No
7353_2,7353,2024-06-15,13,81,No
7354_0,7354,2024-02-27,3,78,No
7355_0,7355,2024-02-23,10,32,No
7355_1,7355,2024-02-24,13,60,Yes
7355_2,7355,2024-02-25,9,117,No
7356_0,7356,2024-11-12,6,113,No
7356_1,7356,2024-11-13,10,52,No
7356_2,7356,2024-11-14,10,23,No
7356_3,7356,2024-11-15,4,21,No
7357_0,7357,2024-01-06,2,101,No
7358_0,7358,2024-11-22,5,27,No
7358_1,7358,2024-11-23,14,34,Yes
7359_0,7359,2024-02-05,7,111,No
7359_1,7359,2024-02-06,15,19,Yes
7359_2,7359,2024-02-07,6,22,No
7359_3,7359,2024-02-08,6,11,No
7359_4,7359,2024-02-09,7,30,No
7360_0,7360,2024-11-06,2,37,No
7360_1,7360,2024-11-07,4,40,No
7360_2,7360,2024-11-08,7,61,Yes
7360_3,7360,2024-11-09,11,11,No
7361_0,7361,2024-09-22,11,6,Yes
7362_0,7362,2024-02-15,11,22,No
7362_1,7362,2024-02-16,13,46,No
7363_0,7363,2024-07-28,12,93,No
7364_0,7364,2024-03-06,6,84,No
7364_1,7364,2024-03-07,6,58,Yes
7364_2,7364,2024-03-08,2,56,Yes
7365_0,7365,2024-12-02,10,66,No
7365_1,7365,2024-12-03,15,54,No
7365_2,7365,2024-12-04,4,25,Yes
7365_3,7365,2024-12-05,8,63,No
7366_0,7366,2024-12-30,13,113,No
7367_0,7367,2024-04-30,5,71,No
7368_0,7368,2024-09-04,13,87,Yes
7368_1,7368,2024-09-05,12,42,No
7368_2,7368,2024-09-06,9,21,Yes
7368_3,7368,2024-09-07,6,45,Yes
7369_0,7369,2024-01-26,9,20,No
7370_0,7370,2024-11-11,9,73,Yes
7371_0,7371,2024-12-06,3,85,Yes
7371_1,7371,2024-12-07,4,19,No
7371_2,7371,2024-12-08,6,60,No
7371_3,7371,2024-12-09,10,69,No
7371_4,7371,2024-12-10,15,67,Yes
7372_0,7372,2024-02-27,7,92,Yes
7372_1,7372,2024-02-28,3,61,No
7373_0,7373,2024-11-27,13,55,No
7373_1,7373,2024-11-28,15,119,Yes
7373_2,7373,2024-11-29,4,109,No
7374_0,7374,2024-08-30,11,87,No
7374_1,7374,2024-08-31,14,111,No
7374_2,7374,2024-09-01,10,19,No
7374_3,7374,2024-09-02,4,87,No
7375_0,7375,2024-02-27,9,39,No
7375_1,7375,2024-02-28,7,5,No
7375_2,7375,2024-02-29,8,45,Yes
7375_3,7375,2024-03-01,9,45,No
7375_4,7375,2024-03-02,7,4,Yes
7376_0,7376,2024-02-08,13,56,Yes
7376_1,7376,2024-02-09,7,113,Yes
7376_2,7376,2024-02-10,10,70,Yes
7377_0,7377,2024-10-16,7,111,Yes
7378_0,7378,2024-09-21,10,74,Yes
7379_0,7379,2024-07-07,7,24,No
7379_1,7379,2024-07-08,14,100,No
7379_2,7379,2024-07-09,1,78,Yes
7379_3,7379,2024-07-10,2,117,No
7380_0,7380,2024-12-25,10,102,No
7380_1,7380,2024-12-26,1,40,No
7380_2,7380,2024-12-27,14,64,No
7381_0,7381,2024-07-25,1,100,Yes
7381_1,7381,2024-07-26,6,80,No
7382_0,7382,2024-01-31,5,39,Yes
7382_1,7382,2024-02-01,2,73,Yes
7382_2,7382,2024-02-02,10,98,Yes
7382_3,7382,2024-02-03,15,55,No
7383_0,7383,2024-06-26,13,80,Yes
7383_1,7383,2024-06-27,9,71,No
7384_0,7384,2024-02-27,15,105,Yes
7384_1,7384,2024-02-28,14,82,No
7385_0,7385,2024-02-24,12,19,No
7386_0,7386,2024-09-12,3,83,Yes
7386_1,7386,2024-09-13,13,32,No
7386_2,7386,2024-09-14,2,1,No
7386_3,7386,2024-09-15,4,14,No
7386_4,7386,2024-09-16,4,79,Yes
7387_0,7387,2024-11-27,14,108,No
7387_1,7387,2024-11-28,14,63,No
7387_2,7387,2024-11-29,13,109,No
7387_3,7387,2024-11-30,9,18,Yes
7387_4,7387,2024-12-01,9,94,No
7388_0,7388,2024-04-20,3,59,Yes
7388_1,7388,2024-04-21,13,114,Yes
7388_2,7388,2024-04-22,4,100,No
7389_0,7389,2024-04-03,2,90,No
7389_1,7389,2024-04-04,5,37,No
7390_0,7390,2024-10-27,5,98,No
7391_0,7391,2024-10-01,8,107,Yes
7391_1,7391,2024-10-02,2,111,Yes
7391_2,7391,2024-10-03,11,8,Yes
7391_3,7391,2024-10-04,3,7,Yes
7392_0,7392,2024-08-07,15,51,No
7393_0,7393,2024-11-22,15,80,No
7394_0,7394,2024-10-16,14,45,Yes
7394_1,7394,2024-10-17,6,115,No
7394_2,7394,2024-10-18,1,89,No
7395_0,7395,2024-12-27,13,35,Yes
7395_1,7395,2024-12-28,5,48,No
7396_0,7396,2024-01-24,6,39,Yes
7397_0,7397,2024-10-31,2,37,Yes
7397_1,7397,2024-11-01,5,37,No
7397_2,7397,2024-11-02,1,105,No
7397_3,7397,2024-11-03,8,84,Yes
7397_4,7397,2024-11-04,1,50,Yes
7398_0,7398,2024-02-11,2,25,Yes
7398_1,7398,2024-02-12,13,119,Yes
7398_2,7398,2024-02-13,13,6,No
7398_3,7398,2024-02-14,1,98,No
7398_4,7398,2024-02-15,6,75,No
7399_0,7399,2024-01-19,11,98,Yes
7399_1,7399,2024-01-20,7,47,No
7400_0,7400,2024-05-14,9,21,No
7401_0,7401,2024-03-21,10,72,No
7401_1,7401,2024-03-22,9,22,No
7401_2,7401,2024-03-23,11,33,No
7402_0,7402,2024-03-12,14,25,No
7402_1,7402,2024-03-13,11,103,Yes
7402_2,7402,2024-03-14,4,56,Yes
7402_3,7402,2024-03-15,5,93,Yes
7402_4,7402,2024-03-16,1,51,No
7403_0,7403,2024-02-18,3,75,No
7404_0,7404,2024-07-06,3,85,No
7405_0,7405,2024-05-30,10,22,No
7405_1,7405,2024-05-31,8,52,Yes
7405_2,7405,2024-06-01,3,20,No
7405_3,7405,2024-06-02,14,65,Yes
7406_0,7406,2024-11-18,8,69,No
7406_1,7406,2024-11-19,14,53,No
7406_2,7406,2024-11-20,12,38,No
7407_0,7407,2024-12-03,14,4,No
7407_1,7407,2024-12-04,14,16,Yes
7408_0,7408,2024-09-14,8,9,No
7408_1,7408,2024-09-15,10,118,No
7408_2,7408,2024-09-16,8,73,No
7409_0,7409,2024-11-22,5,87,No
7409_1,7409,2024-11-23,7,40,No
7409_2,7409,2024-11-24,14,97,No
7409_3,7409,2024-11-25,10,112,No
7409_4,7409,2024-11-26,8,3,Yes
7410_0,7410,2024-02-07,4,26,No
7410_1,7410,2024-02-08,12,66,No
7410_2,7410,2024-02-09,9,19,No
7411_0,7411,2024-11-18,15,41,Yes
7411_1,7411,2024-11-19,10,96,Yes
7412_0,7412,2024-02-04,7,17,No
7412_1,7412,2024-02-05,10,85,No
7412_2,7412,2024-02-06,9,56,No
7412_3,7412,2024-02-07,2,63,No
7413_0,7413,2024-10-02,8,18,Yes
7413_1,7413,2024-10-03,5,95,No
7413_2,7413,2024-10-04,9,118,No
7414_0,7414,2024-12-24,7,26,No
7414_1,7414,2024-12-25,8,114,Yes
7414_2,7414,2024-12-26,8,107,No
7414_3,7414,2024-12-27,15,91,Yes
7414_4,7414,2024-12-28,3,109,No
7415_0,7415,2024-09-05,5,96,No
7415_1,7415,2024-09-06,8,63,No
7415_2,7415,2024-09-07,3,22,Yes
7415_3,7415,2024-09-08,13,72,Yes
7415_4,7415,2024-09-09,13,82,No
7416_0,7416,2024-11-20,13,30,No
7417_0,7417,2024-11-07,1,12,Yes
7417_1,7417,2024-11-08,14,56,Yes
7417_2,7417,2024-11-09,8,45,No
7418_0,7418,2024-10-26,2,48,Yes
7418_1,7418,2024-10-27,10,13,Yes
7418_2,7418,2024-10-28,3,68,No
7418_3,7418,2024-10-29,14,64,Yes
7418_4,7418,2024-10-30,7,102,No
7419_0,7419,2024-11-06,6,22,No
7419_1,7419,2024-11-07,3,7,No
7420_0,7420,2024-03-28,7,115,No
7421_0,7421,2024-08-13,10,92,No
7421_1,7421,2024-08-14,9,70,No
7422_0,7422,2024-10-02,10,26,No
7422_1,7422,2024-10-03,10,51,Yes
7422_2,7422,2024-10-04,3,49,No
7423_0,7423,2024-04-27,15,44,No
7423_1,7423,2024-04-28,2,2,Yes
7423_2,7423,2024-04-29,4,101,Yes
7423_3,7423,2024-04-30,4,35,No
7424_0,7424,2024-08-20,11,95,No
7424_1,7424,2024-08-21,10,32,No
7424_2,7424,2024-08-22,5,65,Yes
7424_3,7424,2024-08-23,4,101,No
7424_4,7424,2024-08-24,10,107,No
7425_0,7425,2024-09-29,3,109,Yes
7425_1,7425,2024-09-30,3,63,No
7426_0,7426,2024-05-13,7,82,No
7426_1,7426,2024-05-14,11,15,No
7426_2,7426,2024-05-15,13,14,Yes
7427_0,7427,2024-06-28,10,74,No
7427_1,7427,2024-06-29,13,3,No
7427_2,7427,2024-06-30,6,64,Yes
7427_3,7427,2024-07-01,15,90,Yes
7427_4,7427,2024-07-02,5,87,No
7428_0,7428,2024-08-05,7,69,No
7428_1,7428,2024-08-06,1,17,No
7428_2,7428,2024-08-07,12,41,Yes
7429_0,7429,2024-02-09,4,53,No
7430_0,7430,2024-12-03,12,73,No
7430_1,7430,2024-12-04,8,40,No
7430_2,7430,2024-12-05,2,116,No
7431_0,7431,2024-05-13,8,119,Yes
7431_1,7431,2024-05-14,9,53,Yes
7431_2,7431,2024-05-15,5,63,No
7432_0,7432,2024-09-13,14,102,Yes
7433_0,7433,2024-11-04,2,106,No
7433_1,7433,2024-11-05,1,98,Yes
7434_0,7434,2024-03-26,11,15,Yes
7435_0,7435,2024-08-15,13,111,No
7435_1,7435,2024-08-16,3,53,Yes
7436_0,7436,2024-06-11,7,115,No
7436_1,7436,2024-06-12,8,73,Yes
7437_0,7437,2024-10-20,4,89,Yes
7437_1,7437,2024-10-21,7,120,No
7437_2,7437,2024-10-22,14,102,No
7437_3,7437,2024-10-23,2,2,No
7437_4,7437,2024-10-24,4,92,No
7438_0,7438,2024-10-15,13,102,Yes
7438_1,7438,2024-10-16,3,47,No
7439_0,7439,2024-12-15,3,23,No
7440_0,7440,2024-10-18,7,117,Yes
7441_0,7441,2024-01-06,6,6,No
7442_0,7442,2024-04-05,15,82,No
7442_1,7442,2024-04-06,4,22,Yes
7443_0,7443,2024-02-24,10,91,No
7443_1,7443,2024-02-25,10,110,Yes
7443_2,7443,2024-02-26,8,65,No
7443_3,7443,2024-02-27,8,62,Yes
7443_4,7443,2024-02-28,7,115,No
7444_0,7444,2024-08-05,2,3,No
7444_1,7444,2024-08-06,12,40,Yes
7445_0,7445,2024-01-02,13,24,No
7445_1,7445,2024-01-03,8,86,No
7446_0,7446,2024-05-08,14,84,No
7446_1,7446,2024-05-09,4,17,No
7446_2,7446,2024-05-10,8,44,No
7446_3,7446,2024-05-11,14,98,No
7447_0,7447,2024-05-10,14,27,Yes
7448_0,7448,2024-06-10,3,37,No
7448_1,7448,2024-06-11,5,101,No
7449_0,7449,2024-11-19,7,80,No
7450_0,7450,2024-02-08,1,89,No
7450_1,7450,2024-02-09,12,87,No
7450_2,7450,2024-02-10,4,12,No
7450_3,7450,2024-02-11,8,42,No
7451_0,7451,2024-09-28,3,80,No
7451_1,7451,2024-09-29,1,106,Yes
7451_2,7451,2024-09-30,5,6,Yes
7451_3,7451,2024-10-01,4,90,No
7451_4,7451,2024-10-02,1,51,Yes
7452_0,7452,2024-09-22,12,37,Yes
7452_1,7452,2024-09-23,8,102,Yes
7453_0,7453,2024-04-07,13,104,No
7453_1,7453,2024-04-08,5,44,Yes
7453_2,7453,2024-04-09,6,48,Yes
7454_0,7454,2024-08-08,11,60,Yes
7455_0,7455,2024-09-14,15,107,Yes
7455_1,7455,2024-09-15,14,62,No
7455_2,7455,2024-09-16,12,69,No
7455_3,7455,2024-09-17,8,109,No
7456_0,7456,2024-11-10,3,65,No
7456_1,7456,2024-11-11,9,77,No
7456_2,7456,2024-11-12,5,29,No
7456_3,7456,2024-11-13,15,106,No
7457_0,7457,2024-10-15,11,51,No
7457_1,7457,2024-10-16,2,76,No
7457_2,7457,2024-10-17,13,77,Yes
7458_0,7458,2024-02-27,2,27,No
7458_1,7458,2024-02-28,1,61,Yes
7458_2,7458,2024-02-29,13,120,No
7458_3,7458,2024-03-01,14,6,No
7458_4,7458,2024-03-02,7,49,No
7459_0,7459,2024-12-12,8,75,No
7459_1,7459,2024-12-13,9,41,No
7459_2,7459,2024-12-14,9,81,No
7459_3,7459,2024-12-15,13,2,No
7459_4,7459,2024-12-16,1,1,No
7460_0,7460,2024-11-27,12,69,No
7460_1,7460,2024-11-28,3,37,Yes
7460_2,7460,2024-11-29,11,53,No
7460_3,7460,2024-11-30,15,64,No
7461_0,7461,2024-12-05,7,98,No
7462_0,7462,2024-11-19,11,32,No
7463_0,7463,2024-04-23,7,69,No
7464_0,7464,2024-12-23,12,89,No
7464_1,7464,2024-12-24,12,75,No
7464_2,7464,2024-12-25,11,104,No
7465_0,7465,2024-07-26,1,71,No
7465_1,7465,2024-07-27,7,15,Yes
7466_0,7466,2024-03-05,7,81,Yes
7466_1,7466,2024-03-06,5,69,No
7466_2,7466,2024-03-07,14,7,No
7466_3,7466,2024-03-08,8,82,No
7466_4,7466,2024-03-09,11,36,Yes
7467_0,7467,2024-09-24,3,29,Yes
7467_1,7467,2024-09-25,12,39,No
7468_0,7468,2024-01-29,15,85,No
7468_1,7468,2024-01-30,15,62,Yes
7468_2,7468,2024-01-31,10,31,No
7468_3,7468,2024-02-01,12,70,No
7468_4,7468,2024-02-02,11,42,No
7469_0,7469,2024-12-08,15,15,No
7470_0,7470,2024-02-06,13,95,No
7471_0,7471,2024-04-06,5,74,No
7471_1,7471,2024-04-07,12,71,Yes
7471_2,7471,2024-04-08,7,105,No
7471_3,7471,2024-04-09,8,116,No
7472_0,7472,2024-11-25,12,48,No
7472_1,7472,2024-11-26,9,48,No
7472_2,7472,2024-11-27,5,90,Yes
7472_3,7472,2024-11-28,13,93,No
7473_0,7473,2024-12-17,4,100,Yes
7473_1,7473,2024-12-18,11,85,No
7473_2,7473,2024-12-19,2,35,No
7474_0,7474,2024-09-07,2,54,Yes
7474_1,7474,2024-09-08,7,81,No
7475_0,7475,2024-04-06,1,75,Yes
7475_1,7475,2024-04-07,14,100,No
7475_2,7475,2024-04-08,15,5,Yes
7476_0,7476,2024-10-21,1,80,No
7476_1,7476,2024-10-22,10,15,No
7477_0,7477,2024-02-07,1,46,Yes
7477_1,7477,2024-02-08,11,70,No
7477_2,7477,2024-02-09,6,107,No
7477_3,7477,2024-02-10,14,94,No
7478_0,7478,2024-07-14,7,2,No
7478_1,7478,2024-07-15,1,97,Yes
7478_2,7478,2024-07-16,5,63,Yes
7479_0,7479,2024-01-07,2,60,No
7480_0,7480,2024-05-27,12,99,No
7480_1,7480,2024-05-28,1,4,Yes
7480_2,7480,2024-05-29,3,111,No
7480_3,7480,2024-05-30,9,103,No
7480_4,7480,2024-05-31,1,83,Yes
7481_0,7481,2024-10-22,4,29,No
7482_0,7482,2024-04-14,5,56,Yes
7482_1,7482,2024-04-15,14,78,No
7482_2,7482,2024-04-16,6,35,Yes
7482_3,7482,2024-04-17,1,24,Yes
7482_4,7482,2024-04-18,6,92,Yes
7483_0,7483,2024-08-20,9,77,No
7483_1,7483,2024-08-21,5,14,No
7484_0,7484,2024-11-30,3,114,No
7484_1,7484,2024-12-01,13,106,Yes
7484_2,7484,2024-12-02,14,46,No
7484_3,7484,2024-12-03,7,109,No
7485_0,7485,2024-02-06,13,83,Yes
7485_1,7485,2024-02-07,6,78,No
7485_2,7485,2024-02-08,12,47,No
7486_0,7486,2024-05-13,11,37,No
7486_1,7486,2024-05-14,3,44,No
7486_2,7486,2024-05-15,1,78,No
7487_0,7487,2024-03-17,3,21,No
7487_1,7487,2024-03-18,6,116,No
7487_2,7487,2024-03-19,6,86,Yes
7488_0,7488,2024-07-25,13,111,No
7488_1,7488,2024-07-26,13,93,No
7488_2,7488,2024-07-27,7,85,No
7489_0,7489,2024-02-22,2,104,No
7489_1,7489,2024-02-23,7,39,No
7489_2,7489,2024-02-24,2,23,No
7489_3,7489,2024-02-25,9,27,No
7489_4,7489,2024-02-26,14,54,No
7490_0,7490,2024-05-16,2,27,No
7490_1,7490,2024-05-17,5,18,Yes
7490_2,7490,2024-05-18,2,27,No
7490_3,7490,2024-05-19,10,95,No
7490_4,7490,2024-05-20,15,109,No
7491_0,7491,2024-04-01,6,18,Yes
7492_0,7492,2024-08-13,7,94,Yes
7493_0,7493,2024-10-09,12,59,Yes
7493_1,7493,2024-10-10,8,82,Yes
7493_2,7493,2024-10-11,14,103,No
7493_3,7493,2024-10-12,8,93,Yes
7494_0,7494,2024-02-20,7,42,No
7494_1,7494,2024-02-21,10,86,No
7494_2,7494,2024-02-22,7,61,No
7495_0,7495,2024-11-24,14,51,No
7495_1,7495,2024-11-25,6,12,Yes
7495_2,7495,2024-11-26,2,104,No
7495_3,7495,2024-11-27,6,92,No
7496_0,7496,2024-05-12,4,95,No
7497_0,7497,2024-04-08,4,108,No
7497_1,7497,2024-04-09,3,30,Yes
7497_2,7497,2024-04-10,15,120,No
7498_0,7498,2024-06-24,1,76,No
7498_1,7498,2024-06-25,3,75,Yes
7498_2,7498,2024-06-26,7,71,Yes
7499_0,7499,2024-09-23,15,93,No
7499_1,7499,2024-09-24,12,5,Yes
7499_2,7499,2024-09-25,2,31,No
7499_3,7499,2024-09-26,12,90,No
7499_4,7499,2024-09-27,12,89,Yes
7500_0,7500,2024-09-20,8,52,Yes
7500_1,7500,2024-09-21,5,93,No
7500_2,7500,2024-09-22,4,18,No
7500_3,7500,2024-09-23,6,85,No
7501_0,7501,2024-11-09,9,29,No
7501_1,7501,2024-11-10,7,86,No
7502_0,7502,2024-04-13,7,70,No
7502_1,7502,2024-04-14,14,13,Yes
7502_2,7502,2024-04-15,7,25,No
7503_0,7503,2024-05-08,3,100,No
7503_1,7503,2024-05-09,11,67,No
7504_0,7504,2024-05-21,7,119,No
7504_1,7504,2024-05-22,6,40,No
7505_0,7505,2024-12-19,14,66,No
7505_1,7505,2024-12-20,13,101,Yes
7506_0,7506,2024-11-28,14,64,No
7506_1,7506,2024-11-29,11,6,Yes
7507_0,7507,2024-11-19,10,26,No
7507_1,7507,2024-11-20,3,9,No
7507_2,7507,2024-11-21,3,95,Yes
7508_0,7508,2024-09-24,8,35,No
7508_1,7508,2024-09-25,2,64,No
7508_2,7508,2024-09-26,13,86,No
7509_0,7509,2024-09-15,14,7,Yes
7509_1,7509,2024-09-16,6,2,No
7509_2,7509,2024-09-17,4,69,Yes
7510_0,7510,2024-09-19,14,47,No
7510_1,7510,2024-09-20,11,52,Yes
7511_0,7511,2024-08-05,13,87,Yes
7511_1,7511,2024-08-06,2,30,Yes
7511_2,7511,2024-08-07,5,52,No
7511_3,7511,2024-08-08,12,38,No
7511_4,7511,2024-08-09,15,67,No
7512_0,7512,2024-01-05,7,80,No
7512_1,7512,2024-01-06,10,93,Yes
7512_2,7512,2024-01-07,7,101,No
7512_3,7512,2024-01-08,12,10,Yes
7512_4,7512,2024-01-09,8,105,Yes
7513_0,7513,2024-11-02,14,104,No
7513_1,7513,2024-11-03,12,50,No
7513_2,7513,2024-11-04,12,26,No
7514_0,7514,2024-10-13,14,15,No
7514_1,7514,2024-10-14,7,97,No
7515_0,7515,2024-03-15,2,39,No
7515_1,7515,2024-03-16,14,29,No
7515_2,7515,2024-03-17,5,88,Yes
7515_3,7515,2024-03-18,7,35,No
7516_0,7516,2024-05-12,2,53,Yes
7516_1,7516,2024-05-13,9,18,Yes
7516_2,7516,2024-05-14,9,7,Yes
7516_3,7516,2024-05-15,2,109,No
7516_4,7516,2024-05-16,4,93,No
7517_0,7517,2024-12-05,4,60,No
7518_0,7518,2024-10-01,11,64,No
7518_1,7518,2024-10-02,2,19,Yes
7518_2,7518,2024-10-03,12,38,No
7518_3,7518,2024-10-04,11,110,No
7519_0,7519,2024-06-25,15,95,No
7519_1,7519,2024-06-26,3,96,No
7520_0,7520,2024-05-07,3,14,No
7520_1,7520,2024-05-08,13,77,No
7520_2,7520,2024-05-09,5,58,No
7521_0,7521,2024-03-27,15,28,No
7522_0,7522,2024-07-26,2,44,Yes
7522_1,7522,2024-07-27,6,53,Yes
7523_0,7523,2024-02-28,2,42,No
7523_1,7523,2024-02-29,1,59,Yes
7523_2,7523,2024-03-01,10,7,Yes
7524_0,7524,2024-12-26,6,71,Yes
7524_1,7524,2024-12-27,3,82,Yes
7524_2,7524,2024-12-28,4,106,No
7524_3,7524,2024-12-29,4,4,No
7524_4,7524,2024-12-30,15,75,Yes
7525_0,7525,2024-04-13,15,110,No
7526_0,7526,2024-03-09,6,18,No
7526_1,7526,2024-03-10,4,15,Yes
7526_2,7526,2024-03-11,6,1,No
7526_3,7526,2024-03-12,10,61,Yes
7527_0,7527,2024-10-07,11,103,No
7527_1,7527,2024-10-08,10,26,No
7527_2,7527,2024-10-09,8,120,No
7527_3,7527,2024-10-10,12,26,Yes
7527_4,7527,2024-10-11,5,20,No
7528_0,7528,2024-03-09,13,25,Yes
7529_0,7529,2024-03-11,7,33,No
7530_0,7530,2024-04-25,10,61,No
7530_1,7530,2024-04-26,12,63,Yes
7530_2,7530,2024-04-27,15,3,No
7530_3,7530,2024-04-28,1,96,No
7531_0,7531,2024-05-19,13,103,No
7531_1,7531,2024-05-20,13,100,Yes
7531_2,7531,2024-05-21,8,120,No
7531_3,7531,2024-05-22,15,119,No
7531_4,7531,2024-05-23,11,91,No
7532_0,7532,2024-07-10,2,92,No
7532_1,7532,2024-07-11,6,41,No
7532_2,7532,2024-07-12,14,11,No
7533_0,7533,2024-01-11,14,7,No
7533_1,7533,2024-01-12,9,112,No
7534_0,7534,2024-02-27,7,37,No
7534_1,7534,2024-02-28,10,111,No
7534_2,7534,2024-02-29,6,13,No
7534_3,7534,2024-03-01,12,53,Yes
7534_4,7534,2024-03-02,15,39,Yes
7535_0,7535,2024-08-28,15,23,No
7535_1,7535,2024-08-29,13,116,No
7535_2,7535,2024-08-30,3,50,Yes
7535_3,7535,2024-08-31,12,64,No
7536_0,7536,2024-11-21,9,120,No
7536_1,7536,2024-11-22,13,39,No
7536_2,7536,2024-11-23,2,101,Yes
7537_0,7537,2024-10-10,3,100,Yes
7537_1,7537,2024-10-11,11,105,No
7537_2,7537,2024-10-12,9,19,Yes
7538_0,7538,2024-11-10,14,86,No
7538_1,7538,2024-11-11,2,77,Yes
7538_2,7538,2024-11-12,3,73,Yes
7539_0,7539,2024-02-10,11,26,Yes
7539_1,7539,2024-02-11,11,105,Yes
7540_0,7540,2024-05-27,6,98,No
7541_0,7541,2024-04-01,7,51,No
7541_1,7541,2024-04-02,6,40,Yes
7541_2,7541,2024-04-03,13,102,No
7541_3,7541,2024-04-04,1,107,No
7542_0,7542,2024-12-19,6,67,No
7542_1,7542,2024-12-20,6,34,Yes
7543_0,7543,2024-02-22,2,35,No
7543_1,7543,2024-02-23,9,21,No
7544_0,7544,2024-08-15,8,92,No
7545_0,7545,2024-12-12,4,8,No
7546_0,7546,2024-05-29,1,107,No
7546_1,7546,2024-05-30,8,69,No
7546_2,7546,2024-05-31,3,7,Yes
7546_3,7546,2024-06-01,14,33,No
7547_0,7547,2024-03-29,7,64,Yes
7547_1,7547,2024-03-30,13,50,Yes
7547_2,7547,2024-03-31,11,90,Yes
7547_3,7547,2024-04-01,14,115,Yes
7548_0,7548,2024-03-04,12,68,No
7548_1,7548,2024-03-05,15,89,No
7548_2,7548,2024-03-06,15,59,No
7549_0,7549,2024-07-21,7,84,Yes
7549_1,7549,2024-07-22,4,72,No
7549_2,7549,2024-07-23,3,30,No
7549_3,7549,2024-07-24,4,118,Yes
7550_0,7550,2024-07-27,6,76,Yes
7551_0,7551,2024-05-23,14,113,No
7551_1,7551,2024-05-24,6,87,No
7552_0,7552,2024-08-31,3,22,No
7553_0,7553,2024-06-19,7,98,No
7553_1,7553,2024-06-20,10,27,Yes
7553_2,7553,2024-06-21,11,112,No
7554_0,7554,2024-03-25,12,61,No
7554_1,7554,2024-03-26,9,110,No
7554_2,7554,2024-03-27,12,17,Yes
7554_3,7554,2024-03-28,8,80,No
7554_4,7554,2024-03-29,5,7,No
7555_0,7555,2024-04-12,12,40,No
7555_1,7555,2024-04-13,11,89,No
7555_2,7555,2024-04-14,10,76,No
7556_0,7556,2024-09-29,11,46,No
7556_1,7556,2024-09-30,12,59,No
7556_2,7556,2024-10-01,5,102,No
7556_3,7556,2024-10-02,13,12,No
7556_4,7556,2024-10-03,10,51,No
7557_0,7557,2024-08-27,3,43,No
7557_1,7557,2024-08-28,13,56,No
7558_0,7558,2024-03-02,12,117,No
7558_1,7558,2024-03-03,1,106,No
7558_2,7558,2024-03-04,6,42,No
7559_0,7559,2024-01-14,9,114,Yes
7559_1,7559,2024-01-15,1,73,Yes
7559_2,7559,2024-01-16,8,29,No
7560_0,7560,2024-11-30,7,69,No
7560_1,7560,2024-12-01,12,116,No
7560_2,7560,2024-12-02,7,17,No
7560_3,7560,2024-12-03,5,25,No
7560_4,7560,2024-12-04,13,66,No
7561_0,7561,2024-07-04,11,86,No
7562_0,7562,2024-02-28,1,18,No
7562_1,7562,2024-02-29,11,12,No
7563_0,7563,2024-10-13,14,101,No
7564_0,7564,2024-03-04,7,16,No
7565_0,7565,2024-05-07,9,28,No
7566_0,7566,2024-06-26,6,1,No
7567_0,7567,2024-01-18,6,17,Yes
7568_0,7568,2024-10-22,11,102,No
7568_1,7568,2024-10-23,12,31,No
7569_0,7569,2024-12-22,15,71,Yes
7569_1,7569,2024-12-23,15,111,Yes
7569_2,7569,2024-12-24,5,63,No
7570_0,7570,2024-11-07,10,59,No
7570_1,7570,2024-11-08,10,9,Yes
7571_0,7571,2024-11-01,3,1,No
7571_1,7571,2024-11-02,6,82,No
7571_2,7571,2024-11-03,2,112,Yes
7572_0,7572,2024-05-10,3,49,No
7572_1,7572,2024-05-11,13,36,No
7572_2,7572,2024-05-12,13,59,Yes
7572_3,7572,2024-05-13,11,88,Yes
7572_4,7572,2024-05-14,6,37,No
7573_0,7573,2024-03-10,11,5,No
7573_1,7573,2024-03-11,6,21,No
7573_2,7573,2024-03-12,5,31,Yes
7573_3,7573,2024-03-13,11,13,No
7574_0,7574,2024-05-04,10,103,Yes
7574_1,7574,2024-05-05,14,67,No
7574_2,7574,2024-05-06,3,80,No
7574_3,7574,2024-05-07,4,105,No
7575_0,7575,2024-05-01,2,1,No
7576_0,7576,2024-02-23,7,106,No
7577_0,7577,2024-11-20,13,56,No
7577_1,7577,2024-11-21,1,101,No
7577_2,7577,2024-11-22,14,84,No
7578_0,7578,2024-11-29,6,57,Yes
7578_1,7578,2024-11-30,1,117,No
7578_2,7578,2024-12-01,9,82,No
7579_0,7579,2024-06-18,3,88,No
7579_1,7579,2024-06-19,6,107,No
7579_2,7579,2024-06-20,10,88,Yes
7579_3,7579,2024-06-21,2,5,No
7579_4,7579,2024-06-22,2,95,Yes
7580_0,7580,2024-02-13,9,111,Yes
7581_0,7581,2024-10-22,7,26,No
7581_1,7581,2024-10-23,13,34,Yes
7581_2,7581,2024-10-24,1,19,No
7581_3,7581,2024-10-25,11,55,No
7581_4,7581,2024-10-26,12,12,No
7582_0,7582,2024-09-09,1,76,No
7582_1,7582,2024-09-10,5,70,No
7582_2,7582,2024-09-11,4,73,No
7582_3,7582,2024-09-12,2,100,Yes
7582_4,7582,2024-09-13,4,111,No
7583_0,7583,2024-08-16,8,57,No
7583_1,7583,2024-08-17,10,33,No
7583_2,7583,2024-08-18,2,73,No
7583_3,7583,2024-08-19,11,41,No
7583_4,7583,2024-08-20,7,60,No
7584_0,7584,2024-02-10,5,1,No
7584_1,7584,2024-02-11,1,78,No
7584_2,7584,2024-02-12,8,97,No
7584_3,7584,2024-02-13,6,1,Yes
7585_0,7585,2024-09-30,12,60,Yes
7586_0,7586,2024-07-22,5,53,No
7586_1,7586,2024-07-23,12,93,No
7586_2,7586,2024-07-24,4,80,Yes
7586_3,7586,2024-07-25,13,22,No
7587_0,7587,2024-11-21,5,93,No
7587_1,7587,2024-11-22,15,83,No
7587_2,7587,2024-11-23,4,80,No
7587_3,7587,2024-11-24,5,19,No
7587_4,7587,2024-11-25,11,74,No
7588_0,7588,2024-04-08,9,88,No
7588_1,7588,2024-04-09,8,37,Yes
7588_2,7588,2024-04-10,10,93,No
7589_0,7589,2024-06-26,4,100,Yes
7589_1,7589,2024-06-27,9,43,No
7589_2,7589,2024-06-28,13,103,Yes
7589_3,7589,2024-06-29,3,32,No
7589_4,7589,2024-06-30,1,39,No
7590_0,7590,2024-02-18,9,50,No
7591_0,7591,2024-10-16,2,35,No
7591_1,7591,2024-10-17,9,37,No
7591_2,7591,2024-10-18,7,109,No
7592_0,7592,2024-11-02,12,60,No
7592_1,7592,2024-11-03,5,100,No
7592_2,7592,2024-11-04,7,50,No
7592_3,7592,2024-11-05,8,81,No
7592_4,7592,2024-11-06,5,108,No
7593_0,7593,2024-03-16,5,41,No
7593_1,7593,2024-03-17,10,14,No
7593_2,7593,2024-03-18,3,11,Yes
7593_3,7593,2024-03-19,9,61,No
7593_4,7593,2024-03-20,4,54,No
7594_0,7594,2024-12-02,15,97,No
7594_1,7594,2024-12-03,13,70,No
7594_2,7594,2024-12-04,12,6,No
7595_0,7595,2024-04-08,10,27,No
7595_1,7595,2024-04-09,7,20,No
7596_0,7596,2024-12-12,7,45,No
7596_1,7596,2024-12-13,1,36,No
7596_2,7596,2024-12-14,11,117,Yes
7596_3,7596,2024-12-15,13,74,No
7597_0,7597,2024-05-02,15,114,Yes
7597_1,7597,2024-05-03,5,98,No
7597_2,7597,2024-05-04,9,20,No
7598_0,7598,2024-09-04,5,100,No
7598_1,7598,2024-09-05,14,3,No
7599_0,7599,2024-07-29,10,2,No
7599_1,7599,2024-07-30,8,2,No
7599_2,7599,2024-07-31,2,79,No
7599_3,7599,2024-08-01,8,29,No
7600_0,7600,2024-08-31,5,33,No
7601_0,7601,2024-10-13,14,92,Yes
7601_1,7601,2024-10-14,1,55,No
7602_0,7602,2024-03-26,15,108,No
7602_1,7602,2024-03-27,15,37,Yes
7602_2,7602,2024-03-28,7,85,Yes
7603_0,7603,2024-08-19,8,113,No
7604_0,7604,2024-11-08,3,38,No
7604_1,7604,2024-11-09,11,102,No
7605_0,7605,2024-01-26,12,27,Yes
7606_0,7606,2024-10-13,7,37,No
7606_1,7606,2024-10-14,4,86,Yes
7606_2,7606,2024-10-15,10,115,No
7607_0,7607,2024-02-20,5,20,No
7607_1,7607,2024-02-21,12,44,Yes
7607_2,7607,2024-02-22,4,40,Yes
7607_3,7607,2024-02-23,13,32,Yes
7607_4,7607,2024-02-24,5,30,Yes
7608_0,7608,2024-04-05,7,103,Yes
7608_1,7608,2024-04-06,14,93,No
7609_0,7609,2024-09-21,14,76,No
7609_1,7609,2024-09-22,4,91,No
7610_0,7610,2024-06-24,8,92,No
7610_1,7610,2024-06-25,14,44,No
7610_2,7610,2024-06-26,4,26,No
7610_3,7610,2024-06-27,14,30,Yes
7610_4,7610,2024-06-28,2,49,No
7611_0,7611,2024-04-24,12,21,No
7611_1,7611,2024-04-25,6,35,No
7611_2,7611,2024-04-26,10,38,No
7612_0,7612,2024-12-03,14,87,No
7612_1,7612,2024-12-04,15,15,No
7612_2,7612,2024-12-05,15,8,No
7612_3,7612,2024-12-06,14,23,No
7613_0,7613,2024-04-25,14,88,No
7613_1,7613,2024-04-26,15,67,No
7613_2,7613,2024-04-27,10,2,No
7613_3,7613,2024-04-28,4,66,Yes
7613_4,7613,2024-04-29,13,117,No
7614_0,7614,2024-09-07,10,109,No
7615_0,7615,2024-08-10,6,34,No
7615_1,7615,2024-08-11,2,64,Yes
7616_0,7616,2024-05-21,8,85,No
7616_1,7616,2024-05-22,14,79,No
7616_2,7616,2024-05-23,12,64,Yes
7616_3,7616,2024-05-24,13,19,Yes
7617_0,7617,2024-01-06,10,85,Yes
7617_1,7617,2024-01-07,14,97,Yes
7617_2,7617,2024-01-08,11,20,No
7617_3,7617,2024-01-09,13,63,No
7618_0,7618,2024-08-19,6,103,No
7618_1,7618,2024-08-20,7,48,No
7618_2,7618,2024-08-21,10,34,No
7618_3,7618,2024-08-22,7,97,No
7618_4,7618,2024-08-23,12,74,Yes
7619_0,7619,2024-08-11,5,12,No
7619_1,7619,2024-08-12,7,107,No
7619_2,7619,2024-08-13,2,23,Yes
7619_3,7619,2024-08-14,4,95,No
7620_0,7620,2024-01-08,11,67,No
7620_1,7620,2024-01-09,9,63,No
7620_2,7620,2024-01-10,2,20,No
7620_3,7620,2024-01-11,15,48,Yes
7620_4,7620,2024-01-12,3,32,No
7621_0,7621,2024-08-14,11,97,No
7621_1,7621,2024-08-15,5,116,Yes
7621_2,7621,2024-08-16,13,20,Yes
7621_3,7621,2024-08-17,5,19,No
7622_0,7622,2024-09-04,13,36,Yes
7622_1,7622,2024-09-05,6,109,No
7622_2,7622,2024-09-06,9,111,No
7622_3,7622,2024-09-07,11,99,No
7622_4,7622,2024-09-08,9,12,Yes
7623_0,7623,2024-07-17,2,55,No
7623_1,7623,2024-07-18,6,69,Yes
7623_2,7623,2024-07-19,14,30,Yes
7624_0,7624,2024-11-19,14,41,No
7624_1,7624,2024-11-20,8,29,No
7624_2,7624,2024-11-21,3,68,No
7624_3,7624,2024-11-22,10,105,Yes
7624_4,7624,2024-11-23,9,30,No
7625_0,7625,2024-03-19,3,83,No
7626_0,7626,2024-05-16,6,119,Yes
7626_1,7626,2024-05-17,7,103,Yes
7627_0,7627,2024-11-16,10,12,No
7628_0,7628,2024-07-05,6,114,No
7628_1,7628,2024-07-06,5,116,No
7629_0,7629,2024-07-11,1,98,No
7629_1,7629,2024-07-12,14,19,No
7629_2,7629,2024-07-13,14,68,No
7629_3,7629,2024-07-14,4,54,Yes
7629_4,7629,2024-07-15,10,104,No
7630_0,7630,2024-02-05,11,1,No
7630_1,7630,2024-02-06,8,56,No
7631_0,7631,2024-04-25,4,96,Yes
7631_1,7631,2024-04-26,15,62,No
7631_2,7631,2024-04-27,2,119,Yes
7631_3,7631,2024-04-28,7,48,No
7631_4,7631,2024-04-29,4,76,Yes
7632_0,7632,2024-11-19,2,49,No
7632_1,7632,2024-11-20,5,66,No
7633_0,7633,2024-06-17,12,83,Yes
7633_1,7633,2024-06-18,6,112,No
7633_2,7633,2024-06-19,8,99,No
7633_3,7633,2024-06-20,5,32,No
7633_4,7633,2024-06-21,5,66,No
7634_0,7634,2024-07-25,10,83,No
7634_1,7634,2024-07-26,3,87,Yes
7635_0,7635,2024-05-09,1,6,No
7635_1,7635,2024-05-10,2,86,Yes
7635_2,7635,2024-05-11,2,70,Yes
7635_3,7635,2024-05-12,4,73,No
7635_4,7635,2024-05-13,14,36,No
7636_0,7636,2024-07-16,9,44,Yes
7636_1,7636,2024-07-17,15,94,No
7637_0,7637,2024-12-06,10,61,Yes
7637_1,7637,2024-12-07,4,99,Yes
7637_2,7637,2024-12-08,10,92,No
7638_0,7638,2024-12-10,14,11,Yes
7638_1,7638,2024-12-11,14,7,No
7638_2,7638,2024-12-12,7,5,Yes
7639_0,7639,2024-02-11,13,54,No
7640_0,7640,2024-07-24,10,31,No
7640_1,7640,2024-07-25,5,12,No
7641_0,7641,2024-07-29,5,53,Yes
7641_1,7641,2024-07-30,12,114,Yes
7641_2,7641,2024-07-31,11,72,No
7641_3,7641,2024-08-01,6,44,No
7642_0,7642,2024-04-28,4,58,No
7642_1,7642,2024-04-29,14,58,No
7642_2,7642,2024-04-30,3,58,Yes
7642_3,7642,2024-05-01,7,116,Yes
7643_0,7643,2024-04-05,5,47,Yes
7643_1,7643,2024-04-06,3,94,No
7643_2,7643,2024-04-07,10,41,Yes
7643_3,7643,2024-04-08,3,33,Yes
7644_0,7644,2024-09-19,9,113,No
7644_1,7644,2024-09-20,3,103,No
7644_2,7644,2024-09-21,5,17,Yes
7645_0,7645,2024-08-10,13,93,No
7645_1,7645,2024-08-11,7,86,No
7645_2,7645,2024-08-12,2,100,Yes
7646_0,7646,2024-10-17,15,64,No
7646_1,7646,2024-10-18,11,63,No
7646_2,7646,2024-10-19,13,45,Yes
7646_3,7646,2024-10-20,11,26,No
7647_0,7647,2024-01-29,11,45,No
7647_1,7647,2024-01-30,14,105,No
7648_0,7648,2024-03-28,9,19,No
7648_1,7648,2024-03-29,7,48,No
7648_2,7648,2024-03-30,10,40,No
7648_3,7648,2024-03-31,12,35,No
7648_4,7648,2024-04-01,10,7,No
7649_0,7649,2024-12-23,1,81,No
7650_0,7650,2024-09-25,15,69,Yes
7650_1,7650,2024-09-26,8,79,No
7651_0,7651,2024-12-26,15,19,No
7652_0,7652,2024-10-28,7,11,Yes
7652_1,7652,2024-10-29,8,118,No
7652_2,7652,2024-10-30,12,57,No
7653_0,7653,2024-07-27,13,65,No
7653_1,7653,2024-07-28,2,66,Yes
7653_2,7653,2024-07-29,13,21,Yes
7653_3,7653,2024-07-30,8,64,No
7654_0,7654,2024-09-12,4,28,Yes
7654_1,7654,2024-09-13,10,53,Yes
7654_2,7654,2024-09-14,10,107,Yes
7655_0,7655,2024-03-15,3,75,Yes
7655_1,7655,2024-03-16,2,86,No
7655_2,7655,2024-03-17,2,104,Yes
7655_3,7655,2024-03-18,4,45,No
7656_0,7656,2024-09-14,6,28,No
7657_0,7657,2024-01-18,14,55,Yes
7657_1,7657,2024-01-19,8,74,No
7658_0,7658,2024-04-21,10,115,No
7658_1,7658,2024-04-22,12,17,No
7658_2,7658,2024-04-23,9,21,No
7659_0,7659,2024-05-13,10,113,Yes
7660_0,7660,2024-02-16,7,99,No
7660_1,7660,2024-02-17,8,16,No
7660_2,7660,2024-02-18,9,46,No
7661_0,7661,2024-10-13,2,10,No
7661_1,7661,2024-10-14,11,96,No
7661_2,7661,2024-10-15,5,105,No
7662_0,7662,2024-08-11,14,67,No
7662_1,7662,2024-08-12,10,107,No
7662_2,7662,2024-08-13,11,26,Yes
7663_0,7663,2024-03-08,13,107,Yes
7663_1,7663,2024-03-09,2,77,Yes
7663_2,7663,2024-03-10,6,66,Yes
7663_3,7663,2024-03-11,13,64,No
7663_4,7663,2024-03-12,12,67,No
7664_0,7664,2024-06-23,12,42,Yes
7664_1,7664,2024-06-24,6,87,No
7664_2,7664,2024-06-25,9,119,Yes
7664_3,7664,2024-06-26,8,55,Yes
7665_0,7665,2024-02-08,6,112,No
7665_1,7665,2024-02-09,7,94,No
7665_2,7665,2024-02-10,8,95,No
7665_3,7665,2024-02-11,10,28,No
7665_4,7665,2024-02-12,2,86,No
7666_0,7666,2024-02-26,2,60,Yes
7666_1,7666,2024-02-27,4,116,No
7666_2,7666,2024-02-28,5,98,No
7666_3,7666,2024-02-29,7,39,No
7667_0,7667,2024-09-25,8,98,No
7667_1,7667,2024-09-26,7,106,Yes
7667_2,7667,2024-09-27,15,93,No
7667_3,7667,2024-09-28,7,67,No
7667_4,7667,2024-09-29,1,97,Yes
7668_0,7668,2024-01-21,8,43,No
7668_1,7668,2024-01-22,5,117,No
7668_2,7668,2024-01-23,13,91,Yes
7668_3,7668,2024-01-24,13,60,No
7669_0,7669,2024-07-23,8,73,No
7670_0,7670,2024-11-03,1,81,No
7670_1,7670,2024-11-04,4,75,Yes
7671_0,7671,2024-11-10,6,21,No
7672_0,7672,2024-08-09,6,53,Yes
7673_0,7673,2024-12-21,10,94,Yes
7673_1,7673,2024-12-22,10,111,No
7673_2,7673,2024-12-23,12,107,Yes
7673_3,7673,2024-12-24,9,34,Yes
7674_0,7674,2024-01-25,8,26,No
7674_1,7674,2024-01-26,3,21,No
7675_0,7675,2024-11-22,14,26,No
7675_1,7675,2024-11-23,13,5,No
7675_2,7675,2024-11-24,15,59,No
7676_0,7676,2024-09-04,13,48,Yes
7677_0,7677,2024-02-24,8,45,Yes
7677_1,7677,2024-02-25,8,115,No
7677_2,7677,2024-02-26,4,32,No
7677_3,7677,2024-02-27,10,14,No
7677_4,7677,2024-02-28,8,62,No
7678_0,7678,2024-11-18,13,36,No
7678_1,7678,2024-11-19,7,66,No
7678_2,7678,2024-11-20,5,35,No
7678_3,7678,2024-11-21,5,31,No
7678_4,7678,2024-11-22,4,88,No
7679_0,7679,2024-06-22,7,48,No
7679_1,7679,2024-06-23,8,75,No
7680_0,7680,2024-04-23,4,113,No
7681_0,7681,2024-07-01,12,11,No
7681_1,7681,2024-07-02,8,55,Yes
7681_2,7681,2024-07-03,2,112,No
7682_0,7682,2024-03-25,4,67,No
7682_1,7682,2024-03-26,1,32,No
7682_2,7682,2024-03-27,12,52,No
7682_3,7682,2024-03-28,3,26,No
7682_4,7682,2024-03-29,5,6,No
7683_0,7683,2024-02-08,9,27,No
7683_1,7683,2024-02-09,10,8,No
7683_2,7683,2024-02-10,13,46,No
7683_3,7683,2024-02-11,9,105,Yes
7684_0,7684,2024-01-25,10,39,No
7684_1,7684,2024-01-26,3,45,Yes
7685_0,7685,2024-04-18,15,63,No
7685_1,7685,2024-04-19,1,42,Yes
7686_0,7686,2024-05-07,5,104,Yes
7686_1,7686,2024-05-08,14,14,No
7687_0,7687,2024-10-11,4,33,No
7687_1,7687,2024-10-12,13,47,No
7687_2,7687,2024-10-13,15,39,Yes
7687_3,7687,2024-10-14,7,46,No
7687_4,7687,2024-10-15,13,72,No
7688_0,7688,2024-03-29,10,32,No
7688_1,7688,2024-03-30,11,116,No
7689_0,7689,2024-07-03,2,96,No
7689_1,7689,2024-07-04,14,105,No
7689_2,7689,2024-07-05,3,42,No
7689_3,7689,2024-07-06,11,98,Yes
7690_0,7690,2024-12-26,3,81,No
7690_1,7690,2024-12-27,12,72,Yes
7690_2,7690,2024-12-28,7,112,No
7691_0,7691,2024-01-17,13,19,No
7691_1,7691,2024-01-18,10,30,No
7692_0,7692,2024-07-17,9,80,No
7693_0,7693,2024-10-23,1,117,Yes
7693_1,7693,2024-10-24,7,12,No
7694_0,7694,2024-07-19,6,34,No
7694_1,7694,2024-07-20,9,32,Yes
7694_2,7694,2024-07-21,13,57,No
7694_3,7694,2024-07-22,6,36,No
7694_4,7694,2024-07-23,3,29,Yes
7695_0,7695,2024-12-01,4,110,No
7695_1,7695,2024-12-02,2,82,No
7695_2,7695,2024-12-03,13,61,No
7696_0,7696,2024-10-14,4,30,Yes
7697_0,7697,2024-11-18,8,15,No
7697_1,7697,2024-11-19,9,101,No
7697_2,7697,2024-11-20,12,74,No
7697_3,7697,2024-11-21,10,93,No
7697_4,7697,2024-11-22,13,76,Yes
7698_0,7698,2024-09-27,15,36,No
7699_0,7699,2024-12-01,15,44,No
7699_1,7699,2024-12-02,13,27,No
7699_2,7699,2024-12-03,2,55,No
7699_3,7699,2024-12-04,5,115,No
7699_4,7699,2024-12-05,12,28,No
7700_0,7700,2024-01-18,1,70,No
7700_1,7700,2024-01-19,15,113,No
7700_2,7700,2024-01-20,4,2,Yes
7700_3,7700,2024-01-21,12,54,No
7701_0,7701,2024-03-02,2,89,No
7701_1,7701,2024-03-03,2,120,Yes
7701_2,7701,2024-03-04,2,93,Yes
7702_0,7702,2024-01-25,14,59,No
7702_1,7702,2024-01-26,5,81,Yes
7703_0,7703,2024-03-09,6,110,No
7703_1,7703,2024-03-10,9,38,Yes
7703_2,7703,2024-03-11,8,41,Yes
7704_0,7704,2024-07-30,13,33,No
7704_1,7704,2024-07-31,10,8,No
7704_2,7704,2024-08-01,5,74,Yes
7704_3,7704,2024-08-02,5,64,Yes
7704_4,7704,2024-08-03,11,22,Yes
7705_0,7705,2024-07-03,6,112,No
7705_1,7705,2024-07-04,4,81,Yes
7705_2,7705,2024-07-05,4,77,Yes
7705_3,7705,2024-07-06,5,102,No
7706_0,7706,2024-07-27,7,29,Yes
7706_1,7706,2024-07-28,1,39,No
7706_2,7706,2024-07-29,9,53,No
7707_0,7707,2024-08-04,5,15,No
7707_1,7707,2024-08-05,4,16,No
7707_2,7707,2024-08-06,10,118,Yes
7708_0,7708,2024-05-17,1,97,Yes
7708_1,7708,2024-05-18,13,21,No
7708_2,7708,2024-05-19,8,68,No
7708_3,7708,2024-05-20,9,19,No
7709_0,7709,2024-04-18,13,41,No
7709_1,7709,2024-04-19,10,37,Yes
7709_2,7709,2024-04-20,10,20,Yes
7709_3,7709,2024-04-21,11,111,Yes
7709_4,7709,2024-04-22,5,55,No
7710_0,7710,2024-12-02,15,118,No
7711_0,7711,2024-07-22,8,49,No
7711_1,7711,2024-07-23,7,33,No
7711_2,7711,2024-07-24,9,15,No
7712_0,7712,2024-03-25,11,3,No
7712_1,7712,2024-03-26,15,117,No
7712_2,7712,2024-03-27,2,3,No
7712_3,7712,2024-03-28,15,98,Yes
7712_4,7712,2024-03-29,2,24,No
7713_0,7713,2024-02-27,7,16,No
7713_1,7713,2024-02-28,5,41,No
7714_0,7714,2024-04-21,15,100,No
7714_1,7714,2024-04-22,1,72,Yes
7715_0,7715,2024-04-26,5,10,Yes
7716_0,7716,2024-03-04,5,43,No
7716_1,7716,2024-03-05,5,36,No
7716_2,7716,2024-03-06,12,27,No
7716_3,7716,2024-03-07,4,100,No
7717_0,7717,2024-03-30,5,117,No
7717_1,7717,2024-03-31,7,80,Yes
7717_2,7717,2024-04-01,4,114,Yes
7717_3,7717,2024-04-02,11,47,Yes
7718_0,7718,2024-03-18,6,35,No
7718_1,7718,2024-03-19,13,20,No
7718_2,7718,2024-03-20,3,109,No
7719_0,7719,2024-10-22,8,56,Yes
7719_1,7719,2024-10-23,1,17,No
7719_2,7719,2024-10-24,3,23,Yes
7719_3,7719,2024-10-25,7,99,No
7719_4,7719,2024-10-26,8,97,No
7720_0,7720,2024-03-03,11,28,No
7721_0,7721,2024-09-20,13,55,No
7721_1,7721,2024-09-21,15,9,No
7721_2,7721,2024-09-22,6,53,No
7722_0,7722,2024-09-17,14,85,No
7722_1,7722,2024-09-18,5,20,Yes
7722_2,7722,2024-09-19,13,5,No
7722_3,7722,2024-09-20,4,63,Yes
7723_0,7723,2024-09-09,9,88,No
7723_1,7723,2024-09-10,2,106,No
7723_2,7723,2024-09-11,10,116,No
7723_3,7723,2024-09-12,10,18,Yes
7724_0,7724,2024-01-07,11,107,No
7724_1,7724,2024-01-08,4,52,No
7725_0,7725,2024-11-16,8,51,No
7726_0,7726,2024-09-06,5,16,No
7726_1,7726,2024-09-07,10,113,No
7726_2,7726,2024-09-08,12,110,No
7726_3,7726,2024-09-09,1,15,No
7726_4,7726,2024-09-10,12,79,No
7727_0,7727,2024-07-26,11,73,Yes
7728_0,7728,2024-05-06,12,23,No
7728_1,7728,2024-05-07,1,120,No
7728_2,7728,2024-05-08,14,30,Yes
7728_3,7728,2024-05-09,3,103,No
7728_4,7728,2024-05-10,10,28,No
7729_0,7729,2024-11-09,7,69,No
7729_1,7729,2024-11-10,1,27,No
7729_2,7729,2024-11-11,14,77,No
7730_0,7730,2024-01-01,9,31,Yes
7730_1,7730,2024-01-02,10,112,Yes
7731_0,7731,2024-05-28,1,42,No
7731_1,7731,2024-05-29,12,91,No
7731_2,7731,2024-05-30,7,106,No
7731_3,7731,2024-05-31,6,7,No
7731_4,7731,2024-06-01,7,52,No
7732_0,7732,2024-07-31,10,46,No
7732_1,7732,2024-08-01,13,69,Yes
7732_2,7732,2024-08-02,2,96,No
7733_0,7733,2024-11-30,13,69,No
7734_0,7734,2024-10-19,9,43,No
7734_1,7734,2024-10-20,2,119,No
7735_0,7735,2024-03-27,9,35,No
7736_0,7736,2024-12-10,2,82,No
7736_1,7736,2024-12-11,7,24,Yes
7737_0,7737,2024-06-17,4,73,Yes
7737_1,7737,2024-06-18,13,88,No
7738_0,7738,2024-12-22,8,62,No
7739_0,7739,2024-08-24,12,108,No
7739_1,7739,2024-08-25,4,38,No
7740_0,7740,2024-08-22,3,97,Yes
7740_1,7740,2024-08-23,11,74,No
7740_2,7740,2024-08-24,7,70,Yes
7740_3,7740,2024-08-25,12,105,No
7740_4,7740,2024-08-26,13,46,No
7741_0,7741,2024-03-02,9,76,No
7741_1,7741,2024-03-03,7,51,Yes
7741_2,7741,2024-03-04,6,43,No
7741_3,7741,2024-03-05,3,38,No
7742_0,7742,2024-06-10,8,53,Yes
7743_0,7743,2024-09-14,5,33,No
7743_1,7743,2024-09-15,15,10,Yes
7743_2,7743,2024-09-16,3,54,No
7743_3,7743,2024-09-17,7,76,No
7744_0,7744,2024-09-15,6,43,No
7744_1,7744,2024-09-16,10,48,No
7744_2,7744,2024-09-17,7,41,No
7744_3,7744,2024-09-18,8,14,No
7745_0,7745,2024-05-12,3,15,No
7745_1,7745,2024-05-13,14,89,No
7746_0,7746,2024-04-23,2,68,No
7746_1,7746,2024-04-24,13,83,No
7747_0,7747,2024-02-21,2,108,No
7747_1,7747,2024-02-22,9,46,Yes
7747_2,7747,2024-02-23,10,86,No
7747_3,7747,2024-02-24,4,10,Yes
7748_0,7748,2024-03-21,1,117,No
7748_1,7748,2024-03-22,4,44,No
7749_0,7749,2024-06-30,8,30,No
7750_0,7750,2024-10-26,12,112,No
7750_1,7750,2024-10-27,5,33,No
7750_2,7750,2024-10-28,9,89,No
7750_3,7750,2024-10-29,10,64,No
7750_4,7750,2024-10-30,7,15,No
7751_0,7751,2024-06-17,15,108,No
7751_1,7751,2024-06-18,5,15,Yes
7751_2,7751,2024-06-19,8,56,Yes
7751_3,7751,2024-06-20,4,56,No
7752_0,7752,2024-10-20,4,3,No
7753_0,7753,2024-08-12,11,14,No
7753_1,7753,2024-08-13,1,67,No
7753_2,7753,2024-08-14,1,3,No
7753_3,7753,2024-08-15,13,91,No
7753_4,7753,2024-08-16,14,26,No
7754_0,7754,2024-01-17,1,65,No
7754_1,7754,2024-01-18,7,97,Yes
7754_2,7754,2024-01-19,4,45,No
7755_0,7755,2024-07-10,12,59,No
7755_1,7755,2024-07-11,6,86,Yes
7755_2,7755,2024-07-12,9,60,No
7755_3,7755,2024-07-13,8,35,No
7756_0,7756,2024-02-07,6,89,No
7756_1,7756,2024-02-08,2,28,Yes
7756_2,7756,2024-02-09,1,116,No
7756_3,7756,2024-02-10,9,70,No
7757_0,7757,2024-06-05,10,74,No
7757_1,7757,2024-06-06,13,70,No
7757_2,7757,2024-06-07,15,36,No
7758_0,7758,2024-05-03,5,59,No
7758_1,7758,2024-05-04,4,83,Yes
7758_2,7758,2024-05-05,6,74,Yes
7758_3,7758,2024-05-06,14,77,No
7759_0,7759,2024-01-14,11,21,No
7759_1,7759,2024-01-15,10,48,No
7759_2,7759,2024-01-16,7,25,No
7759_3,7759,2024-01-17,3,88,No
7759_4,7759,2024-01-18,11,4,Yes
7760_0,7760,2024-03-29,1,100,Yes
7760_1,7760,2024-03-30,3,69,Yes
7760_2,7760,2024-03-31,3,7,No
7761_0,7761,2024-11-25,7,117,No
7761_1,7761,2024-11-26,6,83,No
7761_2,7761,2024-11-27,9,15,No
7762_0,7762,2024-07-25,13,41,Yes
7762_1,7762,2024-07-26,4,42,No
7762_2,7762,2024-07-27,9,37,No
7763_0,7763,2024-04-17,8,60,No
7763_1,7763,2024-04-18,4,18,No
7764_0,7764,2024-03-09,11,103,Yes
7765_0,7765,2024-05-09,9,65,Yes
7765_1,7765,2024-05-10,11,26,No
7765_2,7765,2024-05-11,3,58,No
7766_0,7766,2024-10-01,6,87,No
7766_1,7766,2024-10-02,4,108,No
7767_0,7767,2024-05-19,2,76,Yes
7767_1,7767,2024-05-20,14,2,No
7767_2,7767,2024-05-21,14,66,No
7767_3,7767,2024-05-22,15,90,No
7767_4,7767,2024-05-23,14,79,Yes
7768_0,7768,2024-11-25,12,99,Yes
7769_0,7769,2024-02-25,8,82,No
7769_1,7769,2024-02-26,13,109,No
7769_2,7769,2024-02-27,4,21,No
7769_3,7769,2024-02-28,2,99,No
7769_4,7769,2024-02-29,6,93,No
7770_0,7770,2024-12-19,1,83,No
7770_1,7770,2024-12-20,3,76,Yes
7770_2,7770,2024-12-21,4,60,No
7770_3,7770,2024-12-22,9,18,Yes
7770_4,7770,2024-12-23,13,22,No
7771_0,7771,2024-04-03,15,75,No
7771_1,7771,2024-04-04,13,40,Yes
7771_2,7771,2024-04-05,8,102,No
7771_3,7771,2024-04-06,11,67,Yes
7771_4,7771,2024-04-07,7,82,No
7772_0,7772,2024-05-06,2,2,Yes
7772_1,7772,2024-05-07,12,19,No
7772_2,7772,2024-05-08,3,7,No
7772_3,7772,2024-05-09,8,2,Yes
7772_4,7772,2024-05-10,14,107,No
7773_0,7773,2024-12-24,7,38,No
7773_1,7773,2024-12-25,9,120,No
7773_2,7773,2024-12-26,13,11,No
7773_3,7773,2024-12-27,3,70,No
7774_0,7774,2024-12-06,8,81,Yes
7774_1,7774,2024-12-07,9,68,No
7774_2,7774,2024-12-08,6,64,Yes
7774_3,7774,2024-12-09,13,81,No
7775_0,7775,2024-12-03,12,56,No
7775_1,7775,2024-12-04,8,47,Yes
7776_0,7776,2024-02-26,4,15,No
7776_1,7776,2024-02-27,3,17,No
7776_2,7776,2024-02-28,13,20,Yes
7776_3,7776,2024-02-29,14,26,No
7776_4,7776,2024-03-01,4,40,Yes
7777_0,7777,2024-10-25,9,113,No
7778_0,7778,2024-11-15,9,60,No
7778_1,7778,2024-11-16,3,81,Yes
7778_2,7778,2024-11-17,12,75,No
7778_3,7778,2024-11-18,6,54,No
7779_0,7779,2024-01-01,6,58,No
7779_1,7779,2024-01-02,13,36,No
7779_2,7779,2024-01-03,2,6,No
7779_3,7779,2024-01-04,8,73,No
7780_0,7780,2024-05-03,2,36,Yes
7780_1,7780,2024-05-04,15,65,Yes
7780_2,7780,2024-05-05,9,83,Yes
7780_3,7780,2024-05-06,8,95,No
7780_4,7780,2024-05-07,4,117,No
7781_0,7781,2024-05-25,8,118,No
7781_1,7781,2024-05-26,8,77,No
7781_2,7781,2024-05-27,7,16,No
7781_3,7781,2024-05-28,12,37,Yes
7782_0,7782,2024-02-29,12,72,No
7782_1,7782,2024-03-01,13,34,No
7782_2,7782,2024-03-02,10,34,Yes
7782_3,7782,2024-03-03,1,120,No
7783_0,7783,2024-01-14,3,76,No
7783_1,7783,2024-01-15,6,27,No
7784_0,7784,2024-05-24,6,70,No
7784_1,7784,2024-05-25,14,95,Yes
7784_2,7784,2024-05-26,8,102,No
7785_0,7785,2024-01-30,2,36,No
7785_1,7785,2024-01-31,14,21,No
7786_0,7786,2024-06-01,12,43,No
7786_1,7786,2024-06-02,1,79,No
7786_2,7786,2024-06-03,11,70,No
7787_0,7787,2024-01-23,5,106,No
7787_1,7787,2024-01-24,12,53,Yes
7788_0,7788,2024-03-17,1,16,No
7788_1,7788,2024-03-18,6,30,Yes
7789_0,7789,2024-03-04,1,99,No
7789_1,7789,2024-03-05,12,44,No
7789_2,7789,2024-03-06,14,64,No
7789_3,7789,2024-03-07,11,47,No
7789_4,7789,2024-03-08,12,102,No
7790_0,7790,2024-03-09,1,4,No
7790_1,7790,2024-03-10,14,113,No
7790_2,7790,2024-03-11,9,101,No
7790_3,7790,2024-03-12,13,46,No
7791_0,7791,2024-05-02,8,17,No
7792_0,7792,2024-01-11,15,94,Yes
7792_1,7792,2024-01-12,1,12,No
7793_0,7793,2024-07-29,14,19,No
7793_1,7793,2024-07-30,10,3,No
7794_0,7794,2024-02-16,2,59,Yes
7794_1,7794,2024-02-17,9,93,No
7795_0,7795,2024-12-08,2,29,No
7796_0,7796,2024-04-09,9,78,Yes
7796_1,7796,2024-04-10,13,95,Yes
7797_0,7797,2024-02-15,1,21,No
7797_1,7797,2024-02-16,7,62,Yes
7798_0,7798,2024-12-23,6,54,Yes
7798_1,7798,2024-12-24,3,27,No
7798_2,7798,2024-12-25,11,74,No
7798_3,7798,2024-12-26,4,33,No
7798_4,7798,2024-12-27,8,8,No
7799_0,7799,2024-08-09,2,53,No
7799_1,7799,2024-08-10,7,107,Yes
7799_2,7799,2024-08-11,12,107,No
7800_0,7800,2024-11-04,8,41,Yes
7800_1,7800,2024-11-05,13,43,No
7800_2,7800,2024-11-06,11,53,No
7800_3,7800,2024-11-07,13,109,No
7801_0,7801,2024-02-12,3,5,No
7801_1,7801,2024-02-13,6,55,No
7801_2,7801,2024-02-14,5,44,Yes
7801_3,7801,2024-02-15,15,114,No
7802_0,7802,2024-07-09,11,72,Yes
7802_1,7802,2024-07-10,13,75,No
7803_0,7803,2024-09-28,1,66,Yes
7803_1,7803,2024-09-29,11,59,No
7803_2,7803,2024-09-30,4,56,No
7803_3,7803,2024-10-01,12,3,No
7804_0,7804,2024-05-16,1,47,No
7804_1,7804,2024-05-17,13,106,No
7804_2,7804,2024-05-18,8,32,No
7804_3,7804,2024-05-19,6,108,No
7804_4,7804,2024-05-20,5,32,No
7805_0,7805,2024-02-18,12,115,No
7806_0,7806,2024-03-10,1,10,No
7807_0,7807,2024-04-01,9,115,Yes
7808_0,7808,2024-04-21,15,76,Yes
7808_1,7808,2024-04-22,4,62,No
7808_2,7808,2024-04-23,9,72,Yes
7808_3,7808,2024-04-24,6,22,Yes
7808_4,7808,2024-04-25,14,27,No
7809_0,7809,2024-03-19,12,68,No
7809_1,7809,2024-03-20,7,50,No
7809_2,7809,2024-03-21,15,30,Yes
7809_3,7809,2024-03-22,14,74,Yes
7810_0,7810,2024-05-06,11,120,No
7810_1,7810,2024-05-07,1,38,Yes
7810_2,7810,2024-05-08,3,10,No
7810_3,7810,2024-05-09,15,93,Yes
7810_4,7810,2024-05-10,4,100,No
7811_0,7811,2024-01-01,15,91,No
7811_1,7811,2024-01-02,4,3,No
7812_0,7812,2024-10-27,8,38,No
7812_1,7812,2024-10-28,5,86,No
7812_2,7812,2024-10-29,11,19,No
7812_3,7812,2024-10-30,9,77,Yes
7813_0,7813,2024-07-16,4,108,No
7814_0,7814,2024-09-14,4,16,No
7815_0,7815,2024-05-30,6,50,Yes
7816_0,7816,2024-11-22,12,96,No
7816_1,7816,2024-11-23,10,31,No
7816_2,7816,2024-11-24,3,54,No
7817_0,7817,2024-10-21,15,65,No
7817_1,7817,2024-10-22,9,63,Yes
7817_2,7817,2024-10-23,2,104,No
7818_0,7818,2024-03-07,12,24,No
7818_1,7818,2024-03-08,11,40,No
7818_2,7818,2024-03-09,4,19,No
7819_0,7819,2024-04-25,5,7,Yes
7819_1,7819,2024-04-26,15,42,No
7819_2,7819,2024-04-27,6,1,No
7819_3,7819,2024-04-28,12,18,No
7820_0,7820,2024-11-21,13,3,No
7820_1,7820,2024-11-22,11,15,Yes
7820_2,7820,2024-11-23,15,89,No
7821_0,7821,2024-12-16,11,22,No
7821_1,7821,2024-12-17,14,104,No
7821_2,7821,2024-12-18,13,86,No
7822_0,7822,2024-07-04,3,104,No
7822_1,7822,2024-07-05,9,78,No
7822_2,7822,2024-07-06,10,13,No
7823_0,7823,2024-09-10,3,89,Yes
7823_1,7823,2024-09-11,2,29,No
7823_2,7823,2024-09-12,6,14,No
7823_3,7823,2024-09-13,9,26,No
7824_0,7824,2024-12-18,15,100,No
7824_1,7824,2024-12-19,9,12,Yes
7825_0,7825,2024-01-22,15,107,No
7825_1,7825,2024-01-23,7,61,Yes
7825_2,7825,2024-01-24,5,83,No
7825_3,7825,2024-01-25,7,48,Yes
7825_4,7825,2024-01-26,7,38,No
7826_0,7826,2024-04-21,13,95,Yes
7827_0,7827,2024-04-14,10,59,No
7827_1,7827,2024-04-15,11,18,No
7827_2,7827,2024-04-16,4,10,No
7827_3,7827,2024-04-17,4,95,No
7827_4,7827,2024-04-18,3,112,No
7828_0,7828,2024-01-08,13,54,Yes
7828_1,7828,2024-01-09,8,18,Yes
7828_2,7828,2024-01-10,11,51,No
7828_3,7828,2024-01-11,15,101,No
7828_4,7828,2024-01-12,1,105,Yes
7829_0,7829,2024-10-18,1,52,No
7829_1,7829,2024-10-19,1,112,No
7830_0,7830,2024-10-11,5,115,No
7830_1,7830,2024-10-12,9,36,No
7830_2,7830,2024-10-13,6,58,No
7831_0,7831,2024-11-01,6,64,No
7831_1,7831,2024-11-02,3,40,No
7832_0,7832,2024-12-03,8,88,Yes
7832_1,7832,2024-12-04,10,102,No
7832_2,7832,2024-12-05,9,105,No
7833_0,7833,2024-06-12,12,112,No
7833_1,7833,2024-06-13,8,27,Yes
7833_2,7833,2024-06-14,14,103,No
7833_3,7833,2024-06-15,5,116,Yes
7834_0,7834,2024-04-13,7,45,No
7834_1,7834,2024-04-14,6,80,No
7834_2,7834,2024-04-15,8,93,Yes
7834_3,7834,2024-04-16,2,23,No
7835_0,7835,2024-11-23,11,98,No
7835_1,7835,2024-11-24,4,95,Yes
7836_0,7836,2024-05-04,3,82,Yes
7836_1,7836,2024-05-05,3,101,No
7837_0,7837,2024-02-03,1,54,No
7837_1,7837,2024-02-04,9,52,No
7837_2,7837,2024-02-05,4,61,No
7838_0,7838,2024-06-16,15,42,No
7838_1,7838,2024-06-17,10,67,Yes
7838_2,7838,2024-06-18,8,50,No
7838_3,7838,2024-06-19,11,78,No
7838_4,7838,2024-06-20,13,8,Yes
7839_0,7839,2024-04-06,13,51,No
7840_0,7840,2024-03-14,2,70,No
7841_0,7841,2024-12-25,8,76,Yes
7841_1,7841,2024-12-26,13,60,No
7841_2,7841,2024-12-27,9,109,No
7841_3,7841,2024-12-28,3,27,No
7841_4,7841,2024-12-29,10,93,No
7842_0,7842,2024-08-14,2,108,No
7843_0,7843,2024-11-12,9,100,Yes
7843_1,7843,2024-11-13,15,10,No
7844_0,7844,2024-10-24,3,40,No
7844_1,7844,2024-10-25,6,72,No
7845_0,7845,2024-03-10,1,38,No
7845_1,7845,2024-03-11,2,110,No
7845_2,7845,2024-03-12,10,100,No
7845_3,7845,2024-03-13,15,107,Yes
7846_0,7846,2024-05-20,13,5,No
7846_1,7846,2024-05-21,5,84,Yes
7847_0,7847,2024-09-02,14,1,No
7848_0,7848,2024-09-09,12,119,No
7848_1,7848,2024-09-10,4,9,No
7849_0,7849,2024-08-16,6,41,Yes
7850_0,7850,2024-12-01,7,40,No
7850_1,7850,2024-12-02,2,18,Yes
7850_2,7850,2024-12-03,13,52,Yes
7851_0,7851,2024-06-09,9,17,No
7851_1,7851,2024-06-10,5,49,No
7851_2,7851,2024-06-11,5,107,Yes
7851_3,7851,2024-06-12,15,84,Yes
7851_4,7851,2024-06-13,13,70,No
7852_0,7852,2024-03-14,7,108,Yes
7852_1,7852,2024-03-15,11,2,No
7853_0,7853,2024-06-22,4,114,No
7854_0,7854,2024-03-27,11,17,No
7854_1,7854,2024-03-28,6,22,Yes
7855_0,7855,2024-04-18,15,103,Yes
7856_0,7856,2024-01-11,2,111,No
7857_0,7857,2024-06-13,14,105,Yes
7857_1,7857,2024-06-14,5,31,Yes
7857_2,7857,2024-06-15,8,79,No
7858_0,7858,2024-08-04,14,50,No
7858_1,7858,2024-08-05,4,68,No
7859_0,7859,2024-11-06,5,6,Yes
7859_1,7859,2024-11-07,9,74,No
7859_2,7859,2024-11-08,2,14,Yes
7859_3,7859,2024-11-09,13,117,No
7860_0,7860,2024-08-11,13,108,No
7861_0,7861,2024-08-29,9,99,Yes
7861_1,7861,2024-08-30,6,18,No
7861_2,7861,2024-08-31,8,82,Yes
7862_0,7862,2024-09-16,8,9,No
7862_1,7862,2024-09-17,1,57,Yes
7862_2,7862,2024-09-18,10,27,No
7863_0,7863,2024-01-07,13,112,No
7864_0,7864,2024-04-13,8,109,No
7864_1,7864,2024-04-14,5,59,No
7865_0,7865,2024-05-04,9,81,No
7865_1,7865,2024-05-05,4,69,No
7865_2,7865,2024-05-06,7,114,No
7865_3,7865,2024-05-07,9,92,No
7866_0,7866,2024-09-12,10,19,No
7866_1,7866,2024-09-13,4,89,No
7866_2,7866,2024-09-14,7,81,No
7866_3,7866,2024-09-15,11,72,No
7867_0,7867,2024-04-27,3,61,No
7867_1,7867,2024-04-28,7,49,Yes
7867_2,7867,2024-04-29,12,90,No
7867_3,7867,2024-04-30,7,22,No
7868_0,7868,2024-09-22,14,89,Yes
7868_1,7868,2024-09-23,6,104,Yes
7869_0,7869,2024-01-02,10,113,No
7869_1,7869,2024-01-03,1,117,No
7869_2,7869,2024-01-04,11,13,No
7869_3,7869,2024-01-05,11,21,Yes
7870_0,7870,2024-01-20,4,55,No
7870_1,7870,2024-01-21,1,94,No
7871_0,7871,2024-09-04,4,90,Yes
7872_0,7872,2024-03-28,7,107,No
7873_0,7873,2024-09-24,7,44,No
7873_1,7873,2024-09-25,9,24,No
7873_2,7873,2024-09-26,2,86,No
7873_3,7873,2024-09-27,9,54,No
7873_4,7873,2024-09-28,3,69,No
7874_0,7874,2024-04-28,1,101,Yes
7874_1,7874,2024-04-29,5,119,No
7874_2,7874,2024-04-30,10,60,No
7874_3,7874,2024-05-01,8,62,Yes
7875_0,7875,2024-08-16,12,86,No
7875_1,7875,2024-08-17,13,75,No
7875_2,7875,2024-08-18,4,23,No
7875_3,7875,2024-08-19,9,70,No
7876_0,7876,2024-10-20,1,5,Yes
7876_1,7876,2024-10-21,12,22,Yes
7876_2,7876,2024-10-22,14,52,No
7876_3,7876,2024-10-23,10,112,No
7876_4,7876,2024-10-24,8,110,No
7877_0,7877,2024-03-15,5,42,Yes
7877_1,7877,2024-03-16,3,95,No
7877_2,7877,2024-03-17,5,37,No
7877_3,7877,2024-03-18,7,63,Yes
7877_4,7877,2024-03-19,3,117,No
7878_0,7878,2024-11-17,2,72,Yes
7878_1,7878,2024-11-18,9,94,Yes
7878_2,7878,2024-11-19,5,63,No
7878_3,7878,2024-11-20,10,49,No
7879_0,7879,2024-09-06,15,29,Yes
7879_1,7879,2024-09-07,9,53,Yes
7880_0,7880,2024-01-06,10,91,No
7880_1,7880,2024-01-07,13,119,No
7881_0,7881,2024-04-30,12,41,No
7881_1,7881,2024-05-01,2,88,Yes
7882_0,7882,2024-03-06,1,91,No
7882_1,7882,2024-03-07,1,116,No
7882_2,7882,2024-03-08,11,36,No
7882_3,7882,2024-03-09,11,32,No
7883_0,7883,2024-02-12,13,109,No
7883_1,7883,2024-02-13,14,54,No
7883_2,7883,2024-02-14,15,4,No
7883_3,7883,2024-02-15,6,97,No
7883_4,7883,2024-02-16,5,120,No
7884_0,7884,2024-06-19,2,117,Yes
7884_1,7884,2024-06-20,11,18,No
7885_0,7885,2024-12-08,2,65,No
7886_0,7886,2024-01-31,2,73,Yes
7886_1,7886,2024-02-01,5,85,No
7887_0,7887,2024-12-31,10,64,No
7887_1,7887,2025-01-01,11,60,No
7887_2,7887,2025-01-02,11,47,No
7887_3,7887,2025-01-03,7,102,Yes
7887_4,7887,2025-01-04,15,18,No
7888_0,7888,2024-10-08,9,11,Yes
7888_1,7888,2024-10-09,11,59,Yes
7889_0,7889,2024-03-16,12,12,No
7890_0,7890,2024-08-07,3,7,Yes
7890_1,7890,2024-08-08,6,9,No
7891_0,7891,2024-03-07,13,62,No
7891_1,7891,2024-03-08,8,109,No
7891_2,7891,2024-03-09,10,78,No
7891_3,7891,2024-03-10,15,72,Yes
7891_4,7891,2024-03-11,8,78,No
7892_0,7892,2024-02-24,8,73,Yes
7892_1,7892,2024-02-25,13,84,No
7893_0,7893,2024-10-04,13,83,Yes
7893_1,7893,2024-10-05,2,7,No
7894_0,7894,2024-09-23,7,19,Yes
7894_1,7894,2024-09-24,13,87,Yes
7894_2,7894,2024-09-25,4,114,No
7894_3,7894,2024-09-26,1,62,No
7894_4,7894,2024-09-27,11,11,Yes
7895_0,7895,2024-09-30,10,64,No
7895_1,7895,2024-10-01,8,55,Yes
7895_2,7895,2024-10-02,10,55,No
7895_3,7895,2024-10-03,13,94,No
7895_4,7895,2024-10-04,1,96,No
7896_0,7896,2024-09-26,7,13,No
7896_1,7896,2024-09-27,5,54,No
7896_2,7896,2024-09-28,9,57,No
7896_3,7896,2024-09-29,15,21,No
7896_4,7896,2024-09-30,1,4,No
7897_0,7897,2024-09-04,14,63,No
7897_1,7897,2024-09-05,6,70,No
7897_2,7897,2024-09-06,14,62,No
7897_3,7897,2024-09-07,11,108,No
7898_0,7898,2024-11-16,8,94,No
7898_1,7898,2024-11-17,12,112,No
7898_2,7898,2024-11-18,8,86,No
7898_3,7898,2024-11-19,2,62,No
7899_0,7899,2024-08-25,12,67,No
7900_0,7900,2024-10-28,2,85,Yes
7901_0,7901,2024-01-22,15,54,No
7901_1,7901,2024-01-23,9,88,Yes
7901_2,7901,2024-01-24,12,49,No
7901_3,7901,2024-01-25,14,100,No
7901_4,7901,2024-01-26,2,56,No
7902_0,7902,2024-05-19,1,59,No
7902_1,7902,2024-05-20,7,112,No
7902_2,7902,2024-05-21,11,103,No
7902_3,7902,2024-05-22,15,109,No
7903_0,7903,2024-04-05,15,89,No
7904_0,7904,2024-11-09,7,23,No
7904_1,7904,2024-11-10,11,74,Yes
7904_2,7904,2024-11-11,14,84,No
7904_3,7904,2024-11-12,2,76,No
7905_0,7905,2024-11-11,12,104,No
7905_1,7905,2024-11-12,4,94,No
7905_2,7905,2024-11-13,14,33,Yes
7906_0,7906,2024-01-17,3,38,No
7906_1,7906,2024-01-18,14,67,No
7906_2,7906,2024-01-19,7,40,No
7907_0,7907,2024-11-18,3,31,No
7907_1,7907,2024-11-19,7,51,No
7908_0,7908,2024-10-25,4,64,Yes
7908_1,7908,2024-10-26,13,82,No
7908_2,7908,2024-10-27,15,105,No
7908_3,7908,2024-10-28,10,83,Yes
7908_4,7908,2024-10-29,9,21,No
7909_0,7909,2024-07-09,6,47,No
7910_0,7910,2024-01-24,6,44,No
7910_1,7910,2024-01-25,13,116,Yes
7910_2,7910,2024-01-26,8,29,No
7911_0,7911,2024-10-02,15,103,No
7911_1,7911,2024-10-03,6,119,No
7911_2,7911,2024-10-04,11,99,No
7911_3,7911,2024-10-05,2,89,Yes
7912_0,7912,2024-12-23,1,110,Yes
7912_1,7912,2024-12-24,1,6,No
7912_2,7912,2024-12-25,11,30,No
7912_3,7912,2024-12-26,9,31,Yes
7913_0,7913,2024-06-27,6,18,Yes
7913_1,7913,2024-06-28,10,14,No
7913_2,7913,2024-06-29,13,80,No
7913_3,7913,2024-06-30,9,55,No
7913_4,7913,2024-07-01,4,51,Yes
7914_0,7914,2024-07-22,12,80,No
7914_1,7914,2024-07-23,8,41,No
7914_2,7914,2024-07-24,15,120,No
7915_0,7915,2024-08-24,13,20,No
7915_1,7915,2024-08-25,9,58,No
7915_2,7915,2024-08-26,2,48,No
7915_3,7915,2024-08-27,3,86,No
7916_0,7916,2024-01-02,14,116,No
7916_1,7916,2024-01-03,15,77,Yes
7916_2,7916,2024-01-04,3,4,No
7916_3,7916,2024-01-05,14,54,No
7916_4,7916,2024-01-06,5,71,No
7917_0,7917,2024-07-25,6,13,No
7918_0,7918,2024-10-21,14,81,No
7919_0,7919,2024-03-31,1,35,No
7919_1,7919,2024-04-01,11,68,Yes
7920_0,7920,2024-03-23,2,61,No
7921_0,7921,2024-03-20,15,24,No
7921_1,7921,2024-03-21,5,94,No
7921_2,7921,2024-03-22,6,41,Yes
7921_3,7921,2024-03-23,9,16,Yes
7921_4,7921,2024-03-24,10,100,No
7922_0,7922,2024-12-20,2,14,No
7923_0,7923,2024-09-12,15,101,Yes
7923_1,7923,2024-09-13,4,44,Yes
7923_2,7923,2024-09-14,15,87,No
7924_0,7924,2024-10-06,11,105,Yes
7924_1,7924,2024-10-07,6,57,Yes
7924_2,7924,2024-10-08,7,1,No
7924_3,7924,2024-10-09,1,74,No
7924_4,7924,2024-10-10,14,33,No
7925_0,7925,2024-02-28,3,91,Yes
7926_0,7926,2024-11-17,11,112,No
7926_1,7926,2024-11-18,6,115,No
7926_2,7926,2024-11-19,15,65,Yes
7926_3,7926,2024-11-20,12,75,Yes
7926_4,7926,2024-11-21,12,14,No
7927_0,7927,2024-03-23,14,67,Yes
7928_0,7928,2024-04-16,12,117,No
7928_1,7928,2024-04-17,11,6,No
7929_0,7929,2024-09-10,5,114,No
7929_1,7929,2024-09-11,4,53,No
7929_2,7929,2024-09-12,8,20,No
7929_3,7929,2024-09-13,4,18,Yes
7929_4,7929,2024-09-14,7,74,No
7930_0,7930,2024-12-27,5,2,Yes
7930_1,7930,2024-12-28,4,42,No
7930_2,7930,2024-12-29,15,8,No
7930_3,7930,2024-12-30,1,6,No
7930_4,7930,2024-12-31,3,110,Yes
7931_0,7931,2024-12-12,15,56,Yes
7931_1,7931,2024-12-13,7,78,No
7931_2,7931,2024-12-14,11,84,No
7931_3,7931,2024-12-15,5,77,No
7931_4,7931,2024-12-16,10,41,No
7932_0,7932,2024-03-30,10,57,Yes
7932_1,7932,2024-03-31,6,69,No
7932_2,7932,2024-04-01,10,9,Yes
7932_3,7932,2024-04-02,5,27,No
7932_4,7932,2024-04-03,9,114,Yes
7933_0,7933,2024-01-17,2,85,No
7933_1,7933,2024-01-18,12,112,No
7933_2,7933,2024-01-19,9,47,Yes
7933_3,7933,2024-01-20,15,24,Yes
7934_0,7934,2024-04-16,9,46,No
7935_0,7935,2024-02-20,15,87,No
7935_1,7935,2024-02-21,13,56,No
7935_2,7935,2024-02-22,14,118,No
7936_0,7936,2024-02-06,11,41,Yes
7937_0,7937,2024-01-28,11,8,No
7937_1,7937,2024-01-29,14,83,No
7938_0,7938,2024-10-01,15,32,Yes
7938_1,7938,2024-10-02,13,15,No
7938_2,7938,2024-10-03,15,19,No
7938_3,7938,2024-10-04,4,48,No
7939_0,7939,2024-09-27,8,117,No
7939_1,7939,2024-09-28,5,28,No
7940_0,7940,2024-12-02,4,6,No
7941_0,7941,2024-11-16,11,108,No
7941_1,7941,2024-11-17,11,92,Yes
7941_2,7941,2024-11-18,5,21,No
7941_3,7941,2024-11-19,14,9,No
7942_0,7942,2024-01-11,6,5,No
7942_1,7942,2024-01-12,12,76,Yes
7942_2,7942,2024-01-13,7,76,Yes
7942_3,7942,2024-01-14,7,62,No
7942_4,7942,2024-01-15,12,36,No
7943_0,7943,2024-07-24,5,2,No
7943_1,7943,2024-07-25,2,48,No
7943_2,7943,2024-07-26,10,46,No
7944_0,7944,2024-08-07,6,86,No
7944_1,7944,2024-08-08,6,87,No
7945_0,7945,2024-06-14,2,116,No
7945_1,7945,2024-06-15,12,18,No
7945_2,7945,2024-06-16,12,1,No
7945_3,7945,2024-06-17,10,117,No
7945_4,7945,2024-06-18,2,10,Yes
7946_0,7946,2024-09-10,10,81,No
7946_1,7946,2024-09-11,1,74,No
7946_2,7946,2024-09-12,11,60,No
7946_3,7946,2024-09-13,12,80,No
7946_4,7946,2024-09-14,2,109,No
7947_0,7947,2024-10-11,5,112,Yes
7947_1,7947,2024-10-12,4,120,Yes
7948_0,7948,2024-11-07,11,20,No
7949_0,7949,2024-01-03,8,77,No
7949_1,7949,2024-01-04,14,42,Yes
7949_2,7949,2024-01-05,5,18,Yes
7949_3,7949,2024-01-06,10,9,Yes
7950_0,7950,2024-04-11,3,30,No
7950_1,7950,2024-04-12,7,56,No
7951_0,7951,2024-01-16,12,21,No
7951_1,7951,2024-01-17,7,27,No
7951_2,7951,2024-01-18,13,58,Yes
7951_3,7951,2024-01-19,12,31,Yes
7951_4,7951,2024-01-20,9,91,No
7952_0,7952,2024-03-12,4,54,Yes
7952_1,7952,2024-03-13,14,10,No
7952_2,7952,2024-03-14,4,38,Yes
7952_3,7952,2024-03-15,9,58,No
7953_0,7953,2024-02-04,3,37,No
7954_0,7954,2024-02-19,3,1,No
7954_1,7954,2024-02-20,3,82,Yes
7954_2,7954,2024-02-21,8,79,No
7954_3,7954,2024-02-22,8,74,No
7955_0,7955,2024-07-16,7,35,Yes
7955_1,7955,2024-07-17,3,55,Yes
7955_2,7955,2024-07-18,8,105,No
7955_3,7955,2024-07-19,9,24,No
7955_4,7955,2024-07-20,5,77,No
7956_0,7956,2024-01-03,7,16,No
7956_1,7956,2024-01-04,6,86,No
7956_2,7956,2024-01-05,15,57,No
7956_3,7956,2024-01-06,7,44,No
7956_4,7956,2024-01-07,14,16,No
7957_0,7957,2024-05-04,13,80,No
7957_1,7957,2024-05-05,4,91,No
7957_2,7957,2024-05-06,9,92,No
7957_3,7957,2024-05-07,6,1,No
7957_4,7957,2024-05-08,3,56,No
7958_0,7958,2024-01-21,15,85,Yes
7958_1,7958,2024-01-22,14,116,No
7958_2,7958,2024-01-23,9,66,Yes
7959_0,7959,2024-04-11,15,14,Yes
7959_1,7959,2024-04-12,5,114,Yes
7959_2,7959,2024-04-13,2,99,No
7960_0,7960,2024-10-28,7,42,No
7960_1,7960,2024-10-29,1,114,Yes
7960_2,7960,2024-10-30,14,83,No
7960_3,7960,2024-10-31,11,1,No
7961_0,7961,2024-12-09,1,73,Yes
7961_1,7961,2024-12-10,15,18,No
7961_2,7961,2024-12-11,6,44,No
7961_3,7961,2024-12-12,2,76,No
7961_4,7961,2024-12-13,2,105,No
7962_0,7962,2024-04-19,11,96,No
7962_1,7962,2024-04-20,15,59,No
7962_2,7962,2024-04-21,13,3,No
7962_3,7962,2024-04-22,7,111,No
7962_4,7962,2024-04-23,5,2,No
7963_0,7963,2024-12-14,5,107,No
7963_1,7963,2024-12-15,6,42,No
7963_2,7963,2024-12-16,7,83,No
7963_3,7963,2024-12-17,6,6,No
7963_4,7963,2024-12-18,9,7,Yes
7964_0,7964,2024-10-16,13,100,No
7965_0,7965,2024-12-02,2,17,Yes
7965_1,7965,2024-12-03,2,76,No
7966_0,7966,2024-07-20,4,90,Yes
7966_1,7966,2024-07-21,7,83,No
7966_2,7966,2024-07-22,9,41,Yes
7966_3,7966,2024-07-23,14,101,No
7966_4,7966,2024-07-24,9,43,Yes
7967_0,7967,2024-12-29,4,118,No
7968_0,7968,2024-08-30,12,110,No
7968_1,7968,2024-08-31,11,19,No
7968_2,7968,2024-09-01,2,119,Yes
7969_0,7969,2024-01-23,5,40,No
7970_0,7970,2024-03-29,8,48,No
7970_1,7970,2024-03-30,1,110,No
7971_0,7971,2024-08-31,10,46,No
7971_1,7971,2024-09-01,11,26,Yes
7971_2,7971,2024-09-02,12,106,No
7972_0,7972,2024-02-26,9,33,No
7972_1,7972,2024-02-27,9,69,No
7972_2,7972,2024-02-28,8,41,No
7972_3,7972,2024-02-29,3,11,No
7973_0,7973,2024-02-29,7,92,Yes
7973_1,7973,2024-03-01,8,100,No
7973_2,7973,2024-03-02,10,17,Yes
7973_3,7973,2024-03-03,7,2,Yes
7974_0,7974,2024-04-28,4,38,No
7975_0,7975,2024-07-23,6,45,No
7975_1,7975,2024-07-24,6,66,No
7976_0,7976,2024-07-26,11,113,No
7976_1,7976,2024-07-27,11,1,No
7976_2,7976,2024-07-28,2,83,Yes
7976_3,7976,2024-07-29,8,2,No
7976_4,7976,2024-07-30,13,12,No
7977_0,7977,2024-02-27,2,105,No
7977_1,7977,2024-02-28,4,49,No
7978_0,7978,2024-05-21,1,39,Yes
7978_1,7978,2024-05-22,3,88,No
7978_2,7978,2024-05-23,5,82,Yes
7979_0,7979,2024-11-08,11,3,Yes
7979_1,7979,2024-11-09,1,30,Yes
7980_0,7980,2024-10-23,7,114,No
7980_1,7980,2024-10-24,4,94,No
7980_2,7980,2024-10-25,11,88,Yes
7980_3,7980,2024-10-26,13,105,No
7980_4,7980,2024-10-27,1,89,No
7981_0,7981,2024-03-16,15,46,No
7981_1,7981,2024-03-17,8,12,Yes
7982_0,7982,2024-04-23,13,49,No
7982_1,7982,2024-04-24,14,26,No
7982_2,7982,2024-04-25,10,89,No
7982_3,7982,2024-04-26,10,25,Yes
7983_0,7983,2024-02-12,5,107,No
7983_1,7983,2024-02-13,15,30,Yes
7983_2,7983,2024-02-14,4,107,No
7983_3,7983,2024-02-15,3,28,No
7984_0,7984,2024-06-03,13,54,No
7984_1,7984,2024-06-04,5,48,No
7985_0,7985,2024-05-11,1,91,No
7986_0,7986,2024-10-13,7,20,No
7986_1,7986,2024-10-14,4,97,Yes
7986_2,7986,2024-10-15,15,46,Yes
7986_3,7986,2024-10-16,12,10,Yes
7986_4,7986,2024-10-17,14,90,No
7987_0,7987,2024-01-12,13,2,Yes
7987_1,7987,2024-01-13,14,30,Yes
7987_2,7987,2024-01-14,7,44,No
7988_0,7988,2024-06-25,2,5,No
7988_1,7988,2024-06-26,11,96,No
7989_0,7989,2024-11-20,10,109,No
7989_1,7989,2024-11-21,11,33,Yes
7989_2,7989,2024-11-22,13,69,No
7989_3,7989,2024-11-23,12,87,No
7989_4,7989,2024-11-24,5,82,No
7990_0,7990,2024-07-13,14,110,No
7990_1,7990,2024-07-14,3,97,Yes
7990_2,7990,2024-07-15,10,29,Yes
7990_3,7990,2024-07-16,15,24,Yes
7990_4,7990,2024-07-17,10,96,No
7991_0,7991,2024-03-29,11,36,No
7991_1,7991,2024-03-30,14,47,No
7992_0,7992,2024-11-02,9,70,Yes
7992_1,7992,2024-11-03,8,31,No
7992_2,7992,2024-11-04,9,26,Yes
7992_3,7992,2024-11-05,5,48,No
7992_4,7992,2024-11-06,15,57,Yes
7993_0,7993,2024-09-13,9,22,No
7993_1,7993,2024-09-14,12,108,No
7994_0,7994,2024-05-27,13,82,No
7994_1,7994,2024-05-28,6,99,Yes
7994_2,7994,2024-05-29,14,111,Yes
7995_0,7995,2024-04-29,13,73,No
7996_0,7996,2024-09-20,12,70,No
7996_1,7996,2024-09-21,1,93,No
7996_2,7996,2024-09-22,2,115,Yes
7997_0,7997,2024-03-16,1,31,Yes
7998_0,7998,2024-04-09,10,13,No
7999_0,7999,2024-08-08,2,92,No
7999_1,7999,2024-08-09,5,37,No
7999_2,7999,2024-08-10,4,86,No
7999_3,7999,2024-08-11,5,5,No
8000_0,8000,2024-11-18,5,111,No
8000_1,8000,2024-11-19,15,68,Yes
8000_2,8000,2024-11-20,4,2,No
8001_0,8001,2024-07-31,7,94,No
8001_1,8001,2024-08-01,8,119,No
8001_2,8001,2024-08-02,4,26,No
8001_3,8001,2024-08-03,2,98,No
8002_0,8002,2024-12-29,3,111,No
8002_1,8002,2024-12-30,14,64,Yes
8002_2,8002,2024-12-31,5,69,Yes
8002_3,8002,2025-01-01,14,70,Yes
8003_0,8003,2024-04-15,14,35,No
8003_1,8003,2024-04-16,12,48,No
8003_2,8003,2024-04-17,3,39,No
8004_0,8004,2024-12-24,9,4,Yes
8004_1,8004,2024-12-25,11,69,No
8004_2,8004,2024-12-26,2,38,Yes
8004_3,8004,2024-12-27,2,71,No
8005_0,8005,2024-03-05,9,90,No
8005_1,8005,2024-03-06,5,23,No
8006_0,8006,2024-06-10,1,12,No
8006_1,8006,2024-06-11,12,23,No
8006_2,8006,2024-06-12,6,61,Yes
8006_3,8006,2024-06-13,4,36,No
8007_0,8007,2024-11-11,11,113,No
8007_1,8007,2024-11-12,3,22,No
8008_0,8008,2024-04-05,14,26,No
8008_1,8008,2024-04-06,1,100,No
8008_2,8008,2024-04-07,8,117,No
8009_0,8009,2024-11-12,15,48,No
8009_1,8009,2024-11-13,1,73,No
8009_2,8009,2024-11-14,13,9,No
8010_0,8010,2024-04-24,13,94,Yes
8010_1,8010,2024-04-25,4,14,No
8010_2,8010,2024-04-26,15,16,No
8010_3,8010,2024-04-27,5,22,No
8010_4,8010,2024-04-28,7,95,Yes
8011_0,8011,2024-04-16,2,69,No
8011_1,8011,2024-04-17,1,92,No
8011_2,8011,2024-04-18,5,78,No
8011_3,8011,2024-04-19,14,81,No
8012_0,8012,2024-07-30,11,107,No
8012_1,8012,2024-07-31,10,35,No
8012_2,8012,2024-08-01,15,93,No
8012_3,8012,2024-08-02,2,73,Yes
8012_4,8012,2024-08-03,7,54,Yes
8013_0,8013,2024-07-14,8,13,Yes
8013_1,8013,2024-07-15,12,94,No
8013_2,8013,2024-07-16,7,22,Yes
8014_0,8014,2024-07-15,5,29,No
8015_0,8015,2024-12-29,7,113,No
8015_1,8015,2024-12-30,14,53,No
8016_0,8016,2024-07-22,11,94,No
8016_1,8016,2024-07-23,2,38,No
8016_2,8016,2024-07-24,9,4,No
8016_3,8016,2024-07-25,5,26,Yes
8016_4,8016,2024-07-26,4,40,Yes
8017_0,8017,2024-11-29,4,9,No
8017_1,8017,2024-11-30,2,54,Yes
8017_2,8017,2024-12-01,8,97,No
8017_3,8017,2024-12-02,2,84,Yes
8017_4,8017,2024-12-03,12,86,No
8018_0,8018,2024-09-26,7,95,No
8018_1,8018,2024-09-27,10,7,No
8018_2,8018,2024-09-28,1,85,Yes
8019_0,8019,2024-08-14,6,44,No
8019_1,8019,2024-08-15,11,1,Yes
8019_2,8019,2024-08-16,8,53,No
8020_0,8020,2024-04-04,4,79,Yes
8020_1,8020,2024-04-05,4,50,Yes
8020_2,8020,2024-04-06,14,41,No
8020_3,8020,2024-04-07,5,104,No
8020_4,8020,2024-04-08,2,40,No
8021_0,8021,2024-10-23,11,55,No
8021_1,8021,2024-10-24,15,74,No
8021_2,8021,2024-10-25,5,44,No
8022_0,8022,2024-01-22,4,104,Yes
8022_1,8022,2024-01-23,4,39,No
8023_0,8023,2024-08-28,14,68,No
8023_1,8023,2024-08-29,10,45,No
8023_2,8023,2024-08-30,6,27,No
8023_3,8023,2024-08-31,15,21,No
8023_4,8023,2024-09-01,3,76,Yes
8024_0,8024,2024-05-23,12,36,No
8024_1,8024,2024-05-24,8,95,No
8024_2,8024,2024-05-25,14,88,Yes
8024_3,8024,2024-05-26,6,31,No
8025_0,8025,2024-06-24,6,55,No
8025_1,8025,2024-06-25,3,109,Yes
8025_2,8025,2024-06-26,12,102,No
8025_3,8025,2024-06-27,6,86,No
8025_4,8025,2024-06-28,10,68,No
8026_0,8026,2024-04-30,15,80,Yes
8026_1,8026,2024-05-01,4,64,No
8026_2,8026,2024-05-02,8,57,No
8027_0,8027,2024-09-01,8,5,No
8027_1,8027,2024-09-02,15,34,No
8028_0,8028,2024-09-05,9,2,No
8028_1,8028,2024-09-06,5,7,Yes
8028_2,8028,2024-09-07,5,72,Yes
8028_3,8028,2024-09-08,8,75,Yes
8029_0,8029,2024-08-31,10,67,Yes
8029_1,8029,2024-09-01,14,20,No
8029_2,8029,2024-09-02,13,48,No
8030_0,8030,2024-01-25,14,98,No
8030_1,8030,2024-01-26,7,71,No
8031_0,8031,2024-06-20,2,30,No
8031_1,8031,2024-06-21,9,68,No
8031_2,8031,2024-06-22,14,74,No
8031_3,8031,2024-06-23,5,34,No
8032_0,8032,2024-04-15,9,47,No
8032_1,8032,2024-04-16,8,22,Yes
8032_2,8032,2024-04-17,13,21,No
8032_3,8032,2024-04-18,1,49,No
8033_0,8033,2024-06-09,13,40,Yes
8033_1,8033,2024-06-10,5,54,No
8033_2,8033,2024-06-11,7,47,Yes
8034_0,8034,2024-05-28,2,93,No
8034_1,8034,2024-05-29,5,65,No
8034_2,8034,2024-05-30,9,65,No
8034_3,8034,2024-05-31,12,36,No
8034_4,8034,2024-06-01,15,18,No
8035_0,8035,2024-09-25,3,34,Yes
8036_0,8036,2024-03-22,4,6,Yes
8037_0,8037,2024-03-21,11,119,No
8037_1,8037,2024-03-22,5,92,No
8037_2,8037,2024-03-23,14,21,No
8038_0,8038,2024-07-21,5,53,Yes
8038_1,8038,2024-07-22,11,101,No
8039_0,8039,2024-06-16,14,61,No
8040_0,8040,2024-02-18,2,78,No
8041_0,8041,2024-01-02,9,109,No
8041_1,8041,2024-01-03,13,18,No
8041_2,8041,2024-01-04,1,43,Yes
8041_3,8041,2024-01-05,9,16,No
8041_4,8041,2024-01-06,15,104,No
8042_0,8042,2024-11-04,9,58,No
8042_1,8042,2024-11-05,8,63,No
8042_2,8042,2024-11-06,8,4,No
8043_0,8043,2024-07-18,10,23,Yes
8043_1,8043,2024-07-19,3,102,No
8043_2,8043,2024-07-20,3,73,No
8043_3,8043,2024-07-21,5,5,No
8044_0,8044,2024-09-18,8,59,No
8044_1,8044,2024-09-19,9,102,Yes
8044_2,8044,2024-09-20,1,119,Yes
8045_0,8045,2024-07-04,2,43,No
8045_1,8045,2024-07-05,8,30,Yes
8045_2,8045,2024-07-06,5,28,Yes
8046_0,8046,2024-04-18,7,40,No
8046_1,8046,2024-04-19,12,115,No
8046_2,8046,2024-04-20,7,53,Yes
8046_3,8046,2024-04-21,8,88,Yes
8046_4,8046,2024-04-22,7,54,No
8047_0,8047,2024-06-21,3,25,No
8047_1,8047,2024-06-22,15,39,No
8047_2,8047,2024-06-23,11,47,No
8047_3,8047,2024-06-24,8,46,No
8048_0,8048,2024-12-24,9,11,No
8048_1,8048,2024-12-25,1,77,No
8048_2,8048,2024-12-26,15,11,No
8049_0,8049,2024-06-19,10,16,Yes
8049_1,8049,2024-06-20,2,34,No
8049_2,8049,2024-06-21,13,96,Yes
8049_3,8049,2024-06-22,10,8,No
8050_0,8050,2024-02-10,5,14,No
8051_0,8051,2024-04-30,4,58,Yes
8052_0,8052,2024-04-07,9,54,Yes
8052_1,8052,2024-04-08,8,2,No
8052_2,8052,2024-04-09,10,2,No
8052_3,8052,2024-04-10,14,69,No
8053_0,8053,2024-09-23,8,91,No
8053_1,8053,2024-09-24,15,29,Yes
8054_0,8054,2024-07-08,8,48,No
8054_1,8054,2024-07-09,4,117,No
8054_2,8054,2024-07-10,10,30,No
8055_0,8055,2024-04-30,6,120,Yes
8055_1,8055,2024-05-01,6,94,Yes
8056_0,8056,2024-08-14,14,19,Yes
8056_1,8056,2024-08-15,14,103,No
8056_2,8056,2024-08-16,13,10,No
8057_0,8057,2024-10-20,12,112,Yes
8058_0,8058,2024-08-17,12,52,No
8059_0,8059,2024-01-12,9,86,Yes
8059_1,8059,2024-01-13,9,19,No
8060_0,8060,2024-03-03,6,109,No
8060_1,8060,2024-03-04,8,74,Yes
8060_2,8060,2024-03-05,5,120,No
8060_3,8060,2024-03-06,5,105,Yes
8060_4,8060,2024-03-07,2,49,No
8061_0,8061,2024-10-18,11,45,No
8061_1,8061,2024-10-19,11,74,No
8062_0,8062,2024-09-09,8,18,No
8062_1,8062,2024-09-10,8,28,No
8063_0,8063,2024-10-20,15,55,Yes
8064_0,8064,2024-05-08,8,46,No
8065_0,8065,2024-05-29,1,100,Yes
8066_0,8066,2024-01-19,4,70,No
8066_1,8066,2024-01-20,3,78,Yes
8066_2,8066,2024-01-21,9,7,Yes
8066_3,8066,2024-01-22,11,55,No
8066_4,8066,2024-01-23,12,58,Yes
8067_0,8067,2024-04-22,15,23,Yes
8067_1,8067,2024-04-23,14,117,No
8067_2,8067,2024-04-24,8,91,No
8067_3,8067,2024-04-25,6,9,No
8068_0,8068,2024-06-21,6,66,Yes
8068_1,8068,2024-06-22,9,45,No
8068_2,8068,2024-06-23,7,50,Yes
8069_0,8069,2024-03-15,12,11,No
8070_0,8070,2024-08-13,12,2,No
8070_1,8070,2024-08-14,9,26,No
8070_2,8070,2024-08-15,12,43,No
8071_0,8071,2024-11-23,1,91,No
8071_1,8071,2024-11-24,14,4,No
8071_2,8071,2024-11-25,14,59,No
8071_3,8071,2024-11-26,8,18,No
8071_4,8071,2024-11-27,12,26,Yes
8072_0,8072,2024-04-18,3,64,No
8072_1,8072,2024-04-19,12,63,No
8072_2,8072,2024-04-20,15,5,Yes
8072_3,8072,2024-04-21,8,93,Yes
8072_4,8072,2024-04-22,3,15,Yes
8073_0,8073,2024-09-11,3,3,No
8073_1,8073,2024-09-12,14,98,No
8073_2,8073,2024-09-13,12,91,Yes
8073_3,8073,2024-09-14,1,99,No
8073_4,8073,2024-09-15,14,35,No
8074_0,8074,2024-12-01,1,75,No
8074_1,8074,2024-12-02,5,25,No
8075_0,8075,2024-02-10,3,72,Yes
8075_1,8075,2024-02-11,8,7,Yes
8075_2,8075,2024-02-12,2,80,No
8075_3,8075,2024-02-13,15,112,No
8076_0,8076,2024-04-24,9,111,Yes
8076_1,8076,2024-04-25,8,108,Yes
8077_0,8077,2024-01-10,2,74,Yes
8077_1,8077,2024-01-11,4,66,No
8077_2,8077,2024-01-12,15,77,No
8077_3,8077,2024-01-13,4,76,No
8077_4,8077,2024-01-14,3,105,No
8078_0,8078,2024-07-04,1,43,No
8078_1,8078,2024-07-05,15,92,No
8078_2,8078,2024-07-06,15,105,Yes
8079_0,8079,2024-12-21,2,44,No
8079_1,8079,2024-12-22,9,97,Yes
8079_2,8079,2024-12-23,15,69,Yes
8079_3,8079,2024-12-24,15,11,No
8079_4,8079,2024-12-25,6,68,No
8080_0,8080,2024-01-25,6,41,No
8080_1,8080,2024-01-26,15,65,No
8081_0,8081,2024-06-13,7,55,No
8081_1,8081,2024-06-14,6,33,No
8082_0,8082,2024-04-03,9,4,No
8082_1,8082,2024-04-04,14,78,No
8082_2,8082,2024-04-05,2,64,Yes
8082_3,8082,2024-04-06,10,78,Yes
8082_4,8082,2024-04-07,13,21,No
8083_0,8083,2024-09-26,15,80,Yes
8083_1,8083,2024-09-27,11,104,Yes
8083_2,8083,2024-09-28,2,78,Yes
8083_3,8083,2024-09-29,3,70,No
8084_0,8084,2024-07-06,12,48,No
8084_1,8084,2024-07-07,13,69,Yes
8084_2,8084,2024-07-08,14,34,No
8084_3,8084,2024-07-09,5,49,Yes
8084_4,8084,2024-07-10,13,29,No
8085_0,8085,2024-01-11,5,105,Yes
8086_0,8086,2024-10-21,3,52,No
8087_0,8087,2024-12-21,9,32,Yes
8087_1,8087,2024-12-22,3,107,No
8088_0,8088,2024-06-08,3,33,Yes
8088_1,8088,2024-06-09,3,57,No
8088_2,8088,2024-06-10,11,72,No
8088_3,8088,2024-06-11,4,43,No
8089_0,8089,2024-12-14,4,83,Yes
8089_1,8089,2024-12-15,8,61,No
8090_0,8090,2024-11-10,9,76,No
8090_1,8090,2024-11-11,10,18,Yes
8091_0,8091,2024-06-19,15,15,No
8091_1,8091,2024-06-20,5,116,No
8091_2,8091,2024-06-21,6,54,No
8091_3,8091,2024-06-22,3,45,No
8091_4,8091,2024-06-23,10,117,Yes
8092_0,8092,2024-01-21,15,92,No
8092_1,8092,2024-01-22,2,48,Yes
8092_2,8092,2024-01-23,9,49,No
8093_0,8093,2024-01-30,2,57,Yes
8093_1,8093,2024-01-31,14,60,No
8093_2,8093,2024-02-01,15,65,No
8094_0,8094,2024-08-19,9,13,Yes
8094_1,8094,2024-08-20,8,5,No
8094_2,8094,2024-08-21,10,107,No
8094_3,8094,2024-08-22,7,108,No
8094_4,8094,2024-08-23,3,101,No
8095_0,8095,2024-03-29,11,88,Yes
8095_1,8095,2024-03-30,4,101,No
8095_2,8095,2024-03-31,6,103,Yes
8095_3,8095,2024-04-01,5,2,No
8095_4,8095,2024-04-02,13,74,Yes
8096_0,8096,2024-03-09,7,91,Yes
8097_0,8097,2024-04-21,9,69,Yes
8097_1,8097,2024-04-22,13,52,No
8097_2,8097,2024-04-23,5,25,No
8097_3,8097,2024-04-24,3,50,No
8098_0,8098,2024-01-10,10,32,No
8098_1,8098,2024-01-11,5,58,Yes
8098_2,8098,2024-01-12,2,28,Yes
8098_3,8098,2024-01-13,11,62,Yes
8099_0,8099,2024-04-01,3,86,No
8099_1,8099,2024-04-02,11,72,No
8099_2,8099,2024-04-03,11,111,No
8099_3,8099,2024-04-04,12,5,Yes
8099_4,8099,2024-04-05,1,29,No
8100_0,8100,2024-09-24,14,92,No
8100_1,8100,2024-09-25,7,67,No
8100_2,8100,2024-09-26,10,103,Yes
8100_3,8100,2024-09-27,7,79,No
8100_4,8100,2024-09-28,3,6,Yes
8101_0,8101,2024-01-10,8,35,Yes
8102_0,8102,2024-09-19,7,106,No
8102_1,8102,2024-09-20,2,68,No
8103_0,8103,2024-08-23,2,32,No
8103_1,8103,2024-08-24,14,106,No
8104_0,8104,2024-10-28,9,97,No
8104_1,8104,2024-10-29,15,17,No
8104_2,8104,2024-10-30,5,80,No
8104_3,8104,2024-10-31,12,80,No
8105_0,8105,2024-11-21,15,75,No
8105_1,8105,2024-11-22,8,93,No
8106_0,8106,2024-10-13,8,40,No
8106_1,8106,2024-10-14,8,22,Yes
8106_2,8106,2024-10-15,3,58,No
8106_3,8106,2024-10-16,3,119,No
8106_4,8106,2024-10-17,2,119,No
8107_0,8107,2024-01-04,10,101,No
8107_1,8107,2024-01-05,9,108,No
8107_2,8107,2024-01-06,8,53,Yes
8107_3,8107,2024-01-07,2,109,Yes
8108_0,8108,2024-12-05,15,4,No
8108_1,8108,2024-12-06,10,98,No
8108_2,8108,2024-12-07,11,75,No
8109_0,8109,2024-11-16,14,26,No
8109_1,8109,2024-11-17,4,106,Yes
8109_2,8109,2024-11-18,7,69,No
8109_3,8109,2024-11-19,3,84,No
8109_4,8109,2024-11-20,1,12,Yes
8110_0,8110,2024-09-05,8,37,No
8110_1,8110,2024-09-06,2,95,Yes
8110_2,8110,2024-09-07,15,71,No
8110_3,8110,2024-09-08,15,105,No
8110_4,8110,2024-09-09,15,65,No
8111_0,8111,2024-05-17,9,52,Yes
8111_1,8111,2024-05-18,5,25,No
8111_2,8111,2024-05-19,6,60,Yes
8112_0,8112,2024-05-23,5,50,No
8112_1,8112,2024-05-24,12,94,No
8112_2,8112,2024-05-25,6,36,No
8113_0,8113,2024-10-13,13,36,No
8114_0,8114,2024-12-08,1,102,Yes
8114_1,8114,2024-12-09,6,33,No
8115_0,8115,2024-06-24,15,102,Yes
8115_1,8115,2024-06-25,13,69,No
8115_2,8115,2024-06-26,5,29,No
8116_0,8116,2024-12-20,10,86,Yes
8116_1,8116,2024-12-21,14,108,No
8117_0,8117,2024-08-06,6,16,No
8117_1,8117,2024-08-07,11,18,Yes
8117_2,8117,2024-08-08,4,9,No
8118_0,8118,2024-08-08,13,67,No
8118_1,8118,2024-08-09,4,10,No
8119_0,8119,2024-01-24,5,79,Yes
8119_1,8119,2024-01-25,8,4,Yes
8120_0,8120,2024-06-19,15,102,No
8120_1,8120,2024-06-20,2,68,Yes
8120_2,8120,2024-06-21,1,37,No
8120_3,8120,2024-06-22,11,115,No
8120_4,8120,2024-06-23,14,35,No
8121_0,8121,2024-06-12,1,46,No
8121_1,8121,2024-06-13,13,77,Yes
8121_2,8121,2024-06-14,4,25,No
8121_3,8121,2024-06-15,15,40,Yes
8122_0,8122,2024-04-30,10,41,No
8122_1,8122,2024-05-01,2,99,No
8122_2,8122,2024-05-02,1,1,No
8122_3,8122,2024-05-03,13,71,No
8122_4,8122,2024-05-04,12,58,Yes
8123_0,8123,2024-01-31,11,21,No
8123_1,8123,2024-02-01,5,48,No
8124_0,8124,2024-05-23,15,83,Yes
8124_1,8124,2024-05-24,5,55,No
8124_2,8124,2024-05-25,2,1,No
8125_0,8125,2024-02-01,1,96,No
8125_1,8125,2024-02-02,3,43,Yes
8126_0,8126,2024-05-05,2,59,Yes
8127_0,8127,2024-10-27,1,26,Yes
8127_1,8127,2024-10-28,5,77,No
8127_2,8127,2024-10-29,15,116,No
8128_0,8128,2024-12-27,3,59,Yes
8128_1,8128,2024-12-28,15,83,Yes
8128_2,8128,2024-12-29,13,10,No
8128_3,8128,2024-12-30,11,58,No
8129_0,8129,2024-05-02,15,101,No
8129_1,8129,2024-05-03,3,65,No
8129_2,8129,2024-05-04,5,67,No
8129_3,8129,2024-05-05,11,78,Yes
8129_4,8129,2024-05-06,15,80,No
8130_0,8130,2024-07-29,5,29,No
8131_0,8131,2024-07-01,15,13,No
8131_1,8131,2024-07-02,5,90,No
8131_2,8131,2024-07-03,14,26,No
8132_0,8132,2024-05-10,4,81,Yes
8132_1,8132,2024-05-11,5,63,Yes
8132_2,8132,2024-05-12,6,105,No
8133_0,8133,2024-09-06,11,114,No
8133_1,8133,2024-09-07,13,10,Yes
8133_2,8133,2024-09-08,14,1,No
8133_3,8133,2024-09-09,10,107,No
8134_0,8134,2024-01-31,15,94,Yes
8134_1,8134,2024-02-01,12,117,No
8135_0,8135,2024-03-26,8,107,No
8135_1,8135,2024-03-27,3,21,Yes
8135_2,8135,2024-03-28,13,112,No
8135_3,8135,2024-03-29,8,2,Yes
8135_4,8135,2024-03-30,3,65,No
8136_0,8136,2024-11-29,6,88,Yes
8137_0,8137,2024-07-26,3,27,No
8138_0,8138,2024-01-10,12,113,Yes
8139_0,8139,2024-07-07,13,74,No
8139_1,8139,2024-07-08,4,3,Yes
8139_2,8139,2024-07-09,11,50,No
8140_0,8140,2024-01-21,6,82,Yes
8140_1,8140,2024-01-22,5,82,Yes
8140_2,8140,2024-01-23,11,118,Yes
8141_0,8141,2024-06-01,3,96,No
8141_1,8141,2024-06-02,13,31,No
8142_0,8142,2024-11-24,15,1,No
8142_1,8142,2024-11-25,14,2,No
8143_0,8143,2024-02-21,4,26,Yes
8143_1,8143,2024-02-22,5,70,Yes
8143_2,8143,2024-02-23,5,119,No
8143_3,8143,2024-02-24,8,49,No
8144_0,8144,2024-03-05,4,2,No
8144_1,8144,2024-03-06,12,20,No
8145_0,8145,2024-02-20,13,13,No
8145_1,8145,2024-02-21,14,15,No
8145_2,8145,2024-02-22,2,45,No
8145_3,8145,2024-02-23,9,86,No
8146_0,8146,2024-11-29,3,17,Yes
8146_1,8146,2024-11-30,3,32,No
8146_2,8146,2024-12-01,8,18,Yes
8146_3,8146,2024-12-02,13,41,Yes
8147_0,8147,2024-12-31,3,47,No
8147_1,8147,2025-01-01,15,54,No
8147_2,8147,2025-01-02,10,61,No
8148_0,8148,2024-04-10,3,95,No
8148_1,8148,2024-04-11,9,10,No
8149_0,8149,2024-06-24,12,79,Yes
8149_1,8149,2024-06-25,4,51,Yes
8149_2,8149,2024-06-26,1,69,No
8149_3,8149,2024-06-27,6,71,No
8150_0,8150,2024-12-06,8,98,Yes
8150_1,8150,2024-12-07,4,53,No
8150_2,8150,2024-12-08,13,90,No
8150_3,8150,2024-12-09,14,5,No
8151_0,8151,2024-11-24,4,83,No
8152_0,8152,2024-04-02,12,15,No
8152_1,8152,2024-04-03,1,105,Yes
8152_2,8152,2024-04-04,13,4,No
8152_3,8152,2024-04-05,1,106,No
8152_4,8152,2024-04-06,6,52,No
8153_0,8153,2024-12-23,9,29,No
8154_0,8154,2024-05-31,10,57,No
8154_1,8154,2024-06-01,7,102,No
8154_2,8154,2024-06-02,14,115,Yes
8154_3,8154,2024-06-03,2,111,No
8155_0,8155,2024-11-15,12,75,Yes
8155_1,8155,2024-11-16,15,53,No
8155_2,8155,2024-11-17,11,57,No
8156_0,8156,2024-07-23,15,108,Yes
8156_1,8156,2024-07-24,15,116,No
8156_2,8156,2024-07-25,15,64,No
8156_3,8156,2024-07-26,10,84,No
8157_0,8157,2024-07-29,6,55,No
8158_0,8158,2024-07-09,8,22,Yes
8158_1,8158,2024-07-10,8,27,No
8158_2,8158,2024-07-11,5,44,No
8159_0,8159,2024-12-17,15,38,No
8159_1,8159,2024-12-18,13,118,Yes
8159_2,8159,2024-12-19,15,78,No
8159_3,8159,2024-12-20,8,3,No
8159_4,8159,2024-12-21,3,23,No
8160_0,8160,2024-05-03,15,96,Yes
8160_1,8160,2024-05-04,13,57,No
8161_0,8161,2024-02-24,5,29,No
8161_1,8161,2024-02-25,7,115,No
8161_2,8161,2024-02-26,15,109,No
8162_0,8162,2024-07-03,13,120,No
8162_1,8162,2024-07-04,8,54,No
8162_2,8162,2024-07-05,3,44,No
8162_3,8162,2024-07-06,11,114,Yes
8163_0,8163,2024-06-27,7,96,No
8164_0,8164,2024-10-30,10,15,No
8164_1,8164,2024-10-31,13,72,No
8165_0,8165,2024-02-20,14,103,No
8165_1,8165,2024-02-21,3,102,Yes
8166_0,8166,2024-12-28,13,88,No
8166_1,8166,2024-12-29,2,40,No
8166_2,8166,2024-12-30,7,31,Yes
8167_0,8167,2024-04-08,4,18,Yes
8167_1,8167,2024-04-09,11,68,No
8167_2,8167,2024-04-10,7,11,No
8168_0,8168,2024-11-17,12,59,No
8169_0,8169,2024-10-26,2,108,Yes
8169_1,8169,2024-10-27,14,24,Yes
8169_2,8169,2024-10-28,15,57,No
8170_0,8170,2024-11-11,13,15,No
8171_0,8171,2024-12-04,3,26,No
8172_0,8172,2024-09-22,10,69,No
8173_0,8173,2024-04-25,5,80,Yes
8173_1,8173,2024-04-26,3,113,No
8173_2,8173,2024-04-27,7,34,No
8173_3,8173,2024-04-28,11,60,Yes
8173_4,8173,2024-04-29,6,97,No
8174_0,8174,2024-09-24,11,51,No
8174_1,8174,2024-09-25,7,20,Yes
8174_2,8174,2024-09-26,11,23,No
8174_3,8174,2024-09-27,15,107,Yes
8174_4,8174,2024-09-28,4,115,No
8175_0,8175,2024-08-15,12,25,No
8175_1,8175,2024-08-16,3,12,Yes
8175_2,8175,2024-08-17,5,56,Yes
8175_3,8175,2024-08-18,12,8,No
8176_0,8176,2024-12-12,15,93,No
8177_0,8177,2024-04-02,15,50,No
8177_1,8177,2024-04-03,12,44,No
8177_2,8177,2024-04-04,1,2,No
8177_3,8177,2024-04-05,14,91,No
8178_0,8178,2024-12-18,11,67,No
8178_1,8178,2024-12-19,4,93,No
8178_2,8178,2024-12-20,10,79,Yes
8178_3,8178,2024-12-21,2,53,No
8178_4,8178,2024-12-22,4,32,No
8179_0,8179,2024-01-04,7,106,Yes
8180_0,8180,2024-07-19,5,24,No
8181_0,8181,2024-07-02,9,46,No
8182_0,8182,2024-01-21,4,22,No
8183_0,8183,2024-12-01,1,25,No
8183_1,8183,2024-12-02,9,35,No
8184_0,8184,2024-05-09,5,53,No
8184_1,8184,2024-05-10,3,27,No
8184_2,8184,2024-05-11,7,114,No
8184_3,8184,2024-05-12,13,48,No
8184_4,8184,2024-05-13,3,5,No
8185_0,8185,2024-07-12,13,10,No
8185_1,8185,2024-07-13,4,36,Yes
8185_2,8185,2024-07-14,1,107,No
8185_3,8185,2024-07-15,3,21,Yes
8186_0,8186,2024-08-27,10,11,Yes
8186_1,8186,2024-08-28,11,9,Yes
8186_2,8186,2024-08-29,13,78,No
8186_3,8186,2024-08-30,4,113,No
8187_0,8187,2024-04-06,9,49,Yes
8187_1,8187,2024-04-07,6,103,No
8188_0,8188,2024-08-06,10,87,No
8188_1,8188,2024-08-07,1,40,Yes
8188_2,8188,2024-08-08,13,23,Yes
8188_3,8188,2024-08-09,3,20,Yes
8189_0,8189,2024-10-17,5,90,Yes
8190_0,8190,2024-02-12,13,100,No
8190_1,8190,2024-02-13,2,26,No
8190_2,8190,2024-02-14,13,61,No
8191_0,8191,2024-07-28,15,8,No
8191_1,8191,2024-07-29,1,47,No
8191_2,8191,2024-07-30,5,21,No
8191_3,8191,2024-07-31,4,59,No
8191_4,8191,2024-08-01,11,11,No
8192_0,8192,2024-02-06,9,25,No
8192_1,8192,2024-02-07,15,43,No
8192_2,8192,2024-02-08,14,18,No
8192_3,8192,2024-02-09,7,37,No
8193_0,8193,2024-06-17,2,106,Yes
8193_1,8193,2024-06-18,15,61,Yes
8193_2,8193,2024-06-19,5,45,No
8194_0,8194,2024-10-07,7,102,No
8194_1,8194,2024-10-08,6,109,Yes
8194_2,8194,2024-10-09,13,6,No
8194_3,8194,2024-10-10,13,18,Yes
8195_0,8195,2024-09-13,10,39,No
8195_1,8195,2024-09-14,1,14,Yes
8195_2,8195,2024-09-15,13,93,No
8195_3,8195,2024-09-16,8,72,No
8195_4,8195,2024-09-17,6,2,No
8196_0,8196,2024-03-31,6,32,No
8197_0,8197,2024-11-15,7,17,No
8197_1,8197,2024-11-16,4,26,No
8198_0,8198,2024-12-01,2,30,No
8198_1,8198,2024-12-02,15,101,No
8198_2,8198,2024-12-03,8,76,No
8198_3,8198,2024-12-04,10,94,Yes
8199_0,8199,2024-06-29,6,11,No
8199_1,8199,2024-06-30,7,80,Yes
8199_2,8199,2024-07-01,3,24,Yes
8199_3,8199,2024-07-02,10,28,Yes
8200_0,8200,2024-11-30,15,116,No
8200_1,8200,2024-12-01,13,108,Yes
8200_2,8200,2024-12-02,2,22,No
8200_3,8200,2024-12-03,7,82,Yes
8201_0,8201,2024-05-27,3,55,Yes
8202_0,8202,2024-08-31,4,89,Yes
8202_1,8202,2024-09-01,13,117,Yes
8203_0,8203,2024-04-24,10,9,No
8203_1,8203,2024-04-25,9,82,No
8203_2,8203,2024-04-26,13,32,No
8204_0,8204,2024-06-04,14,105,No
8204_1,8204,2024-06-05,9,11,No
8205_0,8205,2024-10-27,15,29,No
8205_1,8205,2024-10-28,2,94,No
8205_2,8205,2024-10-29,6,73,No
8205_3,8205,2024-10-30,12,64,No
8205_4,8205,2024-10-31,1,74,Yes
8206_0,8206,2024-08-25,12,45,No
8206_1,8206,2024-08-26,6,31,No
8207_0,8207,2024-06-17,15,17,Yes
8207_1,8207,2024-06-18,14,64,No
8207_2,8207,2024-06-19,10,67,No
8207_3,8207,2024-06-20,11,110,No
8208_0,8208,2024-06-25,8,114,Yes
8208_1,8208,2024-06-26,12,42,Yes
8208_2,8208,2024-06-27,5,68,No
8208_3,8208,2024-06-28,9,91,Yes
8208_4,8208,2024-06-29,15,44,No
8209_0,8209,2024-02-24,10,6,No
8210_0,8210,2024-08-11,7,115,No
8211_0,8211,2024-10-15,3,94,No
8211_1,8211,2024-10-16,15,32,No
8211_2,8211,2024-10-17,6,61,Yes
8212_0,8212,2024-04-18,7,21,Yes
8213_0,8213,2024-11-20,12,94,No
8214_0,8214,2024-11-03,14,119,No
8214_1,8214,2024-11-04,14,5,No
8215_0,8215,2024-07-04,11,89,Yes
8215_1,8215,2024-07-05,15,72,No
8215_2,8215,2024-07-06,7,71,No
8216_0,8216,2024-01-21,10,79,Yes
8217_0,8217,2024-11-26,1,109,No
8218_0,8218,2024-11-07,6,10,No
8218_1,8218,2024-11-08,12,14,No
8218_2,8218,2024-11-09,8,12,No
8219_0,8219,2024-04-27,6,105,No
8220_0,8220,2024-02-13,13,94,Yes
8221_0,8221,2024-09-15,10,40,No
8221_1,8221,2024-09-16,1,2,No
8222_0,8222,2024-08-05,14,64,No
8222_1,8222,2024-08-06,8,108,No
8222_2,8222,2024-08-07,6,90,No
8223_0,8223,2024-12-29,7,119,No
8224_0,8224,2024-10-02,8,111,No
8224_1,8224,2024-10-03,7,82,Yes
8224_2,8224,2024-10-04,2,64,Yes
8224_3,8224,2024-10-05,9,35,No
8224_4,8224,2024-10-06,11,102,No
8225_0,8225,2024-12-01,2,78,No
8225_1,8225,2024-12-02,1,54,Yes
8225_2,8225,2024-12-03,11,10,No
8226_0,8226,2024-08-29,5,46,No
8226_1,8226,2024-08-30,9,56,No
8227_0,8227,2024-02-27,2,28,No
8227_1,8227,2024-02-28,11,82,No
8227_2,8227,2024-02-29,9,103,No
8227_3,8227,2024-03-01,14,78,Yes
8228_0,8228,2024-09-26,8,66,No
8229_0,8229,2024-10-13,13,12,No
8229_1,8229,2024-10-14,5,22,Yes
8229_2,8229,2024-10-15,11,96,No
8229_3,8229,2024-10-16,10,88,Yes
8230_0,8230,2024-02-16,13,3,No
8230_1,8230,2024-02-17,4,47,No
8230_2,8230,2024-02-18,5,14,Yes
8231_0,8231,2024-10-06,13,75,No
8232_0,8232,2024-05-14,12,105,No
8232_1,8232,2024-05-15,10,28,No
8233_0,8233,2024-04-02,6,89,No
8233_1,8233,2024-04-03,2,9,No
8233_2,8233,2024-04-04,8,75,No
8233_3,8233,2024-04-05,1,31,No
8234_0,8234,2024-01-13,11,66,No
8234_1,8234,2024-01-14,13,74,Yes
8234_2,8234,2024-01-15,2,101,No
8234_3,8234,2024-01-16,11,100,No
8235_0,8235,2024-01-27,8,111,No
8235_1,8235,2024-01-28,5,69,Yes
8235_2,8235,2024-01-29,2,43,No
8235_3,8235,2024-01-30,15,81,No
8235_4,8235,2024-01-31,5,70,No
8236_0,8236,2024-09-11,3,115,No
8236_1,8236,2024-09-12,12,87,Yes
8236_2,8236,2024-09-13,4,39,No
8236_3,8236,2024-09-14,1,80,No
8236_4,8236,2024-09-15,10,72,No
8237_0,8237,2024-09-24,14,4,No
8238_0,8238,2024-09-23,9,116,No
8238_1,8238,2024-09-24,2,3,Yes
8238_2,8238,2024-09-25,6,59,No
8238_3,8238,2024-09-26,9,119,Yes
8239_0,8239,2024-12-11,12,118,No
8239_1,8239,2024-12-12,6,60,No
8239_2,8239,2024-12-13,10,25,No
8239_3,8239,2024-12-14,8,39,No
8240_0,8240,2024-12-16,14,63,Yes
8241_0,8241,2024-10-03,11,45,No
8241_1,8241,2024-10-04,10,120,Yes
8242_0,8242,2024-01-23,9,116,Yes
8242_1,8242,2024-01-24,4,53,No
8243_0,8243,2024-06-24,12,112,No
8243_1,8243,2024-06-25,5,105,No
8243_2,8243,2024-06-26,2,117,Yes
8243_3,8243,2024-06-27,13,81,No
8244_0,8244,2024-12-13,3,39,No
8245_0,8245,2024-11-23,10,90,No
8245_1,8245,2024-11-24,5,45,No
8245_2,8245,2024-11-25,10,64,No
8246_0,8246,2024-01-23,6,16,Yes
8247_0,8247,2024-11-21,8,57,No
8247_1,8247,2024-11-22,15,77,No
8248_0,8248,2024-06-17,6,62,Yes
8249_0,8249,2024-06-26,13,120,No
8250_0,8250,2024-07-16,13,42,Yes
8250_1,8250,2024-07-17,15,108,No
8251_0,8251,2024-01-15,10,46,No
8251_1,8251,2024-01-16,10,109,No
8251_2,8251,2024-01-17,9,2,Yes
8251_3,8251,2024-01-18,6,103,Yes
8251_4,8251,2024-01-19,6,3,No
8252_0,8252,2024-11-02,7,78,Yes
8252_1,8252,2024-11-03,3,57,Yes
8252_2,8252,2024-11-04,15,28,No
8252_3,8252,2024-11-05,8,50,No
8252_4,8252,2024-11-06,13,58,No
8253_0,8253,2024-09-24,11,39,No
8253_1,8253,2024-09-25,14,113,No
8253_2,8253,2024-09-26,14,70,No
8253_3,8253,2024-09-27,14,56,Yes
8254_0,8254,2024-05-03,3,107,No
8255_0,8255,2024-01-25,5,15,No
8255_1,8255,2024-01-26,9,68,Yes
8256_0,8256,2024-09-12,11,56,No
8256_1,8256,2024-09-13,5,13,No
8256_2,8256,2024-09-14,15,100,No
8256_3,8256,2024-09-15,13,95,Yes
8256_4,8256,2024-09-16,1,80,Yes
8257_0,8257,2024-10-27,2,74,No
8257_1,8257,2024-10-28,13,50,No
8257_2,8257,2024-10-29,4,7,Yes
8257_3,8257,2024-10-30,13,62,No
8257_4,8257,2024-10-31,14,51,No
8258_0,8258,2024-12-25,13,46,No
8258_1,8258,2024-12-26,11,111,Yes
8258_2,8258,2024-12-27,7,14,No
8258_3,8258,2024-12-28,3,21,No
8259_0,8259,2024-01-27,3,71,No
8259_1,8259,2024-01-28,9,14,No
8259_2,8259,2024-01-29,4,16,No
8259_3,8259,2024-01-30,6,55,No
8260_0,8260,2024-09-04,1,81,Yes
8260_1,8260,2024-09-05,4,40,No
8261_0,8261,2024-05-18,9,100,No
8261_1,8261,2024-05-19,14,63,No
8261_2,8261,2024-05-20,13,29,No
8262_0,8262,2024-09-17,2,85,No
8262_1,8262,2024-09-18,15,34,No
8262_2,8262,2024-09-19,2,2,Yes
8262_3,8262,2024-09-20,13,104,No
8263_0,8263,2024-09-14,9,24,No
8263_1,8263,2024-09-15,3,90,No
8264_0,8264,2024-09-26,11,33,No
8264_1,8264,2024-09-27,1,102,No
8264_2,8264,2024-09-28,8,78,No
8265_0,8265,2024-11-23,15,9,Yes
8266_0,8266,2024-03-14,10,31,Yes
8267_0,8267,2024-10-06,15,94,Yes
8267_1,8267,2024-10-07,5,114,Yes
8268_0,8268,2024-02-07,13,22,Yes
8269_0,8269,2024-01-14,13,8,Yes
8270_0,8270,2024-10-21,9,114,No
8271_0,8271,2024-07-23,15,23,Yes
8271_1,8271,2024-07-24,1,3,No
8271_2,8271,2024-07-25,13,38,Yes
8272_0,8272,2024-07-28,11,80,No
8273_0,8273,2024-01-20,10,66,No
8273_1,8273,2024-01-21,2,3,No
8273_2,8273,2024-01-22,4,111,No
8274_0,8274,2024-04-05,9,61,Yes
8274_1,8274,2024-04-06,2,82,No
8274_2,8274,2024-04-07,6,93,No
8274_3,8274,2024-04-08,15,106,No
8275_0,8275,2024-02-14,12,36,No
8275_1,8275,2024-02-15,4,106,No
8276_0,8276,2024-03-19,7,80,No
8276_1,8276,2024-03-20,14,56,Yes
8276_2,8276,2024-03-21,14,50,No
8276_3,8276,2024-03-22,9,120,Yes
8277_0,8277,2024-02-20,7,25,Yes
8278_0,8278,2024-06-15,5,9,Yes
8278_1,8278,2024-06-16,9,36,No
8278_2,8278,2024-06-17,14,1,Yes
8279_0,8279,2024-12-02,10,55,Yes
8279_1,8279,2024-12-03,1,7,No
8279_2,8279,2024-12-04,15,91,No
8279_3,8279,2024-12-05,1,22,Yes
8280_0,8280,2024-06-23,7,102,Yes
8281_0,8281,2024-12-14,2,114,Yes
8281_1,8281,2024-12-15,3,92,No
8282_0,8282,2024-02-23,14,91,No
8283_0,8283,2024-12-09,13,108,No
8283_1,8283,2024-12-10,4,71,No
8283_2,8283,2024-12-11,12,92,No
8283_3,8283,2024-12-12,3,104,No
8283_4,8283,2024-12-13,2,71,No
8284_0,8284,2024-10-16,14,116,No
8284_1,8284,2024-10-17,13,44,No
8284_2,8284,2024-10-18,12,24,No
8284_3,8284,2024-10-19,15,108,No
8284_4,8284,2024-10-20,11,61,Yes
8285_0,8285,2024-11-11,7,80,Yes
8285_1,8285,2024-11-12,12,13,No
8285_2,8285,2024-11-13,1,104,No
8286_0,8286,2024-06-28,13,4,No
8286_1,8286,2024-06-29,12,89,No
8286_2,8286,2024-06-30,10,116,No
8286_3,8286,2024-07-01,11,19,No
8286_4,8286,2024-07-02,7,85,No
8287_0,8287,2024-06-10,1,104,Yes
8287_1,8287,2024-06-11,11,20,Yes
8287_2,8287,2024-06-12,10,104,Yes
8287_3,8287,2024-06-13,7,17,No
8287_4,8287,2024-06-14,13,18,No
8288_0,8288,2024-11-03,10,4,No
8288_1,8288,2024-11-04,2,42,No
8288_2,8288,2024-11-05,8,91,No
8288_3,8288,2024-11-06,2,29,No
8288_4,8288,2024-11-07,15,66,No
8289_0,8289,2024-11-18,11,32,No
8290_0,8290,2024-02-08,2,95,Yes
8290_1,8290,2024-02-09,11,85,No
8291_0,8291,2024-12-16,13,87,No
8292_0,8292,2024-07-10,9,44,No
8292_1,8292,2024-07-11,12,31,No
8292_2,8292,2024-07-12,11,53,Yes
8292_3,8292,2024-07-13,4,70,No
8293_0,8293,2024-08-02,7,27,No
8293_1,8293,2024-08-03,3,67,Yes
8294_0,8294,2024-09-09,7,72,Yes
8294_1,8294,2024-09-10,14,35,No
8294_2,8294,2024-09-11,5,27,No
8295_0,8295,2024-04-25,5,3,No
8296_0,8296,2024-03-21,11,49,Yes
8296_1,8296,2024-03-22,1,11,No
8296_2,8296,2024-03-23,6,94,Yes
8296_3,8296,2024-03-24,2,79,No
8297_0,8297,2024-04-11,4,96,No
8297_1,8297,2024-04-12,15,26,Yes
8297_2,8297,2024-04-13,2,93,No
8298_0,8298,2024-07-25,7,77,Yes
8299_0,8299,2024-10-30,1,58,Yes
8299_1,8299,2024-10-31,15,105,No
8299_2,8299,2024-11-01,12,65,Yes
8299_3,8299,2024-11-02,11,88,No
8300_0,8300,2024-10-19,7,63,No
8301_0,8301,2024-12-24,11,9,Yes
8301_1,8301,2024-12-25,10,22,Yes
8302_0,8302,2024-04-10,10,118,Yes
8302_1,8302,2024-04-11,13,48,Yes
8302_2,8302,2024-04-12,13,65,Yes
8302_3,8302,2024-04-13,11,88,No
8303_0,8303,2024-10-22,1,16,Yes
8303_1,8303,2024-10-23,9,32,No
8303_2,8303,2024-10-24,6,99,Yes
8303_3,8303,2024-10-25,4,68,Yes
8304_0,8304,2024-09-19,14,8,Yes
8304_1,8304,2024-09-20,14,107,No
8304_2,8304,2024-09-21,5,31,No
8305_0,8305,2024-05-03,4,67,No
8305_1,8305,2024-05-04,8,93,Yes
8306_0,8306,2024-04-03,7,83,Yes
8307_0,8307,2024-12-04,10,14,No
8307_1,8307,2024-12-05,1,71,Yes
8307_2,8307,2024-12-06,9,69,No
8307_3,8307,2024-12-07,14,7,No
8308_0,8308,2024-10-17,1,52,Yes
8308_1,8308,2024-10-18,7,45,No
8308_2,8308,2024-10-19,12,34,No
8309_0,8309,2024-10-03,13,9,Yes
8309_1,8309,2024-10-04,11,93,No
8309_2,8309,2024-10-05,8,80,No
8309_3,8309,2024-10-06,12,23,No
8310_0,8310,2024-09-01,4,53,No
8310_1,8310,2024-09-02,15,73,No
8310_2,8310,2024-09-03,7,68,Yes
8310_3,8310,2024-09-04,7,44,Yes
8311_0,8311,2024-01-27,8,40,No
8311_1,8311,2024-01-28,14,119,No
8312_0,8312,2024-03-18,4,50,No
8312_1,8312,2024-03-19,1,62,Yes
8312_2,8312,2024-03-20,9,10,Yes
8312_3,8312,2024-03-21,11,15,Yes
8313_0,8313,2024-09-06,9,55,No
8313_1,8313,2024-09-07,14,57,No
8313_2,8313,2024-09-08,7,41,No
8314_0,8314,2024-11-12,10,69,Yes
8314_1,8314,2024-11-13,10,112,No
8315_0,8315,2024-06-07,12,31,No
8315_1,8315,2024-06-08,15,66,No
8315_2,8315,2024-06-09,8,54,No
8316_0,8316,2024-07-26,11,101,No
8317_0,8317,2024-03-04,13,29,Yes
8317_1,8317,2024-03-05,9,22,No
8318_0,8318,2024-02-06,10,75,Yes
8318_1,8318,2024-02-07,15,99,No
8318_2,8318,2024-02-08,12,72,No
8319_0,8319,2024-04-11,13,6,No
8319_1,8319,2024-04-12,14,62,Yes
8320_0,8320,2024-02-05,1,7,No
8320_1,8320,2024-02-06,9,1,Yes
8321_0,8321,2024-02-25,12,38,Yes
8321_1,8321,2024-02-26,8,42,No
8321_2,8321,2024-02-27,12,46,No
8322_0,8322,2024-04-30,3,39,No
8322_1,8322,2024-05-01,3,24,Yes
8322_2,8322,2024-05-02,8,50,No
8322_3,8322,2024-05-03,4,94,Yes
8322_4,8322,2024-05-04,3,31,Yes
8323_0,8323,2024-04-16,7,56,No
8323_1,8323,2024-04-17,12,49,No
8323_2,8323,2024-04-18,13,118,No
8323_3,8323,2024-04-19,7,96,No
8323_4,8323,2024-04-20,6,51,No
8324_0,8324,2024-07-06,12,67,No
8324_1,8324,2024-07-07,5,103,No
8324_2,8324,2024-07-08,2,95,No
8324_3,8324,2024-07-09,8,22,No
8325_0,8325,2024-01-19,13,77,No
8325_1,8325,2024-01-20,13,119,No
8326_0,8326,2024-07-24,15,25,No
8326_1,8326,2024-07-25,9,93,No
8326_2,8326,2024-07-26,8,33,No
8327_0,8327,2024-07-31,14,114,No
8328_0,8328,2024-12-03,15,81,Yes
8328_1,8328,2024-12-04,5,12,No
8329_0,8329,2024-12-04,12,23,No
8330_0,8330,2024-02-10,4,44,No
8330_1,8330,2024-02-11,7,112,No
8331_0,8331,2024-11-18,9,76,Yes
8331_1,8331,2024-11-19,12,75,No
8331_2,8331,2024-11-20,5,49,No
8331_3,8331,2024-11-21,5,83,No
8332_0,8332,2024-06-05,14,83,No
8332_1,8332,2024-06-06,1,23,No
8332_2,8332,2024-06-07,5,10,No
8332_3,8332,2024-06-08,11,21,Yes
8333_0,8333,2024-12-13,12,91,No
8333_1,8333,2024-12-14,6,6,Yes
8333_2,8333,2024-12-15,5,18,No
8333_3,8333,2024-12-16,12,86,No
8334_0,8334,2024-06-23,2,107,No
8334_1,8334,2024-06-24,14,71,No
8334_2,8334,2024-06-25,8,11,No
8334_3,8334,2024-06-26,4,53,Yes
8335_0,8335,2024-08-14,6,58,Yes
8336_0,8336,2024-06-06,1,104,No
8336_1,8336,2024-06-07,9,118,No
8336_2,8336,2024-06-08,4,65,No
8336_3,8336,2024-06-09,4,70,No
8337_0,8337,2024-03-12,9,98,No
8337_1,8337,2024-03-13,3,93,Yes
8337_2,8337,2024-03-14,2,95,No
8337_3,8337,2024-03-15,7,94,No
8337_4,8337,2024-03-16,11,113,No
8338_0,8338,2024-10-12,10,92,No
8338_1,8338,2024-10-13,10,58,Yes
8338_2,8338,2024-10-14,4,24,Yes
8338_3,8338,2024-10-15,14,35,Yes
8338_4,8338,2024-10-16,4,101,No
8339_0,8339,2024-08-28,14,110,Yes
8340_0,8340,2024-12-26,12,42,Yes
8340_1,8340,2024-12-27,11,62,No
8340_2,8340,2024-12-28,13,70,Yes
8341_0,8341,2024-04-21,2,60,Yes
8341_1,8341,2024-04-22,8,9,Yes
8341_2,8341,2024-04-23,15,111,No
8342_0,8342,2024-03-04,12,16,Yes
8342_1,8342,2024-03-05,12,17,No
8342_2,8342,2024-03-06,7,97,No
8342_3,8342,2024-03-07,7,80,Yes
8342_4,8342,2024-03-08,1,97,Yes
8343_0,8343,2024-10-30,3,28,No
8344_0,8344,2024-12-02,12,31,No
8344_1,8344,2024-12-03,8,71,No
8344_2,8344,2024-12-04,15,31,No
8344_3,8344,2024-12-05,10,32,No
8344_4,8344,2024-12-06,5,42,Yes
8345_0,8345,2024-04-14,14,93,No
8345_1,8345,2024-04-15,10,109,No
8346_0,8346,2024-10-13,5,57,No
8346_1,8346,2024-10-14,2,54,No
8346_2,8346,2024-10-15,2,11,No
8347_0,8347,2024-03-28,2,102,No
8347_1,8347,2024-03-29,1,17,No
8347_2,8347,2024-03-30,3,93,Yes
8347_3,8347,2024-03-31,14,104,Yes
8348_0,8348,2024-05-20,13,42,No
8348_1,8348,2024-05-21,4,34,No
8348_2,8348,2024-05-22,13,109,No
8348_3,8348,2024-05-23,12,41,Yes
8349_0,8349,2024-08-05,13,117,No
8349_1,8349,2024-08-06,11,100,No
8350_0,8350,2024-04-16,11,63,Yes
8350_1,8350,2024-04-17,2,86,No
8350_2,8350,2024-04-18,11,34,Yes
8350_3,8350,2024-04-19,7,88,No
8350_4,8350,2024-04-20,4,32,No
8351_0,8351,2024-05-05,10,87,No
8351_1,8351,2024-05-06,1,67,No
8351_2,8351,2024-05-07,9,95,Yes
8351_3,8351,2024-05-08,3,115,No
8351_4,8351,2024-05-09,4,62,No
8352_0,8352,2024-08-07,4,42,No
8352_1,8352,2024-08-08,14,89,No
8352_2,8352,2024-08-09,5,114,No
8352_3,8352,2024-08-10,15,7,No
8353_0,8353,2024-02-28,15,50,Yes
8353_1,8353,2024-02-29,14,31,No
8353_2,8353,2024-03-01,8,95,No
8354_0,8354,2024-09-07,11,96,Yes
8354_1,8354,2024-09-08,4,97,No
8354_2,8354,2024-09-09,14,99,Yes
8355_0,8355,2024-07-08,7,60,No
8355_1,8355,2024-07-09,8,7,No
8355_2,8355,2024-07-10,1,90,Yes
8356_0,8356,2024-09-02,8,78,No
8356_1,8356,2024-09-03,5,69,No
8356_2,8356,2024-09-04,13,4,No
8357_0,8357,2024-08-06,12,65,No
8358_0,8358,2024-01-15,15,1,Yes
8359_0,8359,2024-11-08,1,98,Yes
8359_1,8359,2024-11-09,1,18,No
8359_2,8359,2024-11-10,3,53,No
8359_3,8359,2024-11-11,4,44,No
8359_4,8359,2024-11-12,13,54,No
8360_0,8360,2024-04-05,4,56,Yes
8360_1,8360,2024-04-06,7,55,Yes
8360_2,8360,2024-04-07,8,13,Yes
8360_3,8360,2024-04-08,4,9,No
8360_4,8360,2024-04-09,7,71,Yes
8361_0,8361,2024-02-18,11,2,No
8361_1,8361,2024-02-19,7,34,No
8361_2,8361,2024-02-20,1,116,No
8362_0,8362,2024-02-27,7,7,Yes
8362_1,8362,2024-02-28,10,93,Yes
8363_0,8363,2024-10-31,9,111,Yes
8364_0,8364,2024-07-17,9,82,No
8364_1,8364,2024-07-18,10,62,No
8364_2,8364,2024-07-19,15,38,Yes
8364_3,8364,2024-07-20,2,76,No
8365_0,8365,2024-10-14,1,41,Yes
8365_1,8365,2024-10-15,5,16,Yes
8365_2,8365,2024-10-16,1,33,No
8366_0,8366,2024-08-03,3,44,Yes
8366_1,8366,2024-08-04,1,108,Yes
8366_2,8366,2024-08-05,5,39,No
8366_3,8366,2024-08-06,2,8,No
8366_4,8366,2024-08-07,1,55,No
8367_0,8367,2024-02-08,8,25,No
8368_0,8368,2024-04-28,2,7,No
8368_1,8368,2024-04-29,9,53,No
8368_2,8368,2024-04-30,15,105,No
8369_0,8369,2024-05-30,12,30,Yes
8369_1,8369,2024-05-31,11,106,Yes
8369_2,8369,2024-06-01,14,31,No
8369_3,8369,2024-06-02,9,7,No
8370_0,8370,2024-12-25,12,106,Yes
8370_1,8370,2024-12-26,12,89,No
8370_2,8370,2024-12-27,15,27,Yes
8371_0,8371,2024-05-16,1,52,No
8371_1,8371,2024-05-17,2,96,No
8371_2,8371,2024-05-18,5,39,Yes
8372_0,8372,2024-12-17,10,71,No
8372_1,8372,2024-12-18,3,116,No
8372_2,8372,2024-12-19,8,86,No
8373_0,8373,2024-09-06,15,47,Yes
8373_1,8373,2024-09-07,12,119,No
8373_2,8373,2024-09-08,1,14,Yes
8373_3,8373,2024-09-09,3,5,Yes
8373_4,8373,2024-09-10,9,53,No
8374_0,8374,2024-08-02,13,59,No
8375_0,8375,2024-12-31,4,82,No
8375_1,8375,2025-01-01,11,24,Yes
8375_2,8375,2025-01-02,8,21,Yes
8375_3,8375,2025-01-03,8,59,Yes
8376_0,8376,2024-12-02,3,5,No
8376_1,8376,2024-12-03,9,25,No
8376_2,8376,2024-12-04,14,85,Yes
8376_3,8376,2024-12-05,8,20,Yes
8376_4,8376,2024-12-06,6,115,No
8377_0,8377,2024-07-24,6,115,No
8377_1,8377,2024-07-25,8,18,Yes
8378_0,8378,2024-10-22,8,83,Yes
8378_1,8378,2024-10-23,8,75,No
8378_2,8378,2024-10-24,7,81,Yes
8378_3,8378,2024-10-25,2,28,Yes
8378_4,8378,2024-10-26,9,46,Yes
8379_0,8379,2024-04-25,12,107,Yes
8379_1,8379,2024-04-26,14,38,No
8380_0,8380,2024-07-15,5,76,No
8380_1,8380,2024-07-16,13,38,No
8381_0,8381,2024-12-27,14,28,No
8381_1,8381,2024-12-28,4,59,Yes
8381_2,8381,2024-12-29,8,108,No
8381_3,8381,2024-12-30,15,28,No
8382_0,8382,2024-11-19,11,60,No
8382_1,8382,2024-11-20,2,90,No
8382_2,8382,2024-11-21,15,116,Yes
8382_3,8382,2024-11-22,5,26,Yes
8383_0,8383,2024-07-08,5,67,Yes
8383_1,8383,2024-07-09,10,27,No
8383_2,8383,2024-07-10,11,87,No
8384_0,8384,2024-01-14,3,1,Yes
8384_1,8384,2024-01-15,3,78,Yes
8384_2,8384,2024-01-16,14,89,No
8384_3,8384,2024-01-17,11,115,Yes
8384_4,8384,2024-01-18,9,40,No
8385_0,8385,2024-11-07,9,27,No
8385_1,8385,2024-11-08,4,91,No
8385_2,8385,2024-11-09,7,41,No
8386_0,8386,2024-02-06,6,74,No
8386_1,8386,2024-02-07,11,96,No
8386_2,8386,2024-02-08,15,69,Yes
8387_0,8387,2024-09-15,11,36,No
8388_0,8388,2024-12-05,15,28,No
8388_1,8388,2024-12-06,15,45,Yes
8388_2,8388,2024-12-07,11,69,Yes
8389_0,8389,2024-08-20,7,66,No
8389_1,8389,2024-08-21,15,2,No
8390_0,8390,2024-07-28,6,79,Yes
8390_1,8390,2024-07-29,11,25,No
8390_2,8390,2024-07-30,6,34,No
8391_0,8391,2024-12-25,14,117,No
8391_1,8391,2024-12-26,10,51,No
8392_0,8392,2024-12-05,6,28,No
8392_1,8392,2024-12-06,2,46,No
8392_2,8392,2024-12-07,1,106,No
8392_3,8392,2024-12-08,13,107,No
8392_4,8392,2024-12-09,10,5,No
8393_0,8393,2024-10-10,3,8,Yes
8394_0,8394,2024-03-11,12,57,No
8394_1,8394,2024-03-12,13,84,Yes
8394_2,8394,2024-03-13,5,82,No
8394_3,8394,2024-03-14,10,118,Yes
8395_0,8395,2024-10-20,5,12,No
8395_1,8395,2024-10-21,12,14,Yes
8396_0,8396,2024-10-24,9,49,No
8396_1,8396,2024-10-25,14,106,No
8396_2,8396,2024-10-26,14,72,No
8397_0,8397,2024-07-02,10,99,No
8397_1,8397,2024-07-03,10,12,No
8397_2,8397,2024-07-04,6,31,Yes
8397_3,8397,2024-07-05,11,39,Yes
8397_4,8397,2024-07-06,8,78,No
8398_0,8398,2024-03-27,6,105,No
8399_0,8399,2024-12-24,6,37,No
8400_0,8400,2024-07-09,6,31,No
8400_1,8400,2024-07-10,5,30,Yes
8400_2,8400,2024-07-11,15,83,No
8401_0,8401,2024-04-13,11,90,No
8401_1,8401,2024-04-14,2,83,No
8401_2,8401,2024-04-15,5,43,Yes
8401_3,8401,2024-04-16,2,104,No
8401_4,8401,2024-04-17,1,19,No
8402_0,8402,2024-12-26,2,58,Yes
8402_1,8402,2024-12-27,7,96,Yes
8402_2,8402,2024-12-28,6,96,No
8402_3,8402,2024-12-29,11,52,Yes
8403_0,8403,2024-02-18,14,21,No
8403_1,8403,2024-02-19,7,58,No
8404_0,8404,2024-11-25,12,40,No
8405_0,8405,2024-02-01,8,29,Yes
8406_0,8406,2024-11-22,13,1,No
8406_1,8406,2024-11-23,11,38,No
8407_0,8407,2024-02-03,10,120,No
8407_1,8407,2024-02-04,13,67,No
8408_0,8408,2024-03-29,1,81,Yes
8408_1,8408,2024-03-30,13,17,No
8408_2,8408,2024-03-31,3,101,Yes
8408_3,8408,2024-04-01,12,30,No
8408_4,8408,2024-04-02,6,106,Yes
8409_0,8409,2024-07-12,6,12,No
8409_1,8409,2024-07-13,8,82,No
8409_2,8409,2024-07-14,6,11,No
8410_0,8410,2024-01-29,10,22,Yes
8410_1,8410,2024-01-30,5,111,No
8410_2,8410,2024-01-31,5,4,No
8411_0,8411,2024-08-13,5,36,No
8411_1,8411,2024-08-14,15,80,No
8412_0,8412,2024-08-29,7,44,Yes
8412_1,8412,2024-08-30,15,25,No
8412_2,8412,2024-08-31,7,21,No
8413_0,8413,2024-08-03,8,89,Yes
8413_1,8413,2024-08-04,2,87,Yes
8413_2,8413,2024-08-05,15,35,No
8413_3,8413,2024-08-06,2,1,No
8413_4,8413,2024-08-07,3,90,No
8414_0,8414,2024-04-25,3,67,No
8415_0,8415,2024-03-07,3,77,No
8415_1,8415,2024-03-08,13,61,Yes
8415_2,8415,2024-03-09,2,56,Yes
8415_3,8415,2024-03-10,8,53,Yes
8415_4,8415,2024-03-11,11,30,No
8416_0,8416,2024-03-02,5,27,No
8416_1,8416,2024-03-03,7,72,No
8416_2,8416,2024-03-04,6,96,No
8417_0,8417,2024-01-09,3,16,No
8417_1,8417,2024-01-10,11,17,No
8418_0,8418,2024-03-16,5,39,No
8418_1,8418,2024-03-17,2,71,Yes
8419_0,8419,2024-04-10,1,58,No
8420_0,8420,2024-09-20,11,99,Yes
8421_0,8421,2024-01-24,4,81,No
8421_1,8421,2024-01-25,15,9,No
8421_2,8421,2024-01-26,13,24,No
8421_3,8421,2024-01-27,14,31,No
8422_0,8422,2024-05-15,15,22,No
8423_0,8423,2024-11-13,9,73,No
8423_1,8423,2024-11-14,5,66,No
8424_0,8424,2024-04-26,1,7,No
8424_1,8424,2024-04-27,8,88,No
8424_2,8424,2024-04-28,7,88,No
8424_3,8424,2024-04-29,14,8,Yes
8425_0,8425,2024-06-21,9,64,No
8425_1,8425,2024-06-22,4,15,No
8425_2,8425,2024-06-23,1,76,Yes
8425_3,8425,2024-06-24,9,81,No
8426_0,8426,2024-01-25,9,90,No
8427_0,8427,2024-05-19,12,26,No
8427_1,8427,2024-05-20,10,111,No
8428_0,8428,2024-01-11,14,93,No
8428_1,8428,2024-01-12,8,101,No
8428_2,8428,2024-01-13,5,38,No
8428_3,8428,2024-01-14,8,31,No
8429_0,8429,2024-09-22,10,104,Yes
8429_1,8429,2024-09-23,2,66,No
8429_2,8429,2024-09-24,9,7,No
8429_3,8429,2024-09-25,3,84,Yes
8429_4,8429,2024-09-26,12,106,No
8430_0,8430,2024-11-09,12,32,No
8430_1,8430,2024-11-10,4,119,Yes
8430_2,8430,2024-11-11,13,74,No
8431_0,8431,2024-05-29,12,37,Yes
8431_1,8431,2024-05-30,11,56,No
8431_2,8431,2024-05-31,12,89,No
8431_3,8431,2024-06-01,12,13,Yes
8432_0,8432,2024-09-02,8,98,Yes
8432_1,8432,2024-09-03,10,66,No
8432_2,8432,2024-09-04,1,22,Yes
8433_0,8433,2024-09-25,12,63,Yes
8433_1,8433,2024-09-26,1,12,No
8433_2,8433,2024-09-27,6,50,No
8433_3,8433,2024-09-28,1,80,No
8433_4,8433,2024-09-29,7,114,No
8434_0,8434,2024-05-29,1,76,Yes
8434_1,8434,2024-05-30,4,93,No
8434_2,8434,2024-05-31,14,77,Yes
8435_0,8435,2024-05-31,3,3,No
8436_0,8436,2024-03-08,14,12,No
8436_1,8436,2024-03-09,13,10,No
8436_2,8436,2024-03-10,2,101,No
8437_0,8437,2024-06-11,3,69,Yes
8437_1,8437,2024-06-12,4,109,No
8437_2,8437,2024-06-13,3,102,No
8437_3,8437,2024-06-14,8,27,No
8437_4,8437,2024-06-15,3,79,No
8438_0,8438,2024-05-05,9,42,No
8438_1,8438,2024-05-06,15,97,Yes
8438_2,8438,2024-05-07,11,78,Yes
8438_3,8438,2024-05-08,13,33,No
8438_4,8438,2024-05-09,8,44,Yes
8439_0,8439,2024-11-05,15,54,Yes
8439_1,8439,2024-11-06,5,71,Yes
8440_0,8440,2024-06-29,15,89,No
8440_1,8440,2024-06-30,5,34,No
8440_2,8440,2024-07-01,13,113,No
8441_0,8441,2024-06-11,2,38,No
8441_1,8441,2024-06-12,5,75,No
8441_2,8441,2024-06-13,3,18,Yes
8442_0,8442,2024-03-10,7,81,Yes
8443_0,8443,2024-08-21,8,61,No
8444_0,8444,2024-04-14,6,28,No
8444_1,8444,2024-04-15,2,5,No
8444_2,8444,2024-04-16,13,111,No
8444_3,8444,2024-04-17,2,98,No
8444_4,8444,2024-04-18,1,52,Yes
8445_0,8445,2024-04-23,9,24,No
8445_1,8445,2024-04-24,13,115,No
8445_2,8445,2024-04-25,11,70,No
8445_3,8445,2024-04-26,8,105,Yes
8445_4,8445,2024-04-27,1,31,No
8446_0,8446,2024-02-20,6,64,Yes
8446_1,8446,2024-02-21,11,73,No
8446_2,8446,2024-02-22,15,47,Yes
8447_0,8447,2024-02-25,15,17,No
8447_1,8447,2024-02-26,14,100,No
8447_2,8447,2024-02-27,11,81,No
8448_0,8448,2024-06-20,15,109,No
8448_1,8448,2024-06-21,6,5,Yes
8448_2,8448,2024-06-22,5,117,Yes
8449_0,8449,2024-06-15,10,2,Yes
8450_0,8450,2024-01-03,1,120,Yes
8450_1,8450,2024-01-04,1,44,No
8450_2,8450,2024-01-05,6,85,Yes
8451_0,8451,2024-10-15,13,13,No
8452_0,8452,2024-12-05,4,106,No
8452_1,8452,2024-12-06,13,58,No
8452_2,8452,2024-12-07,2,22,No
8453_0,8453,2024-08-03,10,13,No
8453_1,8453,2024-08-04,14,85,No
8454_0,8454,2024-02-12,6,15,Yes
8454_1,8454,2024-02-13,2,91,No
8454_2,8454,2024-02-14,12,93,Yes
8454_3,8454,2024-02-15,9,49,No
8454_4,8454,2024-02-16,14,108,No
8455_0,8455,2024-06-26,3,114,No
8456_0,8456,2024-03-19,9,63,No
8456_1,8456,2024-03-20,4,41,No
8456_2,8456,2024-03-21,13,31,No
8457_0,8457,2024-10-20,8,110,Yes
8457_1,8457,2024-10-21,12,69,No
8458_0,8458,2024-09-12,12,18,No
8458_1,8458,2024-09-13,11,13,No
8458_2,8458,2024-09-14,5,81,No
8458_3,8458,2024-09-15,1,89,Yes
8459_0,8459,2024-03-16,1,64,No
8459_1,8459,2024-03-17,13,84,No
8459_2,8459,2024-03-18,3,67,Yes
8459_3,8459,2024-03-19,11,15,Yes
8459_4,8459,2024-03-20,2,26,No
8460_0,8460,2024-09-07,1,101,No
8460_1,8460,2024-09-08,3,93,Yes
8460_2,8460,2024-09-09,13,52,No
8460_3,8460,2024-09-10,6,104,No
8461_0,8461,2024-05-25,9,69,No
8461_1,8461,2024-05-26,11,117,No
8461_2,8461,2024-05-27,14,9,Yes
8461_3,8461,2024-05-28,9,7,No
8461_4,8461,2024-05-29,1,101,No
8462_0,8462,2024-04-12,13,34,No
8462_1,8462,2024-04-13,12,13,No
8463_0,8463,2024-02-11,7,67,No
8463_1,8463,2024-02-12,13,58,Yes
8463_2,8463,2024-02-13,12,30,No
8463_3,8463,2024-02-14,14,71,No
8464_0,8464,2024-06-01,1,28,No
8464_1,8464,2024-06-02,4,8,No
8464_2,8464,2024-06-03,1,80,No
8464_3,8464,2024-06-04,11,64,No
8464_4,8464,2024-06-05,10,60,No
8465_0,8465,2024-03-14,9,57,Yes
8465_1,8465,2024-03-15,8,7,Yes
8466_0,8466,2024-10-16,7,80,No
8466_1,8466,2024-10-17,8,64,No
8466_2,8466,2024-10-18,11,102,No
8466_3,8466,2024-10-19,6,32,No
8466_4,8466,2024-10-20,2,114,No
8467_0,8467,2024-09-07,13,115,No
8468_0,8468,2024-05-19,10,44,Yes
8469_0,8469,2024-09-23,8,74,Yes
8469_1,8469,2024-09-24,6,4,Yes
8470_0,8470,2024-12-01,12,94,Yes
8470_1,8470,2024-12-02,7,96,Yes
8471_0,8471,2024-04-27,8,59,No
8471_1,8471,2024-04-28,14,25,No
8471_2,8471,2024-04-29,3,43,No
8471_3,8471,2024-04-30,11,38,Yes
8472_0,8472,2024-01-05,1,16,Yes
8472_1,8472,2024-01-06,4,54,Yes
8472_2,8472,2024-01-07,11,30,Yes
8473_0,8473,2024-04-21,9,67,No
8473_1,8473,2024-04-22,11,5,No
8473_2,8473,2024-04-23,14,67,No
8473_3,8473,2024-04-24,3,117,Yes
8473_4,8473,2024-04-25,14,5,No
8474_0,8474,2024-10-17,5,32,Yes
8475_0,8475,2024-06-25,6,57,No
8475_1,8475,2024-06-26,13,11,No
8475_2,8475,2024-06-27,2,9,No
8475_3,8475,2024-06-28,14,5,Yes
8476_0,8476,2024-10-31,7,114,No
8476_1,8476,2024-11-01,6,14,Yes
8476_2,8476,2024-11-02,7,37,No
8476_3,8476,2024-11-03,8,113,No
8476_4,8476,2024-11-04,1,64,Yes
8477_0,8477,2024-04-07,14,107,No
8477_1,8477,2024-04-08,1,28,No
8477_2,8477,2024-04-09,9,118,Yes
8478_0,8478,2024-06-21,8,30,Yes
8479_0,8479,2024-01-08,10,15,No
8479_1,8479,2024-01-09,1,52,Yes
8479_2,8479,2024-01-10,1,4,No
8479_3,8479,2024-01-11,9,37,No
8479_4,8479,2024-01-12,4,31,No
8480_0,8480,2024-08-09,9,50,No
8480_1,8480,2024-08-10,4,67,Yes
8480_2,8480,2024-08-11,7,120,Yes
8481_0,8481,2024-06-08,10,20,No
8481_1,8481,2024-06-09,15,42,No
8481_2,8481,2024-06-10,5,87,No
8481_3,8481,2024-06-11,5,25,No
8481_4,8481,2024-06-12,15,31,Yes
8482_0,8482,2024-03-27,8,110,No
8482_1,8482,2024-03-28,8,7,No
8482_2,8482,2024-03-29,7,66,No
8483_0,8483,2024-11-17,12,27,No
8483_1,8483,2024-11-18,9,118,No
8483_2,8483,2024-11-19,11,37,No
8483_3,8483,2024-11-20,2,108,No
8483_4,8483,2024-11-21,6,113,Yes
8484_0,8484,2024-01-06,8,120,Yes
8484_1,8484,2024-01-07,13,22,No
8485_0,8485,2024-04-30,5,43,Yes
8485_1,8485,2024-05-01,9,34,No
8486_0,8486,2024-01-06,1,56,No
8487_0,8487,2024-11-09,15,108,No
8488_0,8488,2024-11-29,3,112,No
8488_1,8488,2024-11-30,2,23,Yes
8488_2,8488,2024-12-01,1,118,Yes
8488_3,8488,2024-12-02,12,102,Yes
8489_0,8489,2024-10-03,10,63,Yes
8490_0,8490,2024-04-11,4,27,No
8490_1,8490,2024-04-12,11,102,Yes
8490_2,8490,2024-04-13,7,31,No
8490_3,8490,2024-04-14,3,99,Yes
8490_4,8490,2024-04-15,8,92,No
8491_0,8491,2024-07-31,1,24,Yes
8491_1,8491,2024-08-01,4,92,Yes
8492_0,8492,2024-07-13,6,27,Yes
8492_1,8492,2024-07-14,15,75,No
8492_2,8492,2024-07-15,2,21,Yes
8493_0,8493,2024-07-17,10,18,Yes
8494_0,8494,2024-12-05,2,43,No
8494_1,8494,2024-12-06,4,90,No
8494_2,8494,2024-12-07,15,114,Yes
8495_0,8495,2024-08-21,6,34,No
8495_1,8495,2024-08-22,6,68,No
8495_2,8495,2024-08-23,4,102,No
8496_0,8496,2024-09-30,4,1,Yes
8496_1,8496,2024-10-01,10,76,No
8497_0,8497,2024-06-18,1,111,Yes
8497_1,8497,2024-06-19,3,100,No
8498_0,8498,2024-05-13,8,92,Yes
8498_1,8498,2024-05-14,11,117,No
8498_2,8498,2024-05-15,6,20,No
8498_3,8498,2024-05-16,7,80,No
8498_4,8498,2024-05-17,7,35,No
8499_0,8499,2024-04-25,9,2,No
8499_1,8499,2024-04-26,10,30,No
8500_0,8500,2024-11-10,10,22,Yes
8500_1,8500,2024-11-11,6,21,No
8501_0,8501,2024-01-12,14,23,Yes
8501_1,8501,2024-01-13,10,67,No
8501_2,8501,2024-01-14,7,66,No
8502_0,8502,2024-07-15,9,40,No
8502_1,8502,2024-07-16,10,43,Yes
8502_2,8502,2024-07-17,6,78,Yes
8502_3,8502,2024-07-18,8,3,No
8503_0,8503,2024-04-24,1,38,No
8503_1,8503,2024-04-25,8,4,No
8504_0,8504,2024-02-07,8,41,Yes
8504_1,8504,2024-02-08,13,15,No
8504_2,8504,2024-02-09,8,19,Yes
8504_3,8504,2024-02-10,3,92,No
8504_4,8504,2024-02-11,8,24,No
8505_0,8505,2024-05-25,12,115,No
8505_1,8505,2024-05-26,12,18,No
8505_2,8505,2024-05-27,4,89,Yes
8505_3,8505,2024-05-28,5,51,No
8505_4,8505,2024-05-29,3,33,No
8506_0,8506,2024-07-18,13,117,Yes
8506_1,8506,2024-07-19,10,59,Yes
8506_2,8506,2024-07-20,4,61,Yes
8506_3,8506,2024-07-21,5,68,No
8506_4,8506,2024-07-22,4,80,No
8507_0,8507,2024-09-25,8,23,Yes
8507_1,8507,2024-09-26,3,36,Yes
8507_2,8507,2024-09-27,12,92,No
8508_0,8508,2024-10-26,4,13,No
8508_1,8508,2024-10-27,1,6,No
8508_2,8508,2024-10-28,6,2,No
8508_3,8508,2024-10-29,7,75,No
8508_4,8508,2024-10-30,10,37,No
8509_0,8509,2024-05-03,13,115,No
8509_1,8509,2024-05-04,2,70,Yes
8510_0,8510,2024-02-06,8,112,No
8510_1,8510,2024-02-07,14,42,No
8510_2,8510,2024-02-08,1,71,No
8510_3,8510,2024-02-09,1,1,No
8510_4,8510,2024-02-10,6,47,No
8511_0,8511,2024-03-05,9,7,No
8511_1,8511,2024-03-06,2,29,No
8512_0,8512,2024-10-28,14,89,Yes
8513_0,8513,2024-04-28,8,62,No
8514_0,8514,2024-10-18,5,93,No
8514_1,8514,2024-10-19,1,68,No
8515_0,8515,2024-07-20,9,29,No
8515_1,8515,2024-07-21,6,69,Yes
8515_2,8515,2024-07-22,8,21,No
8516_0,8516,2024-04-30,2,15,Yes
8516_1,8516,2024-05-01,9,44,No
8516_2,8516,2024-05-02,7,86,No
8517_0,8517,2024-03-11,3,111,Yes
8517_1,8517,2024-03-12,10,48,Yes
8517_2,8517,2024-03-13,10,89,No
8517_3,8517,2024-03-14,3,2,Yes
8517_4,8517,2024-03-15,1,48,No
8518_0,8518,2024-08-07,2,27,No
8518_1,8518,2024-08-08,7,103,No
8518_2,8518,2024-08-09,9,46,Yes
8518_3,8518,2024-08-10,14,97,No
8518_4,8518,2024-08-11,15,37,No
8519_0,8519,2024-04-29,5,52,No
8519_1,8519,2024-04-30,12,47,Yes
8519_2,8519,2024-05-01,13,110,No
8520_0,8520,2024-07-30,15,20,No
8520_1,8520,2024-07-31,11,51,Yes
8520_2,8520,2024-08-01,3,30,Yes
8521_0,8521,2024-03-21,13,67,No
8522_0,8522,2024-09-12,2,94,Yes
8522_1,8522,2024-09-13,6,75,No
8522_2,8522,2024-09-14,8,37,Yes
8522_3,8522,2024-09-15,15,119,No
8523_0,8523,2024-01-17,15,115,Yes
8524_0,8524,2024-05-27,7,11,No
8524_1,8524,2024-05-28,4,61,No
8524_2,8524,2024-05-29,8,17,No
8524_3,8524,2024-05-30,7,67,No
8525_0,8525,2024-05-29,4,64,No
8525_1,8525,2024-05-30,9,57,Yes
8525_2,8525,2024-05-31,12,16,No
8525_3,8525,2024-06-01,4,24,No
8526_0,8526,2024-05-24,7,29,Yes
8526_1,8526,2024-05-25,1,56,No
8526_2,8526,2024-05-26,3,90,No
8526_3,8526,2024-05-27,5,118,No
8527_0,8527,2024-03-06,11,92,No
8527_1,8527,2024-03-07,7,47,No
8527_2,8527,2024-03-08,13,12,Yes
8527_3,8527,2024-03-09,1,107,No
8528_0,8528,2024-07-29,4,72,No
8529_0,8529,2024-06-07,12,88,No
8529_1,8529,2024-06-08,5,116,No
8530_0,8530,2024-03-18,4,95,Yes
8531_0,8531,2024-12-10,9,71,Yes
8531_1,8531,2024-12-11,8,106,No
8531_2,8531,2024-12-12,1,100,No
8531_3,8531,2024-12-13,9,30,Yes
8532_0,8532,2024-12-14,1,91,Yes
8532_1,8532,2024-12-15,10,13,Yes
8533_0,8533,2024-06-17,8,39,No
8533_1,8533,2024-06-18,12,7,No
8533_2,8533,2024-06-19,7,37,No
8534_0,8534,2024-07-07,1,57,Yes
8534_1,8534,2024-07-08,7,18,No
8535_0,8535,2024-07-12,14,109,No
8536_0,8536,2024-05-14,4,33,No
8536_1,8536,2024-05-15,12,2,No
8536_2,8536,2024-05-16,3,48,No
8537_0,8537,2024-01-13,14,45,No
8537_1,8537,2024-01-14,13,84,No
8537_2,8537,2024-01-15,1,65,Yes
8537_3,8537,2024-01-16,2,34,Yes
8537_4,8537,2024-01-17,2,60,No
8538_0,8538,2024-11-16,1,51,No
8538_1,8538,2024-11-17,2,108,No
8538_2,8538,2024-11-18,12,81,Yes
8539_0,8539,2024-03-08,7,44,Yes
8539_1,8539,2024-03-09,4,114,No
8539_2,8539,2024-03-10,14,88,No
8539_3,8539,2024-03-11,9,107,No
8539_4,8539,2024-03-12,8,95,No
8540_0,8540,2024-01-20,7,84,No
8540_1,8540,2024-01-21,4,47,No
8540_2,8540,2024-01-22,2,58,Yes
8540_3,8540,2024-01-23,1,83,No
8540_4,8540,2024-01-24,5,36,No
8541_0,8541,2024-07-07,4,73,No
8542_0,8542,2024-01-21,5,17,Yes
8542_1,8542,2024-01-22,15,113,No
8542_2,8542,2024-01-23,7,104,No
8542_3,8542,2024-01-24,12,91,Yes
8543_0,8543,2024-05-30,6,85,Yes
8543_1,8543,2024-05-31,14,88,Yes
8543_2,8543,2024-06-01,15,76,No
8543_3,8543,2024-06-02,11,38,No
8544_0,8544,2024-05-21,6,14,No
8544_1,8544,2024-05-22,12,120,No
8544_2,8544,2024-05-23,15,13,No
8544_3,8544,2024-05-24,14,115,No
8544_4,8544,2024-05-25,4,23,No
8545_0,8545,2024-08-08,10,81,Yes
8545_1,8545,2024-08-09,9,100,No
8545_2,8545,2024-08-10,2,91,Yes
8545_3,8545,2024-08-11,1,57,No
8546_0,8546,2024-07-27,5,20,No
8546_1,8546,2024-07-28,1,71,Yes
8546_2,8546,2024-07-29,6,65,No
8547_0,8547,2024-06-16,15,90,Yes
8547_1,8547,2024-06-17,4,90,No
8547_2,8547,2024-06-18,4,9,No
8548_0,8548,2024-04-17,13,3,No
8549_0,8549,2024-02-23,4,85,No
8549_1,8549,2024-02-24,5,71,Yes
8549_2,8549,2024-02-25,10,93,No
8549_3,8549,2024-02-26,12,69,No
8550_0,8550,2024-07-06,2,55,No
8550_1,8550,2024-07-07,12,43,No
8550_2,8550,2024-07-08,13,34,Yes
8550_3,8550,2024-07-09,14,113,Yes
8550_4,8550,2024-07-10,5,19,Yes
8551_0,8551,2024-03-04,12,107,Yes
8551_1,8551,2024-03-05,10,90,Yes
8551_2,8551,2024-03-06,11,62,Yes
8551_3,8551,2024-03-07,1,66,Yes
8551_4,8551,2024-03-08,1,94,Yes
8552_0,8552,2024-08-12,14,48,No
8553_0,8553,2024-09-16,1,49,No
8553_1,8553,2024-09-17,6,33,Yes
8554_0,8554,2024-08-28,9,16,Yes
8555_0,8555,2024-07-08,3,87,No
8555_1,8555,2024-07-09,12,57,No
8555_2,8555,2024-07-10,11,9,Yes
8556_0,8556,2024-02-11,6,68,No
8556_1,8556,2024-02-12,6,42,No
8556_2,8556,2024-02-13,4,85,Yes
8556_3,8556,2024-02-14,10,115,No
8557_0,8557,2024-08-24,2,10,Yes
8558_0,8558,2024-05-30,9,84,No
8559_0,8559,2024-11-28,4,14,Yes
8560_0,8560,2024-09-03,2,20,No
8560_1,8560,2024-09-04,7,15,No
8561_0,8561,2024-02-07,8,71,Yes
8561_1,8561,2024-02-08,3,10,No
8562_0,8562,2024-02-03,14,51,No
8562_1,8562,2024-02-04,10,101,No
8562_2,8562,2024-02-05,12,31,No
8562_3,8562,2024-02-06,5,92,No
8562_4,8562,2024-02-07,12,74,No
8563_0,8563,2024-10-15,5,26,No
8563_1,8563,2024-10-16,11,98,No
8563_2,8563,2024-10-17,15,85,Yes
8564_0,8564,2024-04-03,6,78,Yes
8565_0,8565,2024-04-11,9,15,No
8565_1,8565,2024-04-12,3,114,Yes
8566_0,8566,2024-07-27,4,87,Yes
8567_0,8567,2024-05-20,14,24,No
8568_0,8568,2024-04-08,4,72,No
8569_0,8569,2024-01-15,12,34,No
8569_1,8569,2024-01-16,15,53,No
8569_2,8569,2024-01-17,10,71,Yes
8569_3,8569,2024-01-18,7,55,No
8570_0,8570,2024-03-22,4,54,Yes
8570_1,8570,2024-03-23,1,120,Yes
8571_0,8571,2024-04-14,9,78,No
8571_1,8571,2024-04-15,10,50,No
8571_2,8571,2024-04-16,12,22,No
8571_3,8571,2024-04-17,11,108,Yes
8571_4,8571,2024-04-18,1,80,No
8572_0,8572,2024-02-05,11,39,No
8572_1,8572,2024-02-06,11,60,No
8572_2,8572,2024-02-07,5,88,Yes
8573_0,8573,2024-09-04,5,90,No
8573_1,8573,2024-09-05,5,27,No
8573_2,8573,2024-09-06,11,85,Yes
8574_0,8574,2024-02-15,13,100,No
8575_0,8575,2024-07-06,12,59,No
8576_0,8576,2024-04-25,3,47,No
8576_1,8576,2024-04-26,14,65,No
8576_2,8576,2024-04-27,10,92,No
8576_3,8576,2024-04-28,15,110,No
8577_0,8577,2024-01-28,6,72,Yes
8578_0,8578,2024-04-18,14,39,No
8578_1,8578,2024-04-19,7,114,Yes
8579_0,8579,2024-06-12,12,109,No
8579_1,8579,2024-06-13,6,114,No
8579_2,8579,2024-06-14,4,9,Yes
8579_3,8579,2024-06-15,13,31,No
8579_4,8579,2024-06-16,10,113,No
8580_0,8580,2024-12-12,15,3,Yes
8580_1,8580,2024-12-13,4,62,No
8581_0,8581,2024-08-25,11,11,No
8581_1,8581,2024-08-26,7,35,No
8581_2,8581,2024-08-27,11,112,No
8581_3,8581,2024-08-28,6,33,Yes
8581_4,8581,2024-08-29,11,22,No
8582_0,8582,2024-01-05,13,107,No
8582_1,8582,2024-01-06,6,116,No
8582_2,8582,2024-01-07,9,64,Yes
8582_3,8582,2024-01-08,11,23,Yes
8583_0,8583,2024-12-22,4,59,No
8583_1,8583,2024-12-23,10,38,No
8583_2,8583,2024-12-24,11,106,No
8584_0,8584,2024-08-11,9,97,No
8584_1,8584,2024-08-12,8,99,No
8584_2,8584,2024-08-13,13,5,No
8584_3,8584,2024-08-14,9,18,No
8584_4,8584,2024-08-15,8,63,No
8585_0,8585,2024-07-06,1,27,No
8585_1,8585,2024-07-07,5,65,No
8585_2,8585,2024-07-08,7,12,Yes
8585_3,8585,2024-07-09,10,17,No
8586_0,8586,2024-10-08,9,102,Yes
8586_1,8586,2024-10-09,4,44,Yes
8586_2,8586,2024-10-10,2,54,Yes
8586_3,8586,2024-10-11,9,58,No
8586_4,8586,2024-10-12,1,97,No
8587_0,8587,2024-05-06,2,95,No
8588_0,8588,2024-11-04,10,75,No
8588_1,8588,2024-11-05,13,103,Yes
8588_2,8588,2024-11-06,9,41,No
8588_3,8588,2024-11-07,4,103,Yes
8588_4,8588,2024-11-08,9,113,Yes
8589_0,8589,2024-10-22,5,18,Yes
8589_1,8589,2024-10-23,9,48,No
8589_2,8589,2024-10-24,5,60,No
8589_3,8589,2024-10-25,13,111,No
8589_4,8589,2024-10-26,6,112,No
8590_0,8590,2024-02-25,4,89,No
8590_1,8590,2024-02-26,3,71,No
8591_0,8591,2024-01-21,14,79,No
8591_1,8591,2024-01-22,5,60,No
8591_2,8591,2024-01-23,15,103,Yes
8591_3,8591,2024-01-24,7,35,No
8592_0,8592,2024-07-01,12,101,Yes
8592_1,8592,2024-07-02,14,34,Yes
8592_2,8592,2024-07-03,9,119,Yes
8593_0,8593,2024-08-12,14,32,No
8593_1,8593,2024-08-13,15,78,No
8593_2,8593,2024-08-14,7,63,No
8593_3,8593,2024-08-15,5,82,No
8594_0,8594,2024-06-24,11,90,Yes
8595_0,8595,2024-01-01,5,114,No
8595_1,8595,2024-01-02,7,103,No
8596_0,8596,2024-05-04,8,83,No
8596_1,8596,2024-05-05,12,50,Yes
8596_2,8596,2024-05-06,3,87,No
8596_3,8596,2024-05-07,12,57,Yes
8597_0,8597,2024-10-08,2,79,No
8597_1,8597,2024-10-09,13,120,No
8597_2,8597,2024-10-10,10,104,No
8597_3,8597,2024-10-11,3,80,No
8598_0,8598,2024-05-17,7,15,Yes
8598_1,8598,2024-05-18,8,37,No
8598_2,8598,2024-05-19,11,31,Yes
8598_3,8598,2024-05-20,14,114,No
8598_4,8598,2024-05-21,12,67,No
8599_0,8599,2024-12-22,3,12,Yes
8599_1,8599,2024-12-23,2,92,No
8599_2,8599,2024-12-24,10,118,Yes
8600_0,8600,2024-10-27,13,62,Yes
8600_1,8600,2024-10-28,5,16,No
8601_0,8601,2024-12-09,11,115,Yes
8601_1,8601,2024-12-10,14,68,No
8602_0,8602,2024-08-12,9,107,No
8602_1,8602,2024-08-13,12,118,No
8603_0,8603,2024-02-16,4,49,No
8603_1,8603,2024-02-17,9,59,No
8604_0,8604,2024-09-26,12,105,No
8605_0,8605,2024-05-28,9,99,No
8605_1,8605,2024-05-29,15,7,No
8605_2,8605,2024-05-30,2,110,No
8605_3,8605,2024-05-31,8,115,No
8605_4,8605,2024-06-01,2,57,No
8606_0,8606,2024-07-07,14,67,No
8606_1,8606,2024-07-08,12,19,Yes
8606_2,8606,2024-07-09,6,118,Yes
8607_0,8607,2024-12-08,15,115,No
8607_1,8607,2024-12-09,8,113,No
8607_2,8607,2024-12-10,3,89,Yes
8607_3,8607,2024-12-11,10,29,No
8608_0,8608,2024-09-10,11,106,No
8608_1,8608,2024-09-11,15,57,No
8608_2,8608,2024-09-12,3,28,Yes
8609_0,8609,2024-08-29,14,108,Yes
8610_0,8610,2024-05-01,4,96,No
8610_1,8610,2024-05-02,15,48,Yes
8610_2,8610,2024-05-03,10,61,Yes
8610_3,8610,2024-05-04,4,48,No
8611_0,8611,2024-11-11,6,44,No
8611_1,8611,2024-11-12,5,66,Yes
8611_2,8611,2024-11-13,5,70,No
8612_0,8612,2024-01-10,14,45,No
8612_1,8612,2024-01-11,10,10,No
8612_2,8612,2024-01-12,1,108,No
8613_0,8613,2024-01-29,3,115,Yes
8613_1,8613,2024-01-30,10,60,No
8614_0,8614,2024-03-16,1,97,No
8615_0,8615,2024-03-15,7,100,Yes
8615_1,8615,2024-03-16,5,17,No
8615_2,8615,2024-03-17,15,42,No
8616_0,8616,2024-01-09,12,34,No
8616_1,8616,2024-01-10,3,111,No
8616_2,8616,2024-01-11,11,83,No
8617_0,8617,2024-04-30,4,48,Yes
8617_1,8617,2024-05-01,11,86,No
8617_2,8617,2024-05-02,9,46,No
8618_0,8618,2024-01-12,11,89,Yes
8618_1,8618,2024-01-13,5,119,Yes
8619_0,8619,2024-08-09,7,77,No
8620_0,8620,2024-07-01,11,17,No
8620_1,8620,2024-07-02,3,68,Yes
8620_2,8620,2024-07-03,2,83,Yes
8620_3,8620,2024-07-04,6,15,No
8621_0,8621,2024-12-11,9,23,Yes
8621_1,8621,2024-12-12,1,9,Yes
8622_0,8622,2024-07-10,6,113,No
8623_0,8623,2024-05-24,13,119,No
8623_1,8623,2024-05-25,9,38,Yes
8623_2,8623,2024-05-26,15,101,No
8624_0,8624,2024-03-21,6,110,Yes
8624_1,8624,2024-03-22,12,32,No
8625_0,8625,2024-09-06,7,13,No
8625_1,8625,2024-09-07,12,88,Yes
8626_0,8626,2024-08-14,2,51,Yes
8626_1,8626,2024-08-15,6,49,Yes
8626_2,8626,2024-08-16,2,104,No
8626_3,8626,2024-08-17,10,56,No
8626_4,8626,2024-08-18,9,66,No
8627_0,8627,2024-08-30,4,27,No
8627_1,8627,2024-08-31,7,18,No
8627_2,8627,2024-09-01,13,27,No
8627_3,8627,2024-09-02,6,20,Yes
8628_0,8628,2024-05-23,15,57,Yes
8628_1,8628,2024-05-24,2,29,No
8628_2,8628,2024-05-25,2,45,No
8628_3,8628,2024-05-26,4,37,No
8629_0,8629,2024-11-11,4,27,No
8629_1,8629,2024-11-12,6,97,No
8629_2,8629,2024-11-13,9,40,No
8629_3,8629,2024-11-14,10,66,No
8629_4,8629,2024-11-15,5,8,No
8630_0,8630,2024-08-28,11,44,No
8630_1,8630,2024-08-29,6,105,Yes
8630_2,8630,2024-08-30,1,46,No
8630_3,8630,2024-08-31,8,58,No
8630_4,8630,2024-09-01,14,62,Yes
8631_0,8631,2024-01-30,9,117,No
8631_1,8631,2024-01-31,7,113,No
8632_0,8632,2024-02-25,14,23,No
8632_1,8632,2024-02-26,15,58,No
8632_2,8632,2024-02-27,2,102,No
8633_0,8633,2024-07-01,7,102,No
8633_1,8633,2024-07-02,1,104,No
8633_2,8633,2024-07-03,6,36,No
8633_3,8633,2024-07-04,11,80,No
8633_4,8633,2024-07-05,4,94,No
8634_0,8634,2024-12-06,2,6,No
8635_0,8635,2024-12-17,12,43,No
8635_1,8635,2024-12-18,1,55,No
8635_2,8635,2024-12-19,7,54,No
8636_0,8636,2024-11-14,2,5,Yes
8636_1,8636,2024-11-15,1,74,No
8636_2,8636,2024-11-16,7,68,No
8636_3,8636,2024-11-17,4,57,No
8636_4,8636,2024-11-18,9,15,No
8637_0,8637,2024-05-21,4,38,Yes
8637_1,8637,2024-05-22,6,30,No
8637_2,8637,2024-05-23,10,62,Yes
8637_3,8637,2024-05-24,6,70,No
8637_4,8637,2024-05-25,10,47,No
8638_0,8638,2024-10-17,14,3,No
8638_1,8638,2024-10-18,5,19,Yes
8639_0,8639,2024-02-07,15,28,No
8640_0,8640,2024-03-29,10,97,No
8640_1,8640,2024-03-30,3,75,No
8640_2,8640,2024-03-31,9,8,No
8641_0,8641,2024-09-26,1,36,No
8641_1,8641,2024-09-27,9,120,Yes
8641_2,8641,2024-09-28,12,57,Yes
8641_3,8641,2024-09-29,6,79,Yes
8642_0,8642,2024-10-10,10,25,No
8642_1,8642,2024-10-11,13,39,Yes
8642_2,8642,2024-10-12,15,41,No
8643_0,8643,2024-05-04,2,32,No
8643_1,8643,2024-05-05,12,61,No
8643_2,8643,2024-05-06,8,87,No
8644_0,8644,2024-08-15,7,94,No
8644_1,8644,2024-08-16,11,64,No
8644_2,8644,2024-08-17,14,103,Yes
8644_3,8644,2024-08-18,6,82,No
8644_4,8644,2024-08-19,1,21,No
8645_0,8645,2024-09-01,13,69,No
8645_1,8645,2024-09-02,8,70,No
8646_0,8646,2024-11-18,1,74,Yes
8646_1,8646,2024-11-19,7,5,Yes
8646_2,8646,2024-11-20,10,59,Yes
8646_3,8646,2024-11-21,2,30,No
8647_0,8647,2024-04-06,14,103,No
8647_1,8647,2024-04-07,7,91,No
8647_2,8647,2024-04-08,15,20,No
8647_3,8647,2024-04-09,5,99,Yes
8647_4,8647,2024-04-10,3,21,No
8648_0,8648,2024-11-17,11,92,Yes
8648_1,8648,2024-11-18,4,28,No
8648_2,8648,2024-11-19,13,119,No
8648_3,8648,2024-11-20,7,81,No
8649_0,8649,2024-03-14,2,79,No
8649_1,8649,2024-03-15,3,77,Yes
8649_2,8649,2024-03-16,11,13,No
8649_3,8649,2024-03-17,14,63,Yes
8650_0,8650,2024-07-24,11,27,No
8650_1,8650,2024-07-25,6,6,No
8650_2,8650,2024-07-26,4,42,No
8651_0,8651,2024-07-04,10,43,No
8652_0,8652,2024-05-11,10,116,No
8652_1,8652,2024-05-12,12,28,No
8653_0,8653,2024-04-10,4,41,No
8653_1,8653,2024-04-11,15,11,Yes
8653_2,8653,2024-04-12,3,15,Yes
8654_0,8654,2024-03-31,9,91,Yes
8654_1,8654,2024-04-01,9,4,Yes
8654_2,8654,2024-04-02,14,46,No
8654_3,8654,2024-04-03,3,13,No
8655_0,8655,2024-12-24,6,3,No
8655_1,8655,2024-12-25,1,57,No
8655_2,8655,2024-12-26,9,66,Yes
8656_0,8656,2024-01-11,9,120,No
8656_1,8656,2024-01-12,4,58,No
8657_0,8657,2024-06-21,2,99,No
8657_1,8657,2024-06-22,3,109,Yes
8657_2,8657,2024-06-23,3,61,No
8658_0,8658,2024-10-04,9,105,Yes
8659_0,8659,2024-03-19,9,71,Yes
8659_1,8659,2024-03-20,15,43,No
8660_0,8660,2024-04-24,15,95,Yes
8660_1,8660,2024-04-25,1,2,Yes
8660_2,8660,2024-04-26,7,58,Yes
8661_0,8661,2024-10-08,3,25,No
8661_1,8661,2024-10-09,4,56,Yes
8661_2,8661,2024-10-10,2,38,No
8661_3,8661,2024-10-11,9,114,No
8661_4,8661,2024-10-12,3,25,No
8662_0,8662,2024-04-14,6,27,No
8662_1,8662,2024-04-15,15,81,Yes
8662_2,8662,2024-04-16,8,93,No
8663_0,8663,2024-11-01,13,45,No
8663_1,8663,2024-11-02,4,24,No
8663_2,8663,2024-11-03,14,72,Yes
8663_3,8663,2024-11-04,12,54,No
8663_4,8663,2024-11-05,10,50,No
8664_0,8664,2024-10-22,12,96,No
8664_1,8664,2024-10-23,10,36,Yes
8664_2,8664,2024-10-24,9,109,No
8665_0,8665,2024-02-12,13,51,No
8666_0,8666,2024-12-02,5,73,No
8667_0,8667,2024-07-17,8,100,No
8668_0,8668,2024-01-07,14,69,No
8668_1,8668,2024-01-08,6,56,No
8668_2,8668,2024-01-09,6,45,No
8668_3,8668,2024-01-10,3,80,No
8669_0,8669,2024-12-13,12,117,No
8669_1,8669,2024-12-14,15,66,No
8669_2,8669,2024-12-15,12,17,Yes
8669_3,8669,2024-12-16,4,22,Yes
8670_0,8670,2024-11-01,9,23,Yes
8670_1,8670,2024-11-02,15,32,No
8671_0,8671,2024-11-19,13,30,No
8671_1,8671,2024-11-20,2,91,Yes
8671_2,8671,2024-11-21,5,103,No
8671_3,8671,2024-11-22,12,119,Yes
8672_0,8672,2024-04-22,4,84,No
8672_1,8672,2024-04-23,8,99,No
8672_2,8672,2024-04-24,3,92,Yes
8672_3,8672,2024-04-25,2,108,No
8673_0,8673,2024-01-21,4,49,Yes
8673_1,8673,2024-01-22,5,78,No
8673_2,8673,2024-01-23,15,9,Yes
8673_3,8673,2024-01-24,14,26,No
8673_4,8673,2024-01-25,14,105,Yes
8674_0,8674,2024-06-09,3,98,No
8674_1,8674,2024-06-10,2,21,No
8674_2,8674,2024-06-11,5,111,No
8674_3,8674,2024-06-12,5,31,No
8674_4,8674,2024-06-13,4,92,Yes
8675_0,8675,2024-01-03,10,32,No
8675_1,8675,2024-01-04,3,2,No
8676_0,8676,2024-03-31,5,112,Yes
8676_1,8676,2024-04-01,10,73,Yes
8676_2,8676,2024-04-02,1,10,No
8677_0,8677,2024-05-03,8,15,No
8677_1,8677,2024-05-04,9,87,No
8677_2,8677,2024-05-05,5,76,Yes
8677_3,8677,2024-05-06,1,115,No
8678_0,8678,2024-12-16,1,2,Yes
8678_1,8678,2024-12-17,6,113,No
8678_2,8678,2024-12-18,15,102,Yes
8678_3,8678,2024-12-19,6,12,No
8679_0,8679,2024-01-21,12,38,No
8679_1,8679,2024-01-22,7,65,No
8679_2,8679,2024-01-23,10,100,Yes
8679_3,8679,2024-01-24,1,98,Yes
8680_0,8680,2024-10-05,2,73,No
8681_0,8681,2024-02-13,3,111,Yes
8681_1,8681,2024-02-14,5,82,No
8682_0,8682,2024-08-23,3,69,Yes
8683_0,8683,2024-11-05,2,50,No
8683_1,8683,2024-11-06,1,38,No
8683_2,8683,2024-11-07,13,65,No
8683_3,8683,2024-11-08,9,65,Yes
8683_4,8683,2024-11-09,8,13,No
8684_0,8684,2024-10-21,6,49,No
8685_0,8685,2024-01-19,15,13,No
8686_0,8686,2024-12-26,11,51,Yes
8687_0,8687,2024-02-21,9,80,No
8688_0,8688,2024-10-31,8,3,No
8688_1,8688,2024-11-01,6,81,No
8689_0,8689,2024-08-30,9,73,No
8689_1,8689,2024-08-31,5,106,No
8689_2,8689,2024-09-01,12,59,Yes
8689_3,8689,2024-09-02,7,81,No
8689_4,8689,2024-09-03,15,26,Yes
8690_0,8690,2024-06-05,4,3,No
8690_1,8690,2024-06-06,13,118,No
8691_0,8691,2024-01-03,2,41,No
8691_1,8691,2024-01-04,13,85,No
8692_0,8692,2024-06-15,10,86,No
8692_1,8692,2024-06-16,5,107,No
8692_2,8692,2024-06-17,2,68,Yes
8693_0,8693,2024-03-22,7,33,No
8693_1,8693,2024-03-23,9,34,Yes
8693_2,8693,2024-03-24,14,62,Yes
8694_0,8694,2024-04-20,6,67,No
8695_0,8695,2024-07-06,3,107,No
8696_0,8696,2024-05-29,12,84,No
8696_1,8696,2024-05-30,9,67,No
8696_2,8696,2024-05-31,2,46,Yes
8696_3,8696,2024-06-01,12,5,No
8696_4,8696,2024-06-02,9,85,Yes
8697_0,8697,2024-12-28,1,115,No
8697_1,8697,2024-12-29,1,27,Yes
8698_0,8698,2024-12-12,14,84,No
8698_1,8698,2024-12-13,7,33,No
8698_2,8698,2024-12-14,2,64,No
8698_3,8698,2024-12-15,3,120,No
8699_0,8699,2024-08-15,1,34,No
8699_1,8699,2024-08-16,13,90,No
8699_2,8699,2024-08-17,4,81,No
8699_3,8699,2024-08-18,15,37,No
8699_4,8699,2024-08-19,4,118,No
8700_0,8700,2024-03-15,12,38,Yes
8700_1,8700,2024-03-16,14,99,No
8700_2,8700,2024-03-17,15,62,No
8701_0,8701,2024-08-12,14,74,No
8702_0,8702,2024-11-11,13,45,No
8702_1,8702,2024-11-12,11,19,No
8702_2,8702,2024-11-13,2,79,No
8703_0,8703,2024-05-01,3,119,No
8703_1,8703,2024-05-02,12,52,No
8704_0,8704,2024-12-15,13,103,No
8705_0,8705,2024-05-07,10,85,No
8705_1,8705,2024-05-08,8,43,No
8705_2,8705,2024-05-09,8,25,Yes
8706_0,8706,2024-09-15,13,94,No
8706_1,8706,2024-09-16,2,3,Yes
8706_2,8706,2024-09-17,13,103,No
8706_3,8706,2024-09-18,3,37,Yes
8706_4,8706,2024-09-19,10,43,No
8707_0,8707,2024-01-16,15,101,No
8707_1,8707,2024-01-17,3,14,No
8708_0,8708,2024-05-03,9,34,No
8708_1,8708,2024-05-04,14,89,No
8708_2,8708,2024-05-05,4,103,No
8708_3,8708,2024-05-06,3,87,No
8708_4,8708,2024-05-07,6,101,No
8709_0,8709,2024-03-11,8,16,No
8709_1,8709,2024-03-12,4,105,Yes
8710_0,8710,2024-05-02,10,91,Yes
8710_1,8710,2024-05-03,15,66,No
8710_2,8710,2024-05-04,5,3,Yes
8710_3,8710,2024-05-05,11,19,No
8711_0,8711,2024-09-26,2,27,No
8712_0,8712,2024-09-27,7,34,No
8713_0,8713,2024-06-10,2,33,No
8714_0,8714,2024-12-03,6,74,Yes
8714_1,8714,2024-12-04,15,38,No
8714_2,8714,2024-12-05,15,41,Yes
8714_3,8714,2024-12-06,4,14,No
8715_0,8715,2024-02-23,10,99,Yes
8715_1,8715,2024-02-24,3,24,Yes
8716_0,8716,2024-11-23,7,76,No
8716_1,8716,2024-11-24,12,29,No
8716_2,8716,2024-11-25,1,1,No
8717_0,8717,2024-10-18,3,78,No
8717_1,8717,2024-10-19,3,67,Yes
8717_2,8717,2024-10-20,14,92,Yes
8718_0,8718,2024-10-25,2,94,No
8718_1,8718,2024-10-26,8,25,No
8718_2,8718,2024-10-27,8,49,No
8718_3,8718,2024-10-28,5,24,No
8719_0,8719,2024-03-23,1,54,No
8719_1,8719,2024-03-24,8,109,No
8720_0,8720,2024-06-27,2,115,Yes
8721_0,8721,2024-03-31,14,84,No
8721_1,8721,2024-04-01,4,63,No
8721_2,8721,2024-04-02,6,53,No
8722_0,8722,2024-01-21,2,70,No
8722_1,8722,2024-01-22,3,3,Yes
8723_0,8723,2024-11-23,7,38,No
8723_1,8723,2024-11-24,8,22,No
8724_0,8724,2024-04-12,14,27,Yes
8724_1,8724,2024-04-13,11,83,No
8724_2,8724,2024-04-14,4,52,No
8724_3,8724,2024-04-15,1,90,No
8725_0,8725,2024-06-04,9,40,Yes
8725_1,8725,2024-06-05,6,118,No
8725_2,8725,2024-06-06,3,22,No
8726_0,8726,2024-12-23,12,12,No
8726_1,8726,2024-12-24,11,38,Yes
8726_2,8726,2024-12-25,13,68,No
8727_0,8727,2024-05-18,13,118,Yes
8728_0,8728,2024-03-12,10,51,Yes
8728_1,8728,2024-03-13,7,116,Yes
8728_2,8728,2024-03-14,6,59,No
8729_0,8729,2024-03-15,11,34,Yes
8730_0,8730,2024-08-20,2,107,No
8730_1,8730,2024-08-21,2,82,No
8730_2,8730,2024-08-22,6,95,No
8730_3,8730,2024-08-23,10,93,No
8731_0,8731,2024-03-28,8,97,No
8731_1,8731,2024-03-29,10,39,No
8731_2,8731,2024-03-30,14,34,No
8731_3,8731,2024-03-31,15,71,No
8731_4,8731,2024-04-01,12,3,Yes
8732_0,8732,2024-11-20,6,99,No
8733_0,8733,2024-07-25,6,59,No
8733_1,8733,2024-07-26,14,37,No
8734_0,8734,2024-12-18,1,73,Yes
8734_1,8734,2024-12-19,7,120,No
8735_0,8735,2024-07-01,6,89,Yes
8736_0,8736,2024-08-14,1,78,No
8736_1,8736,2024-08-15,6,39,No
8736_2,8736,2024-08-16,10,48,No
8737_0,8737,2024-02-16,14,1,No
8738_0,8738,2024-07-26,6,39,No
8738_1,8738,2024-07-27,15,26,No
8738_2,8738,2024-07-28,11,32,No
8738_3,8738,2024-07-29,8,105,No
8738_4,8738,2024-07-30,4,26,No
8739_0,8739,2024-06-18,1,109,No
8740_0,8740,2024-11-23,2,94,No
8740_1,8740,2024-11-24,12,53,No
8740_2,8740,2024-11-25,15,61,Yes
8740_3,8740,2024-11-26,9,36,Yes
8741_0,8741,2024-11-10,14,34,No
8742_0,8742,2024-05-26,7,67,No
8742_1,8742,2024-05-27,11,99,Yes
8742_2,8742,2024-05-28,5,90,No
8743_0,8743,2024-03-28,2,29,Yes
8743_1,8743,2024-03-29,7,52,No
8744_0,8744,2024-04-06,3,46,No
8744_1,8744,2024-04-07,5,102,No
8745_0,8745,2024-04-20,13,113,No
8745_1,8745,2024-04-21,13,58,No
8745_2,8745,2024-04-22,5,40,No
8745_3,8745,2024-04-23,7,99,No
8746_0,8746,2024-06-28,1,86,No
8746_1,8746,2024-06-29,1,20,No
8746_2,8746,2024-06-30,7,78,No
8747_0,8747,2024-05-10,15,79,No
8747_1,8747,2024-05-11,7,3,No
8747_2,8747,2024-05-12,11,73,No
8748_0,8748,2024-04-14,4,17,No
8748_1,8748,2024-04-15,6,45,No
8748_2,8748,2024-04-16,13,118,No
8748_3,8748,2024-04-17,5,31,No
8749_0,8749,2024-07-23,6,24,No
8749_1,8749,2024-07-24,3,31,Yes
8749_2,8749,2024-07-25,15,62,No
8749_3,8749,2024-07-26,10,114,Yes
8750_0,8750,2024-03-22,10,66,No
8750_1,8750,2024-03-23,3,59,No
8750_2,8750,2024-03-24,13,100,No
8750_3,8750,2024-03-25,3,107,No
8750_4,8750,2024-03-26,11,93,Yes
8751_0,8751,2024-12-15,13,21,No
8752_0,8752,2024-11-18,2,106,No
8753_0,8753,2024-08-27,14,65,No
8753_1,8753,2024-08-28,2,20,No
8754_0,8754,2024-03-29,9,33,Yes
8755_0,8755,2024-07-14,9,57,No
8755_1,8755,2024-07-15,14,4,No
8755_2,8755,2024-07-16,15,10,No
8755_3,8755,2024-07-17,4,30,Yes
8755_4,8755,2024-07-18,14,88,No
8756_0,8756,2024-08-20,4,108,No
8757_0,8757,2024-08-18,12,15,No
8757_1,8757,2024-08-19,13,23,No
8758_0,8758,2024-01-01,12,60,Yes
8758_1,8758,2024-01-02,2,104,No
8758_2,8758,2024-01-03,3,3,No
8758_3,8758,2024-01-04,7,98,No
8758_4,8758,2024-01-05,13,32,No
8759_0,8759,2024-08-11,15,6,No
8759_1,8759,2024-08-12,4,104,No
8760_0,8760,2024-04-03,11,23,Yes
8761_0,8761,2024-04-16,14,104,Yes
8761_1,8761,2024-04-17,1,58,No
8761_2,8761,2024-04-18,6,80,No
8761_3,8761,2024-04-19,2,87,No
8761_4,8761,2024-04-20,10,2,No
8762_0,8762,2024-10-14,15,67,No
8762_1,8762,2024-10-15,15,63,No
8762_2,8762,2024-10-16,4,27,No
8763_0,8763,2024-07-17,13,101,No
8763_1,8763,2024-07-18,11,38,Yes
8763_2,8763,2024-07-19,10,69,No
8764_0,8764,2024-10-21,4,82,Yes
8764_1,8764,2024-10-22,10,43,No
8765_0,8765,2024-08-09,9,18,Yes
8766_0,8766,2024-01-09,14,11,No
8766_1,8766,2024-01-10,15,107,Yes
8767_0,8767,2024-07-20,1,66,No
8768_0,8768,2024-09-28,2,51,No
8768_1,8768,2024-09-29,8,106,Yes
8768_2,8768,2024-09-30,10,49,No
8769_0,8769,2024-01-02,12,79,Yes
8769_1,8769,2024-01-03,3,98,No
8769_2,8769,2024-01-04,9,33,No
8769_3,8769,2024-01-05,1,56,No
8769_4,8769,2024-01-06,9,53,No
8770_0,8770,2024-12-19,14,1,No
8770_1,8770,2024-12-20,11,102,No
8770_2,8770,2024-12-21,12,21,No
8770_3,8770,2024-12-22,14,63,Yes
8771_0,8771,2024-04-13,15,35,No
8771_1,8771,2024-04-14,11,34,Yes
8771_2,8771,2024-04-15,10,55,No
8772_0,8772,2024-09-23,14,89,No
8772_1,8772,2024-09-24,4,57,No
8772_2,8772,2024-09-25,15,113,Yes
8772_3,8772,2024-09-26,2,9,No
8772_4,8772,2024-09-27,10,59,No
8773_0,8773,2024-10-26,7,94,Yes
8774_0,8774,2024-08-10,6,10,No
8774_1,8774,2024-08-11,4,90,No
8775_0,8775,2024-07-30,6,109,No
8775_1,8775,2024-07-31,10,13,No
8776_0,8776,2024-02-13,9,33,Yes
8777_0,8777,2024-05-02,15,85,No
8777_1,8777,2024-05-03,10,92,No
8777_2,8777,2024-05-04,1,1,Yes
8777_3,8777,2024-05-05,10,67,No
8777_4,8777,2024-05-06,14,22,No
8778_0,8778,2024-11-04,14,9,Yes
8778_1,8778,2024-11-05,2,102,Yes
8778_2,8778,2024-11-06,14,94,No
8778_3,8778,2024-11-07,4,27,No
8778_4,8778,2024-11-08,4,24,No
8779_0,8779,2024-06-24,14,16,No
8780_0,8780,2024-11-12,13,114,No
8780_1,8780,2024-11-13,12,86,No
8780_2,8780,2024-11-14,1,71,No
8780_3,8780,2024-11-15,12,56,No
8780_4,8780,2024-11-16,12,74,No
8781_0,8781,2024-12-17,4,2,Yes
8781_1,8781,2024-12-18,9,106,Yes
8782_0,8782,2024-01-20,14,118,No
8782_1,8782,2024-01-21,4,56,Yes
8782_2,8782,2024-01-22,1,17,Yes
8782_3,8782,2024-01-23,7,27,No
8783_0,8783,2024-12-02,6,89,No
8784_0,8784,2024-07-06,9,53,No
8784_1,8784,2024-07-07,12,4,No
8784_2,8784,2024-07-08,11,78,Yes
8784_3,8784,2024-07-09,10,97,No
8784_4,8784,2024-07-10,1,88,No
8785_0,8785,2024-12-06,7,28,No
8785_1,8785,2024-12-07,14,23,No
8785_2,8785,2024-12-08,9,55,Yes
8786_0,8786,2024-05-30,9,19,Yes
8786_1,8786,2024-05-31,11,64,No
8786_2,8786,2024-06-01,10,53,Yes
8787_0,8787,2024-01-12,6,60,No
8787_1,8787,2024-01-13,14,70,Yes
8788_0,8788,2024-10-04,9,107,Yes
8788_1,8788,2024-10-05,2,80,No
8788_2,8788,2024-10-06,4,54,Yes
8789_0,8789,2024-11-01,8,43,Yes
8790_0,8790,2024-10-04,8,46,No
8791_0,8791,2024-06-20,9,44,No
8791_1,8791,2024-06-21,3,2,No
8792_0,8792,2024-01-11,4,77,No
8792_1,8792,2024-01-12,8,52,Yes
8793_0,8793,2024-06-11,11,9,No
8794_0,8794,2024-01-24,9,55,No
8794_1,8794,2024-01-25,4,105,No
8794_2,8794,2024-01-26,6,101,No
8794_3,8794,2024-01-27,11,74,No
8794_4,8794,2024-01-28,13,116,Yes
8795_0,8795,2024-01-02,12,19,Yes
8795_1,8795,2024-01-03,5,19,No
8795_2,8795,2024-01-04,9,9,Yes
8795_3,8795,2024-01-05,10,79,Yes
8796_0,8796,2024-01-01,5,44,No
8796_1,8796,2024-01-02,9,118,No
8797_0,8797,2024-06-11,13,97,No
8798_0,8798,2024-02-24,7,66,No
8798_1,8798,2024-02-25,8,102,No
8798_2,8798,2024-02-26,7,45,Yes
8799_0,8799,2024-11-23,11,65,No
8799_1,8799,2024-11-24,1,88,No
8800_0,8800,2024-01-17,15,63,No
8800_1,8800,2024-01-18,4,52,No
8800_2,8800,2024-01-19,11,93,No
8800_3,8800,2024-01-20,1,83,No
8800_4,8800,2024-01-21,7,63,No
8801_0,8801,2024-05-11,10,82,No
8801_1,8801,2024-05-12,15,109,No
8801_2,8801,2024-05-13,2,91,No
8801_3,8801,2024-05-14,8,1,No
8801_4,8801,2024-05-15,3,20,No
8802_0,8802,2024-07-01,1,44,No
8802_1,8802,2024-07-02,5,61,No
8803_0,8803,2024-03-02,2,86,No
8803_1,8803,2024-03-03,8,119,No
8804_0,8804,2024-08-15,4,118,No
8805_0,8805,2024-01-31,12,2,No
8805_1,8805,2024-02-01,2,62,Yes
8806_0,8806,2024-03-06,15,15,No
8806_1,8806,2024-03-07,13,59,Yes
8807_0,8807,2024-01-23,1,25,Yes
8807_1,8807,2024-01-24,9,100,No
8807_2,8807,2024-01-25,9,43,No
8808_0,8808,2024-11-09,10,3,No
8808_1,8808,2024-11-10,15,94,No
8808_2,8808,2024-11-11,6,90,No
8809_0,8809,2024-03-11,2,42,No
8809_1,8809,2024-03-12,14,45,No
8809_2,8809,2024-03-13,15,107,Yes
8810_0,8810,2024-09-13,15,7,No
8811_0,8811,2024-11-07,10,99,No
8812_0,8812,2024-12-30,7,49,No
8813_0,8813,2024-04-05,12,107,No
8813_1,8813,2024-04-06,1,36,Yes
8813_2,8813,2024-04-07,11,25,No
8813_3,8813,2024-04-08,5,10,No
8813_4,8813,2024-04-09,13,106,No
8814_0,8814,2024-02-09,15,66,No
8814_1,8814,2024-02-10,1,61,No
8814_2,8814,2024-02-11,13,94,No
8814_3,8814,2024-02-12,15,27,No
8814_4,8814,2024-02-13,2,113,Yes
8815_0,8815,2024-09-21,10,87,Yes
8816_0,8816,2024-10-27,9,11,Yes
8816_1,8816,2024-10-28,6,24,No
8816_2,8816,2024-10-29,1,26,No
8816_3,8816,2024-10-30,5,87,No
8817_0,8817,2024-01-08,1,117,No
8818_0,8818,2024-12-17,9,28,No
8819_0,8819,2024-04-01,6,108,Yes
8819_1,8819,2024-04-02,5,31,No
8819_2,8819,2024-04-03,6,41,Yes
8820_0,8820,2024-07-26,7,23,No
8820_1,8820,2024-07-27,5,119,Yes
8821_0,8821,2024-08-05,4,86,No
8822_0,8822,2024-04-28,7,38,No
8822_1,8822,2024-04-29,2,65,No
8823_0,8823,2024-12-13,7,75,Yes
8823_1,8823,2024-12-14,9,41,Yes
8824_0,8824,2024-03-31,4,87,Yes
8824_1,8824,2024-04-01,7,16,No
8824_2,8824,2024-04-02,9,88,No
8824_3,8824,2024-04-03,6,50,No
8825_0,8825,2024-07-23,6,120,No
8826_0,8826,2024-04-17,10,90,No
8827_0,8827,2024-03-04,2,31,No
8827_1,8827,2024-03-05,14,35,No
8827_2,8827,2024-03-06,9,70,No
8827_3,8827,2024-03-07,4,54,No
8827_4,8827,2024-03-08,14,4,No
8828_0,8828,2024-11-28,7,52,No
8828_1,8828,2024-11-29,9,54,No
8828_2,8828,2024-11-30,6,55,No
8829_0,8829,2024-04-20,8,119,No
8829_1,8829,2024-04-21,4,53,Yes
8830_0,8830,2024-02-17,9,84,No
8830_1,8830,2024-02-18,1,108,No
8830_2,8830,2024-02-19,7,37,Yes
8830_3,8830,2024-02-20,4,81,No
8830_4,8830,2024-02-21,3,115,No
8831_0,8831,2024-05-01,5,103,No
8831_1,8831,2024-05-02,4,112,Yes
8831_2,8831,2024-05-03,6,85,No
8831_3,8831,2024-05-04,2,106,No
8831_4,8831,2024-05-05,5,27,No
8832_0,8832,2024-09-12,6,47,No
8832_1,8832,2024-09-13,12,89,No
8833_0,8833,2024-03-19,8,17,No
8833_1,8833,2024-03-20,7,92,No
8833_2,8833,2024-03-21,12,17,No
8833_3,8833,2024-03-22,7,69,No
8834_0,8834,2024-03-30,7,33,Yes
8834_1,8834,2024-03-31,9,5,No
8834_2,8834,2024-04-01,4,17,No
8834_3,8834,2024-04-02,4,57,No
8834_4,8834,2024-04-03,2,51,No
8835_0,8835,2024-07-14,1,88,No
8836_0,8836,2024-10-28,13,46,No
8836_1,8836,2024-10-29,9,11,No
8836_2,8836,2024-10-30,13,117,No
8836_3,8836,2024-10-31,9,50,No
8837_0,8837,2024-11-13,15,107,No
8837_1,8837,2024-11-14,12,62,No
8838_0,8838,2024-05-27,3,94,Yes
8838_1,8838,2024-05-28,2,12,No
8839_0,8839,2024-03-07,14,102,No
8839_1,8839,2024-03-08,9,102,Yes
8839_2,8839,2024-03-09,15,59,Yes
8839_3,8839,2024-03-10,3,81,Yes
8840_0,8840,2024-02-28,5,61,No
8840_1,8840,2024-02-29,11,42,No
8841_0,8841,2024-09-12,10,57,No
8842_0,8842,2024-10-31,12,4,Yes
8842_1,8842,2024-11-01,2,4,No
8842_2,8842,2024-11-02,2,86,Yes
8842_3,8842,2024-11-03,3,89,No
8843_0,8843,2024-06-20,6,51,Yes
8843_1,8843,2024-06-21,6,45,No
8843_2,8843,2024-06-22,12,24,No
8843_3,8843,2024-06-23,10,96,Yes
8843_4,8843,2024-06-24,15,58,Yes
8844_0,8844,2024-02-20,8,110,No
8844_1,8844,2024-02-21,8,27,No
8844_2,8844,2024-02-22,10,22,No
8844_3,8844,2024-02-23,7,34,Yes
8845_0,8845,2024-01-02,10,6,No
8845_1,8845,2024-01-03,14,79,No
8845_2,8845,2024-01-04,2,99,No
8845_3,8845,2024-01-05,14,49,No
8845_4,8845,2024-01-06,6,75,No
8846_0,8846,2024-11-13,11,79,Yes
8846_1,8846,2024-11-14,4,61,Yes
8846_2,8846,2024-11-15,15,38,No
8846_3,8846,2024-11-16,6,120,Yes
8847_0,8847,2024-07-18,15,70,No
8847_1,8847,2024-07-19,6,92,No
8847_2,8847,2024-07-20,7,61,No
8848_0,8848,2024-07-17,1,1,Yes
8848_1,8848,2024-07-18,2,59,Yes
8848_2,8848,2024-07-19,6,39,No
8848_3,8848,2024-07-20,1,48,No
8848_4,8848,2024-07-21,6,108,No
8849_0,8849,2024-12-21,1,26,No
8850_0,8850,2024-03-27,2,40,Yes
8850_1,8850,2024-03-28,14,8,Yes
8850_2,8850,2024-03-29,5,11,Yes
8850_3,8850,2024-03-30,6,25,Yes
8851_0,8851,2024-02-17,4,1,No
8852_0,8852,2024-05-28,3,96,Yes
8852_1,8852,2024-05-29,14,8,No
8852_2,8852,2024-05-30,15,107,No
8852_3,8852,2024-05-31,13,51,No
8853_0,8853,2024-02-12,5,91,No
8853_1,8853,2024-02-13,8,77,Yes
8854_0,8854,2024-07-08,5,45,Yes
8855_0,8855,2024-09-01,12,106,No
8855_1,8855,2024-09-02,11,110,No
8855_2,8855,2024-09-03,12,65,No
8855_3,8855,2024-09-04,8,33,No
8856_0,8856,2024-03-26,9,78,No
8856_1,8856,2024-03-27,13,53,No
8856_2,8856,2024-03-28,8,12,Yes
8856_3,8856,2024-03-29,9,54,No
8856_4,8856,2024-03-30,12,113,No
8857_0,8857,2024-08-31,1,69,No
8857_1,8857,2024-09-01,1,110,No
8857_2,8857,2024-09-02,4,97,Yes
8857_3,8857,2024-09-03,9,40,No
8857_4,8857,2024-09-04,11,29,No
8858_0,8858,2024-12-21,3,67,No
8858_1,8858,2024-12-22,10,97,Yes
8858_2,8858,2024-12-23,6,22,Yes
8859_0,8859,2024-05-24,11,46,No
8859_1,8859,2024-05-25,2,87,No
8859_2,8859,2024-05-26,15,100,No
8859_3,8859,2024-05-27,1,110,No
8859_4,8859,2024-05-28,1,8,Yes
8860_0,8860,2024-11-07,10,36,Yes
8860_1,8860,2024-11-08,7,104,No
8860_2,8860,2024-11-09,1,105,No
8860_3,8860,2024-11-10,5,69,Yes
8860_4,8860,2024-11-11,10,75,Yes
8861_0,8861,2024-03-27,7,8,No
8861_1,8861,2024-03-28,13,76,Yes
8862_0,8862,2024-04-12,15,82,Yes
8862_1,8862,2024-04-13,1,74,Yes
8862_2,8862,2024-04-14,2,104,No
8862_3,8862,2024-04-15,5,103,No
8863_0,8863,2024-04-07,11,31,No
8863_1,8863,2024-04-08,4,7,No
8864_0,8864,2024-01-05,9,93,No
8865_0,8865,2024-06-15,5,22,Yes
8865_1,8865,2024-06-16,11,58,No
8865_2,8865,2024-06-17,11,103,No
8866_0,8866,2024-06-13,5,47,No
8866_1,8866,2024-06-14,12,54,No
8866_2,8866,2024-06-15,3,16,No
8867_0,8867,2024-04-23,4,112,No
8867_1,8867,2024-04-24,7,7,No
8867_2,8867,2024-04-25,13,86,No
8867_3,8867,2024-04-26,12,40,No
8867_4,8867,2024-04-27,7,82,No
8868_0,8868,2024-07-28,7,45,No
8868_1,8868,2024-07-29,4,4,Yes
8869_0,8869,2024-10-03,15,86,No
8870_0,8870,2024-01-06,10,57,No
8871_0,8871,2024-09-15,9,73,No
8871_1,8871,2024-09-16,4,10,Yes
8871_2,8871,2024-09-17,1,57,No
8871_3,8871,2024-09-18,1,8,No
8871_4,8871,2024-09-19,2,115,No
8872_0,8872,2024-11-25,15,42,Yes
8872_1,8872,2024-11-26,7,81,No
8872_2,8872,2024-11-27,6,83,No
8872_3,8872,2024-11-28,1,26,No
8873_0,8873,2024-07-09,3,18,No
8873_1,8873,2024-07-10,15,54,No
8873_2,8873,2024-07-11,13,100,No
8873_3,8873,2024-07-12,12,85,No
8873_4,8873,2024-07-13,1,50,No
8874_0,8874,2024-02-06,1,69,No
8874_1,8874,2024-02-07,8,21,Yes
8874_2,8874,2024-02-08,14,41,No
8875_0,8875,2024-08-30,8,74,No
8875_1,8875,2024-08-31,15,86,No
8876_0,8876,2024-05-15,5,109,No
8876_1,8876,2024-05-16,11,29,No
8876_2,8876,2024-05-17,5,87,No
8877_0,8877,2024-07-30,10,51,No
8877_1,8877,2024-07-31,2,23,No
8877_2,8877,2024-08-01,9,28,Yes
8878_0,8878,2024-11-05,15,41,No
8878_1,8878,2024-11-06,9,79,Yes
8878_2,8878,2024-11-07,12,45,No
8878_3,8878,2024-11-08,7,65,No
8879_0,8879,2024-11-23,11,40,No
8879_1,8879,2024-11-24,1,94,No
8880_0,8880,2024-11-01,10,43,No
8880_1,8880,2024-11-02,2,98,No
8880_2,8880,2024-11-03,4,96,Yes
8881_0,8881,2024-04-13,10,116,Yes
8881_1,8881,2024-04-14,12,44,Yes
8881_2,8881,2024-04-15,12,15,No
8882_0,8882,2024-06-28,6,14,Yes
8882_1,8882,2024-06-29,9,104,No
8882_2,8882,2024-06-30,1,101,No
8882_3,8882,2024-07-01,8,45,Yes
8882_4,8882,2024-07-02,13,112,No
8883_0,8883,2024-10-25,1,106,No
8883_1,8883,2024-10-26,2,71,No
8883_2,8883,2024-10-27,13,55,No
8884_0,8884,2024-05-10,10,102,Yes
8884_1,8884,2024-05-11,3,44,No
8885_0,8885,2024-01-10,10,70,No
8886_0,8886,2024-06-22,6,14,No
8886_1,8886,2024-06-23,10,35,Yes
8886_2,8886,2024-06-24,1,34,No
8886_3,8886,2024-06-25,12,94,No
8887_0,8887,2024-05-31,1,18,No
8887_1,8887,2024-06-01,12,38,Yes
8888_0,8888,2024-01-10,12,68,Yes
8889_0,8889,2024-01-27,14,104,No
8890_0,8890,2024-11-01,13,12,Yes
8891_0,8891,2024-12-22,4,107,Yes
8891_1,8891,2024-12-23,12,70,Yes
8892_0,8892,2024-12-30,6,40,No
8892_1,8892,2024-12-31,11,16,Yes
8893_0,8893,2024-03-14,10,20,No
8893_1,8893,2024-03-15,1,102,No
8894_0,8894,2024-07-28,3,65,Yes
8894_1,8894,2024-07-29,3,58,Yes
8895_0,8895,2024-04-01,14,65,No
8896_0,8896,2024-12-05,7,35,Yes
8896_1,8896,2024-12-06,4,86,No
8896_2,8896,2024-12-07,14,5,No
8897_0,8897,2024-02-12,3,5,No
8897_1,8897,2024-02-13,14,69,Yes
8898_0,8898,2024-10-01,6,96,No
8898_1,8898,2024-10-02,7,19,No
8898_2,8898,2024-10-03,8,81,No
8898_3,8898,2024-10-04,12,2,Yes
8899_0,8899,2024-05-04,3,54,No
8899_1,8899,2024-05-05,10,44,No
8899_2,8899,2024-05-06,15,70,No
8900_0,8900,2024-04-06,1,118,Yes
8900_1,8900,2024-04-07,4,75,No
8900_2,8900,2024-04-08,8,6,Yes
8900_3,8900,2024-04-09,1,70,No
8901_0,8901,2024-04-23,5,2,Yes
8901_1,8901,2024-04-24,15,16,Yes
8902_0,8902,2024-06-23,3,62,No
8902_1,8902,2024-06-24,11,56,No
8902_2,8902,2024-06-25,10,21,Yes
8902_3,8902,2024-06-26,13,53,Yes
8902_4,8902,2024-06-27,7,97,No
8903_0,8903,2024-07-16,1,87,No
8903_1,8903,2024-07-17,7,52,No
8903_2,8903,2024-07-18,7,74,No
8903_3,8903,2024-07-19,7,78,Yes
8904_0,8904,2024-04-01,10,35,No
8904_1,8904,2024-04-02,1,102,No
8904_2,8904,2024-04-03,7,114,No
8904_3,8904,2024-04-04,6,44,Yes
8905_0,8905,2024-08-13,6,115,No
8905_1,8905,2024-08-14,1,15,No
8905_2,8905,2024-08-15,5,112,No
8906_0,8906,2024-04-29,4,56,No
8907_0,8907,2024-09-06,1,111,No
8907_1,8907,2024-09-07,13,32,No
8907_2,8907,2024-09-08,11,99,Yes
8907_3,8907,2024-09-09,15,56,Yes
8907_4,8907,2024-09-10,10,13,No
8908_0,8908,2024-09-23,2,49,No
8908_1,8908,2024-09-24,14,36,Yes
8908_2,8908,2024-09-25,10,34,No
8908_3,8908,2024-09-26,4,38,No
8909_0,8909,2024-07-02,2,78,Yes
8909_1,8909,2024-07-03,8,119,No
8909_2,8909,2024-07-04,14,72,No
8910_0,8910,2024-12-17,14,49,No
8910_1,8910,2024-12-18,9,35,No
8910_2,8910,2024-12-19,7,53,Yes
8911_0,8911,2024-06-29,7,73,Yes
8911_1,8911,2024-06-30,8,91,No
8911_2,8911,2024-07-01,15,76,No
8911_3,8911,2024-07-02,2,111,No
8912_0,8912,2024-06-09,9,9,No
8912_1,8912,2024-06-10,11,105,No
8912_2,8912,2024-06-11,7,88,No
8913_0,8913,2024-05-04,7,73,Yes
8913_1,8913,2024-05-05,9,27,No
8913_2,8913,2024-05-06,2,14,No
8914_0,8914,2024-11-17,5,15,No
8914_1,8914,2024-11-18,10,59,No
8914_2,8914,2024-11-19,7,28,No
8914_3,8914,2024-11-20,12,120,No
8914_4,8914,2024-11-21,5,61,No
8915_0,8915,2024-04-02,3,71,No
8915_1,8915,2024-04-03,5,62,Yes
8915_2,8915,2024-04-04,14,79,No
8916_0,8916,2024-09-12,7,30,No
8916_1,8916,2024-09-13,12,23,Yes
8917_0,8917,2024-05-09,12,26,Yes
8917_1,8917,2024-05-10,1,39,No
8917_2,8917,2024-05-11,8,106,No
8918_0,8918,2024-11-16,3,81,No
8918_1,8918,2024-11-17,11,6,No
8918_2,8918,2024-11-18,15,92,No
8918_3,8918,2024-11-19,10,4,No
8918_4,8918,2024-11-20,11,5,Yes
8919_0,8919,2024-09-30,15,83,Yes
8920_0,8920,2024-11-30,12,61,No
8921_0,8921,2024-12-17,15,81,No
8921_1,8921,2024-12-18,1,87,Yes
8922_0,8922,2024-01-20,12,120,No
8922_1,8922,2024-01-21,8,62,No
8923_0,8923,2024-07-06,14,118,No
8923_1,8923,2024-07-07,5,25,No
8923_2,8923,2024-07-08,5,24,Yes
8924_0,8924,2024-07-11,5,72,No
8924_1,8924,2024-07-12,1,55,No
8924_2,8924,2024-07-13,2,39,No
8924_3,8924,2024-07-14,1,113,No
8924_4,8924,2024-07-15,15,108,Yes
8925_0,8925,2024-09-09,1,103,No
8925_1,8925,2024-09-10,6,103,Yes
8926_0,8926,2024-09-24,3,49,No
8927_0,8927,2024-09-19,3,30,No
8927_1,8927,2024-09-20,13,69,Yes
8927_2,8927,2024-09-21,10,5,No
8927_3,8927,2024-09-22,10,89,No
8927_4,8927,2024-09-23,5,17,Yes
8928_0,8928,2024-07-17,7,4,No
8929_0,8929,2024-12-07,7,1,No
8929_1,8929,2024-12-08,13,8,No
8929_2,8929,2024-12-09,6,80,No
8930_0,8930,2024-03-04,15,109,No
8930_1,8930,2024-03-05,8,19,Yes
8931_0,8931,2024-10-31,12,116,No
8931_1,8931,2024-11-01,6,67,No
8931_2,8931,2024-11-02,5,100,Yes
8931_3,8931,2024-11-03,2,66,No
8932_0,8932,2024-08-05,8,84,No
8932_1,8932,2024-08-06,3,54,Yes
8932_2,8932,2024-08-07,11,106,No
8932_3,8932,2024-08-08,6,28,No
8932_4,8932,2024-08-09,13,120,No
8933_0,8933,2024-03-17,13,28,Yes
8933_1,8933,2024-03-18,5,22,No
8933_2,8933,2024-03-19,15,72,No
8933_3,8933,2024-03-20,5,6,No
8934_0,8934,2024-02-28,4,5,Yes
8934_1,8934,2024-02-29,7,45,No
8934_2,8934,2024-03-01,12,74,Yes
8934_3,8934,2024-03-02,6,28,No
8934_4,8934,2024-03-03,4,101,No
8935_0,8935,2024-08-21,5,97,Yes
8935_1,8935,2024-08-22,14,77,No
8935_2,8935,2024-08-23,13,90,No
8936_0,8936,2024-07-21,6,44,No
8936_1,8936,2024-07-22,3,38,No
8937_0,8937,2024-05-06,15,14,No
8937_1,8937,2024-05-07,7,1,No
8937_2,8937,2024-05-08,5,9,Yes
8937_3,8937,2024-05-09,8,62,Yes
8938_0,8938,2024-12-20,14,78,No
8938_1,8938,2024-12-21,5,114,No
8938_2,8938,2024-12-22,5,20,Yes
8938_3,8938,2024-12-23,14,98,Yes
8938_4,8938,2024-12-24,1,17,No
8939_0,8939,2024-04-13,1,69,No
8939_1,8939,2024-04-14,11,56,No
8940_0,8940,2024-03-02,3,107,No
8940_1,8940,2024-03-03,9,2,No
8940_2,8940,2024-03-04,13,14,No
8940_3,8940,2024-03-05,9,60,Yes
8940_4,8940,2024-03-06,12,37,Yes
8941_0,8941,2024-03-22,2,93,No
8941_1,8941,2024-03-23,15,28,No
8941_2,8941,2024-03-24,1,97,No
8941_3,8941,2024-03-25,9,84,No
8942_0,8942,2024-08-02,4,62,No
8942_1,8942,2024-08-03,7,78,Yes
8943_0,8943,2024-05-24,6,9,No
8943_1,8943,2024-05-25,15,53,No
8943_2,8943,2024-05-26,7,73,Yes
8943_3,8943,2024-05-27,8,90,No
8943_4,8943,2024-05-28,2,111,Yes
8944_0,8944,2024-06-13,13,19,No
8945_0,8945,2024-06-12,10,105,No
8945_1,8945,2024-06-13,7,56,No
8945_2,8945,2024-06-14,1,91,No
8945_3,8945,2024-06-15,6,42,Yes
8945_4,8945,2024-06-16,9,66,No
8946_0,8946,2024-02-05,7,80,No
8947_0,8947,2024-04-24,14,104,Yes
8947_1,8947,2024-04-25,12,17,No
8947_2,8947,2024-04-26,1,77,No
8947_3,8947,2024-04-27,5,13,No
8948_0,8948,2024-09-05,11,12,Yes
8948_1,8948,2024-09-06,1,106,No
8948_2,8948,2024-09-07,1,120,Yes
8949_0,8949,2024-11-16,12,30,No
8949_1,8949,2024-11-17,15,76,No
8949_2,8949,2024-11-18,5,78,No
8949_3,8949,2024-11-19,10,21,No
8950_0,8950,2024-02-05,13,87,No
8950_1,8950,2024-02-06,8,70,No
8951_0,8951,2024-10-22,4,9,No
8952_0,8952,2024-09-09,9,71,Yes
8952_1,8952,2024-09-10,6,68,No
8953_0,8953,2024-08-06,14,108,No
8954_0,8954,2024-05-26,2,26,Yes
8954_1,8954,2024-05-27,15,6,No
8954_2,8954,2024-05-28,10,3,No
8955_0,8955,2024-01-04,7,33,No
8955_1,8955,2024-01-05,2,60,No
8956_0,8956,2024-09-28,3,93,No
8956_1,8956,2024-09-29,12,112,Yes
8956_2,8956,2024-09-30,14,42,No
8956_3,8956,2024-10-01,12,94,No
8956_4,8956,2024-10-02,2,33,No
8957_0,8957,2024-06-30,6,78,No
8957_1,8957,2024-07-01,3,27,No
8957_2,8957,2024-07-02,7,48,No
8957_3,8957,2024-07-03,7,92,No
8957_4,8957,2024-07-04,5,104,No
8958_0,8958,2024-12-11,1,11,No
8959_0,8959,2024-03-22,4,77,No
8960_0,8960,2024-01-01,14,81,No
8960_1,8960,2024-01-02,10,76,No
8960_2,8960,2024-01-03,5,55,No
8960_3,8960,2024-01-04,9,83,No
8960_4,8960,2024-01-05,1,71,Yes
8961_0,8961,2024-04-28,2,1,No
8961_1,8961,2024-04-29,1,111,Yes
8961_2,8961,2024-04-30,13,77,Yes
8961_3,8961,2024-05-01,15,40,No
8961_4,8961,2024-05-02,5,52,Yes
8962_0,8962,2024-11-07,6,49,No
8962_1,8962,2024-11-08,8,39,Yes
8963_0,8963,2024-06-14,3,25,No
8963_1,8963,2024-06-15,6,120,No
8963_2,8963,2024-06-16,5,112,No
8964_0,8964,2024-10-11,7,91,Yes
8964_1,8964,2024-10-12,1,63,Yes
8964_2,8964,2024-10-13,14,95,No
8964_3,8964,2024-10-14,9,97,No
8965_0,8965,2024-06-17,10,106,No
8966_0,8966,2024-05-11,1,28,Yes
8966_1,8966,2024-05-12,4,107,No
8966_2,8966,2024-05-13,4,9,Yes
8966_3,8966,2024-05-14,7,76,No
8967_0,8967,2024-08-01,1,1,Yes
8967_1,8967,2024-08-02,3,66,Yes
8967_2,8967,2024-08-03,12,32,No
8967_3,8967,2024-08-04,8,79,Yes
8967_4,8967,2024-08-05,7,72,Yes
8968_0,8968,2024-07-08,14,53,No
8968_1,8968,2024-07-09,9,45,No
8968_2,8968,2024-07-10,15,109,Yes
8969_0,8969,2024-06-06,10,69,Yes
8969_1,8969,2024-06-07,14,8,No
8969_2,8969,2024-06-08,9,118,No
8969_3,8969,2024-06-09,12,35,No
8969_4,8969,2024-06-10,7,55,Yes
8970_0,8970,2024-06-10,14,90,No
8970_1,8970,2024-06-11,10,18,Yes
8971_0,8971,2024-11-06,14,86,Yes
8971_1,8971,2024-11-07,8,109,Yes
8971_2,8971,2024-11-08,8,114,No
8972_0,8972,2024-02-23,15,93,No
8972_1,8972,2024-02-24,2,47,No
8972_2,8972,2024-02-25,6,42,No
8973_0,8973,2024-10-16,14,118,No
8974_0,8974,2024-04-27,15,53,No
8975_0,8975,2024-02-15,13,98,Yes
8975_1,8975,2024-02-16,7,103,No
8975_2,8975,2024-02-17,11,76,No
8975_3,8975,2024-02-18,11,66,No
8975_4,8975,2024-02-19,11,17,Yes
8976_0,8976,2024-09-23,15,38,No
8977_0,8977,2024-09-13,11,52,No
8978_0,8978,2024-09-27,12,58,No
8978_1,8978,2024-09-28,5,54,No
8979_0,8979,2024-11-22,15,58,No
8980_0,8980,2024-09-22,7,46,Yes
8980_1,8980,2024-09-23,4,66,Yes
8980_2,8980,2024-09-24,8,65,Yes
8981_0,8981,2024-03-17,1,17,No
8981_1,8981,2024-03-18,8,69,No
8981_2,8981,2024-03-19,15,74,No
8981_3,8981,2024-03-20,11,36,No
8981_4,8981,2024-03-21,8,8,Yes
8982_0,8982,2024-11-14,3,25,No
8983_0,8983,2024-04-22,9,71,No
8984_0,8984,2024-01-19,12,96,Yes
8984_1,8984,2024-01-20,2,110,No
8984_2,8984,2024-01-21,6,66,No
8985_0,8985,2024-11-28,9,36,No
8985_1,8985,2024-11-29,1,116,Yes
8985_2,8985,2024-11-30,6,72,Yes
8985_3,8985,2024-12-01,7,15,No
8985_4,8985,2024-12-02,4,57,Yes
8986_0,8986,2024-05-15,11,118,Yes
8986_1,8986,2024-05-16,15,106,No
8986_2,8986,2024-05-17,15,29,No
8986_3,8986,2024-05-18,2,13,No
8987_0,8987,2024-10-01,9,20,Yes
8987_1,8987,2024-10-02,8,67,No
8987_2,8987,2024-10-03,1,29,Yes
8987_3,8987,2024-10-04,15,5,No
8988_0,8988,2024-11-08,5,14,No
8988_1,8988,2024-11-09,11,17,Yes
8989_0,8989,2024-05-04,3,38,Yes
8989_1,8989,2024-05-05,3,40,No
8989_2,8989,2024-05-06,14,19,No
8989_3,8989,2024-05-07,13,36,No
8989_4,8989,2024-05-08,7,115,No
8990_0,8990,2024-06-25,10,17,No
8990_1,8990,2024-06-26,8,78,No
8991_0,8991,2024-01-26,14,60,No
8991_1,8991,2024-01-27,9,34,No
8992_0,8992,2024-11-26,9,18,Yes
8992_1,8992,2024-11-27,15,87,Yes
8992_2,8992,2024-11-28,14,48,Yes
8992_3,8992,2024-11-29,4,27,No
8993_0,8993,2024-03-31,14,102,No
8993_1,8993,2024-04-01,12,49,Yes
8994_0,8994,2024-11-04,10,102,No
8994_1,8994,2024-11-05,11,83,No
8994_2,8994,2024-11-06,6,69,No
8994_3,8994,2024-11-07,7,88,No
8995_0,8995,2024-01-25,1,40,No
8995_1,8995,2024-01-26,10,64,Yes
8995_2,8995,2024-01-27,3,32,Yes
8995_3,8995,2024-01-28,6,100,No
8995_4,8995,2024-01-29,3,82,No
8996_0,8996,2024-07-14,12,6,Yes
8996_1,8996,2024-07-15,3,45,No
8996_2,8996,2024-07-16,7,17,No
8996_3,8996,2024-07-17,11,23,Yes
8997_0,8997,2024-03-30,12,4,Yes
8997_1,8997,2024-03-31,13,23,No
8997_2,8997,2024-04-01,6,19,Yes
8997_3,8997,2024-04-02,5,58,Yes
8997_4,8997,2024-04-03,4,112,No
8998_0,8998,2024-10-04,7,60,No
8998_1,8998,2024-10-05,11,42,No
8999_0,8999,2024-09-14,9,9,Yes
9000_0,9000,2024-04-23,14,72,No
9000_1,9000,2024-04-24,7,70,No
9000_2,9000,2024-04-25,13,72,No
9001_0,9001,2024-08-07,10,94,No
9001_1,9001,2024-08-08,14,70,No
9001_2,9001,2024-08-09,1,88,Yes
9001_3,9001,2024-08-10,11,49,Yes
9002_0,9002,2024-03-26,14,7,No
9003_0,9003,2024-11-07,4,42,Yes
9004_0,9004,2024-07-11,4,120,Yes
9004_1,9004,2024-07-12,14,105,No
9004_2,9004,2024-07-13,14,13,Yes
9004_3,9004,2024-07-14,9,9,No
9004_4,9004,2024-07-15,11,50,No
9005_0,9005,2024-02-02,6,22,No
9005_1,9005,2024-02-03,7,19,No
9005_2,9005,2024-02-04,5,99,Yes
9005_3,9005,2024-02-05,11,43,No
9006_0,9006,2024-08-16,8,101,Yes
9006_1,9006,2024-08-17,9,92,No
9007_0,9007,2024-03-05,8,4,No
9007_1,9007,2024-03-06,1,51,No
9007_2,9007,2024-03-07,13,21,Yes
9008_0,9008,2024-10-24,8,42,No
9008_1,9008,2024-10-25,1,8,No
9008_2,9008,2024-10-26,15,106,No
9008_3,9008,2024-10-27,6,109,No
9009_0,9009,2024-04-17,9,114,Yes
9009_1,9009,2024-04-18,12,2,Yes
9009_2,9009,2024-04-19,12,25,Yes
9009_3,9009,2024-04-20,9,60,Yes
9010_0,9010,2024-12-24,2,40,Yes
9010_1,9010,2024-12-25,11,19,Yes
9011_0,9011,2024-10-11,2,103,No
9011_1,9011,2024-10-12,6,41,No
9012_0,9012,2024-05-03,4,35,No
9012_1,9012,2024-05-04,3,72,No
9012_2,9012,2024-05-05,13,107,No
9012_3,9012,2024-05-06,2,94,No
9012_4,9012,2024-05-07,8,9,Yes
9013_0,9013,2024-02-09,8,107,Yes
9013_1,9013,2024-02-10,13,20,Yes
9013_2,9013,2024-02-11,6,6,No
9013_3,9013,2024-02-12,12,97,No
9013_4,9013,2024-02-13,1,77,No
9014_0,9014,2024-03-23,1,33,No
9014_1,9014,2024-03-24,4,16,No
9014_2,9014,2024-03-25,13,83,No
9015_0,9015,2024-10-11,7,107,No
9015_1,9015,2024-10-12,8,72,Yes
9015_2,9015,2024-10-13,1,106,Yes
9015_3,9015,2024-10-14,6,58,No
9015_4,9015,2024-10-15,10,85,Yes
9016_0,9016,2024-06-24,2,18,Yes
9016_1,9016,2024-06-25,14,79,Yes
9016_2,9016,2024-06-26,15,35,No
9017_0,9017,2024-03-18,12,58,Yes
9017_1,9017,2024-03-19,8,60,No
9018_0,9018,2024-10-13,12,37,Yes
9018_1,9018,2024-10-14,6,2,No
9019_0,9019,2024-04-15,8,100,No
9019_1,9019,2024-04-16,6,61,Yes
9019_2,9019,2024-04-17,10,103,No
9019_3,9019,2024-04-18,4,115,Yes
9019_4,9019,2024-04-19,7,21,No
9020_0,9020,2024-08-30,4,3,No
9020_1,9020,2024-08-31,6,117,No
9021_0,9021,2024-03-28,9,51,No
9021_1,9021,2024-03-29,3,51,Yes
9021_2,9021,2024-03-30,12,57,No
9021_3,9021,2024-03-31,13,98,No
9022_0,9022,2024-01-11,5,105,No
9023_0,9023,2024-01-14,13,40,Yes
9023_1,9023,2024-01-15,14,38,No
9024_0,9024,2024-11-28,15,101,No
9024_1,9024,2024-11-29,7,81,Yes
9024_2,9024,2024-11-30,13,34,No
9024_3,9024,2024-12-01,6,61,Yes
9025_0,9025,2024-07-24,14,50,Yes
9026_0,9026,2024-08-31,12,114,No
9026_1,9026,2024-09-01,4,84,Yes
9026_2,9026,2024-09-02,7,83,No
9026_3,9026,2024-09-03,13,74,No
9026_4,9026,2024-09-04,13,88,No
9027_0,9027,2024-08-03,10,111,Yes
9027_1,9027,2024-08-04,14,23,No
9027_2,9027,2024-08-05,7,85,No
9028_0,9028,2024-11-22,7,63,Yes
9028_1,9028,2024-11-23,4,64,No
9029_0,9029,2024-05-01,9,68,Yes
9029_1,9029,2024-05-02,2,51,No
9029_2,9029,2024-05-03,6,95,No
9029_3,9029,2024-05-04,10,67,Yes
9029_4,9029,2024-05-05,9,84,No
9030_0,9030,2024-02-27,8,56,No
9030_1,9030,2024-02-28,9,11,Yes
9031_0,9031,2024-12-13,11,64,Yes
9031_1,9031,2024-12-14,1,41,No
9032_0,9032,2024-12-06,6,89,No
9033_0,9033,2024-04-11,15,41,No
9033_1,9033,2024-04-12,12,64,No
9034_0,9034,2024-09-27,7,44,No
9034_1,9034,2024-09-28,12,32,Yes
9034_2,9034,2024-09-29,8,117,No
9034_3,9034,2024-09-30,11,40,No
9035_0,9035,2024-09-07,14,8,Yes
9035_1,9035,2024-09-08,5,27,No
9035_2,9035,2024-09-09,1,98,No
9035_3,9035,2024-09-10,9,119,No
9036_0,9036,2024-05-12,9,96,No
9036_1,9036,2024-05-13,10,50,Yes
9036_2,9036,2024-05-14,4,1,No
9036_3,9036,2024-05-15,3,90,No
9036_4,9036,2024-05-16,9,84,No
9037_0,9037,2024-03-20,5,25,Yes
9037_1,9037,2024-03-21,5,43,No
9037_2,9037,2024-03-22,11,59,No
9037_3,9037,2024-03-23,6,74,No
9037_4,9037,2024-03-24,10,30,No
9038_0,9038,2024-06-25,5,113,Yes
9038_1,9038,2024-06-26,15,77,No
9038_2,9038,2024-06-27,11,53,Yes
9038_3,9038,2024-06-28,14,95,No
9038_4,9038,2024-06-29,15,100,No
9039_0,9039,2024-06-29,12,32,Yes
9039_1,9039,2024-06-30,5,115,No
9039_2,9039,2024-07-01,12,95,No
9040_0,9040,2024-10-06,1,50,No
9040_1,9040,2024-10-07,9,7,No
9040_2,9040,2024-10-08,8,85,No
9040_3,9040,2024-10-09,5,46,No
9040_4,9040,2024-10-10,13,19,No
9041_0,9041,2024-12-10,4,8,No
9042_0,9042,2024-12-23,6,98,No
9042_1,9042,2024-12-24,13,120,Yes
9042_2,9042,2024-12-25,1,103,No
9043_0,9043,2024-11-05,15,30,No
9043_1,9043,2024-11-06,7,25,Yes
9044_0,9044,2024-07-05,8,108,Yes
9044_1,9044,2024-07-06,4,103,Yes
9045_0,9045,2024-02-25,6,115,No
9045_1,9045,2024-02-26,12,31,Yes
9045_2,9045,2024-02-27,10,34,No
9045_3,9045,2024-02-28,1,113,Yes
9045_4,9045,2024-02-29,3,20,Yes
9046_0,9046,2024-05-26,2,5,Yes
9046_1,9046,2024-05-27,3,15,No
9047_0,9047,2024-05-29,4,6,No
9047_1,9047,2024-05-30,3,5,No
9047_2,9047,2024-05-31,10,101,No
9048_0,9048,2024-08-17,12,100,No
9049_0,9049,2024-02-12,8,46,No
9049_1,9049,2024-02-13,1,71,No
9050_0,9050,2024-03-14,3,49,No
9050_1,9050,2024-03-15,10,76,Yes
9051_0,9051,2024-09-18,6,68,No
9051_1,9051,2024-09-19,6,77,No
9051_2,9051,2024-09-20,9,22,No
9052_0,9052,2024-12-08,6,83,No
9053_0,9053,2024-05-19,5,75,No
9053_1,9053,2024-05-20,4,54,No
9053_2,9053,2024-05-21,10,105,No
9054_0,9054,2024-07-28,6,87,No
9054_1,9054,2024-07-29,13,33,No
9054_2,9054,2024-07-30,1,100,Yes
9054_3,9054,2024-07-31,3,116,Yes
9054_4,9054,2024-08-01,2,41,No
9055_0,9055,2024-09-05,12,81,No
9056_0,9056,2024-12-18,9,60,No
9056_1,9056,2024-12-19,14,28,No
9056_2,9056,2024-12-20,7,69,No
9057_0,9057,2024-10-13,13,41,No
9057_1,9057,2024-10-14,3,21,No
9057_2,9057,2024-10-15,15,67,Yes
9057_3,9057,2024-10-16,11,111,No
9058_0,9058,2024-06-19,15,107,Yes
9058_1,9058,2024-06-20,10,1,No
9058_2,9058,2024-06-21,5,18,No
9058_3,9058,2024-06-22,14,33,No
9058_4,9058,2024-06-23,13,64,No
9059_0,9059,2024-05-21,4,5,No
9059_1,9059,2024-05-22,11,13,No
9060_0,9060,2024-08-31,1,94,Yes
9060_1,9060,2024-09-01,2,19,Yes
9060_2,9060,2024-09-02,12,20,No
9060_3,9060,2024-09-03,11,119,No
9060_4,9060,2024-09-04,11,49,No
9061_0,9061,2024-09-17,13,37,No
9061_1,9061,2024-09-18,11,53,No
9061_2,9061,2024-09-19,2,43,No
9062_0,9062,2024-03-07,13,76,No
9062_1,9062,2024-03-08,13,40,Yes
9062_2,9062,2024-03-09,12,73,No
9062_3,9062,2024-03-10,8,74,Yes
9063_0,9063,2024-10-25,10,1,No
9063_1,9063,2024-10-26,10,94,No
9063_2,9063,2024-10-27,14,110,No
9063_3,9063,2024-10-28,11,50,No
9063_4,9063,2024-10-29,8,42,Yes
9064_0,9064,2024-12-24,14,94,No
9064_1,9064,2024-12-25,10,90,No
9064_2,9064,2024-12-26,8,74,No
9064_3,9064,2024-12-27,6,44,No
9064_4,9064,2024-12-28,6,23,Yes
9065_0,9065,2024-08-22,8,119,No
9065_1,9065,2024-08-23,14,90,No
9066_0,9066,2024-06-26,2,89,Yes
9066_1,9066,2024-06-27,2,83,No
9067_0,9067,2024-09-13,5,76,No
9067_1,9067,2024-09-14,4,78,Yes
9067_2,9067,2024-09-15,14,77,No
9068_0,9068,2024-04-06,10,105,No
9068_1,9068,2024-04-07,10,65,No
9068_2,9068,2024-04-08,13,53,No
9068_3,9068,2024-04-09,6,96,No
9069_0,9069,2024-01-21,3,97,No
9069_1,9069,2024-01-22,14,66,No
9069_2,9069,2024-01-23,11,8,No
9069_3,9069,2024-01-24,11,29,No
9069_4,9069,2024-01-25,2,7,No
9070_0,9070,2024-05-23,7,90,No
9071_0,9071,2024-06-19,11,81,No
9071_1,9071,2024-06-20,13,29,Yes
9071_2,9071,2024-06-21,10,22,No
9071_3,9071,2024-06-22,5,22,Yes
9071_4,9071,2024-06-23,9,50,Yes
9072_0,9072,2024-03-28,14,26,No
9072_1,9072,2024-03-29,14,15,No
9072_2,9072,2024-03-30,2,62,No
9072_3,9072,2024-03-31,15,109,Yes
9073_0,9073,2024-10-26,7,47,No
9073_1,9073,2024-10-27,9,53,No
9074_0,9074,2024-08-28,12,46,No
9074_1,9074,2024-08-29,8,40,No
9074_2,9074,2024-08-30,10,95,Yes
9075_0,9075,2024-08-14,8,54,No
9076_0,9076,2024-04-20,10,102,No
9076_1,9076,2024-04-21,2,73,No
9077_0,9077,2024-04-17,15,85,No
9077_1,9077,2024-04-18,7,41,No
9077_2,9077,2024-04-19,4,52,Yes
9077_3,9077,2024-04-20,12,120,Yes
9077_4,9077,2024-04-21,5,23,No
9078_0,9078,2024-03-04,9,6,No
9079_0,9079,2024-11-25,10,43,No
9079_1,9079,2024-11-26,10,34,No
9079_2,9079,2024-11-27,15,95,No
9080_0,9080,2024-07-03,2,53,No
9080_1,9080,2024-07-04,13,81,No
9081_0,9081,2024-09-19,9,38,Yes
9081_1,9081,2024-09-20,12,17,Yes
9082_0,9082,2024-06-16,14,74,Yes
9082_1,9082,2024-06-17,6,72,No
9082_2,9082,2024-06-18,1,67,No
9082_3,9082,2024-06-19,8,21,No
9083_0,9083,2024-12-22,7,88,No
9083_1,9083,2024-12-23,14,101,No
9084_0,9084,2024-04-29,2,26,Yes
9084_1,9084,2024-04-30,4,53,No
9084_2,9084,2024-05-01,7,18,No
9084_3,9084,2024-05-02,15,101,Yes
9085_0,9085,2024-04-15,7,12,No
9086_0,9086,2024-08-03,1,115,No
9086_1,9086,2024-08-04,9,77,No
9086_2,9086,2024-08-05,4,20,No
9087_0,9087,2024-02-17,15,23,No
9087_1,9087,2024-02-18,4,71,No
9088_0,9088,2024-11-15,4,58,Yes
9088_1,9088,2024-11-16,14,87,Yes
9088_2,9088,2024-11-17,15,73,No
9088_3,9088,2024-11-18,12,117,No
9088_4,9088,2024-11-19,8,119,No
9089_0,9089,2024-08-18,15,119,No
9089_1,9089,2024-08-19,2,59,No
9089_2,9089,2024-08-20,7,24,No
9089_3,9089,2024-08-21,11,60,No
9090_0,9090,2024-04-12,7,13,No
9090_1,9090,2024-04-13,6,103,No
9091_0,9091,2024-04-27,6,5,No
9091_1,9091,2024-04-28,13,75,No
9091_2,9091,2024-04-29,4,84,No
9091_3,9091,2024-04-30,10,119,No
9091_4,9091,2024-05-01,15,107,Yes
9092_0,9092,2024-07-14,12,12,Yes
9092_1,9092,2024-07-15,8,28,No
9092_2,9092,2024-07-16,10,29,No
9092_3,9092,2024-07-17,15,120,No
9092_4,9092,2024-07-18,4,68,No
9093_0,9093,2024-01-31,10,44,No
9094_0,9094,2024-12-04,15,102,Yes
9094_1,9094,2024-12-05,9,31,No
9095_0,9095,2024-06-30,5,20,Yes
9095_1,9095,2024-07-01,12,79,No
9095_2,9095,2024-07-02,11,16,No
9095_3,9095,2024-07-03,8,63,No
9095_4,9095,2024-07-04,4,117,No
9096_0,9096,2024-03-13,10,82,No
9096_1,9096,2024-03-14,13,4,No
9096_2,9096,2024-03-15,11,113,No
9096_3,9096,2024-03-16,11,14,No
9096_4,9096,2024-03-17,13,86,No
9097_0,9097,2024-05-28,4,106,No
9097_1,9097,2024-05-29,8,29,Yes
9098_0,9098,2024-02-03,3,116,No
9098_1,9098,2024-02-04,10,84,Yes
9098_2,9098,2024-02-05,5,33,Yes
9098_3,9098,2024-02-06,9,45,No
9098_4,9098,2024-02-07,3,9,No
9099_0,9099,2024-05-18,7,70,No
9099_1,9099,2024-05-19,4,84,No
9099_2,9099,2024-05-20,13,118,No
9100_0,9100,2024-08-02,1,79,No
9101_0,9101,2024-12-21,6,108,No
9101_1,9101,2024-12-22,8,66,No
9101_2,9101,2024-12-23,9,111,No
9101_3,9101,2024-12-24,14,109,No
9101_4,9101,2024-12-25,10,62,No
9102_0,9102,2024-09-22,3,29,No
9102_1,9102,2024-09-23,11,93,Yes
9102_2,9102,2024-09-24,5,88,No
9102_3,9102,2024-09-25,9,79,No
9102_4,9102,2024-09-26,5,5,Yes
9103_0,9103,2024-11-09,2,1,No
9103_1,9103,2024-11-10,7,89,No
9104_0,9104,2024-03-13,12,16,Yes
9104_1,9104,2024-03-14,10,18,No
9104_2,9104,2024-03-15,3,47,No
9105_0,9105,2024-07-31,3,102,Yes
9106_0,9106,2024-03-15,6,4,No
9106_1,9106,2024-03-16,2,3,Yes
9106_2,9106,2024-03-17,5,92,Yes
9106_3,9106,2024-03-18,7,43,No
9107_0,9107,2024-05-24,10,3,Yes
9107_1,9107,2024-05-25,11,67,No
9107_2,9107,2024-05-26,7,41,No
9107_3,9107,2024-05-27,4,13,Yes
9108_0,9108,2024-04-19,15,54,Yes
9108_1,9108,2024-04-20,1,12,No
9108_2,9108,2024-04-21,2,57,No
9108_3,9108,2024-04-22,11,68,No
9109_0,9109,2024-02-03,11,63,No
9109_1,9109,2024-02-04,10,44,Yes
9109_2,9109,2024-02-05,15,94,Yes
9109_3,9109,2024-02-06,1,1,Yes
9109_4,9109,2024-02-07,9,41,No
9110_0,9110,2024-03-11,7,37,No
9111_0,9111,2024-06-23,13,71,Yes
9111_1,9111,2024-06-24,14,32,No
9111_2,9111,2024-06-25,6,45,No
9112_0,9112,2024-02-26,10,99,Yes
9112_1,9112,2024-02-27,5,95,No
9112_2,9112,2024-02-28,6,110,No
9113_0,9113,2024-09-14,7,45,No
9114_0,9114,2024-10-01,5,60,No
9115_0,9115,2024-12-20,6,44,Yes
9115_1,9115,2024-12-21,5,113,Yes
9115_2,9115,2024-12-22,12,22,No
9116_0,9116,2024-02-08,8,25,No
9116_1,9116,2024-02-09,4,65,No
9117_0,9117,2024-11-18,6,27,No
9117_1,9117,2024-11-19,10,49,No
9117_2,9117,2024-11-20,14,52,No
9118_0,9118,2024-02-18,4,5,Yes
9118_1,9118,2024-02-19,8,23,Yes
9118_2,9118,2024-02-20,14,15,No
9119_0,9119,2024-10-23,13,91,No
9120_0,9120,2024-11-14,12,91,Yes
9120_1,9120,2024-11-15,2,25,No
9121_0,9121,2024-01-17,13,70,No
9121_1,9121,2024-01-18,13,19,No
9121_2,9121,2024-01-19,15,59,No
9121_3,9121,2024-01-20,1,41,Yes
9122_0,9122,2024-04-27,13,32,No
9123_0,9123,2024-11-24,4,116,No
9123_1,9123,2024-11-25,6,18,Yes
9123_2,9123,2024-11-26,14,52,No
9123_3,9123,2024-11-27,6,74,No
9123_4,9123,2024-11-28,12,66,Yes
9124_0,9124,2024-09-15,4,120,Yes
9124_1,9124,2024-09-16,14,97,No
9125_0,9125,2024-02-21,11,13,Yes
9126_0,9126,2024-05-23,7,34,No
9126_1,9126,2024-05-24,3,85,No
9126_2,9126,2024-05-25,1,67,No
9127_0,9127,2024-02-13,3,82,No
9127_1,9127,2024-02-14,7,90,No
9127_2,9127,2024-02-15,3,94,No
9127_3,9127,2024-02-16,13,91,No
9128_0,9128,2024-07-09,15,59,No
9128_1,9128,2024-07-10,4,30,Yes
9128_2,9128,2024-07-11,9,38,Yes
9128_3,9128,2024-07-12,9,2,No
9128_4,9128,2024-07-13,8,93,No
9129_0,9129,2024-01-31,3,2,Yes
9129_1,9129,2024-02-01,3,78,No
9129_2,9129,2024-02-02,7,55,Yes
9129_3,9129,2024-02-03,8,111,No
9129_4,9129,2024-02-04,4,99,Yes
9130_0,9130,2024-03-08,1,68,No
9130_1,9130,2024-03-09,2,12,No
9130_2,9130,2024-03-10,6,65,No
9131_0,9131,2024-09-17,5,77,No
9131_1,9131,2024-09-18,8,110,No
9131_2,9131,2024-09-19,14,59,No
9131_3,9131,2024-09-20,9,117,Yes
9131_4,9131,2024-09-21,7,107,Yes
9132_0,9132,2024-02-01,11,119,Yes
9132_1,9132,2024-02-02,14,38,No
9132_2,9132,2024-02-03,7,28,No
9132_3,9132,2024-02-04,4,101,No
9132_4,9132,2024-02-05,14,61,No
9133_0,9133,2024-02-04,6,67,No
9133_1,9133,2024-02-05,3,63,Yes
9133_2,9133,2024-02-06,10,66,No
9134_0,9134,2024-07-22,3,104,No
9134_1,9134,2024-07-23,15,94,No
9135_0,9135,2024-07-13,2,44,No
9135_1,9135,2024-07-14,2,75,No
9135_2,9135,2024-07-15,2,84,No
9136_0,9136,2024-01-16,6,14,No
9136_1,9136,2024-01-17,2,59,No
9136_2,9136,2024-01-18,15,119,Yes
9136_3,9136,2024-01-19,3,58,No
9136_4,9136,2024-01-20,1,50,No
9137_0,9137,2024-11-08,3,94,No
9137_1,9137,2024-11-09,8,68,No
9137_2,9137,2024-11-10,7,30,Yes
9137_3,9137,2024-11-11,2,27,Yes
9138_0,9138,2024-10-24,2,25,No
9138_1,9138,2024-10-25,8,66,No
9138_2,9138,2024-10-26,7,89,Yes
9138_3,9138,2024-10-27,3,80,No
9139_0,9139,2024-08-25,9,98,No
9139_1,9139,2024-08-26,1,98,No
9139_2,9139,2024-08-27,10,79,No
9139_3,9139,2024-08-28,3,37,No
9139_4,9139,2024-08-29,5,7,Yes
9140_0,9140,2024-07-28,6,36,No
9140_1,9140,2024-07-29,15,106,No
9140_2,9140,2024-07-30,12,9,Yes
9140_3,9140,2024-07-31,5,48,No
9141_0,9141,2024-01-01,1,44,No
9141_1,9141,2024-01-02,13,102,No
9141_2,9141,2024-01-03,8,119,No
9141_3,9141,2024-01-04,10,106,No
9141_4,9141,2024-01-05,6,71,Yes
9142_0,9142,2024-06-16,13,58,Yes
9142_1,9142,2024-06-17,2,101,No
9142_2,9142,2024-06-18,6,40,No
9143_0,9143,2024-10-24,10,59,No
9143_1,9143,2024-10-25,11,1,No
9143_2,9143,2024-10-26,6,71,No
9143_3,9143,2024-10-27,10,46,No
9144_0,9144,2024-06-19,12,79,No
9144_1,9144,2024-06-20,4,76,No
9144_2,9144,2024-06-21,9,65,Yes
9144_3,9144,2024-06-22,13,96,No
9144_4,9144,2024-06-23,9,37,No
9145_0,9145,2024-07-17,5,33,Yes
9146_0,9146,2024-03-26,5,11,No
9146_1,9146,2024-03-27,1,60,Yes
9146_2,9146,2024-03-28,13,47,No
9146_3,9146,2024-03-29,1,79,No
9147_0,9147,2024-07-13,7,51,No
9147_1,9147,2024-07-14,7,36,No
9147_2,9147,2024-07-15,12,60,No
9148_0,9148,2024-10-14,8,86,Yes
9148_1,9148,2024-10-15,15,53,Yes
9148_2,9148,2024-10-16,2,82,Yes
9149_0,9149,2024-11-20,10,45,Yes
9150_0,9150,2024-10-31,2,14,Yes
9150_1,9150,2024-11-01,7,92,No
9151_0,9151,2024-05-15,1,98,No
9151_1,9151,2024-05-16,3,62,Yes
9151_2,9151,2024-05-17,1,97,No
9151_3,9151,2024-05-18,13,70,Yes
9151_4,9151,2024-05-19,6,21,No
9152_0,9152,2024-06-11,9,36,No
9152_1,9152,2024-06-12,7,7,No
9152_2,9152,2024-06-13,8,116,No
9153_0,9153,2024-01-20,10,78,No
9153_1,9153,2024-01-21,14,13,Yes
9153_2,9153,2024-01-22,9,1,No
9153_3,9153,2024-01-23,6,85,No
9153_4,9153,2024-01-24,5,15,No
9154_0,9154,2024-06-28,13,14,No
9154_1,9154,2024-06-29,3,51,Yes
9154_2,9154,2024-06-30,15,56,Yes
9155_0,9155,2024-10-15,9,20,Yes
9156_0,9156,2024-12-07,8,16,Yes
9156_1,9156,2024-12-08,8,34,No
9156_2,9156,2024-12-09,4,86,No
9157_0,9157,2024-11-03,12,56,No
9157_1,9157,2024-11-04,9,55,Yes
9157_2,9157,2024-11-05,15,24,Yes
9157_3,9157,2024-11-06,5,37,Yes
9158_0,9158,2024-06-22,12,49,Yes
9158_1,9158,2024-06-23,6,52,Yes
9158_2,9158,2024-06-24,2,1,No
9158_3,9158,2024-06-25,12,111,No
9159_0,9159,2024-09-23,10,93,Yes
9159_1,9159,2024-09-24,8,84,No
9160_0,9160,2024-01-31,3,49,Yes
9160_1,9160,2024-02-01,5,109,Yes
9161_0,9161,2024-01-30,4,8,Yes
9162_0,9162,2024-01-05,5,76,No
9162_1,9162,2024-01-06,4,77,No
9163_0,9163,2024-04-02,7,35,No
9163_1,9163,2024-04-03,7,30,No
9163_2,9163,2024-04-04,10,13,Yes
9164_0,9164,2024-09-01,14,57,Yes
9165_0,9165,2024-05-29,15,88,Yes
9165_1,9165,2024-05-30,12,62,No
9165_2,9165,2024-05-31,13,38,No
9165_3,9165,2024-06-01,10,64,No
9166_0,9166,2024-03-27,8,46,No
9166_1,9166,2024-03-28,5,103,Yes
9166_2,9166,2024-03-29,7,38,Yes
9166_3,9166,2024-03-30,12,101,No
9166_4,9166,2024-03-31,11,118,Yes
9167_0,9167,2024-09-13,3,106,No
9167_1,9167,2024-09-14,8,103,No
9167_2,9167,2024-09-15,14,88,No
9167_3,9167,2024-09-16,8,74,No
9168_0,9168,2024-10-27,6,3,Yes
9168_1,9168,2024-10-28,8,32,No
9169_0,9169,2024-03-08,2,101,No
9170_0,9170,2024-01-17,7,74,Yes
9170_1,9170,2024-01-18,3,118,Yes
9171_0,9171,2024-07-14,14,78,No
9171_1,9171,2024-07-15,4,66,Yes
9172_0,9172,2024-12-09,14,105,No
9172_1,9172,2024-12-10,11,39,No
9173_0,9173,2024-02-04,3,79,No
9173_1,9173,2024-02-05,9,109,No
9173_2,9173,2024-02-06,15,61,No
9173_3,9173,2024-02-07,14,1,No
9173_4,9173,2024-02-08,4,90,Yes
9174_0,9174,2024-11-19,9,57,No
9174_1,9174,2024-11-20,5,110,Yes
9174_2,9174,2024-11-21,4,15,Yes
9174_3,9174,2024-11-22,6,94,No
9174_4,9174,2024-11-23,2,112,No
9175_0,9175,2024-03-18,7,5,Yes
9175_1,9175,2024-03-19,1,70,Yes
9175_2,9175,2024-03-20,12,62,No
9175_3,9175,2024-03-21,2,48,No
9175_4,9175,2024-03-22,15,72,Yes
9176_0,9176,2024-01-21,14,98,Yes
9176_1,9176,2024-01-22,7,38,No
9177_0,9177,2024-02-18,5,34,No
9177_1,9177,2024-02-19,8,18,No
9177_2,9177,2024-02-20,14,81,No
9177_3,9177,2024-02-21,1,78,No
9178_0,9178,2024-12-16,15,85,Yes
9179_0,9179,2024-01-19,15,62,No
9180_0,9180,2024-02-16,13,92,No
9180_1,9180,2024-02-17,5,71,No
9180_2,9180,2024-02-18,4,112,No
9181_0,9181,2024-08-30,1,112,No
9181_1,9181,2024-08-31,3,46,No
9182_0,9182,2024-09-20,13,17,No
9182_1,9182,2024-09-21,4,55,No
9182_2,9182,2024-09-22,3,48,Yes
9182_3,9182,2024-09-23,13,83,No
9182_4,9182,2024-09-24,4,89,No
9183_0,9183,2024-05-28,14,83,Yes
9183_1,9183,2024-05-29,14,114,No
9184_0,9184,2024-03-25,3,57,No
9184_1,9184,2024-03-26,1,23,Yes
9184_2,9184,2024-03-27,11,83,Yes
9185_0,9185,2024-09-08,13,36,Yes
9185_1,9185,2024-09-09,14,89,No
9185_2,9185,2024-09-10,6,47,Yes
9185_3,9185,2024-09-11,8,90,No
9185_4,9185,2024-09-12,11,10,No
9186_0,9186,2024-08-14,4,83,Yes
9186_1,9186,2024-08-15,4,108,No
9187_0,9187,2024-10-21,1,62,No
9187_1,9187,2024-10-22,4,64,No
9188_0,9188,2024-04-17,5,8,Yes
9188_1,9188,2024-04-18,10,64,No
9189_0,9189,2024-03-20,10,86,No
9189_1,9189,2024-03-21,12,47,No
9189_2,9189,2024-03-22,10,9,No
9189_3,9189,2024-03-23,14,30,No
9190_0,9190,2024-03-06,13,27,No
9190_1,9190,2024-03-07,11,42,No
9190_2,9190,2024-03-08,5,101,No
9191_0,9191,2024-04-05,9,14,No
9192_0,9192,2024-07-18,1,9,Yes
9193_0,9193,2024-09-29,11,52,No
9193_1,9193,2024-09-30,1,67,No
9194_0,9194,2024-03-22,4,116,No
9194_1,9194,2024-03-23,8,26,No
9195_0,9195,2024-11-19,4,93,No
9195_1,9195,2024-11-20,5,33,Yes
9195_2,9195,2024-11-21,1,86,No
9195_3,9195,2024-11-22,1,17,No
9196_0,9196,2024-01-09,14,43,Yes
9196_1,9196,2024-01-10,15,60,Yes
9196_2,9196,2024-01-11,6,41,Yes
9197_0,9197,2024-08-02,1,22,No
9198_0,9198,2024-04-13,10,75,No
9198_1,9198,2024-04-14,15,12,No
9198_2,9198,2024-04-15,11,108,Yes
9199_0,9199,2024-11-29,8,83,Yes
9200_0,9200,2024-11-13,14,74,No
9200_1,9200,2024-11-14,1,46,Yes
9200_2,9200,2024-11-15,6,48,Yes
9200_3,9200,2024-11-16,11,109,No
9200_4,9200,2024-11-17,1,73,No
9201_0,9201,2024-06-12,12,100,Yes
9201_1,9201,2024-06-13,6,75,No
9201_2,9201,2024-06-14,1,45,No
9201_3,9201,2024-06-15,9,72,No
9201_4,9201,2024-06-16,15,64,No
9202_0,9202,2024-05-04,14,19,No
9202_1,9202,2024-05-05,5,104,No
9202_2,9202,2024-05-06,10,20,No
9202_3,9202,2024-05-07,9,76,No
9202_4,9202,2024-05-08,14,99,No
9203_0,9203,2024-06-16,13,61,No
9203_1,9203,2024-06-17,1,72,No
9203_2,9203,2024-06-18,2,1,No
9203_3,9203,2024-06-19,4,5,Yes
9203_4,9203,2024-06-20,10,12,Yes
9204_0,9204,2024-04-30,5,75,No
9204_1,9204,2024-05-01,15,85,Yes
9205_0,9205,2024-06-02,8,50,No
9205_1,9205,2024-06-03,2,20,No
9205_2,9205,2024-06-04,9,60,No
9205_3,9205,2024-06-05,2,3,Yes
9206_0,9206,2024-08-13,14,79,Yes
9206_1,9206,2024-08-14,10,96,No
9207_0,9207,2024-10-20,1,31,No
9208_0,9208,2024-05-11,6,61,Yes
9208_1,9208,2024-05-12,6,116,No
9209_0,9209,2024-07-28,13,22,No
9209_1,9209,2024-07-29,12,117,No
9209_2,9209,2024-07-30,15,28,No
9209_3,9209,2024-07-31,7,50,Yes
9209_4,9209,2024-08-01,4,49,No
9210_0,9210,2024-04-12,6,56,No
9210_1,9210,2024-04-13,9,88,Yes
9210_2,9210,2024-04-14,11,97,No
9210_3,9210,2024-04-15,11,108,No
9210_4,9210,2024-04-16,5,52,Yes
9211_0,9211,2024-07-17,12,69,Yes
9211_1,9211,2024-07-18,1,112,No
9211_2,9211,2024-07-19,6,39,No
9211_3,9211,2024-07-20,5,7,No
9211_4,9211,2024-07-21,10,99,No
9212_0,9212,2024-05-05,5,67,No
9212_1,9212,2024-05-06,10,67,No
9212_2,9212,2024-05-07,11,7,No
9213_0,9213,2024-05-06,11,4,No
9213_1,9213,2024-05-07,14,28,Yes
9214_0,9214,2024-11-29,6,16,No
9214_1,9214,2024-11-30,1,32,Yes
9214_2,9214,2024-12-01,6,88,No
9214_3,9214,2024-12-02,2,15,No
9214_4,9214,2024-12-03,7,93,No
9215_0,9215,2024-06-28,4,19,No
9215_1,9215,2024-06-29,11,97,No
9215_2,9215,2024-06-30,5,120,Yes
9216_0,9216,2024-12-06,1,24,No
9217_0,9217,2024-08-10,12,83,Yes
9217_1,9217,2024-08-11,6,97,No
9218_0,9218,2024-05-18,6,73,Yes
9219_0,9219,2024-05-18,13,108,No
9219_1,9219,2024-05-19,12,49,No
9219_2,9219,2024-05-20,10,40,Yes
9219_3,9219,2024-05-21,8,103,No
9219_4,9219,2024-05-22,14,22,No
9220_0,9220,2024-09-19,11,84,No
9220_1,9220,2024-09-20,5,116,No
9220_2,9220,2024-09-21,8,101,No
9220_3,9220,2024-09-22,12,120,No
9220_4,9220,2024-09-23,3,89,Yes
9221_0,9221,2024-03-31,12,114,No
9221_1,9221,2024-04-01,14,63,No
9222_0,9222,2024-06-19,12,38,Yes
9222_1,9222,2024-06-20,4,87,No
9222_2,9222,2024-06-21,14,48,Yes
9222_3,9222,2024-06-22,12,17,No
9222_4,9222,2024-06-23,4,14,No
9223_0,9223,2024-07-18,2,55,No
9223_1,9223,2024-07-19,1,42,Yes
9224_0,9224,2024-05-14,15,29,Yes
9224_1,9224,2024-05-15,14,106,No
9224_2,9224,2024-05-16,7,4,No
9224_3,9224,2024-05-17,8,32,Yes
9225_0,9225,2024-03-03,11,75,Yes
9225_1,9225,2024-03-04,4,3,No
9225_2,9225,2024-03-05,13,62,No
9225_3,9225,2024-03-06,6,102,No
9225_4,9225,2024-03-07,10,81,No
9226_0,9226,2024-08-14,4,15,Yes
9226_1,9226,2024-08-15,9,102,No
9226_2,9226,2024-08-16,1,2,Yes
9226_3,9226,2024-08-17,12,71,Yes
9226_4,9226,2024-08-18,7,75,No
9227_0,9227,2024-02-13,3,98,No
9227_1,9227,2024-02-14,12,33,No
9227_2,9227,2024-02-15,8,52,Yes
9228_0,9228,2024-04-23,12,52,No
9228_1,9228,2024-04-24,6,61,No
9228_2,9228,2024-04-25,10,70,No
9228_3,9228,2024-04-26,12,118,No
9229_0,9229,2024-08-23,13,15,Yes
9230_0,9230,2024-08-23,11,112,Yes
9231_0,9231,2024-12-28,7,37,No
9231_1,9231,2024-12-29,2,74,No
9231_2,9231,2024-12-30,15,53,No
9232_0,9232,2024-12-21,3,84,No
9232_1,9232,2024-12-22,6,78,No
9232_2,9232,2024-12-23,1,36,No
9232_3,9232,2024-12-24,10,28,Yes
9232_4,9232,2024-12-25,11,26,No
9233_0,9233,2024-10-28,3,107,No
9233_1,9233,2024-10-29,8,12,Yes
9233_2,9233,2024-10-30,5,67,Yes
9233_3,9233,2024-10-31,8,81,No
9233_4,9233,2024-11-01,7,22,No
9234_0,9234,2024-04-02,9,5,No
9234_1,9234,2024-04-03,9,21,No
9234_2,9234,2024-04-04,14,63,Yes
9234_3,9234,2024-04-05,8,100,No
9235_0,9235,2024-01-30,1,50,Yes
9235_1,9235,2024-01-31,12,33,Yes
9235_2,9235,2024-02-01,11,109,No
9235_3,9235,2024-02-02,3,65,Yes
9236_0,9236,2024-07-12,2,26,Yes
9237_0,9237,2024-11-05,11,2,No
9237_1,9237,2024-11-06,15,50,No
9237_2,9237,2024-11-07,5,11,Yes
9237_3,9237,2024-11-08,5,102,No
9238_0,9238,2024-05-19,5,83,No
9238_1,9238,2024-05-20,1,13,Yes
9238_2,9238,2024-05-21,4,61,No
9239_0,9239,2024-01-08,6,51,No
9239_1,9239,2024-01-09,1,1,No
9239_2,9239,2024-01-10,15,67,No
9239_3,9239,2024-01-11,13,45,No
9239_4,9239,2024-01-12,14,47,Yes
9240_0,9240,2024-10-16,12,21,No
9240_1,9240,2024-10-17,4,81,Yes
9240_2,9240,2024-10-18,4,102,No
9240_3,9240,2024-10-19,4,101,No
9241_0,9241,2024-09-29,2,2,No
9241_1,9241,2024-09-30,7,33,No
9241_2,9241,2024-10-01,8,3,No
9242_0,9242,2024-04-09,4,28,No
9242_1,9242,2024-04-10,6,74,Yes
9242_2,9242,2024-04-11,2,41,Yes
9242_3,9242,2024-04-12,8,88,Yes
9243_0,9243,2024-08-04,1,36,No
9243_1,9243,2024-08-05,9,32,No
9243_2,9243,2024-08-06,10,23,No
9244_0,9244,2024-10-12,6,102,Yes
9244_1,9244,2024-10-13,6,118,Yes
9244_2,9244,2024-10-14,7,115,No
9244_3,9244,2024-10-15,7,116,No
9244_4,9244,2024-10-16,14,46,Yes
9245_0,9245,2024-08-10,15,109,No
9245_1,9245,2024-08-11,15,73,Yes
9246_0,9246,2024-08-13,13,9,Yes
9246_1,9246,2024-08-14,1,48,No
9246_2,9246,2024-08-15,3,105,No
9246_3,9246,2024-08-16,4,69,No
9247_0,9247,2024-04-06,1,32,No
9247_1,9247,2024-04-07,10,76,No
9247_2,9247,2024-04-08,3,52,Yes
9248_0,9248,2024-09-18,7,40,No
9249_0,9249,2024-03-03,12,109,No
9250_0,9250,2024-01-23,7,90,No
9250_1,9250,2024-01-24,11,34,No
9251_0,9251,2024-06-26,5,38,Yes
9251_1,9251,2024-06-27,14,119,No
9251_2,9251,2024-06-28,1,20,No
9251_3,9251,2024-06-29,11,57,No
9252_0,9252,2024-11-21,15,30,Yes
9252_1,9252,2024-11-22,4,18,Yes
9252_2,9252,2024-11-23,12,14,No
9252_3,9252,2024-11-24,4,43,No
9253_0,9253,2024-02-29,11,98,No
9253_1,9253,2024-03-01,13,83,Yes
9254_0,9254,2024-08-08,12,15,Yes
9254_1,9254,2024-08-09,7,73,No
9255_0,9255,2024-10-15,9,106,Yes
9255_1,9255,2024-10-16,12,98,No
9256_0,9256,2024-09-14,8,16,Yes
9257_0,9257,2024-12-03,15,97,No
9257_1,9257,2024-12-04,2,38,No
9258_0,9258,2024-12-27,2,75,No
9258_1,9258,2024-12-28,7,100,No
9258_2,9258,2024-12-29,2,66,No
9259_0,9259,2024-03-23,6,1,No
9260_0,9260,2024-07-03,15,53,Yes
9260_1,9260,2024-07-04,2,51,No
9261_0,9261,2024-04-07,6,105,No
9262_0,9262,2024-03-25,14,64,No
9262_1,9262,2024-03-26,1,5,No
9262_2,9262,2024-03-27,10,101,Yes
9263_0,9263,2024-03-08,6,68,No
9263_1,9263,2024-03-09,14,11,Yes
9264_0,9264,2024-04-21,8,72,Yes
9264_1,9264,2024-04-22,3,50,Yes
9264_2,9264,2024-04-23,9,113,Yes
9265_0,9265,2024-11-12,13,99,Yes
9266_0,9266,2024-11-21,2,92,No
9266_1,9266,2024-11-22,10,24,No
9266_2,9266,2024-11-23,12,94,No
9267_0,9267,2024-06-18,13,76,No
9267_1,9267,2024-06-19,8,97,Yes
9267_2,9267,2024-06-20,12,9,No
9267_3,9267,2024-06-21,7,66,No
9267_4,9267,2024-06-22,15,43,No
9268_0,9268,2024-02-19,15,7,Yes
9268_1,9268,2024-02-20,13,26,No
9268_2,9268,2024-02-21,1,56,Yes
9269_0,9269,2024-06-06,2,65,No
9269_1,9269,2024-06-07,10,52,No
9269_2,9269,2024-06-08,9,11,No
9269_3,9269,2024-06-09,13,18,Yes
9269_4,9269,2024-06-10,9,88,No
9270_0,9270,2024-07-01,6,119,No
9270_1,9270,2024-07-02,11,91,No
9271_0,9271,2024-11-07,4,78,No
9271_1,9271,2024-11-08,14,103,No
9272_0,9272,2024-04-17,11,99,No
9272_1,9272,2024-04-18,5,39,No
9272_2,9272,2024-04-19,6,49,Yes
9272_3,9272,2024-04-20,12,10,Yes
9272_4,9272,2024-04-21,2,64,Yes
9273_0,9273,2024-02-28,11,118,No
9273_1,9273,2024-02-29,3,46,No
9273_2,9273,2024-03-01,7,31,Yes
9274_0,9274,2024-07-28,3,33,No
9274_1,9274,2024-07-29,12,116,Yes
9275_0,9275,2024-02-01,1,85,No
9275_1,9275,2024-02-02,5,57,No
9275_2,9275,2024-02-03,8,70,No
9276_0,9276,2024-07-02,4,82,No
9277_0,9277,2024-11-27,10,10,No
9278_0,9278,2024-12-30,7,58,No
9278_1,9278,2024-12-31,5,76,No
9278_2,9278,2025-01-01,12,12,No
9278_3,9278,2025-01-02,5,93,Yes
9278_4,9278,2025-01-03,8,61,No
9279_0,9279,2024-09-23,7,95,No
9279_1,9279,2024-09-24,6,8,Yes
9280_0,9280,2024-09-17,9,82,Yes
9281_0,9281,2024-09-13,5,77,Yes
9281_1,9281,2024-09-14,13,5,No
9281_2,9281,2024-09-15,9,73,No
9281_3,9281,2024-09-16,8,34,Yes
9282_0,9282,2024-09-21,15,72,No
9283_0,9283,2024-05-12,15,39,No
9284_0,9284,2024-03-22,6,23,No
9284_1,9284,2024-03-23,6,118,Yes
9284_2,9284,2024-03-24,6,59,No
9284_3,9284,2024-03-25,3,105,No
9285_0,9285,2024-08-08,10,21,No
9285_1,9285,2024-08-09,3,100,No
9285_2,9285,2024-08-10,8,66,Yes
9285_3,9285,2024-08-11,12,116,No
9286_0,9286,2024-06-29,2,24,No
9287_0,9287,2024-11-12,9,106,Yes
9287_1,9287,2024-11-13,11,36,Yes
9287_2,9287,2024-11-14,4,77,Yes
9288_0,9288,2024-04-29,6,34,No
9288_1,9288,2024-04-30,15,105,No
9288_2,9288,2024-05-01,9,42,Yes
9288_3,9288,2024-05-02,7,108,No
9288_4,9288,2024-05-03,4,74,No
9289_0,9289,2024-01-12,8,119,Yes
9290_0,9290,2024-08-04,15,83,No
9291_0,9291,2024-10-10,3,54,No
9291_1,9291,2024-10-11,11,50,No
9291_2,9291,2024-10-12,10,2,Yes
9291_3,9291,2024-10-13,7,104,Yes
9291_4,9291,2024-10-14,9,25,No
9292_0,9292,2024-12-05,5,34,Yes
9293_0,9293,2024-08-28,1,77,Yes
9293_1,9293,2024-08-29,1,94,No
9293_2,9293,2024-08-30,4,24,Yes
9293_3,9293,2024-08-31,8,1,No
9294_0,9294,2024-03-21,14,7,No
9295_0,9295,2024-05-26,13,66,No
9295_1,9295,2024-05-27,6,44,No
9295_2,9295,2024-05-28,8,19,Yes
9295_3,9295,2024-05-29,11,95,No
9296_0,9296,2024-11-20,10,73,No
9296_1,9296,2024-11-21,7,84,No
9297_0,9297,2024-02-27,14,120,Yes
9297_1,9297,2024-02-28,15,80,No
9297_2,9297,2024-02-29,5,46,No
9298_0,9298,2024-11-04,4,29,No
9298_1,9298,2024-11-05,15,38,No
9299_0,9299,2024-12-30,12,68,Yes
9299_1,9299,2024-12-31,14,16,Yes
9300_0,9300,2024-12-19,12,38,No
9300_1,9300,2024-12-20,8,8,No
9300_2,9300,2024-12-21,10,112,Yes
9300_3,9300,2024-12-22,5,120,Yes
9300_4,9300,2024-12-23,1,41,Yes
9301_0,9301,2024-01-05,7,99,No
9301_1,9301,2024-01-06,14,94,No
9301_2,9301,2024-01-07,8,8,No
9302_0,9302,2024-01-12,3,77,No
9302_1,9302,2024-01-13,14,61,No
9302_2,9302,2024-01-14,4,46,No
9302_3,9302,2024-01-15,9,100,Yes
9303_0,9303,2024-09-14,12,21,No
9303_1,9303,2024-09-15,13,79,No
9304_0,9304,2024-02-15,2,68,No
9304_1,9304,2024-02-16,3,63,No
9304_2,9304,2024-02-17,11,110,No
9304_3,9304,2024-02-18,13,67,No
9305_0,9305,2024-03-07,15,20,No
9305_1,9305,2024-03-08,7,43,No
9305_2,9305,2024-03-09,1,44,No
9306_0,9306,2024-03-19,10,114,No
9306_1,9306,2024-03-20,13,70,Yes
9306_2,9306,2024-03-21,6,109,Yes
9306_3,9306,2024-03-22,13,6,No
9306_4,9306,2024-03-23,1,19,No
9307_0,9307,2024-07-22,14,26,Yes
9308_0,9308,2024-09-13,12,15,Yes
9308_1,9308,2024-09-14,8,17,No
9308_2,9308,2024-09-15,12,47,Yes
9309_0,9309,2024-04-08,8,52,No
9309_1,9309,2024-04-09,10,33,No
9309_2,9309,2024-04-10,6,33,Yes
9310_0,9310,2024-10-10,3,58,No
9310_1,9310,2024-10-11,8,70,No
9310_2,9310,2024-10-12,12,58,No
9310_3,9310,2024-10-13,3,106,Yes
9310_4,9310,2024-10-14,12,107,Yes
9311_0,9311,2024-06-27,13,16,Yes
9311_1,9311,2024-06-28,14,48,Yes
9311_2,9311,2024-06-29,12,9,Yes
9312_0,9312,2024-06-13,10,33,No
9313_0,9313,2024-01-21,10,28,No
9313_1,9313,2024-01-22,4,96,No
9313_2,9313,2024-01-23,6,21,No
9313_3,9313,2024-01-24,3,15,No
9313_4,9313,2024-01-25,2,68,No
9314_0,9314,2024-11-07,8,82,No
9314_1,9314,2024-11-08,13,50,No
9314_2,9314,2024-11-09,6,97,Yes
9314_3,9314,2024-11-10,15,80,No
9314_4,9314,2024-11-11,13,62,No
9315_0,9315,2024-03-09,11,21,No
9315_1,9315,2024-03-10,7,66,No
9316_0,9316,2024-12-26,3,38,Yes
9316_1,9316,2024-12-27,1,119,Yes
9316_2,9316,2024-12-28,4,10,No
9317_0,9317,2024-01-22,7,72,No
9317_1,9317,2024-01-23,1,15,No
9318_0,9318,2024-03-20,9,14,No
9318_1,9318,2024-03-21,14,97,No
9318_2,9318,2024-03-22,7,54,Yes
9318_3,9318,2024-03-23,15,99,Yes
9319_0,9319,2024-08-02,2,47,No
9319_1,9319,2024-08-03,12,80,No
9319_2,9319,2024-08-04,2,91,No
9319_3,9319,2024-08-05,13,93,No
9319_4,9319,2024-08-06,2,67,No
9320_0,9320,2024-04-14,10,27,Yes
9320_1,9320,2024-04-15,13,107,No
9321_0,9321,2024-12-08,13,14,No
9322_0,9322,2024-09-24,14,39,No
9323_0,9323,2024-01-05,11,110,Yes
9323_1,9323,2024-01-06,11,111,No
9323_2,9323,2024-01-07,11,108,No
9323_3,9323,2024-01-08,1,115,No
9324_0,9324,2024-11-08,8,89,Yes
9325_0,9325,2024-02-18,9,35,Yes
9325_1,9325,2024-02-19,15,109,No
9325_2,9325,2024-02-20,4,60,No
9326_0,9326,2024-03-23,12,35,No
9327_0,9327,2024-01-05,11,97,No
9327_1,9327,2024-01-06,12,40,Yes
9327_2,9327,2024-01-07,15,16,No
9328_0,9328,2024-02-29,15,46,No
9329_0,9329,2024-01-02,13,69,No
9329_1,9329,2024-01-03,5,39,No
9329_2,9329,2024-01-04,11,100,No
9330_0,9330,2024-07-03,4,97,No
9330_1,9330,2024-07-04,15,18,No
9331_0,9331,2024-09-25,9,28,No
9331_1,9331,2024-09-26,13,93,No
9331_2,9331,2024-09-27,12,59,Yes
9331_3,9331,2024-09-28,11,71,Yes
9331_4,9331,2024-09-29,12,86,Yes
9332_0,9332,2024-08-20,3,51,No
9332_1,9332,2024-08-21,2,30,No
9333_0,9333,2024-07-11,6,116,No
9333_1,9333,2024-07-12,11,10,Yes
9333_2,9333,2024-07-13,6,41,No
9333_3,9333,2024-07-14,13,54,No
9334_0,9334,2024-01-09,14,73,Yes
9334_1,9334,2024-01-10,1,57,No
9334_2,9334,2024-01-11,10,22,No
9334_3,9334,2024-01-12,8,115,No
9334_4,9334,2024-01-13,11,112,Yes
9335_0,9335,2024-09-17,11,8,No
9335_1,9335,2024-09-18,6,70,Yes
9335_2,9335,2024-09-19,11,3,No
9335_3,9335,2024-09-20,11,38,No
9335_4,9335,2024-09-21,2,12,No
9336_0,9336,2024-07-28,14,81,No
9337_0,9337,2024-07-16,6,44,Yes
9338_0,9338,2024-06-28,9,61,No
9338_1,9338,2024-06-29,11,105,No
9338_2,9338,2024-06-30,1,63,No
9339_0,9339,2024-02-27,13,64,Yes
9339_1,9339,2024-02-28,5,17,No
9339_2,9339,2024-02-29,5,91,No
9339_3,9339,2024-03-01,11,105,No
9340_0,9340,2024-03-12,7,61,No
9341_0,9341,2024-05-10,6,3,No
9341_1,9341,2024-05-11,5,51,Yes
9341_2,9341,2024-05-12,6,120,No
9341_3,9341,2024-05-13,12,16,No
9342_0,9342,2024-10-09,10,60,Yes
9342_1,9342,2024-10-10,5,33,No
9342_2,9342,2024-10-11,4,69,No
9342_3,9342,2024-10-12,6,84,No
9342_4,9342,2024-10-13,11,104,No
9343_0,9343,2024-02-04,1,33,Yes
9343_1,9343,2024-02-05,11,51,No
9343_2,9343,2024-02-06,5,3,Yes
9343_3,9343,2024-02-07,11,66,No
9344_0,9344,2024-03-11,13,119,Yes
9344_1,9344,2024-03-12,7,3,No
9344_2,9344,2024-03-13,12,111,Yes
9344_3,9344,2024-03-14,1,38,No
9344_4,9344,2024-03-15,7,15,No
9345_0,9345,2024-12-25,7,57,No
9345_1,9345,2024-12-26,4,43,No
9345_2,9345,2024-12-27,11,88,No
9345_3,9345,2024-12-28,6,28,No
9346_0,9346,2024-08-20,12,37,No
9346_1,9346,2024-08-21,8,24,No
9346_2,9346,2024-08-22,11,53,No
9346_3,9346,2024-08-23,1,27,No
9347_0,9347,2024-02-29,9,69,No
9347_1,9347,2024-03-01,14,68,No
9347_2,9347,2024-03-02,12,103,No
9348_0,9348,2024-09-02,5,51,No
9349_0,9349,2024-01-30,8,5,No
9350_0,9350,2024-11-15,2,61,No
9350_1,9350,2024-11-16,7,93,No
9351_0,9351,2024-02-21,7,41,Yes
9352_0,9352,2024-04-17,14,4,Yes
9352_1,9352,2024-04-18,6,47,No
9352_2,9352,2024-04-19,6,55,Yes
9352_3,9352,2024-04-20,6,21,No
9353_0,9353,2024-10-29,15,83,No
9353_1,9353,2024-10-30,7,6,Yes
9353_2,9353,2024-10-31,11,40,No
9354_0,9354,2024-04-01,2,107,Yes
9354_1,9354,2024-04-02,9,42,Yes
9354_2,9354,2024-04-03,4,79,No
9354_3,9354,2024-04-04,3,65,No
9354_4,9354,2024-04-05,10,100,No
9355_0,9355,2024-03-13,7,71,No
9355_1,9355,2024-03-14,7,22,No
9355_2,9355,2024-03-15,11,16,No
9355_3,9355,2024-03-16,7,45,No
9356_0,9356,2024-12-15,6,6,No
9356_1,9356,2024-12-16,4,39,No
9357_0,9357,2024-08-09,5,114,No
9357_1,9357,2024-08-10,11,64,No
9357_2,9357,2024-08-11,14,64,No
9358_0,9358,2024-06-05,12,110,No
9358_1,9358,2024-06-06,2,92,Yes
9358_2,9358,2024-06-07,7,75,No
9358_3,9358,2024-06-08,15,35,Yes
9358_4,9358,2024-06-09,12,44,No
9359_0,9359,2024-12-25,15,50,No
9359_1,9359,2024-12-26,15,119,Yes
9359_2,9359,2024-12-27,6,54,Yes
9359_3,9359,2024-12-28,5,34,No
9360_0,9360,2024-11-22,3,30,Yes
9360_1,9360,2024-11-23,4,54,Yes
9361_0,9361,2024-12-24,7,30,No
9361_1,9361,2024-12-25,12,73,No
9361_2,9361,2024-12-26,6,9,Yes
9361_3,9361,2024-12-27,12,7,No
9362_0,9362,2024-07-08,9,72,Yes
9363_0,9363,2024-08-31,14,48,No
9364_0,9364,2024-08-20,5,22,No
9364_1,9364,2024-08-21,15,111,No
9364_2,9364,2024-08-22,13,117,No
9364_3,9364,2024-08-23,9,33,No
9365_0,9365,2024-01-17,7,70,No
9365_1,9365,2024-01-18,10,95,No
9365_2,9365,2024-01-19,7,15,No
9365_3,9365,2024-01-20,2,70,No
9365_4,9365,2024-01-21,9,104,No
9366_0,9366,2024-05-21,4,85,No
9366_1,9366,2024-05-22,14,15,No
9366_2,9366,2024-05-23,14,5,No
9367_0,9367,2024-05-11,12,116,Yes
9367_1,9367,2024-05-12,5,3,Yes
9367_2,9367,2024-05-13,5,3,Yes
9367_3,9367,2024-05-14,7,95,Yes
9367_4,9367,2024-05-15,1,74,No
9368_0,9368,2024-05-08,3,79,Yes
9368_1,9368,2024-05-09,10,42,No
9369_0,9369,2024-06-01,1,107,Yes
9369_1,9369,2024-06-02,14,29,No
9369_2,9369,2024-06-03,11,54,No
9369_3,9369,2024-06-04,4,104,No
9369_4,9369,2024-06-05,7,64,No
9370_0,9370,2024-08-08,3,30,Yes
9371_0,9371,2024-09-19,6,14,Yes
9371_1,9371,2024-09-20,14,47,No
9372_0,9372,2024-07-22,9,25,Yes
9372_1,9372,2024-07-23,10,46,No
9373_0,9373,2024-01-17,10,63,No
9373_1,9373,2024-01-18,4,115,Yes
9373_2,9373,2024-01-19,12,16,No
9374_0,9374,2024-02-19,2,74,No
9374_1,9374,2024-02-20,13,51,No
9375_0,9375,2024-05-30,2,93,No
9375_1,9375,2024-05-31,1,2,No
9376_0,9376,2024-11-24,14,100,Yes
9376_1,9376,2024-11-25,5,6,Yes
9376_2,9376,2024-11-26,1,46,No
9377_0,9377,2024-07-21,4,58,No
9378_0,9378,2024-08-20,4,107,Yes
9379_0,9379,2024-02-18,5,19,Yes
9380_0,9380,2024-07-05,10,110,No
9380_1,9380,2024-07-06,12,17,No
9381_0,9381,2024-05-01,14,111,No
9382_0,9382,2024-03-09,1,53,Yes
9382_1,9382,2024-03-10,14,9,No
9382_2,9382,2024-03-11,11,9,Yes
9382_3,9382,2024-03-12,6,60,No
9383_0,9383,2024-10-01,2,85,No
9383_1,9383,2024-10-02,12,70,No
9383_2,9383,2024-10-03,9,37,No
9384_0,9384,2024-06-21,12,16,No
9384_1,9384,2024-06-22,9,37,Yes
9384_2,9384,2024-06-23,2,31,No
9384_3,9384,2024-06-24,12,81,No
9385_0,9385,2024-03-20,7,97,No
9385_1,9385,2024-03-21,4,44,Yes
9385_2,9385,2024-03-22,12,9,No
9385_3,9385,2024-03-23,8,118,No
9386_0,9386,2024-08-23,4,52,Yes
9386_1,9386,2024-08-24,10,105,No
9386_2,9386,2024-08-25,8,89,No
9387_0,9387,2024-02-04,7,37,Yes
9387_1,9387,2024-02-05,11,79,Yes
9387_2,9387,2024-02-06,5,74,No
9388_0,9388,2024-12-06,14,26,No
9388_1,9388,2024-12-07,12,11,No
9389_0,9389,2024-03-21,12,59,No
9390_0,9390,2024-08-25,9,23,No
9390_1,9390,2024-08-26,13,13,No
9390_2,9390,2024-08-27,9,50,No
9391_0,9391,2024-11-04,2,51,Yes
9392_0,9392,2024-02-03,13,8,No
9392_1,9392,2024-02-04,9,75,No
9392_2,9392,2024-02-05,14,38,No
9392_3,9392,2024-02-06,2,110,No
9392_4,9392,2024-02-07,6,71,No
9393_0,9393,2024-09-02,6,60,Yes
9393_1,9393,2024-09-03,13,1,Yes
9393_2,9393,2024-09-04,13,82,No
9393_3,9393,2024-09-05,2,106,Yes
9393_4,9393,2024-09-06,4,15,No
9394_0,9394,2024-10-05,5,56,Yes
9394_1,9394,2024-10-06,2,78,No
9394_2,9394,2024-10-07,6,94,No
9395_0,9395,2024-01-08,1,10,No
9395_1,9395,2024-01-09,6,110,No
9395_2,9395,2024-01-10,15,21,No
9396_0,9396,2024-03-23,13,37,No
9396_1,9396,2024-03-24,9,76,Yes
9396_2,9396,2024-03-25,8,9,No
9396_3,9396,2024-03-26,3,54,No
9396_4,9396,2024-03-27,2,105,Yes
9397_0,9397,2024-06-13,4,29,No
9397_1,9397,2024-06-14,12,99,Yes
9397_2,9397,2024-06-15,1,92,Yes
9398_0,9398,2024-04-18,12,79,No
9398_1,9398,2024-04-19,3,89,No
9398_2,9398,2024-04-20,3,70,No
9399_0,9399,2024-11-28,15,24,No
9399_1,9399,2024-11-29,12,39,Yes
9400_0,9400,2024-12-24,5,21,No
9401_0,9401,2024-09-01,1,117,Yes
9401_1,9401,2024-09-02,3,40,Yes
9401_2,9401,2024-09-03,6,112,No
9401_3,9401,2024-09-04,11,89,No
9401_4,9401,2024-09-05,2,13,No
9402_0,9402,2024-09-28,7,77,Yes
9403_0,9403,2024-01-22,8,103,Yes
9403_1,9403,2024-01-23,12,99,Yes
9403_2,9403,2024-01-24,8,35,No
9403_3,9403,2024-01-25,9,19,Yes
9404_0,9404,2024-10-20,8,101,No
9405_0,9405,2024-05-11,8,57,No
9406_0,9406,2024-07-05,15,42,Yes
9406_1,9406,2024-07-06,8,95,Yes
9406_2,9406,2024-07-07,13,111,No
9406_3,9406,2024-07-08,9,77,No
9406_4,9406,2024-07-09,14,26,Yes
9407_0,9407,2024-12-02,9,11,Yes
9407_1,9407,2024-12-03,8,38,Yes
9407_2,9407,2024-12-04,13,16,No
9407_3,9407,2024-12-05,9,57,No
9408_0,9408,2024-02-10,13,50,No
9408_1,9408,2024-02-11,11,34,No
9408_2,9408,2024-02-12,9,63,No
9408_3,9408,2024-02-13,12,38,Yes
9409_0,9409,2024-05-22,15,62,No
9409_1,9409,2024-05-23,6,52,No
9409_2,9409,2024-05-24,12,35,No
9409_3,9409,2024-05-25,5,90,No
9409_4,9409,2024-05-26,7,107,No
9410_0,9410,2024-03-12,13,47,Yes
9410_1,9410,2024-03-13,11,30,No
9410_2,9410,2024-03-14,9,11,No
9410_3,9410,2024-03-15,6,14,No
9410_4,9410,2024-03-16,13,71,Yes
9411_0,9411,2024-01-17,13,18,Yes
9411_1,9411,2024-01-18,15,38,Yes
9412_0,9412,2024-05-23,1,15,No
9412_1,9412,2024-05-24,4,2,Yes
9412_2,9412,2024-05-25,10,90,No
9413_0,9413,2024-11-15,7,27,Yes
9413_1,9413,2024-11-16,9,33,No
9414_0,9414,2024-10-01,14,22,No
9414_1,9414,2024-10-02,6,74,Yes
9415_0,9415,2024-09-09,6,55,Yes
9416_0,9416,2024-10-13,13,30,Yes
9417_0,9417,2024-01-18,13,72,No
9417_1,9417,2024-01-19,5,97,Yes
9417_2,9417,2024-01-20,12,107,No
9417_3,9417,2024-01-21,4,116,No
9417_4,9417,2024-01-22,2,39,No
9418_0,9418,2024-12-28,3,77,No
9418_1,9418,2024-12-29,13,12,Yes
9418_2,9418,2024-12-30,6,101,No
9418_3,9418,2024-12-31,6,18,Yes
9418_4,9418,2025-01-01,8,66,Yes
9419_0,9419,2024-05-09,9,20,No
9419_1,9419,2024-05-10,10,52,No
9419_2,9419,2024-05-11,9,22,Yes
9420_0,9420,2024-01-05,3,49,Yes
9420_1,9420,2024-01-06,14,43,No
9420_2,9420,2024-01-07,10,20,No
9421_0,9421,2024-05-31,5,39,No
9421_1,9421,2024-06-01,12,1,No
9422_0,9422,2024-02-16,14,31,No
9422_1,9422,2024-02-17,7,32,No
9422_2,9422,2024-02-18,8,91,No
9423_0,9423,2024-03-13,1,46,No
9424_0,9424,2024-08-17,4,103,Yes
9424_1,9424,2024-08-18,5,99,No
9424_2,9424,2024-08-19,8,85,Yes
9425_0,9425,2024-02-12,8,56,Yes
9425_1,9425,2024-02-13,5,56,Yes
9425_2,9425,2024-02-14,7,36,No
9426_0,9426,2024-08-31,11,30,No
9426_1,9426,2024-09-01,3,108,No
9426_2,9426,2024-09-02,6,8,Yes
9426_3,9426,2024-09-03,4,1,No
9426_4,9426,2024-09-04,5,10,No
9427_0,9427,2024-11-04,15,65,No
9427_1,9427,2024-11-05,13,23,No
9427_2,9427,2024-11-06,7,74,No
9427_3,9427,2024-11-07,12,72,No
9428_0,9428,2024-03-21,3,21,No
9428_1,9428,2024-03-22,3,96,No
9428_2,9428,2024-03-23,14,13,No
9428_3,9428,2024-03-24,4,31,No
9429_0,9429,2024-03-24,1,52,No
9429_1,9429,2024-03-25,10,70,Yes
9429_2,9429,2024-03-26,3,61,No
9430_0,9430,2024-07-16,2,32,No
9430_1,9430,2024-07-17,7,28,Yes
9431_0,9431,2024-02-09,2,74,No
9431_1,9431,2024-02-10,11,104,No
9431_2,9431,2024-02-11,15,117,Yes
9432_0,9432,2024-03-05,6,80,No
9432_1,9432,2024-03-06,12,43,Yes
9432_2,9432,2024-03-07,10,85,No
9433_0,9433,2024-01-04,6,15,Yes
9433_1,9433,2024-01-05,14,11,No
9433_2,9433,2024-01-06,11,32,Yes
9434_0,9434,2024-04-28,12,72,Yes
9434_1,9434,2024-04-29,4,47,No
9434_2,9434,2024-04-30,14,60,No
9434_3,9434,2024-05-01,9,86,Yes
9434_4,9434,2024-05-02,15,112,No
9435_0,9435,2024-06-24,10,109,Yes
9435_1,9435,2024-06-25,11,15,Yes
9436_0,9436,2024-05-25,13,58,No
9437_0,9437,2024-08-05,6,51,No
9437_1,9437,2024-08-06,11,63,No
9438_0,9438,2024-12-01,2,32,Yes
9438_1,9438,2024-12-02,1,49,Yes
9438_2,9438,2024-12-03,14,17,Yes
9438_3,9438,2024-12-04,14,92,No
9439_0,9439,2024-11-21,13,28,Yes
9439_1,9439,2024-11-22,10,94,Yes
9439_2,9439,2024-11-23,6,9,Yes
9440_0,9440,2024-07-20,12,40,No
9440_1,9440,2024-07-21,11,4,Yes
9441_0,9441,2024-01-11,3,107,No
9441_1,9441,2024-01-12,13,37,No
9441_2,9441,2024-01-13,10,113,No
9442_0,9442,2024-01-14,7,41,No
9442_1,9442,2024-01-15,13,5,Yes
9442_2,9442,2024-01-16,12,1,No
9443_0,9443,2024-03-06,9,36,No
9443_1,9443,2024-03-07,7,38,No
9443_2,9443,2024-03-08,1,120,Yes
9443_3,9443,2024-03-09,13,110,No
9443_4,9443,2024-03-10,9,28,No
9444_0,9444,2024-01-31,13,19,No
9444_1,9444,2024-02-01,10,54,Yes
9444_2,9444,2024-02-02,1,74,No
9444_3,9444,2024-02-03,1,110,No
9444_4,9444,2024-02-04,9,113,No
9445_0,9445,2024-04-11,7,54,Yes
9445_1,9445,2024-04-12,2,110,Yes
9446_0,9446,2024-05-09,15,8,No
9446_1,9446,2024-05-10,1,99,No
9446_2,9446,2024-05-11,4,22,No
9446_3,9446,2024-05-12,7,116,No
9447_0,9447,2024-02-22,14,66,Yes
9447_1,9447,2024-02-23,9,108,Yes
9448_0,9448,2024-11-18,4,17,No
9448_1,9448,2024-11-19,5,90,No
9448_2,9448,2024-11-20,10,36,No
9448_3,9448,2024-11-21,5,9,No
9449_0,9449,2024-11-30,1,48,No
9449_1,9449,2024-12-01,2,119,No
9449_2,9449,2024-12-02,15,67,No
9449_3,9449,2024-12-03,5,60,No
9450_0,9450,2024-03-22,9,60,No
9450_1,9450,2024-03-23,3,76,No
9450_2,9450,2024-03-24,15,59,No
9450_3,9450,2024-03-25,15,35,No
9451_0,9451,2024-09-10,10,39,Yes
9451_1,9451,2024-09-11,3,12,Yes
9451_2,9451,2024-09-12,1,4,Yes
9451_3,9451,2024-09-13,1,76,No
9451_4,9451,2024-09-14,13,43,No
9452_0,9452,2024-11-12,7,110,Yes
9453_0,9453,2024-07-30,12,65,Yes
9453_1,9453,2024-07-31,11,73,No
9453_2,9453,2024-08-01,5,119,No
9454_0,9454,2024-08-03,11,63,No
9454_1,9454,2024-08-04,13,86,Yes
9454_2,9454,2024-08-05,10,74,No
9455_0,9455,2024-01-19,5,40,Yes
9455_1,9455,2024-01-20,8,112,Yes
9455_2,9455,2024-01-21,6,84,No
9456_0,9456,2024-03-18,13,92,Yes
9456_1,9456,2024-03-19,7,19,No
9456_2,9456,2024-03-20,6,37,No
9456_3,9456,2024-03-21,3,86,Yes
9457_0,9457,2024-02-07,12,114,No
9458_0,9458,2024-12-26,5,27,No
9458_1,9458,2024-12-27,1,6,No
9458_2,9458,2024-12-28,5,32,Yes
9458_3,9458,2024-12-29,5,75,No
9458_4,9458,2024-12-30,3,84,Yes
9459_0,9459,2024-02-25,4,37,No
9459_1,9459,2024-02-26,5,1,No
9459_2,9459,2024-02-27,15,96,No
9460_0,9460,2024-01-13,3,48,No
9460_1,9460,2024-01-14,9,49,No
9460_2,9460,2024-01-15,3,26,No
9460_3,9460,2024-01-16,2,120,No
9460_4,9460,2024-01-17,5,85,No
9461_0,9461,2024-12-15,2,119,No
9461_1,9461,2024-12-16,9,117,Yes
9461_2,9461,2024-12-17,7,10,No
9461_3,9461,2024-12-18,10,30,Yes
9461_4,9461,2024-12-19,15,29,No
9462_0,9462,2024-10-25,15,72,No
9463_0,9463,2024-12-27,15,60,No
9463_1,9463,2024-12-28,14,15,No
9463_2,9463,2024-12-29,7,103,No
9463_3,9463,2024-12-30,10,45,No
9463_4,9463,2024-12-31,4,100,No
9464_0,9464,2024-11-29,7,91,No
9464_1,9464,2024-11-30,10,48,No
9465_0,9465,2024-10-20,15,38,No
9465_1,9465,2024-10-21,7,69,No
9465_2,9465,2024-10-22,14,17,Yes
9465_3,9465,2024-10-23,4,115,No
9466_0,9466,2024-02-18,11,76,Yes
9466_1,9466,2024-02-19,4,48,No
9466_2,9466,2024-02-20,5,56,No
9467_0,9467,2024-03-17,9,35,No
9468_0,9468,2024-01-03,9,101,No
9468_1,9468,2024-01-04,11,48,Yes
9468_2,9468,2024-01-05,6,88,No
9469_0,9469,2024-11-19,5,29,Yes
9469_1,9469,2024-11-20,3,14,Yes
9470_0,9470,2024-07-01,13,81,No
9470_1,9470,2024-07-02,4,107,Yes
9470_2,9470,2024-07-03,7,107,Yes
9471_0,9471,2024-06-25,6,1,No
9472_0,9472,2024-11-12,8,51,No
9472_1,9472,2024-11-13,9,109,No
9472_2,9472,2024-11-14,8,112,No
9472_3,9472,2024-11-15,11,95,No
9472_4,9472,2024-11-16,11,51,No
9473_0,9473,2024-08-18,1,23,Yes
9473_1,9473,2024-08-19,4,99,No
9473_2,9473,2024-08-20,1,103,No
9473_3,9473,2024-08-21,14,44,No
9473_4,9473,2024-08-22,15,58,No
9474_0,9474,2024-07-12,11,93,No
9474_1,9474,2024-07-13,10,56,Yes
9474_2,9474,2024-07-14,8,116,No
9474_3,9474,2024-07-15,7,97,No
9475_0,9475,2024-12-22,7,93,No
9475_1,9475,2024-12-23,1,56,Yes
9475_2,9475,2024-12-24,1,101,No
9475_3,9475,2024-12-25,8,47,No
9476_0,9476,2024-12-24,14,99,No
9476_1,9476,2024-12-25,7,102,No
9476_2,9476,2024-12-26,3,33,No
9477_0,9477,2024-08-06,9,72,Yes
9477_1,9477,2024-08-07,6,96,No
9478_0,9478,2024-08-23,2,98,Yes
9479_0,9479,2024-05-30,13,53,No
9479_1,9479,2024-05-31,4,96,No
9480_0,9480,2024-08-13,11,98,Yes
9480_1,9480,2024-08-14,13,24,Yes
9480_2,9480,2024-08-15,3,114,No
9481_0,9481,2024-05-27,7,26,Yes
9482_0,9482,2024-01-13,4,49,Yes
9482_1,9482,2024-01-14,4,38,No
9482_2,9482,2024-01-15,9,80,No
9482_3,9482,2024-01-16,1,22,No
9483_0,9483,2024-07-31,3,54,Yes
9484_0,9484,2024-08-04,4,64,Yes
9484_1,9484,2024-08-05,15,47,No
9485_0,9485,2024-01-22,2,19,Yes
9485_1,9485,2024-01-23,10,106,Yes
9485_2,9485,2024-01-24,14,64,Yes
9485_3,9485,2024-01-25,2,3,No
9486_0,9486,2024-12-25,14,10,Yes
9486_1,9486,2024-12-26,13,11,No
9486_2,9486,2024-12-27,13,36,No
9486_3,9486,2024-12-28,10,16,No
9486_4,9486,2024-12-29,7,107,No
9487_0,9487,2024-04-01,7,18,No
9487_1,9487,2024-04-02,9,12,Yes
9487_2,9487,2024-04-03,4,33,No
9487_3,9487,2024-04-04,9,34,No
9488_0,9488,2024-03-02,7,65,No
9488_1,9488,2024-03-03,12,99,No
9488_2,9488,2024-03-04,7,29,No
9489_0,9489,2024-08-08,10,26,No
9489_1,9489,2024-08-09,11,58,No
9490_0,9490,2024-04-27,13,79,No
9490_1,9490,2024-04-28,6,107,No
9490_2,9490,2024-04-29,9,49,Yes
9491_0,9491,2024-06-12,13,91,No
9491_1,9491,2024-06-13,3,95,Yes
9491_2,9491,2024-06-14,7,53,No
9491_3,9491,2024-06-15,7,22,No
9492_0,9492,2024-12-05,5,11,Yes
9492_1,9492,2024-12-06,7,90,No
9492_2,9492,2024-12-07,2,95,Yes
9492_3,9492,2024-12-08,4,10,Yes
9493_0,9493,2024-10-02,8,119,No
9493_1,9493,2024-10-03,2,90,No
9493_2,9493,2024-10-04,3,110,No
9493_3,9493,2024-10-05,7,35,Yes
9494_0,9494,2024-07-12,9,109,No
9494_1,9494,2024-07-13,11,52,No
9494_2,9494,2024-07-14,13,58,Yes
9494_3,9494,2024-07-15,13,67,No
9494_4,9494,2024-07-16,15,59,Yes
9495_0,9495,2024-11-10,12,72,No
9495_1,9495,2024-11-11,6,88,No
9495_2,9495,2024-11-12,12,40,No
9495_3,9495,2024-11-13,14,117,No
9496_0,9496,2024-03-20,13,108,No
9496_1,9496,2024-03-21,2,30,No
9496_2,9496,2024-03-22,1,21,No
9497_0,9497,2024-10-22,5,35,No
9498_0,9498,2024-10-31,5,58,Yes
9499_0,9499,2024-01-27,1,97,No
9500_0,9500,2024-03-28,1,116,Yes
9500_1,9500,2024-03-29,1,36,No
9501_0,9501,2024-09-26,5,5,No
9501_1,9501,2024-09-27,3,85,No
9501_2,9501,2024-09-28,2,63,Yes
9502_0,9502,2024-05-24,14,29,No
9502_1,9502,2024-05-25,13,20,No
9502_2,9502,2024-05-26,14,24,Yes
9502_3,9502,2024-05-27,12,93,No
9503_0,9503,2024-07-23,6,75,Yes
9503_1,9503,2024-07-24,2,20,No
9504_0,9504,2024-05-31,15,84,No
9504_1,9504,2024-06-01,5,99,Yes
9504_2,9504,2024-06-02,7,89,No
9505_0,9505,2024-05-31,3,91,Yes
9506_0,9506,2024-02-21,7,89,Yes
9506_1,9506,2024-02-22,8,76,Yes
9506_2,9506,2024-02-23,6,2,No
9507_0,9507,2024-04-13,9,47,No
9507_1,9507,2024-04-14,11,79,No
9508_0,9508,2024-04-15,6,117,No
9508_1,9508,2024-04-16,4,59,No
9508_2,9508,2024-04-17,5,65,Yes
9508_3,9508,2024-04-18,11,30,No
9509_0,9509,2024-05-15,6,74,No
9509_1,9509,2024-05-16,7,50,No
9509_2,9509,2024-05-17,10,114,No
9509_3,9509,2024-05-18,14,113,No
9510_0,9510,2024-09-22,2,109,No
9510_1,9510,2024-09-23,14,114,Yes
9510_2,9510,2024-09-24,9,83,No
9510_3,9510,2024-09-25,2,47,No
9510_4,9510,2024-09-26,7,93,No
9511_0,9511,2024-02-03,7,42,No
9511_1,9511,2024-02-04,8,49,No
9511_2,9511,2024-02-05,11,116,No
9511_3,9511,2024-02-06,14,37,No
9511_4,9511,2024-02-07,13,51,No
9512_0,9512,2024-12-29,7,42,No
9512_1,9512,2024-12-30,15,50,No
9512_2,9512,2024-12-31,11,42,No
9512_3,9512,2025-01-01,9,115,No
9513_0,9513,2024-11-04,15,44,Yes
9513_1,9513,2024-11-05,7,33,No
9513_2,9513,2024-11-06,2,103,No
9513_3,9513,2024-11-07,7,34,No
9513_4,9513,2024-11-08,14,44,Yes
9514_0,9514,2024-12-06,4,33,Yes
9514_1,9514,2024-12-07,2,108,No
9514_2,9514,2024-12-08,2,17,No
9514_3,9514,2024-12-09,6,7,No
9514_4,9514,2024-12-10,11,116,No
9515_0,9515,2024-06-01,3,58,No
9515_1,9515,2024-06-02,8,6,Yes
9515_2,9515,2024-06-03,14,117,Yes
9515_3,9515,2024-06-04,6,91,Yes
9515_4,9515,2024-06-05,9,43,Yes
9516_0,9516,2024-01-10,15,58,Yes
9516_1,9516,2024-01-11,11,28,No
9517_0,9517,2024-08-06,10,96,Yes
9517_1,9517,2024-08-07,1,7,No
9517_2,9517,2024-08-08,12,53,Yes
9517_3,9517,2024-08-09,14,11,No
9518_0,9518,2024-11-28,10,82,No
9519_0,9519,2024-09-22,14,2,No
9519_1,9519,2024-09-23,13,41,No
9519_2,9519,2024-09-24,3,68,No
9519_3,9519,2024-09-25,4,101,No
9520_0,9520,2024-02-03,15,112,No
9520_1,9520,2024-02-04,2,71,No
9521_0,9521,2024-11-14,6,8,Yes
9521_1,9521,2024-11-15,10,4,No
9521_2,9521,2024-11-16,3,114,No
9522_0,9522,2024-04-27,9,116,No
9522_1,9522,2024-04-28,3,85,No
9522_2,9522,2024-04-29,3,58,No
9522_3,9522,2024-04-30,6,29,Yes
9522_4,9522,2024-05-01,10,80,No
9523_0,9523,2024-03-17,8,33,No
9523_1,9523,2024-03-18,8,23,Yes
9523_2,9523,2024-03-19,14,80,No
9524_0,9524,2024-04-14,4,41,No
9524_1,9524,2024-04-15,12,48,No
9524_2,9524,2024-04-16,14,79,No
9525_0,9525,2024-10-28,1,61,No
9526_0,9526,2024-02-22,13,27,No
9527_0,9527,2024-12-27,9,116,Yes
9527_1,9527,2024-12-28,2,118,Yes
9527_2,9527,2024-12-29,7,5,Yes
9527_3,9527,2024-12-30,5,118,No
9528_0,9528,2024-09-24,3,107,No
9529_0,9529,2024-01-29,14,95,Yes
9529_1,9529,2024-01-30,3,31,No
9529_2,9529,2024-01-31,15,117,No
9529_3,9529,2024-02-01,9,36,Yes
9529_4,9529,2024-02-02,2,18,No
9530_0,9530,2024-06-03,7,33,No
9530_1,9530,2024-06-04,5,24,Yes
9530_2,9530,2024-06-05,12,50,Yes
9531_0,9531,2024-05-05,15,80,No
9531_1,9531,2024-05-06,4,40,No
9531_2,9531,2024-05-07,1,43,Yes
9532_0,9532,2024-09-13,7,96,No
9532_1,9532,2024-09-14,13,6,No
9532_2,9532,2024-09-15,10,64,Yes
9533_0,9533,2024-04-17,7,34,No
9533_1,9533,2024-04-18,5,75,Yes
9533_2,9533,2024-04-19,14,62,Yes
9533_3,9533,2024-04-20,15,111,Yes
9533_4,9533,2024-04-21,1,98,No
9534_0,9534,2024-01-05,15,68,No
9534_1,9534,2024-01-06,6,35,No
9534_2,9534,2024-01-07,14,64,No
9534_3,9534,2024-01-08,14,89,Yes
9535_0,9535,2024-06-25,9,49,No
9535_1,9535,2024-06-26,15,70,No
9535_2,9535,2024-06-27,14,72,No
9535_3,9535,2024-06-28,7,16,Yes
9536_0,9536,2024-07-08,7,22,No
9537_0,9537,2024-01-03,12,50,No
9537_1,9537,2024-01-04,11,10,No
9538_0,9538,2024-09-22,6,64,No
9538_1,9538,2024-09-23,4,36,No
9538_2,9538,2024-09-24,9,73,No
9539_0,9539,2024-12-17,7,91,No
9539_1,9539,2024-12-18,11,91,No
9540_0,9540,2024-04-07,7,18,No
9540_1,9540,2024-04-08,12,27,No
9540_2,9540,2024-04-09,15,28,No
9540_3,9540,2024-04-10,13,26,No
9541_0,9541,2024-09-18,7,11,No
9541_1,9541,2024-09-19,4,84,No
9542_0,9542,2024-02-11,1,28,No
9542_1,9542,2024-02-12,3,84,No
9542_2,9542,2024-02-13,4,24,No
9542_3,9542,2024-02-14,7,34,No
9543_0,9543,2024-04-30,2,87,No
9543_1,9543,2024-05-01,8,12,No
9543_2,9543,2024-05-02,13,9,No
9543_3,9543,2024-05-03,13,63,No
9544_0,9544,2024-09-10,5,24,No
9544_1,9544,2024-09-11,12,53,No
9544_2,9544,2024-09-12,6,102,Yes
9545_0,9545,2024-07-13,2,16,No
9546_0,9546,2024-05-25,5,62,No
9546_1,9546,2024-05-26,5,95,No
9547_0,9547,2024-07-20,13,89,Yes
9547_1,9547,2024-07-21,12,70,Yes
9547_2,9547,2024-07-22,14,76,No
9547_3,9547,2024-07-23,8,92,No
9548_0,9548,2024-04-09,2,49,No
9548_1,9548,2024-04-10,11,32,No
9548_2,9548,2024-04-11,8,33,No
9548_3,9548,2024-04-12,8,100,Yes
9548_4,9548,2024-04-13,11,97,No
9549_0,9549,2024-10-11,3,32,No
9549_1,9549,2024-10-12,15,83,Yes
9549_2,9549,2024-10-13,11,91,No
9550_0,9550,2024-12-19,6,19,No
9550_1,9550,2024-12-20,12,51,No
9551_0,9551,2024-03-27,4,74,Yes
9551_1,9551,2024-03-28,14,16,No
9551_2,9551,2024-03-29,13,16,Yes
9551_3,9551,2024-03-30,11,82,No
9551_4,9551,2024-03-31,14,3,Yes
9552_0,9552,2024-01-04,12,21,Yes
9552_1,9552,2024-01-05,3,10,Yes
9552_2,9552,2024-01-06,14,77,No
9553_0,9553,2024-09-05,4,108,No
9553_1,9553,2024-09-06,9,79,No
9553_2,9553,2024-09-07,14,40,No
9554_0,9554,2024-06-19,14,7,Yes
9554_1,9554,2024-06-20,4,4,Yes
9555_0,9555,2024-12-10,7,12,No
9556_0,9556,2024-11-18,13,109,No
9556_1,9556,2024-11-19,15,38,No
9557_0,9557,2024-08-10,12,75,Yes
9558_0,9558,2024-05-10,9,2,No
9558_1,9558,2024-05-11,4,86,No
9559_0,9559,2024-02-03,12,111,Yes
9559_1,9559,2024-02-04,7,83,No
9559_2,9559,2024-02-05,3,76,Yes
9559_3,9559,2024-02-06,5,117,No
9559_4,9559,2024-02-07,8,34,No
9560_0,9560,2024-01-17,13,16,No
9560_1,9560,2024-01-18,13,100,No
9560_2,9560,2024-01-19,3,120,No
9561_0,9561,2024-01-15,13,7,No
9561_1,9561,2024-01-16,7,2,No
9562_0,9562,2024-07-12,6,105,No
9562_1,9562,2024-07-13,7,41,Yes
9562_2,9562,2024-07-14,3,75,No
9562_3,9562,2024-07-15,13,57,No
9562_4,9562,2024-07-16,10,31,Yes
9563_0,9563,2024-08-07,9,72,No
9563_1,9563,2024-08-08,4,113,Yes
9563_2,9563,2024-08-09,14,56,No
9564_0,9564,2024-07-25,1,108,Yes
9565_0,9565,2024-07-25,8,44,No
9565_1,9565,2024-07-26,13,44,Yes
9566_0,9566,2024-09-08,3,50,No
9566_1,9566,2024-09-09,2,30,Yes
9567_0,9567,2024-10-15,14,118,No
9567_1,9567,2024-10-16,1,101,Yes
9567_2,9567,2024-10-17,2,91,No
9567_3,9567,2024-10-18,7,77,No
9568_0,9568,2024-09-14,11,74,Yes
9568_1,9568,2024-09-15,3,33,Yes
9569_0,9569,2024-08-11,10,47,No
9569_1,9569,2024-08-12,13,18,No
9570_0,9570,2024-08-15,13,68,No
9570_1,9570,2024-08-16,15,62,No
9570_2,9570,2024-08-17,15,47,No
9570_3,9570,2024-08-18,11,58,No
9570_4,9570,2024-08-19,10,103,No
9571_0,9571,2024-08-08,10,74,No
9572_0,9572,2024-01-09,4,89,Yes
9573_0,9573,2024-12-18,3,64,Yes
9573_1,9573,2024-12-19,8,85,No
9573_2,9573,2024-12-20,1,76,Yes
9573_3,9573,2024-12-21,14,40,No
9574_0,9574,2024-09-03,12,45,No
9574_1,9574,2024-09-04,4,69,No
9575_0,9575,2024-10-12,11,30,No
9576_0,9576,2024-07-17,10,78,No
9576_1,9576,2024-07-18,9,54,Yes
9576_2,9576,2024-07-19,5,76,No
9577_0,9577,2024-07-18,5,32,Yes
9577_1,9577,2024-07-19,1,89,Yes
9578_0,9578,2024-03-26,9,52,Yes
9578_1,9578,2024-03-27,7,20,No
9579_0,9579,2024-10-29,15,1,No
9580_0,9580,2024-06-07,12,20,No
9580_1,9580,2024-06-08,5,85,No
9580_2,9580,2024-06-09,13,7,No
9580_3,9580,2024-06-10,4,32,Yes
9580_4,9580,2024-06-11,11,44,No
9581_0,9581,2024-02-08,11,3,No
9582_0,9582,2024-10-04,1,105,No
9582_1,9582,2024-10-05,15,59,No
9583_0,9583,2024-12-25,10,98,Yes
9584_0,9584,2024-08-31,3,7,No
9585_0,9585,2024-07-05,6,104,Yes
9585_1,9585,2024-07-06,1,96,No
9585_2,9585,2024-07-07,9,67,No
9585_3,9585,2024-07-08,5,95,No
9585_4,9585,2024-07-09,13,60,No
9586_0,9586,2024-11-04,4,9,Yes
9586_1,9586,2024-11-05,10,55,No
9587_0,9587,2024-12-26,8,97,No
9588_0,9588,2024-04-10,7,103,No
9588_1,9588,2024-04-11,13,68,No
9588_2,9588,2024-04-12,11,86,Yes
9588_3,9588,2024-04-13,11,98,No
9588_4,9588,2024-04-14,2,113,No
9589_0,9589,2024-08-04,14,24,No
9590_0,9590,2024-01-12,4,26,No
9591_0,9591,2024-09-07,12,58,No
9592_0,9592,2024-11-29,10,93,No
9592_1,9592,2024-11-30,15,32,No
9592_2,9592,2024-12-01,1,50,No
9593_0,9593,2024-06-15,13,21,No
9593_1,9593,2024-06-16,5,33,No
9593_2,9593,2024-06-17,9,96,No
9593_3,9593,2024-06-18,5,109,No
9594_0,9594,2024-11-29,10,15,No
9595_0,9595,2024-05-07,2,85,No
9595_1,9595,2024-05-08,2,109,No
9596_0,9596,2024-02-14,1,8,Yes
9596_1,9596,2024-02-15,3,2,No
9596_2,9596,2024-02-16,10,89,No
9596_3,9596,2024-02-17,1,12,No
9597_0,9597,2024-04-29,11,71,No
9597_1,9597,2024-04-30,8,3,No
9597_2,9597,2024-05-01,8,109,Yes
9597_3,9597,2024-05-02,14,100,No
9597_4,9597,2024-05-03,9,97,No
9598_0,9598,2024-05-23,15,48,No
9598_1,9598,2024-05-24,12,57,No
9599_0,9599,2024-08-28,7,78,No
9599_1,9599,2024-08-29,12,67,No
9599_2,9599,2024-08-30,3,117,Yes
9599_3,9599,2024-08-31,2,42,No
9600_0,9600,2024-02-25,12,32,Yes
9600_1,9600,2024-02-26,11,38,No
9600_2,9600,2024-02-27,8,20,No
9600_3,9600,2024-02-28,9,62,No
9600_4,9600,2024-02-29,10,51,No
9601_0,9601,2024-12-19,15,41,No
9601_1,9601,2024-12-20,11,55,No
9602_0,9602,2024-03-31,11,10,No
9602_1,9602,2024-04-01,7,17,Yes
9603_0,9603,2024-09-06,9,28,No
9603_1,9603,2024-09-07,15,76,No
9603_2,9603,2024-09-08,15,69,No
9603_3,9603,2024-09-09,14,33,No
9604_0,9604,2024-01-16,8,111,No
9604_1,9604,2024-01-17,1,34,No
9605_0,9605,2024-11-30,2,101,Yes
9605_1,9605,2024-12-01,8,44,No
9606_0,9606,2024-03-03,13,79,No
9607_0,9607,2024-09-23,5,114,No
9607_1,9607,2024-09-24,12,111,Yes
9607_2,9607,2024-09-25,5,91,No
9607_3,9607,2024-09-26,12,31,No
9607_4,9607,2024-09-27,14,42,No
9608_0,9608,2024-10-26,13,72,No
9608_1,9608,2024-10-27,7,96,No
9608_2,9608,2024-10-28,10,68,No
9608_3,9608,2024-10-29,7,27,No
9608_4,9608,2024-10-30,10,40,No
9609_0,9609,2024-11-12,1,66,No
9609_1,9609,2024-11-13,1,106,No
9609_2,9609,2024-11-14,10,119,No
9609_3,9609,2024-11-15,15,15,No
9609_4,9609,2024-11-16,11,35,No
9610_0,9610,2024-07-30,3,48,No
9610_1,9610,2024-07-31,3,89,Yes
9610_2,9610,2024-08-01,10,107,No
9610_3,9610,2024-08-02,2,33,No
9610_4,9610,2024-08-03,6,75,Yes
9611_0,9611,2024-05-06,14,84,No
9611_1,9611,2024-05-07,12,91,Yes
9611_2,9611,2024-05-08,14,38,No
9611_3,9611,2024-05-09,12,26,No
9611_4,9611,2024-05-10,10,114,No
9612_0,9612,2024-08-15,4,30,Yes
9612_1,9612,2024-08-16,5,53,No
9612_2,9612,2024-08-17,7,69,Yes
9613_0,9613,2024-05-29,4,109,No
9613_1,9613,2024-05-30,11,112,No
9613_2,9613,2024-05-31,14,86,Yes
9614_0,9614,2024-05-30,6,72,Yes
9614_1,9614,2024-05-31,15,53,No
9614_2,9614,2024-06-01,2,119,No
9614_3,9614,2024-06-02,10,83,No
9614_4,9614,2024-06-03,6,19,Yes
9615_0,9615,2024-09-19,8,43,No
9616_0,9616,2024-01-05,15,11,No
9616_1,9616,2024-01-06,12,21,No
9616_2,9616,2024-01-07,13,86,No
9616_3,9616,2024-01-08,5,90,Yes
9616_4,9616,2024-01-09,14,50,No
9617_0,9617,2024-07-27,4,42,Yes
9617_1,9617,2024-07-28,15,52,Yes
9617_2,9617,2024-07-29,12,57,No
9618_0,9618,2024-07-04,12,36,No
9618_1,9618,2024-07-05,2,119,No
9619_0,9619,2024-03-29,15,96,No
9619_1,9619,2024-03-30,7,2,Yes
9620_0,9620,2024-02-09,6,94,No
9620_1,9620,2024-02-10,10,9,No
9620_2,9620,2024-02-11,4,24,No
9620_3,9620,2024-02-12,9,94,No
9620_4,9620,2024-02-13,6,93,No
9621_0,9621,2024-02-25,14,95,No
9621_1,9621,2024-02-26,5,78,No
9621_2,9621,2024-02-27,2,58,Yes
9621_3,9621,2024-02-28,6,79,No
9622_0,9622,2024-08-12,8,74,No
9623_0,9623,2024-05-14,14,79,Yes
9623_1,9623,2024-05-15,15,120,No
9623_2,9623,2024-05-16,4,1,Yes
9623_3,9623,2024-05-17,6,12,No
9623_4,9623,2024-05-18,5,97,Yes
9624_0,9624,2024-07-27,11,88,No
9624_1,9624,2024-07-28,13,54,No
9625_0,9625,2024-07-10,8,55,Yes
9626_0,9626,2024-04-02,6,90,No
9626_1,9626,2024-04-03,8,107,No
9626_2,9626,2024-04-04,13,108,Yes
9627_0,9627,2024-06-28,8,5,Yes
9627_1,9627,2024-06-29,5,81,No
9627_2,9627,2024-06-30,9,71,No
9627_3,9627,2024-07-01,9,11,No
9628_0,9628,2024-06-02,10,118,No
9629_0,9629,2024-09-04,6,37,No
9630_0,9630,2024-12-20,13,2,No
9631_0,9631,2024-10-18,6,5,No
9631_1,9631,2024-10-19,11,21,No
9632_0,9632,2024-09-15,14,119,No
9633_0,9633,2024-09-11,2,14,No
9633_1,9633,2024-09-12,15,62,Yes
9634_0,9634,2024-04-01,14,71,Yes
9635_0,9635,2024-02-25,2,87,Yes
9635_1,9635,2024-02-26,11,33,Yes
9635_2,9635,2024-02-27,15,5,No
9635_3,9635,2024-02-28,9,39,Yes
9635_4,9635,2024-02-29,9,67,No
9636_0,9636,2024-01-31,7,78,Yes
9636_1,9636,2024-02-01,8,33,Yes
9636_2,9636,2024-02-02,14,70,Yes
9636_3,9636,2024-02-03,7,68,No
9637_0,9637,2024-03-02,6,79,Yes
9638_0,9638,2024-05-28,15,52,Yes
9639_0,9639,2024-04-12,13,59,No
9640_0,9640,2024-01-11,1,36,No
9640_1,9640,2024-01-12,2,53,Yes
9640_2,9640,2024-01-13,5,81,Yes
9640_3,9640,2024-01-14,6,115,No
9640_4,9640,2024-01-15,12,14,Yes
9641_0,9641,2024-03-13,14,90,Yes
9642_0,9642,2024-08-03,1,12,Yes
9642_1,9642,2024-08-04,10,47,Yes
9642_2,9642,2024-08-05,14,69,No
9642_3,9642,2024-08-06,5,63,No
9643_0,9643,2024-11-05,3,54,No
9643_1,9643,2024-11-06,11,25,Yes
9644_0,9644,2024-11-01,13,22,No
9644_1,9644,2024-11-02,3,7,No
9645_0,9645,2024-04-03,10,36,No
9645_1,9645,2024-04-04,7,67,Yes
9645_2,9645,2024-04-05,1,78,Yes
9645_3,9645,2024-04-06,8,63,No
9646_0,9646,2024-09-11,7,47,Yes
9646_1,9646,2024-09-12,10,28,No
9646_2,9646,2024-09-13,5,90,No
9647_0,9647,2024-02-18,9,40,Yes
9648_0,9648,2024-08-29,4,68,No
9648_1,9648,2024-08-30,4,117,No
9648_2,9648,2024-08-31,10,27,Yes
9648_3,9648,2024-09-01,15,102,No
9649_0,9649,2024-05-13,2,17,Yes
9649_1,9649,2024-05-14,6,97,No
9649_2,9649,2024-05-15,2,83,No
9649_3,9649,2024-05-16,7,42,Yes
9649_4,9649,2024-05-17,14,63,No
9650_0,9650,2024-07-09,2,113,Yes
9650_1,9650,2024-07-10,12,104,Yes
9650_2,9650,2024-07-11,1,45,No
9651_0,9651,2024-10-23,12,69,No
9651_1,9651,2024-10-24,15,96,No
9652_0,9652,2024-09-16,5,8,No
9652_1,9652,2024-09-17,11,20,No
9652_2,9652,2024-09-18,4,112,No
9652_3,9652,2024-09-19,14,55,No
9652_4,9652,2024-09-20,7,105,Yes
9653_0,9653,2024-08-28,6,50,No
9653_1,9653,2024-08-29,1,79,Yes
9653_2,9653,2024-08-30,13,94,No
9653_3,9653,2024-08-31,15,86,No
9654_0,9654,2024-10-06,2,96,No
9654_1,9654,2024-10-07,7,60,Yes
9654_2,9654,2024-10-08,12,25,No
9655_0,9655,2024-10-15,9,79,No
9655_1,9655,2024-10-16,14,29,Yes
9655_2,9655,2024-10-17,13,45,Yes
9656_0,9656,2024-07-02,8,14,Yes
9656_1,9656,2024-07-03,10,56,Yes
9656_2,9656,2024-07-04,12,80,Yes
9656_3,9656,2024-07-05,7,107,Yes
9657_0,9657,2024-02-21,4,98,No
9657_1,9657,2024-02-22,13,46,Yes
9657_2,9657,2024-02-23,8,79,Yes
9658_0,9658,2024-05-20,1,2,No
9659_0,9659,2024-01-13,4,104,No
9659_1,9659,2024-01-14,10,1,No
9659_2,9659,2024-01-15,6,98,No
9660_0,9660,2024-04-11,3,50,Yes
9660_1,9660,2024-04-12,9,101,Yes
9660_2,9660,2024-04-13,14,67,No
9660_3,9660,2024-04-14,12,21,Yes
9661_0,9661,2024-05-19,2,50,Yes
9661_1,9661,2024-05-20,13,8,No
9662_0,9662,2024-12-28,10,98,No
9662_1,9662,2024-12-29,2,102,No
9662_2,9662,2024-12-30,13,75,No
9663_0,9663,2024-08-28,9,16,Yes
9664_0,9664,2024-07-05,14,77,Yes
9665_0,9665,2024-10-14,8,53,No
9665_1,9665,2024-10-15,11,40,No
9665_2,9665,2024-10-16,9,62,No
9665_3,9665,2024-10-17,12,87,Yes
9666_0,9666,2024-02-18,1,92,No
9666_1,9666,2024-02-19,9,18,No
9667_0,9667,2024-07-17,9,107,No
9667_1,9667,2024-07-18,2,48,No
9667_2,9667,2024-07-19,3,87,No
9668_0,9668,2024-05-28,11,42,No
9668_1,9668,2024-05-29,15,87,No
9669_0,9669,2024-08-20,5,88,No
9669_1,9669,2024-08-21,15,16,No
9669_2,9669,2024-08-22,2,38,No
9669_3,9669,2024-08-23,14,42,No
9669_4,9669,2024-08-24,11,5,No
9670_0,9670,2024-09-04,12,91,No
9671_0,9671,2024-06-01,8,36,No
9671_1,9671,2024-06-02,9,78,No
9672_0,9672,2024-11-27,10,21,No
9672_1,9672,2024-11-28,5,69,No
9672_2,9672,2024-11-29,4,106,No
9672_3,9672,2024-11-30,15,85,No
9673_0,9673,2024-01-10,9,83,No
9673_1,9673,2024-01-11,11,14,No
9673_2,9673,2024-01-12,1,19,No
9673_3,9673,2024-01-13,10,64,No
9674_0,9674,2024-12-29,7,70,Yes
9675_0,9675,2024-04-26,5,40,No
9675_1,9675,2024-04-27,3,57,No
9676_0,9676,2024-07-08,1,21,No
9676_1,9676,2024-07-09,15,112,No
9676_2,9676,2024-07-10,5,53,No
9676_3,9676,2024-07-11,11,32,Yes
9677_0,9677,2024-09-14,9,17,Yes
9677_1,9677,2024-09-15,6,2,No
9677_2,9677,2024-09-16,8,88,No
9677_3,9677,2024-09-17,13,12,No
9678_0,9678,2024-04-02,8,90,No
9678_1,9678,2024-04-03,7,3,No
9678_2,9678,2024-04-04,11,63,Yes
9678_3,9678,2024-04-05,1,81,No
9678_4,9678,2024-04-06,3,20,No
9679_0,9679,2024-07-06,6,17,No
9679_1,9679,2024-07-07,11,37,No
9679_2,9679,2024-07-08,11,52,No
9679_3,9679,2024-07-09,6,16,Yes
9679_4,9679,2024-07-10,3,8,No
9680_0,9680,2024-12-20,14,26,No
9680_1,9680,2024-12-21,12,110,No
9680_2,9680,2024-12-22,2,86,Yes
9680_3,9680,2024-12-23,11,79,Yes
9680_4,9680,2024-12-24,13,78,No
9681_0,9681,2024-09-07,7,63,No
9681_1,9681,2024-09-08,7,32,No
9681_2,9681,2024-09-09,8,47,No
9681_3,9681,2024-09-10,4,75,No
9681_4,9681,2024-09-11,15,73,No
9682_0,9682,2024-10-29,4,24,Yes
9682_1,9682,2024-10-30,1,26,No
9683_0,9683,2024-05-28,11,30,No
9683_1,9683,2024-05-29,6,18,Yes
9683_2,9683,2024-05-30,5,52,Yes
9684_0,9684,2024-07-26,7,64,Yes
9684_1,9684,2024-07-27,3,103,No
9684_2,9684,2024-07-28,3,15,No
9684_3,9684,2024-07-29,3,33,No
9684_4,9684,2024-07-30,2,116,Yes
9685_0,9685,2024-02-17,4,33,No
9685_1,9685,2024-02-18,2,119,Yes
9686_0,9686,2024-08-27,12,54,No
9687_0,9687,2024-08-18,10,19,Yes
9687_1,9687,2024-08-19,11,13,No
9687_2,9687,2024-08-20,10,119,No
9687_3,9687,2024-08-21,7,108,No
9688_0,9688,2024-06-13,5,6,No
9688_1,9688,2024-06-14,1,62,Yes
9688_2,9688,2024-06-15,1,104,No
9689_0,9689,2024-05-30,14,97,Yes
9689_1,9689,2024-05-31,6,46,No
9689_2,9689,2024-06-01,13,89,No
9689_3,9689,2024-06-02,2,32,Yes
9689_4,9689,2024-06-03,11,23,Yes
9690_0,9690,2024-04-24,3,74,No
9690_1,9690,2024-04-25,4,36,No
9690_2,9690,2024-04-26,8,20,No
9690_3,9690,2024-04-27,9,117,Yes
9690_4,9690,2024-04-28,15,32,Yes
9691_0,9691,2024-11-30,14,3,Yes
9691_1,9691,2024-12-01,11,63,No
9691_2,9691,2024-12-02,5,17,No
9691_3,9691,2024-12-03,13,11,Yes
9692_0,9692,2024-04-23,4,120,Yes
9692_1,9692,2024-04-24,3,29,No
9692_2,9692,2024-04-25,11,93,No
9693_0,9693,2024-10-12,8,12,Yes
9693_1,9693,2024-10-13,5,87,No
9693_2,9693,2024-10-14,6,8,Yes
9693_3,9693,2024-10-15,3,28,No
9693_4,9693,2024-10-16,11,78,Yes
9694_0,9694,2024-05-28,7,86,No
9695_0,9695,2024-09-25,9,60,No
9695_1,9695,2024-09-26,3,5,No
9695_2,9695,2024-09-27,5,44,Yes
9695_3,9695,2024-09-28,8,2,No
9696_0,9696,2024-02-11,11,98,No
9696_1,9696,2024-02-12,9,9,Yes
9696_2,9696,2024-02-13,4,66,No
9697_0,9697,2024-01-31,15,118,No
9698_0,9698,2024-08-31,8,83,No
9699_0,9699,2024-06-18,14,12,Yes
9699_1,9699,2024-06-19,11,80,No
9700_0,9700,2024-10-29,3,17,No
9700_1,9700,2024-10-30,2,36,No
9700_2,9700,2024-10-31,14,118,Yes
9701_0,9701,2024-07-19,3,120,No
9701_1,9701,2024-07-20,12,78,No
9701_2,9701,2024-07-21,1,99,No
9702_0,9702,2024-10-21,14,118,No
9702_1,9702,2024-10-22,6,77,No
9702_2,9702,2024-10-23,9,29,Yes
9702_3,9702,2024-10-24,4,25,No
9702_4,9702,2024-10-25,3,86,No
9703_0,9703,2024-08-16,4,47,No
9703_1,9703,2024-08-17,7,101,No
9703_2,9703,2024-08-18,15,68,No
9704_0,9704,2024-05-21,13,72,Yes
9705_0,9705,2024-06-18,10,119,Yes
9705_1,9705,2024-06-19,1,4,Yes
9705_2,9705,2024-06-20,7,50,Yes
9705_3,9705,2024-06-21,4,41,No
9706_0,9706,2024-05-01,7,63,No
9706_1,9706,2024-05-02,5,71,No
9707_0,9707,2024-01-17,1,92,No
9708_0,9708,2024-09-24,4,64,Yes
9708_1,9708,2024-09-25,12,118,Yes
9708_2,9708,2024-09-26,14,110,Yes
9708_3,9708,2024-09-27,3,66,No
9709_0,9709,2024-12-01,4,38,Yes
9709_1,9709,2024-12-02,4,1,No
9709_2,9709,2024-12-03,15,114,No
9710_0,9710,2024-07-27,13,4,Yes
9711_0,9711,2024-06-29,6,17,Yes
9711_1,9711,2024-06-30,8,67,No
9712_0,9712,2024-06-06,9,4,No
9712_1,9712,2024-06-07,8,91,No
9712_2,9712,2024-06-08,13,82,No
9712_3,9712,2024-06-09,13,79,No
9712_4,9712,2024-06-10,14,24,Yes
9713_0,9713,2024-01-19,2,54,No
9714_0,9714,2024-06-17,13,97,No
9714_1,9714,2024-06-18,10,17,Yes
9714_2,9714,2024-06-19,11,28,No
9714_3,9714,2024-06-20,12,60,No
9715_0,9715,2024-02-19,4,104,Yes
9715_1,9715,2024-02-20,12,52,Yes
9715_2,9715,2024-02-21,5,58,No
9715_3,9715,2024-02-22,4,2,No
9715_4,9715,2024-02-23,3,104,Yes
9716_0,9716,2024-05-10,4,78,No
9716_1,9716,2024-05-11,3,19,No
9716_2,9716,2024-05-12,2,100,No
9716_3,9716,2024-05-13,2,103,Yes
9717_0,9717,2024-06-06,9,62,Yes
9717_1,9717,2024-06-07,9,3,No
9718_0,9718,2024-02-03,5,19,No
9719_0,9719,2024-10-23,8,120,Yes
9719_1,9719,2024-10-24,10,56,No
9719_2,9719,2024-10-25,8,107,Yes
9720_0,9720,2024-07-04,2,2,Yes
9720_1,9720,2024-07-05,1,74,No
9720_2,9720,2024-07-06,8,34,No
9721_0,9721,2024-10-08,4,55,No
9721_1,9721,2024-10-09,3,52,No
9721_2,9721,2024-10-10,10,31,Yes
9721_3,9721,2024-10-11,2,67,No
9722_0,9722,2024-02-06,14,110,Yes
9722_1,9722,2024-02-07,7,59,No
9722_2,9722,2024-02-08,7,27,Yes
9723_0,9723,2024-03-29,1,120,No
9723_1,9723,2024-03-30,7,2,No
9723_2,9723,2024-03-31,5,71,No
9723_3,9723,2024-04-01,11,17,No
9724_0,9724,2024-10-21,4,70,No
9724_1,9724,2024-10-22,11,8,No
9725_0,9725,2024-06-06,9,8,No
9725_1,9725,2024-06-07,1,100,No
9725_2,9725,2024-06-08,7,5,Yes
9725_3,9725,2024-06-09,3,83,No
9726_0,9726,2024-05-25,5,73,Yes
9727_0,9727,2024-11-08,5,82,No
9727_1,9727,2024-11-09,5,95,Yes
9727_2,9727,2024-11-10,14,109,No
9727_3,9727,2024-11-11,9,71,No
9727_4,9727,2024-11-12,2,33,No
9728_0,9728,2024-05-03,9,94,No
9728_1,9728,2024-05-04,3,72,No
9728_2,9728,2024-05-05,7,10,No
9729_0,9729,2024-01-02,2,5,No
9729_1,9729,2024-01-03,3,32,No
9730_0,9730,2024-02-03,4,67,No
9731_0,9731,2024-07-27,14,28,Yes
9731_1,9731,2024-07-28,12,108,No
9731_2,9731,2024-07-29,1,5,Yes
9731_3,9731,2024-07-30,11,71,No
9732_0,9732,2024-08-09,15,118,No
9733_0,9733,2024-11-07,9,51,Yes
9733_1,9733,2024-11-08,12,34,No
9733_2,9733,2024-11-09,7,105,No
9733_3,9733,2024-11-10,9,69,No
9734_0,9734,2024-06-17,10,55,Yes
9734_1,9734,2024-06-18,2,58,No
9735_0,9735,2024-11-19,12,81,No
9736_0,9736,2024-01-09,1,64,No
9736_1,9736,2024-01-10,7,63,Yes
9736_2,9736,2024-01-11,12,30,No
9736_3,9736,2024-01-12,6,17,No
9737_0,9737,2024-03-30,3,113,Yes
9738_0,9738,2024-04-06,1,97,Yes
9738_1,9738,2024-04-07,13,11,No
9738_2,9738,2024-04-08,9,22,No
9738_3,9738,2024-04-09,9,17,No
9739_0,9739,2024-12-17,7,96,No
9739_1,9739,2024-12-18,9,86,Yes
9739_2,9739,2024-12-19,5,42,Yes
9740_0,9740,2024-04-03,3,26,No
9740_1,9740,2024-04-04,5,33,No
9741_0,9741,2024-07-02,10,88,No
9742_0,9742,2024-01-05,10,80,Yes
9742_1,9742,2024-01-06,5,112,No
9742_2,9742,2024-01-07,5,87,No
9743_0,9743,2024-09-16,9,56,No
9743_1,9743,2024-09-17,13,23,Yes
9743_2,9743,2024-09-18,10,79,No
9743_3,9743,2024-09-19,1,2,No
9743_4,9743,2024-09-20,10,89,No
9744_0,9744,2024-02-26,12,29,No
9745_0,9745,2024-02-29,11,30,No
9745_1,9745,2024-03-01,4,28,Yes
9745_2,9745,2024-03-02,8,40,No
9746_0,9746,2024-01-21,10,60,Yes
9746_1,9746,2024-01-22,7,45,No
9747_0,9747,2024-03-31,5,17,No
9748_0,9748,2024-10-16,10,62,No
9749_0,9749,2024-01-20,3,31,No
9749_1,9749,2024-01-21,11,103,Yes
9750_0,9750,2024-11-08,12,50,No
9750_1,9750,2024-11-09,13,87,No
9750_2,9750,2024-11-10,3,4,Yes
9751_0,9751,2024-01-15,1,53,Yes
9751_1,9751,2024-01-16,12,104,No
9751_2,9751,2024-01-17,12,62,No
9751_3,9751,2024-01-18,10,112,No
9751_4,9751,2024-01-19,13,2,No
9752_0,9752,2024-06-21,15,105,No
9752_1,9752,2024-06-22,5,101,No
9752_2,9752,2024-06-23,1,103,No
9753_0,9753,2024-03-22,8,100,Yes
9753_1,9753,2024-03-23,6,34,No
9753_2,9753,2024-03-24,1,91,Yes
9753_3,9753,2024-03-25,15,110,No
9753_4,9753,2024-03-26,1,31,No
9754_0,9754,2024-03-22,14,50,No
9754_1,9754,2024-03-23,9,114,No
9755_0,9755,2024-10-19,14,44,No
9755_1,9755,2024-10-20,1,12,No
9755_2,9755,2024-10-21,2,77,No
9755_3,9755,2024-10-22,14,49,No
9756_0,9756,2024-06-22,9,38,No
9757_0,9757,2024-12-17,2,101,No
9757_1,9757,2024-12-18,7,70,No
9757_2,9757,2024-12-19,15,24,No
9757_3,9757,2024-12-20,11,85,No
9757_4,9757,2024-12-21,6,65,No
9758_0,9758,2024-06-03,7,93,No
9759_0,9759,2024-06-07,15,95,Yes
9759_1,9759,2024-06-08,7,40,No
9760_0,9760,2024-06-13,11,7,No
9760_1,9760,2024-06-14,9,115,No
9761_0,9761,2024-09-09,13,89,No
9762_0,9762,2024-07-02,14,80,No
9762_1,9762,2024-07-03,8,113,No
9762_2,9762,2024-07-04,10,84,No
9762_3,9762,2024-07-05,1,47,No
9763_0,9763,2024-10-01,3,68,Yes
9763_1,9763,2024-10-02,15,97,Yes
9763_2,9763,2024-10-03,11,26,Yes
9764_0,9764,2024-02-01,15,68,No
9765_0,9765,2024-04-11,7,25,No
9765_1,9765,2024-04-12,6,74,Yes
9765_2,9765,2024-04-13,8,79,Yes
9765_3,9765,2024-04-14,10,13,No
9765_4,9765,2024-04-15,9,27,No
9766_0,9766,2024-12-10,5,36,No
9766_1,9766,2024-12-11,3,71,Yes
9767_0,9767,2024-05-24,4,24,No
9768_0,9768,2024-04-13,12,1,Yes
9768_1,9768,2024-04-14,6,33,Yes
9768_2,9768,2024-04-15,6,48,No
9769_0,9769,2024-08-30,10,43,No
9770_0,9770,2024-10-29,3,48,No
9770_1,9770,2024-10-30,5,25,No
9770_2,9770,2024-10-31,7,90,No
9771_0,9771,2024-12-12,4,22,No
9772_0,9772,2024-06-28,6,25,Yes
9772_1,9772,2024-06-29,12,83,No
9772_2,9772,2024-06-30,13,104,No
9772_3,9772,2024-07-01,9,72,Yes
9772_4,9772,2024-07-02,11,3,No
9773_0,9773,2024-10-01,1,18,No
9774_0,9774,2024-10-25,5,102,No
9775_0,9775,2024-12-14,4,12,Yes
9776_0,9776,2024-03-11,10,52,No
9777_0,9777,2024-08-25,13,90,Yes
9777_1,9777,2024-08-26,4,90,No
9777_2,9777,2024-08-27,12,25,Yes
9778_0,9778,2024-01-24,4,6,Yes
9778_1,9778,2024-01-25,15,45,No
9778_2,9778,2024-01-26,4,70,No
9778_3,9778,2024-01-27,15,85,No
9778_4,9778,2024-01-28,12,107,No
9779_0,9779,2024-05-31,14,2,No
9780_0,9780,2024-12-22,12,3,Yes
9781_0,9781,2024-11-16,13,48,No
9781_1,9781,2024-11-17,6,35,No
9781_2,9781,2024-11-18,12,106,No
9781_3,9781,2024-11-19,11,94,No
9781_4,9781,2024-11-20,5,108,Yes
9782_0,9782,2024-07-12,13,33,No
9782_1,9782,2024-07-13,4,62,No
9783_0,9783,2024-03-29,13,31,No
9783_1,9783,2024-03-30,12,72,Yes
9784_0,9784,2024-03-27,12,87,No
9785_0,9785,2024-07-21,6,88,Yes
9785_1,9785,2024-07-22,1,106,Yes
9785_2,9785,2024-07-23,9,118,No
9785_3,9785,2024-07-24,14,19,Yes
9786_0,9786,2024-01-26,6,113,No
9786_1,9786,2024-01-27,3,52,No
9786_2,9786,2024-01-28,3,92,No
9787_0,9787,2024-05-15,8,92,No
9787_1,9787,2024-05-16,12,80,Yes
9787_2,9787,2024-05-17,5,93,No
9788_0,9788,2024-11-10,5,74,Yes
9788_1,9788,2024-11-11,3,10,No
9789_0,9789,2024-10-04,6,29,Yes
9789_1,9789,2024-10-05,6,111,Yes
9789_2,9789,2024-10-06,1,96,Yes
9789_3,9789,2024-10-07,9,61,No
9790_0,9790,2024-05-02,12,106,Yes
9790_1,9790,2024-05-03,5,36,No
9790_2,9790,2024-05-04,5,44,No
9791_0,9791,2024-11-27,3,47,No
9791_1,9791,2024-11-28,10,100,No
9792_0,9792,2024-10-10,1,57,No
9792_1,9792,2024-10-11,10,53,No
9793_0,9793,2024-11-07,15,103,Yes
9793_1,9793,2024-11-08,6,87,Yes
9793_2,9793,2024-11-09,10,93,No
9793_3,9793,2024-11-10,10,18,No
9794_0,9794,2024-10-22,5,109,No
9794_1,9794,2024-10-23,6,33,Yes
9795_0,9795,2024-06-09,8,97,No
9795_1,9795,2024-06-10,11,11,No
9796_0,9796,2024-03-15,6,43,No
9796_1,9796,2024-03-16,15,84,No
9796_2,9796,2024-03-17,9,23,No
9796_3,9796,2024-03-18,3,44,No
9797_0,9797,2024-08-27,2,24,No
9797_1,9797,2024-08-28,12,14,No
9798_0,9798,2024-08-22,8,10,No
9798_1,9798,2024-08-23,11,39,Yes
9799_0,9799,2024-02-13,9,74,No
9799_1,9799,2024-02-14,7,59,No
9799_2,9799,2024-02-15,9,69,No
9800_0,9800,2024-03-11,15,65,No
9800_1,9800,2024-03-12,1,37,No
9801_0,9801,2024-08-19,8,42,Yes
9801_1,9801,2024-08-20,6,51,Yes
9802_0,9802,2024-09-13,13,8,No
9802_1,9802,2024-09-14,2,15,Yes
9802_2,9802,2024-09-15,6,63,No
9803_0,9803,2024-02-12,11,34,Yes
9804_0,9804,2024-06-12,10,111,No
9804_1,9804,2024-06-13,9,50,Yes
9804_2,9804,2024-06-14,11,75,No
9804_3,9804,2024-06-15,13,43,Yes
9804_4,9804,2024-06-16,8,19,No
9805_0,9805,2024-01-01,5,31,No
9806_0,9806,2024-12-15,4,44,No
9807_0,9807,2024-05-20,11,97,Yes
9807_1,9807,2024-05-21,15,33,Yes
9807_2,9807,2024-05-22,1,16,No
9807_3,9807,2024-05-23,3,87,No
9808_0,9808,2024-02-17,12,104,No
9808_1,9808,2024-02-18,1,40,No
9808_2,9808,2024-02-19,15,9,No
9808_3,9808,2024-02-20,13,109,No
9808_4,9808,2024-02-21,3,95,Yes
9809_0,9809,2024-10-07,13,97,No
9810_0,9810,2024-07-09,5,90,No
9810_1,9810,2024-07-10,8,111,No
9811_0,9811,2024-01-07,15,25,No
9811_1,9811,2024-01-08,9,16,No
9811_2,9811,2024-01-09,11,107,No
9811_3,9811,2024-01-10,4,108,Yes
9812_0,9812,2024-03-25,6,106,Yes
9812_1,9812,2024-03-26,7,112,Yes
9812_2,9812,2024-03-27,6,97,Yes
9812_3,9812,2024-03-28,13,33,No
9813_0,9813,2024-12-09,10,92,No
9813_1,9813,2024-12-10,12,40,No
9813_2,9813,2024-12-11,3,58,Yes
9813_3,9813,2024-12-12,5,83,No
9814_0,9814,2024-11-19,9,55,No
9814_1,9814,2024-11-20,6,110,No
9815_0,9815,2024-02-01,13,67,No
9815_1,9815,2024-02-02,7,61,Yes
9815_2,9815,2024-02-03,9,79,No
9816_0,9816,2024-08-28,4,114,No
9816_1,9816,2024-08-29,3,34,No
9816_2,9816,2024-08-30,9,25,Yes
9816_3,9816,2024-08-31,1,87,Yes
9816_4,9816,2024-09-01,6,75,No
9817_0,9817,2024-09-15,2,84,Yes
9817_1,9817,2024-09-16,3,102,Yes
9818_0,9818,2024-06-05,11,35,No
9819_0,9819,2024-07-20,7,33,No
9819_1,9819,2024-07-21,8,111,No
9819_2,9819,2024-07-22,5,69,Yes
9819_3,9819,2024-07-23,10,66,No
9820_0,9820,2024-08-18,5,60,No
9820_1,9820,2024-08-19,5,77,No
9820_2,9820,2024-08-20,13,45,No
9820_3,9820,2024-08-21,3,36,Yes
9820_4,9820,2024-08-22,6,4,No
9821_0,9821,2024-09-30,12,11,No
9821_1,9821,2024-10-01,9,33,Yes
9821_2,9821,2024-10-02,11,62,No
9821_3,9821,2024-10-03,13,4,No
9822_0,9822,2024-12-09,4,90,Yes
9822_1,9822,2024-12-10,9,105,No
9823_0,9823,2024-05-26,2,104,No
9823_1,9823,2024-05-27,1,75,No
9823_2,9823,2024-05-28,13,62,No
9824_0,9824,2024-03-03,6,37,No
9825_0,9825,2024-11-26,10,99,No
9825_1,9825,2024-11-27,5,27,No
9826_0,9826,2024-04-29,3,74,Yes
9826_1,9826,2024-04-30,2,79,No
9827_0,9827,2024-07-15,2,42,No
9827_1,9827,2024-07-16,3,104,Yes
9827_2,9827,2024-07-17,4,70,No
9827_3,9827,2024-07-18,8,66,No
9827_4,9827,2024-07-19,11,106,No
9828_0,9828,2024-01-15,13,94,No
9828_1,9828,2024-01-16,4,64,No
9828_2,9828,2024-01-17,13,29,Yes
9828_3,9828,2024-01-18,2,96,No
9829_0,9829,2024-06-27,9,40,No
9829_1,9829,2024-06-28,2,80,No
9829_2,9829,2024-06-29,2,71,Yes
9829_3,9829,2024-06-30,8,66,No
9830_0,9830,2024-05-17,5,43,No
9830_1,9830,2024-05-18,11,44,Yes
9831_0,9831,2024-04-21,5,102,Yes
9831_1,9831,2024-04-22,6,3,No
9831_2,9831,2024-04-23,14,71,Yes
9832_0,9832,2024-10-23,4,16,No
9833_0,9833,2024-10-26,13,68,Yes
9833_1,9833,2024-10-27,4,11,No
9833_2,9833,2024-10-28,5,118,No
9834_0,9834,2024-12-19,6,91,No
9835_0,9835,2024-05-30,12,1,No
9835_1,9835,2024-05-31,15,84,Yes
9836_0,9836,2024-02-01,4,52,No
9836_1,9836,2024-02-02,6,41,Yes
9836_2,9836,2024-02-03,13,44,No
9836_3,9836,2024-02-04,11,110,Yes
9836_4,9836,2024-02-05,15,6,No
9837_0,9837,2024-03-26,13,94,No
9837_1,9837,2024-03-27,12,101,Yes
9838_0,9838,2024-12-05,10,70,No
9838_1,9838,2024-12-06,10,57,No
9838_2,9838,2024-12-07,8,9,No
9838_3,9838,2024-12-08,9,115,No
9838_4,9838,2024-12-09,10,36,No
9839_0,9839,2024-07-06,7,80,Yes
9839_1,9839,2024-07-07,7,61,Yes
9839_2,9839,2024-07-08,1,29,No
9840_0,9840,2024-02-26,5,51,Yes
9841_0,9841,2024-12-31,3,100,Yes
9841_1,9841,2025-01-01,13,101,No
9841_2,9841,2025-01-02,6,6,No
9841_3,9841,2025-01-03,1,78,Yes
9841_4,9841,2025-01-04,5,100,No
9842_0,9842,2024-10-22,10,7,No
9843_0,9843,2024-03-19,4,37,No
9843_1,9843,2024-03-20,7,41,No
9844_0,9844,2024-01-03,12,97,Yes
9844_1,9844,2024-01-04,8,83,No
9844_2,9844,2024-01-05,15,27,No
9844_3,9844,2024-01-06,8,15,No
9845_0,9845,2024-06-30,12,81,No
9845_1,9845,2024-07-01,10,46,No
9845_2,9845,2024-07-02,14,80,No
9846_0,9846,2024-07-19,4,106,Yes
9847_0,9847,2024-10-10,4,58,No
9847_1,9847,2024-10-11,12,61,No
9847_2,9847,2024-10-12,6,61,No
9847_3,9847,2024-10-13,13,47,Yes
9847_4,9847,2024-10-14,7,71,No
9848_0,9848,2024-06-08,14,74,No
9848_1,9848,2024-06-09,14,114,Yes
9849_0,9849,2024-01-08,14,48,No
9850_0,9850,2024-02-01,11,114,Yes
9850_1,9850,2024-02-02,8,6,Yes
9851_0,9851,2024-02-20,11,120,No
9852_0,9852,2024-06-16,9,55,Yes
9852_1,9852,2024-06-17,10,70,Yes
9852_2,9852,2024-06-18,4,101,No
9852_3,9852,2024-06-19,12,40,No
9852_4,9852,2024-06-20,1,44,No
9853_0,9853,2024-08-05,10,20,No
9853_1,9853,2024-08-06,14,33,No
9853_2,9853,2024-08-07,9,62,No
9853_3,9853,2024-08-08,5,43,No
9853_4,9853,2024-08-09,6,86,No
9854_0,9854,2024-03-24,13,111,Yes
9854_1,9854,2024-03-25,8,93,Yes
9855_0,9855,2024-05-08,10,2,Yes
9855_1,9855,2024-05-09,9,42,No
9855_2,9855,2024-05-10,11,3,No
9856_0,9856,2024-08-04,8,87,No
9856_1,9856,2024-08-05,14,78,No
9856_2,9856,2024-08-06,7,57,No
9856_3,9856,2024-08-07,9,76,Yes
9857_0,9857,2024-10-10,14,44,No
9858_0,9858,2024-09-05,5,51,No
9859_0,9859,2024-03-18,11,89,No
9859_1,9859,2024-03-19,9,56,Yes
9860_0,9860,2024-01-03,3,29,Yes
9860_1,9860,2024-01-04,7,4,No
9861_0,9861,2024-07-22,2,31,No
9861_1,9861,2024-07-23,6,92,No
9861_2,9861,2024-07-24,15,39,No
9862_0,9862,2024-04-08,1,59,No
9862_1,9862,2024-04-09,14,4,Yes
9862_2,9862,2024-04-10,15,19,No
9862_3,9862,2024-04-11,11,86,Yes
9863_0,9863,2024-02-13,15,97,No
9864_0,9864,2024-09-12,4,82,No
9864_1,9864,2024-09-13,5,61,Yes
9864_2,9864,2024-09-14,3,73,Yes
9865_0,9865,2024-02-17,6,38,No
9865_1,9865,2024-02-18,8,49,No
9866_0,9866,2024-04-04,4,22,No
9867_0,9867,2024-10-26,3,82,Yes
9867_1,9867,2024-10-27,4,8,Yes
9867_2,9867,2024-10-28,5,101,No
9867_3,9867,2024-10-29,11,50,No
9868_0,9868,2024-06-08,8,102,No
9869_0,9869,2024-05-30,1,39,No
9869_1,9869,2024-05-31,6,63,Yes
9869_2,9869,2024-06-01,3,97,No
9870_0,9870,2024-12-17,13,28,Yes
9871_0,9871,2024-01-03,13,1,No
9871_1,9871,2024-01-04,13,99,Yes
9872_0,9872,2024-11-23,6,47,No
9872_1,9872,2024-11-24,1,1,No
9872_2,9872,2024-11-25,9,34,No
9872_3,9872,2024-11-26,12,45,No
9873_0,9873,2024-08-06,15,13,No
9873_1,9873,2024-08-07,11,75,No
9873_2,9873,2024-08-08,5,75,Yes
9873_3,9873,2024-08-09,6,14,No
9873_4,9873,2024-08-10,4,45,Yes
9874_0,9874,2024-03-17,5,19,No
9874_1,9874,2024-03-18,14,37,No
9874_2,9874,2024-03-19,4,91,Yes
9874_3,9874,2024-03-20,14,23,Yes
9875_0,9875,2024-07-26,4,45,No
9875_1,9875,2024-07-27,9,6,No
9876_0,9876,2024-07-10,5,72,No
9876_1,9876,2024-07-11,5,110,No
9876_2,9876,2024-07-12,9,114,Yes
9877_0,9877,2024-01-06,8,51,No
9877_1,9877,2024-01-07,8,73,Yes
9877_2,9877,2024-01-08,6,120,No
9877_3,9877,2024-01-09,5,46,No
9877_4,9877,2024-01-10,11,112,No
9878_0,9878,2024-07-15,14,78,No
9878_1,9878,2024-07-16,6,19,Yes
9878_2,9878,2024-07-17,3,102,No
9879_0,9879,2024-08-16,9,83,No
9879_1,9879,2024-08-17,7,29,Yes
9879_2,9879,2024-08-18,10,46,No
9879_3,9879,2024-08-19,4,113,No
9880_0,9880,2024-11-20,1,59,Yes
9881_0,9881,2024-05-09,7,77,Yes
9881_1,9881,2024-05-10,9,43,Yes
9881_2,9881,2024-05-11,13,110,Yes
9881_3,9881,2024-05-12,2,110,No
9882_0,9882,2024-02-05,11,52,No
9882_1,9882,2024-02-06,12,13,No
9883_0,9883,2024-12-06,7,59,No
9883_1,9883,2024-12-07,14,19,Yes
9883_2,9883,2024-12-08,10,90,No
9884_0,9884,2024-08-22,7,45,No
9884_1,9884,2024-08-23,15,64,No
9884_2,9884,2024-08-24,5,120,No
9884_3,9884,2024-08-25,12,53,No
9884_4,9884,2024-08-26,3,41,No
9885_0,9885,2024-09-08,3,83,Yes
9885_1,9885,2024-09-09,2,84,No
9885_2,9885,2024-09-10,3,18,No
9886_0,9886,2024-12-27,10,73,No
9886_1,9886,2024-12-28,6,116,Yes
9887_0,9887,2024-02-06,8,94,No
9887_1,9887,2024-02-07,10,41,No
9887_2,9887,2024-02-08,7,52,No
9887_3,9887,2024-02-09,15,46,No
9887_4,9887,2024-02-10,5,12,No
9888_0,9888,2024-06-22,1,95,Yes
9888_1,9888,2024-06-23,4,17,No
9888_2,9888,2024-06-24,7,108,No
9889_0,9889,2024-02-25,11,27,No
9889_1,9889,2024-02-26,2,15,No
9889_2,9889,2024-02-27,12,12,Yes
9889_3,9889,2024-02-28,9,119,No
9889_4,9889,2024-02-29,8,56,No
9890_0,9890,2024-08-07,6,19,Yes
9891_0,9891,2024-10-04,10,15,No
9891_1,9891,2024-10-05,10,51,No
9891_2,9891,2024-10-06,11,68,No
9892_0,9892,2024-06-16,10,51,Yes
9893_0,9893,2024-09-24,14,75,No
9893_1,9893,2024-09-25,10,113,No
9893_2,9893,2024-09-26,2,94,No
9893_3,9893,2024-09-27,9,57,No
9894_0,9894,2024-07-08,11,58,No
9894_1,9894,2024-07-09,2,50,No
9894_2,9894,2024-07-10,5,69,No
9894_3,9894,2024-07-11,3,50,Yes
9895_0,9895,2024-09-24,3,39,Yes
9895_1,9895,2024-09-25,7,56,Yes
9896_0,9896,2024-01-24,3,41,No
9896_1,9896,2024-01-25,5,67,Yes
9896_2,9896,2024-01-26,6,61,No
9896_3,9896,2024-01-27,14,82,No
9896_4,9896,2024-01-28,7,58,Yes
9897_0,9897,2024-11-23,15,18,No
9897_1,9897,2024-11-24,3,49,No
9897_2,9897,2024-11-25,14,93,Yes
9897_3,9897,2024-11-26,13,4,No
9897_4,9897,2024-11-27,3,92,No
9898_0,9898,2024-07-09,12,106,No
9899_0,9899,2024-03-28,8,48,No
9900_0,9900,2024-12-05,15,58,No
9900_1,9900,2024-12-06,11,117,No
9900_2,9900,2024-12-07,3,50,No
9900_3,9900,2024-12-08,3,74,No
9900_4,9900,2024-12-09,5,99,Yes
9901_0,9901,2024-02-12,4,18,No
9901_1,9901,2024-02-13,8,89,No
9902_0,9902,2024-07-03,6,75,No
9902_1,9902,2024-07-04,15,117,Yes
9902_2,9902,2024-07-05,12,102,No
9903_0,9903,2024-04-16,13,105,Yes
9903_1,9903,2024-04-17,6,92,Yes
9903_2,9903,2024-04-18,11,10,No
9903_3,9903,2024-04-19,12,15,No
9904_0,9904,2024-11-03,9,36,Yes
9904_1,9904,2024-11-04,4,57,No
9904_2,9904,2024-11-05,1,66,Yes
9905_0,9905,2024-03-12,10,92,No
9906_0,9906,2024-03-28,8,91,No
9906_1,9906,2024-03-29,9,110,No
9907_0,9907,2024-11-03,14,10,No
9907_1,9907,2024-11-04,4,86,No
9908_0,9908,2024-12-21,1,77,No
9909_0,9909,2024-05-21,6,91,No
9909_1,9909,2024-05-22,14,85,No
9909_2,9909,2024-05-23,9,49,No
9909_3,9909,2024-05-24,15,33,No
9910_0,9910,2024-04-09,10,104,No
9911_0,9911,2024-10-26,13,73,No
9911_1,9911,2024-10-27,6,56,No
9911_2,9911,2024-10-28,6,104,Yes
9911_3,9911,2024-10-29,2,87,Yes
9912_0,9912,2024-05-26,7,19,Yes
9912_1,9912,2024-05-27,5,38,No
9912_2,9912,2024-05-28,8,42,No
9912_3,9912,2024-05-29,15,59,No
9912_4,9912,2024-05-30,10,60,Yes
9913_0,9913,2024-08-22,6,98,No
9913_1,9913,2024-08-23,15,106,No
9913_2,9913,2024-08-24,14,119,No
9913_3,9913,2024-08-25,14,26,No
9914_0,9914,2024-09-19,8,9,No
9914_1,9914,2024-09-20,13,31,No
9914_2,9914,2024-09-21,12,112,No
9915_0,9915,2024-07-21,11,82,Yes
9915_1,9915,2024-07-22,13,62,No
9915_2,9915,2024-07-23,13,69,No
9916_0,9916,2024-05-04,11,53,No
9917_0,9917,2024-09-02,5,110,Yes
9917_1,9917,2024-09-03,13,15,Yes
9917_2,9917,2024-09-04,5,95,No
9918_0,9918,2024-03-05,7,56,No
9919_0,9919,2024-03-13,4,45,Yes
9919_1,9919,2024-03-14,3,53,Yes
9919_2,9919,2024-03-15,11,1,No
9919_3,9919,2024-03-16,4,76,No
9919_4,9919,2024-03-17,4,2,Yes
9920_0,9920,2024-01-31,2,87,No
9920_1,9920,2024-02-01,4,119,No
9921_0,9921,2024-02-22,1,46,No
9921_1,9921,2024-02-23,5,48,Yes
9921_2,9921,2024-02-24,6,14,Yes
9921_3,9921,2024-02-25,2,95,Yes
9922_0,9922,2024-08-28,14,36,Yes
9922_1,9922,2024-08-29,3,111,No
9922_2,9922,2024-08-30,9,38,No
9923_0,9923,2024-12-12,6,31,No
9923_1,9923,2024-12-13,13,43,No
9923_2,9923,2024-12-14,7,71,No
9923_3,9923,2024-12-15,15,100,Yes
9923_4,9923,2024-12-16,3,97,No
9924_0,9924,2024-10-15,11,98,No
9924_1,9924,2024-10-16,6,83,No
9924_2,9924,2024-10-17,2,42,Yes
9924_3,9924,2024-10-18,4,66,No
9925_0,9925,2024-03-03,3,105,No
9925_1,9925,2024-03-04,1,2,Yes
9926_0,9926,2024-09-17,14,107,No
9926_1,9926,2024-09-18,13,112,Yes
9927_0,9927,2024-02-02,10,75,No
9927_1,9927,2024-02-03,9,14,No
9928_0,9928,2024-03-01,12,75,No
9929_0,9929,2024-05-13,2,110,No
9929_1,9929,2024-05-14,8,31,No
9930_0,9930,2024-09-03,14,100,No
9931_0,9931,2024-04-13,7,101,No
9931_1,9931,2024-04-14,11,104,No
9932_0,9932,2024-09-15,6,10,No
9932_1,9932,2024-09-16,13,42,Yes
9933_0,9933,2024-10-24,15,9,Yes
9933_1,9933,2024-10-25,8,110,No
9934_0,9934,2024-08-23,13,8,No
9934_1,9934,2024-08-24,6,108,Yes
9934_2,9934,2024-08-25,3,18,No
9934_3,9934,2024-08-26,7,101,No
9934_4,9934,2024-08-27,12,57,No
9935_0,9935,2024-12-11,2,91,No
9936_0,9936,2024-11-28,1,4,Yes
9937_0,9937,2024-03-26,1,48,No
9937_1,9937,2024-03-27,5,34,Yes
9937_2,9937,2024-03-28,15,89,No
9937_3,9937,2024-03-29,12,75,No
9938_0,9938,2024-02-18,4,106,No
9938_1,9938,2024-02-19,7,68,No
9938_2,9938,2024-02-20,8,54,No
9938_3,9938,2024-02-21,14,34,No
9939_0,9939,2024-03-30,15,23,No
9939_1,9939,2024-03-31,5,62,No
9940_0,9940,2024-04-10,10,49,No
9940_1,9940,2024-04-11,12,94,No
9940_2,9940,2024-04-12,15,44,No
9941_0,9941,2024-01-02,2,48,No
9942_0,9942,2024-05-12,13,62,No
9942_1,9942,2024-05-13,6,39,No
9942_2,9942,2024-05-14,7,5,No
9942_3,9942,2024-05-15,13,117,No
9942_4,9942,2024-05-16,2,56,No
9943_0,9943,2024-01-26,8,55,Yes
9943_1,9943,2024-01-27,9,69,No
9943_2,9943,2024-01-28,11,104,Yes
9943_3,9943,2024-01-29,12,79,Yes
9943_4,9943,2024-01-30,14,55,No
9944_0,9944,2024-09-02,6,44,No
9944_1,9944,2024-09-03,1,54,No
9944_2,9944,2024-09-04,2,66,No
9945_0,9945,2024-05-08,8,40,No
9946_0,9946,2024-02-17,8,32,No
9947_0,9947,2024-02-25,12,14,No
9947_1,9947,2024-02-26,7,16,No
9947_2,9947,2024-02-27,7,29,No
9947_3,9947,2024-02-28,10,20,No
9947_4,9947,2024-02-29,2,109,No
9948_0,9948,2024-12-12,8,28,No
9948_1,9948,2024-12-13,15,85,Yes
9948_2,9948,2024-12-14,14,81,No
9949_0,9949,2024-02-04,2,69,No
9949_1,9949,2024-02-05,6,12,Yes
9949_2,9949,2024-02-06,10,108,No
9949_3,9949,2024-02-07,9,57,No
9949_4,9949,2024-02-08,9,72,No
9950_0,9950,2024-12-04,12,21,No
9950_1,9950,2024-12-05,12,85,No
9950_2,9950,2024-12-06,10,117,No
9950_3,9950,2024-12-07,3,35,No
9951_0,9951,2024-09-09,11,81,No
9951_1,9951,2024-09-10,8,65,No
9951_2,9951,2024-09-11,3,15,No
9951_3,9951,2024-09-12,10,40,No
9952_0,9952,2024-01-11,9,11,No
9952_1,9952,2024-01-12,3,113,No
9952_2,9952,2024-01-13,12,106,No
9952_3,9952,2024-01-14,3,51,No
9952_4,9952,2024-01-15,9,71,Yes
9953_0,9953,2024-02-29,8,112,No
9953_1,9953,2024-03-01,11,36,Yes
9954_0,9954,2024-07-09,7,25,No
9954_1,9954,2024-07-10,8,12,No
9954_2,9954,2024-07-11,13,55,No
9955_0,9955,2024-01-03,4,37,No
9955_1,9955,2024-01-04,14,10,Yes
9955_2,9955,2024-01-05,6,81,No
9956_0,9956,2024-08-01,11,106,Yes
9956_1,9956,2024-08-02,12,90,Yes
9956_2,9956,2024-08-03,5,7,No
9957_0,9957,2024-07-04,2,90,No
9957_1,9957,2024-07-05,9,2,No
9957_2,9957,2024-07-06,8,113,No
9957_3,9957,2024-07-07,8,87,No
9957_4,9957,2024-07-08,1,18,No
9958_0,9958,2024-07-27,4,12,No
9958_1,9958,2024-07-28,8,115,No
9959_0,9959,2024-03-23,12,70,No
9959_1,9959,2024-03-24,3,102,No
9960_0,9960,2024-03-26,15,25,No
9960_1,9960,2024-03-27,9,31,No
9960_2,9960,2024-03-28,11,73,No
9961_0,9961,2024-02-07,3,60,No
9961_1,9961,2024-02-08,15,32,Yes
9961_2,9961,2024-02-09,5,49,No
9961_3,9961,2024-02-10,2,89,No
9961_4,9961,2024-02-11,8,82,No
9962_0,9962,2024-08-14,4,32,No
9962_1,9962,2024-08-15,12,73,No
9962_2,9962,2024-08-16,10,14,No
9962_3,9962,2024-08-17,8,30,No
9963_0,9963,2024-07-29,4,43,No
9963_1,9963,2024-07-30,2,5,Yes
9963_2,9963,2024-07-31,9,19,No
9963_3,9963,2024-08-01,11,16,Yes
9964_0,9964,2024-04-27,1,118,No
9964_1,9964,2024-04-28,8,77,No
9965_0,9965,2024-11-22,13,25,No
9965_1,9965,2024-11-23,5,106,No
9965_2,9965,2024-11-24,14,38,Yes
9965_3,9965,2024-11-25,15,91,Yes
9966_0,9966,2024-10-15,1,4,No
9967_0,9967,2024-02-18,4,50,No
9967_1,9967,2024-02-19,10,59,Yes
9967_2,9967,2024-02-20,2,10,No
9967_3,9967,2024-02-21,3,43,No
9968_0,9968,2024-10-12,1,13,No
9968_1,9968,2024-10-13,8,81,No
9968_2,9968,2024-10-14,4,33,No
9968_3,9968,2024-10-15,4,3,No
9968_4,9968,2024-10-16,14,110,Yes
9969_0,9969,2024-01-27,1,98,No
9969_1,9969,2024-01-28,12,16,Yes
9970_0,9970,2024-04-04,12,19,No
9970_1,9970,2024-04-05,2,64,No
9970_2,9970,2024-04-06,6,61,Yes
9971_0,9971,2024-01-30,4,70,No
9971_1,9971,2024-01-31,15,64,No
9971_2,9971,2024-02-01,7,10,Yes
9971_3,9971,2024-02-02,6,95,Yes
9971_4,9971,2024-02-03,2,54,No
9972_0,9972,2024-09-18,6,85,No
9972_1,9972,2024-09-19,4,2,Yes
9972_2,9972,2024-09-20,4,25,Yes
9973_0,9973,2024-12-25,4,73,No
9973_1,9973,2024-12-26,8,39,No
9973_2,9973,2024-12-27,2,111,No
9973_3,9973,2024-12-28,9,11,No
9974_0,9974,2024-02-02,14,74,Yes
9974_1,9974,2024-02-03,1,120,Yes
9974_2,9974,2024-02-04,5,40,Yes
9974_3,9974,2024-02-05,1,68,Yes
9975_0,9975,2024-06-04,10,99,No
9975_1,9975,2024-06-05,1,100,No
9975_2,9975,2024-06-06,2,27,No
9975_3,9975,2024-06-07,9,106,No
9975_4,9975,2024-06-08,9,88,No
9976_0,9976,2024-10-12,14,45,Yes
9976_1,9976,2024-10-13,11,107,No
9976_2,9976,2024-10-14,7,78,No
9976_3,9976,2024-10-15,1,81,No
9977_0,9977,2024-05-31,5,1,No
9977_1,9977,2024-06-01,5,23,Yes
9978_0,9978,2024-12-11,10,69,No
9978_1,9978,2024-12-12,10,40,No
9978_2,9978,2024-12-13,8,33,Yes
9979_0,9979,2024-04-20,4,97,No
9979_1,9979,2024-04-21,1,98,No
9979_2,9979,2024-04-22,5,21,No
9979_3,9979,2024-04-23,15,52,Yes
9979_4,9979,2024-04-24,12,34,No
9980_0,9980,2024-02-19,9,109,No
9980_1,9980,2024-02-20,6,73,No
9980_2,9980,2024-02-21,1,56,No
9980_3,9980,2024-02-22,15,32,No
9980_4,9980,2024-02-23,8,82,Yes
9981_0,9981,2024-03-25,7,20,No
9982_0,9982,2024-03-19,2,9,No
9982_1,9982,2024-03-20,11,9,No
9982_2,9982,2024-03-21,11,97,No
9983_0,9983,2024-08-05,7,93,Yes
9983_1,9983,2024-08-06,12,41,Yes
9984_0,9984,2024-03-15,3,31,No
9984_1,9984,2024-03-16,7,81,No
9984_2,9984,2024-03-17,3,53,No
9984_3,9984,2024-03-18,1,44,No
9984_4,9984,2024-03-19,11,45,Yes
9985_0,9985,2024-08-20,2,53,No
9985_1,9985,2024-08-21,10,94,No
9986_0,9986,2024-03-10,12,67,No
9986_1,9986,2024-03-11,8,13,Yes
9987_0,9987,2024-10-30,15,73,No
9987_1,9987,2024-10-31,14,51,No
9987_2,9987,2024-11-01,5,67,No
9987_3,9987,2024-11-02,3,67,Yes
9988_0,9988,2024-11-21,5,100,No
9988_1,9988,2024-11-22,10,62,Yes
9989_0,9989,2024-07-09,9,76,Yes
9989_1,9989,2024-07-10,5,89,No
9989_2,9989,2024-07-11,5,61,No
9989_3,9989,2024-07-12,1,73,No
9989_4,9989,2024-07-13,2,7,No
9990_0,9990,2024-09-15,14,102,No
9991_0,9991,2024-09-06,6,54,No
9991_1,9991,2024-09-07,10,9,Yes
9991_2,9991,2024-09-08,8,23,Yes
9992_0,9992,2024-02-22,12,96,Yes
9992_1,9992,2024-02-23,11,2,No
9992_2,9992,2024-02-24,11,51,No
9992_3,9992,2024-02-25,14,33,No
9992_4,9992,2024-02-26,8,103,No
9993_0,9993,2024-12-13,14,25,Yes
9993_1,9993,2024-12-14,10,26,Yes
9994_0,9994,2024-09-19,4,88,No
9994_1,9994,2024-09-20,6,10,No
9994_2,9994,2024-09-21,14,20,No
9994_3,9994,2024-09-22,15,58,No
9994_4,9994,2024-09-23,6,38,Yes
9995_0,9995,2024-09-07,5,15,No
9995_1,9995,2024-09-08,8,85,No
9995_2,9995,2024-09-09,4,102,No
9995_3,9995,2024-09-10,12,28,No
9995_4,9995,2024-09-11,12,23,No
9996_0,9996,2024-11-28,1,27,Yes
9996_1,9996,2024-11-29,4,84,Yes
9997_0,9997,2024-02-23,12,3,Yes
9997_1,9997,2024-02-24,1,30,No
9998_0,9998,2024-01-18,9,118,No
9998_1,9998,2024-01-19,12,7,Yes
9998_2,9998,2024-01-20,6,95,No
9999_0,9999,2024-10-10,10,13,No
9999_1,9999,2024-10-11,7,2,Yes
9999_2,9999,2024-10-12,6,79,No
10000_0,10000,2024-07-05,15,16,No
10000_1,10000,2024-07-06,12,44,Yes
