LeadID,LeadDate,Source,City,Budget,PropertyType,Project,SalesOwner
1,2024-06-29,Google Ads,Noida,11800000,Apartment,Urban Square,Riya Kapoor
2,2024-12-13,99acres,Gurgaon,11600000,Plot,Palm Towers,Priya Kapoor
3,2024-06-16,Channel Partner,Gurgaon,16100000,Villa,Green Valley,Shefali Mehta
4,2024-08-22,Google Ads,Noida,14100000,Villa,Sky Residency,Sachin Tendulkar
5,2024-03-27,Google Ads,Mumbai,6400000,Apartment,Palm Towers,Neha Singh
6,2024-02-21,Facebook,Bangalore,19500000,Apartment,Green Valley,Shefali Mehta
7,2024-12-15,Referral,Hyderabad,4300000,Apartment,Sky Residency,Sachin Tendulkar
8,2024-05-25,Walk-in,Gurgaon,5500000,Apartment,Palm Towers,Neha Singh
9,2024-01-06,Facebook,Bangalore,6900000,Apartment,Urban Square,Rohit Sharma
10,2024-10-27,Referral,Gurgaon,18100000,Apartment,Elite Heights,Praveen Tambe
11,2024-02-05,Google Ads,Gurgaon,8700000,Villa,Elite Heights,Rohit Sharma
12,2024-04-19,Google Ads,Hyderabad,15100000,Villa,Palm Towers,Neha Singh
13,2024-06-25,Walk-in,Pune,7500000,Apartment,Palm Towers,Aman Sharma
14,2024-07-21,Google Ads,Noida,19300000,Apartment,Sky Residency,Priya Kapoor
15,2024-01-24,Google Ads,Gurgaon,6100000,Apartment,Elite Heights,Rohit Sharma
16,2024-03-01,Facebook,Pune,19000000,Apartment,Sky Residency,Neha Singh
17,2024-03-23,Referral,Gurgaon,6600000,Villa,Palm Towers,Riya Kapoor
18,2024-02-28,Google Ads,Bangalore,8500000,Villa,Green Valley,Shefali Mehta
19,2024-05-27,Facebook,Pune,3800000,Apartment,Urban Square,Shefali Mehta
20,2024-09-17,Google Ads,Gurgaon,3400000,Apartment,Sky Residency,Riya Kapoor
21,2024-04-05,99acres,Gurgaon,12900000,Villa,Palm Towers,Sachin Tendulkar
22,2024-02-19,Channel Partner,Noida,15200000,Plot,Sky Residency,Neha Singh
23,2024-12-15,Channel Partner,Mumbai,16000000,Apartment,Sky Residency,Praveen Tambe
24,2024-04-22,Google Ads,Gurgaon,12900000,Villa,Sky Residency,Ravi Mehta
25,2024-05-07,Referral,Gurgaon,17000000,Plot,Palm Towers,Praveen Tambe
26,2024-06-20,Google Ads,Pune,12300000,Villa,Elite Heights,Neha Singh
27,2024-03-04,Google Ads,Bangalore,8800000,Villa,Urban Square,Neha Singh
28,2024-09-20,Google Ads,Bangalore,3200000,Villa,Elite Heights,Shefali Mehta
29,2024-05-28,Facebook,Mumbai,19600000,Plot,Sky Residency,Ravi Mehta
30,2024-06-18,Housing,Bangalore,12900000,Apartment,Palm Towers,Sachin Tendulkar
31,2024-08-09,Google Ads,Mumbai,13200000,Apartment,Sky Residency,Riya Kapoor
32,2024-12-15,Housing,Pune,18800000,Villa,Elite Heights,Rohit Sharma
33,2024-02-07,Google Ads,Bangalore,5300000,Plot,Palm Towers,Ravi Mehta
34,2024-07-30,Google Ads,Noida,3900000,Plot,Palm Towers,Viral Kohli
35,2024-10-03,99acres,Noida,17200000,Apartment,Urban Square,Viral Kohli
36,2024-11-07,Channel Partner,Noida,7300000,Plot,Elite Heights,Ravi Mehta
37,2024-01-13,Google Ads,Noida,17500000,Plot,Palm Towers,Riya Kapoor
38,2024-12-08,Referral,Noida,11000000,Apartment,Urban Square,Shefali Mehta
39,2024-11-29,Google Ads,Mumbai,11400000,Apartment,Sky Residency,Ravi Mehta
40,2024-07-28,Channel Partner,Pune,10900000,Villa,Palm Towers,Sachin Tendulkar
41,2024-09-06,Google Ads,Pune,12000000,Apartment,Palm Towers,Priya Kapoor
42,2024-06-26,Facebook,Noida,7700000,Villa,Palm Towers,Priya Kapoor
43,2024-06-23,Google Ads,Gurgaon,8000000,Villa,Sky Residency,Shefali Mehta
44,2024-12-14,Referral,Gurgaon,9000000,Apartment,Green Valley,Priya Kapoor
45,2024-03-27,Facebook,Bangalore,11000000,Plot,Green Valley,Shefali Mehta
46,2024-05-26,Referral,Gurgaon,4100000,Plot,Urban Square,Rohit Sharma
47,2024-12-25,Facebook,Hyderabad,8900000,Plot,Sky Residency,Priya Kapoor
48,2024-06-30,Referral,Gurgaon,7900000,Apartment,Sky Residency,Riya Kapoor
49,2024-07-05,Referral,Bangalore,9900000,Villa,Palm Towers,Ravi Mehta
50,2024-07-13,Facebook,Gurgaon,16800000,Apartment,Sky Residency,Priya Kapoor
51,2024-07-29,Referral,Hyderabad,12800000,Apartment,Palm Towers,Rohit Sharma
52,2024-09-09,Housing,Hyderabad,11300000,Villa,Sky Residency,Priya Kapoor
53,2024-05-24,Google Ads,Pune,5000000,Plot,Elite Heights,Shefali Mehta
54,2024-03-09,99acres,Mumbai,3900000,Villa,Palm Towers,Praveen Tambe
55,2024-03-18,Facebook,Noida,12100000,Villa,Green Valley,Priya Kapoor
56,2024-08-21,Facebook,Mumbai,13600000,Plot,Palm Towers,Praveen Tambe
57,2024-02-06,Facebook,Gurgaon,6100000,Apartment,Green Valley,Shefali Mehta
58,2024-12-20,99acres,Gurgaon,11500000,Apartment,Urban Square,Sachin Tendulkar
59,2024-10-17,Channel Partner,Noida,16700000,Villa,Palm Towers,Rohit Sharma
60,2024-05-21,Walk-in,Gurgaon,10300000,Villa,Green Valley,Neha Singh
61,2024-04-05,Google Ads,Pune,3800000,Plot,Palm Towers,Shefali Mehta
62,2024-10-28,Referral,Noida,4000000,Apartment,Sky Residency,Viral Kohli
63,2024-12-10,Channel Partner,Gurgaon,4300000,Plot,Green Valley,Neha Singh
64,2024-06-30,Facebook,Pune,12000000,Villa,Urban Square,Ravi Mehta
65,2024-09-19,Housing,Pune,13400000,Apartment,Urban Square,Priya Kapoor
66,2024-02-23,Google Ads,Hyderabad,13700000,Plot,Elite Heights,Shefali Mehta
67,2024-07-27,Google Ads,Noida,6400000,Apartment,Urban Square,Shefali Mehta
68,2024-05-24,99acres,Mumbai,10800000,Plot,Palm Towers,Praveen Tambe
69,2024-06-25,Google Ads,Noida,14200000,Apartment,Green Valley,Viral Kohli
70,2024-07-02,Google Ads,Mumbai,17600000,Apartment,Sky Residency,Riya Kapoor
71,2024-12-06,99acres,Mumbai,4000000,Plot,Elite Heights,Viral Kohli
72,2024-12-23,Google Ads,Gurgaon,7600000,Villa,Sky Residency,Ravi Mehta
73,2024-01-19,Google Ads,Noida,7900000,Plot,Elite Heights,Sachin Tendulkar
74,2024-02-08,Channel Partner,Gurgaon,11500000,Plot,Elite Heights,Priya Kapoor
75,2024-08-03,Housing,Noida,12200000,Plot,Sky Residency,Aman Sharma
76,2024-06-09,Facebook,Bangalore,4600000,Villa,Palm Towers,Rohit Sharma
77,2024-01-03,Google Ads,Hyderabad,5700000,Villa,Elite Heights,Ravi Mehta
78,2024-06-26,Facebook,Gurgaon,18300000,Apartment,Urban Square,Aman Sharma
79,2024-03-07,Walk-in,Gurgaon,8800000,Apartment,Sky Residency,Riya Kapoor
80,2024-07-13,99acres,Gurgaon,18200000,Plot,Sky Residency,Sachin Tendulkar
81,2024-04-14,Facebook,Pune,15100000,Apartment,Palm Towers,Aman Sharma
82,2024-03-06,Channel Partner,Pune,7300000,Villa,Sky Residency,Ravi Mehta
83,2024-05-15,Walk-in,Bangalore,8200000,Villa,Green Valley,Neha Singh
84,2024-11-19,Google Ads,Gurgaon,6000000,Villa,Sky Residency,Viral Kohli
85,2024-04-07,99acres,Noida,6000000,Villa,Urban Square,Neha Singh
86,2024-01-23,Facebook,Mumbai,20000000,Plot,Palm Towers,Shefali Mehta
87,2024-08-23,99acres,Hyderabad,19200000,Apartment,Elite Heights,Aman Sharma
88,2024-12-03,Facebook,Noida,7100000,Plot,Urban Square,Rohit Sharma
89,2024-04-27,Google Ads,Gurgaon,9600000,Apartment,Sky Residency,Neha Singh
90,2024-07-08,Referral,Gurgaon,3800000,Apartment,Elite Heights,Shefali Mehta
91,2024-02-15,Facebook,Gurgaon,15900000,Apartment,Sky Residency,Sachin Tendulkar
92,2024-08-29,Google Ads,Pune,18900000,Plot,Elite Heights,Sachin Tendulkar
93,2024-05-19,Facebook,Noida,9000000,Apartment,Palm Towers,Aman Sharma
94,2024-12-11,Housing,Pune,14900000,Apartment,Elite Heights,Neha Singh
95,2024-06-10,Facebook,Bangalore,19200000,Apartment,Urban Square,Praveen Tambe
96,2024-03-10,Google Ads,Hyderabad,13000000,Plot,Green Valley,Riya Kapoor
97,2024-09-12,Housing,Noida,11500000,Plot,Palm Towers,Shefali Mehta
98,2024-05-15,Facebook,Gurgaon,9300000,Villa,Elite Heights,Viral Kohli
99,2024-08-24,99acres,Hyderabad,8400000,Villa,Urban Square,Ravi Mehta
100,2024-10-01,Channel Partner,Hyderabad,8200000,Apartment,Green Valley,Riya Kapoor
101,2024-06-17,Facebook,Pune,12700000,Villa,Elite Heights,Riya Kapoor
102,2024-09-23,Facebook,Hyderabad,16300000,Villa,Elite Heights,Rohit Sharma
103,2024-02-06,Facebook,Bangalore,17600000,Apartment,Palm Towers,Aman Sharma
104,2024-07-03,Housing,Noida,13900000,Plot,Palm Towers,Praveen Tambe
105,2024-08-16,Referral,Mumbai,6500000,Villa,Sky Residency,Rohit Sharma
106,2024-08-07,Facebook,Gurgaon,10300000,Villa,Sky Residency,Priya Kapoor
107,2024-05-31,Walk-in,Bangalore,12600000,Plot,Palm Towers,Sachin Tendulkar
108,2024-12-20,99acres,Gurgaon,14200000,Plot,Sky Residency,Ravi Mehta
109,2024-05-15,Facebook,Noida,10800000,Apartment,Palm Towers,Neha Singh
110,2024-06-17,Google Ads,Mumbai,8400000,Apartment,Urban Square,Sachin Tendulkar
111,2024-08-23,Facebook,Noida,11400000,Plot,Green Valley,Sachin Tendulkar
112,2024-07-16,Google Ads,Noida,9000000,Villa,Urban Square,Aman Sharma
113,2024-11-05,Housing,Gurgaon,5100000,Apartment,Sky Residency,Sachin Tendulkar
114,2024-10-20,Housing,Mumbai,12700000,Plot,Elite Heights,Priya Kapoor
115,2024-01-05,Facebook,Mumbai,9700000,Apartment,Green Valley,Riya Kapoor
116,2024-10-22,Facebook,Pune,14100000,Villa,Palm Towers,Neha Singh
117,2024-01-03,Facebook,Mumbai,19500000,Apartment,Palm Towers,Riya Kapoor
118,2024-07-31,Referral,Noida,4300000,Apartment,Green Valley,Shefali Mehta
119,2024-02-26,Google Ads,Hyderabad,15900000,Plot,Green Valley,Shefali Mehta
120,2024-08-18,Google Ads,Mumbai,12800000,Apartment,Urban Square,Riya Kapoor
121,2024-07-13,Referral,Gurgaon,8300000,Apartment,Green Valley,Sachin Tendulkar
122,2024-10-30,99acres,Hyderabad,3000000,Plot,Palm Towers,Shefali Mehta
123,2024-02-06,99acres,Mumbai,7800000,Villa,Urban Square,Viral Kohli
124,2024-01-02,Housing,Gurgaon,8600000,Villa,Elite Heights,Priya Kapoor
125,2024-11-30,Google Ads,Gurgaon,12300000,Plot,Urban Square,Ravi Mehta
126,2024-10-11,99acres,Bangalore,5200000,Plot,Sky Residency,Riya Kapoor
127,2024-11-23,Walk-in,Noida,13300000,Apartment,Green Valley,Neha Singh
128,2024-01-13,Google Ads,Hyderabad,13100000,Villa,Urban Square,Rohit Sharma
129,2024-04-24,Housing,Gurgaon,7000000,Villa,Green Valley,Viral Kohli
130,2024-05-30,Google Ads,Gurgaon,19600000,Villa,Palm Towers,Neha Singh
131,2024-02-11,Channel Partner,Gurgaon,8800000,Apartment,Green Valley,Shefali Mehta
132,2024-07-04,Facebook,Mumbai,11200000,Villa,Urban Square,Sachin Tendulkar
133,2024-06-28,99acres,Pune,4700000,Apartment,Sky Residency,Sachin Tendulkar
134,2024-06-23,Housing,Gurgaon,9700000,Villa,Urban Square,Praveen Tambe
135,2024-06-29,Google Ads,Pune,12900000,Apartment,Palm Towers,Aman Sharma
136,2024-07-23,Facebook,Bangalore,16400000,Apartment,Sky Residency,Neha Singh
137,2024-01-10,Channel Partner,Noida,13500000,Apartment,Sky Residency,Priya Kapoor
138,2024-11-06,Referral,Noida,12900000,Plot,Elite Heights,Riya Kapoor
139,2024-10-07,99acres,Hyderabad,8700000,Apartment,Palm Towers,Ravi Mehta
140,2024-04-29,99acres,Pune,8700000,Plot,Sky Residency,Priya Kapoor
141,2024-01-27,Walk-in,Pune,5400000,Villa,Elite Heights,Aman Sharma
142,2024-06-10,Facebook,Noida,11100000,Apartment,Elite Heights,Riya Kapoor
143,2024-10-27,Walk-in,Pune,12100000,Plot,Urban Square,Shefali Mehta
144,2024-04-10,Google Ads,Gurgaon,9300000,Villa,Sky Residency,Shefali Mehta
145,2024-12-25,Google Ads,Gurgaon,12200000,Apartment,Green Valley,Ravi Mehta
146,2024-03-19,Housing,Noida,8500000,Apartment,Urban Square,Riya Kapoor
147,2024-11-10,Google Ads,Pune,16500000,Plot,Green Valley,Riya Kapoor
148,2024-05-29,Google Ads,Pune,7400000,Apartment,Elite Heights,Priya Kapoor
149,2024-08-21,Facebook,Noida,8300000,Plot,Palm Towers,Shefali Mehta
150,2024-07-18,Facebook,Mumbai,14300000,Apartment,Green Valley,Shefali Mehta
151,2024-09-23,Channel Partner,Gurgaon,7400000,Plot,Urban Square,Viral Kohli
152,2024-06-23,Referral,Bangalore,14100000,Apartment,Sky Residency,Neha Singh
153,2024-04-03,Facebook,Hyderabad,5500000,Villa,Urban Square,Rohit Sharma
154,2024-08-04,Google Ads,Gurgaon,5000000,Plot,Sky Residency,Shefali Mehta
155,2024-07-31,Google Ads,Noida,8700000,Villa,Green Valley,Neha Singh
156,2024-08-27,Referral,Noida,11900000,Apartment,Sky Residency,Sachin Tendulkar
157,2024-12-08,Housing,Pune,18900000,Villa,Sky Residency,Sachin Tendulkar
158,2024-11-21,Google Ads,Bangalore,13200000,Plot,Elite Heights,Praveen Tambe
159,2024-11-12,Housing,Gurgaon,4200000,Plot,Urban Square,Praveen Tambe
160,2024-09-07,Google Ads,Bangalore,11500000,Apartment,Green Valley,Shefali Mehta
161,2024-02-05,Referral,Hyderabad,10900000,Apartment,Urban Square,Shefali Mehta
162,2024-03-24,Referral,Gurgaon,4000000,Villa,Urban Square,Ravi Mehta
163,2024-02-13,Google Ads,Gurgaon,12100000,Apartment,Elite Heights,Sachin Tendulkar
164,2024-07-01,Google Ads,Mumbai,11100000,Apartment,Urban Square,Aman Sharma
165,2024-01-14,Google Ads,Pune,19900000,Plot,Palm Towers,Priya Kapoor
166,2024-05-17,Walk-in,Gurgaon,19500000,Apartment,Urban Square,Viral Kohli
167,2024-01-05,Referral,Gurgaon,13100000,Apartment,Urban Square,Riya Kapoor
168,2024-09-26,Facebook,Pune,5800000,Plot,Elite Heights,Priya Kapoor
169,2024-11-20,Walk-in,Bangalore,16900000,Plot,Palm Towers,Riya Kapoor
170,2024-09-25,Google Ads,Pune,16600000,Plot,Urban Square,Priya Kapoor
171,2024-04-02,Referral,Mumbai,18500000,Plot,Green Valley,Ravi Mehta
172,2024-12-07,Channel Partner,Gurgaon,17200000,Apartment,Sky Residency,Shefali Mehta
173,2024-12-21,Facebook,Gurgaon,4600000,Villa,Sky Residency,Sachin Tendulkar
174,2024-07-22,Facebook,Pune,9400000,Plot,Palm Towers,Neha Singh
175,2024-08-13,Facebook,Bangalore,4400000,Apartment,Urban Square,Ravi Mehta
176,2024-04-06,Walk-in,Noida,19300000,Plot,Urban Square,Rohit Sharma
177,2024-10-05,99acres,Noida,16300000,Villa,Sky Residency,Viral Kohli
178,2024-02-28,Google Ads,Gurgaon,10400000,Villa,Green Valley,Rohit Sharma
179,2024-08-02,Facebook,Pune,13600000,Apartment,Green Valley,Neha Singh
180,2024-05-29,Walk-in,Noida,5400000,Villa,Urban Square,Sachin Tendulkar
181,2024-07-24,99acres,Pune,15100000,Plot,Sky Residency,Praveen Tambe
182,2024-07-04,Referral,Pune,3500000,Villa,Green Valley,Sachin Tendulkar
183,2024-05-15,Housing,Pune,11700000,Apartment,Palm Towers,Aman Sharma
184,2024-09-18,99acres,Mumbai,6000000,Apartment,Palm Towers,Priya Kapoor
185,2024-06-29,Google Ads,Hyderabad,4200000,Apartment,Palm Towers,Viral Kohli
186,2024-07-06,99acres,Pune,10000000,Plot,Urban Square,Shefali Mehta
187,2024-06-30,Google Ads,Noida,6600000,Villa,Green Valley,Riya Kapoor
188,2024-10-02,Housing,Pune,14200000,Plot,Urban Square,Riya Kapoor
189,2024-04-04,Housing,Hyderabad,3000000,Villa,Palm Towers,Rohit Sharma
190,2024-03-28,Facebook,Pune,13200000,Apartment,Urban Square,Shefali Mehta
191,2024-01-14,Google Ads,Bangalore,19500000,Villa,Sky Residency,Riya Kapoor
192,2024-03-05,Facebook,Pune,16800000,Villa,Sky Residency,Sachin Tendulkar
193,2024-05-15,99acres,Pune,19100000,Villa,Urban Square,Priya Kapoor
194,2024-05-12,Channel Partner,Bangalore,14700000,Apartment,Urban Square,Riya Kapoor
195,2024-05-10,Google Ads,Pune,12900000,Apartment,Green Valley,Viral Kohli
196,2024-01-22,Facebook,Gurgaon,12500000,Plot,Green Valley,Viral Kohli
197,2024-02-04,Housing,Gurgaon,11200000,Apartment,Sky Residency,Praveen Tambe
198,2024-06-03,Facebook,Hyderabad,19600000,Plot,Palm Towers,Riya Kapoor
199,2024-11-12,Facebook,Gurgaon,18900000,Plot,Urban Square,Aman Sharma
200,2024-05-08,Referral,Mumbai,10200000,Villa,Sky Residency,Shefali Mehta
201,2024-10-27,Channel Partner,Mumbai,4700000,Villa,Urban Square,Rohit Sharma
202,2024-02-16,Channel Partner,Mumbai,19600000,Plot,Elite Heights,Aman Sharma
203,2024-02-05,Facebook,Pune,5700000,Plot,Palm Towers,Viral Kohli
204,2024-04-21,Facebook,Noida,17400000,Villa,Sky Residency,Shefali Mehta
205,2024-02-21,Housing,Bangalore,17700000,Apartment,Palm Towers,Riya Kapoor
206,2024-01-08,Google Ads,Noida,18900000,Plot,Palm Towers,Neha Singh
207,2024-08-12,Housing,Bangalore,19700000,Villa,Green Valley,Neha Singh
208,2024-02-10,Google Ads,Bangalore,3600000,Apartment,Urban Square,Priya Kapoor
209,2024-02-03,Referral,Bangalore,19000000,Plot,Urban Square,Riya Kapoor
210,2024-10-01,Google Ads,Noida,10300000,Apartment,Palm Towers,Rohit Sharma
211,2024-08-24,Housing,Pune,13500000,Apartment,Urban Square,Riya Kapoor
212,2024-12-01,99acres,Gurgaon,16400000,Apartment,Sky Residency,Ravi Mehta
213,2024-11-14,Google Ads,Bangalore,16400000,Villa,Elite Heights,Viral Kohli
214,2024-06-16,Facebook,Noida,14500000,Villa,Elite Heights,Aman Sharma
215,2024-10-30,Facebook,Mumbai,18700000,Villa,Palm Towers,Rohit Sharma
216,2024-11-20,Housing,Gurgaon,14400000,Plot,Sky Residency,Aman Sharma
217,2024-10-13,Channel Partner,Gurgaon,16600000,Plot,Elite Heights,Ravi Mehta
218,2024-07-27,Facebook,Pune,15000000,Villa,Urban Square,Sachin Tendulkar
219,2024-09-12,Facebook,Noida,16000000,Villa,Urban Square,Rohit Sharma
220,2024-02-09,Channel Partner,Pune,3000000,Villa,Elite Heights,Viral Kohli
221,2024-02-10,Housing,Hyderabad,12700000,Plot,Urban Square,Viral Kohli
222,2024-08-20,Housing,Gurgaon,8600000,Apartment,Palm Towers,Aman Sharma
223,2024-10-14,Channel Partner,Pune,9500000,Plot,Green Valley,Ravi Mehta
224,2024-01-04,Housing,Pune,11200000,Apartment,Elite Heights,Rohit Sharma
225,2024-01-24,Facebook,Pune,10200000,Plot,Urban Square,Riya Kapoor
226,2024-01-16,Google Ads,Hyderabad,7300000,Apartment,Elite Heights,Riya Kapoor
227,2024-08-15,99acres,Bangalore,13200000,Villa,Palm Towers,Riya Kapoor
228,2024-04-26,Housing,Pune,19400000,Apartment,Elite Heights,Ravi Mehta
229,2024-11-09,Channel Partner,Pune,12500000,Plot,Sky Residency,Neha Singh
230,2024-08-12,99acres,Noida,6000000,Villa,Urban Square,Rohit Sharma
231,2024-01-09,Google Ads,Mumbai,14700000,Plot,Green Valley,Aman Sharma
232,2024-10-12,Walk-in,Gurgaon,6000000,Plot,Sky Residency,Priya Kapoor
233,2024-10-23,Facebook,Gurgaon,19900000,Plot,Green Valley,Praveen Tambe
234,2024-02-08,Channel Partner,Gurgaon,15300000,Villa,Elite Heights,Priya Kapoor
235,2024-03-26,Google Ads,Pune,18000000,Apartment,Palm Towers,Riya Kapoor
236,2024-02-05,Channel Partner,Hyderabad,8600000,Plot,Urban Square,Priya Kapoor
237,2024-08-14,Referral,Noida,5100000,Villa,Palm Towers,Aman Sharma
238,2024-12-16,Facebook,Noida,6400000,Villa,Green Valley,Riya Kapoor
239,2024-12-28,Housing,Gurgaon,15500000,Plot,Sky Residency,Priya Kapoor
240,2024-10-25,Google Ads,Mumbai,18100000,Plot,Elite Heights,Shefali Mehta
241,2024-12-25,Google Ads,Bangalore,5300000,Plot,Elite Heights,Shefali Mehta
242,2024-08-18,Google Ads,Mumbai,19300000,Villa,Urban Square,Shefali Mehta
243,2024-07-04,Google Ads,Gurgaon,3400000,Apartment,Green Valley,Priya Kapoor
244,2024-08-16,Google Ads,Hyderabad,5400000,Villa,Urban Square,Shefali Mehta
245,2024-01-15,Google Ads,Pune,14500000,Plot,Green Valley,Riya Kapoor
246,2024-05-14,Referral,Gurgaon,8000000,Villa,Sky Residency,Viral Kohli
247,2024-11-07,99acres,Pune,8400000,Apartment,Green Valley,Aman Sharma
248,2024-09-30,Referral,Mumbai,9400000,Villa,Elite Heights,Sachin Tendulkar
249,2024-03-24,Google Ads,Gurgaon,15400000,Plot,Sky Residency,Viral Kohli
250,2024-01-06,Facebook,Gurgaon,4200000,Villa,Urban Square,Sachin Tendulkar
251,2024-12-17,Facebook,Gurgaon,4800000,Apartment,Green Valley,Neha Singh
252,2024-02-18,Facebook,Pune,7300000,Plot,Urban Square,Praveen Tambe
253,2024-01-04,Referral,Hyderabad,6400000,Villa,Sky Residency,Viral Kohli
254,2024-06-01,Facebook,Bangalore,19500000,Apartment,Green Valley,Sachin Tendulkar
255,2024-09-28,Referral,Gurgaon,10400000,Villa,Elite Heights,Priya Kapoor
256,2024-12-05,Channel Partner,Hyderabad,6800000,Plot,Sky Residency,Aman Sharma
257,2024-12-24,Channel Partner,Bangalore,3800000,Plot,Palm Towers,Praveen Tambe
258,2024-01-27,Google Ads,Bangalore,5200000,Plot,Urban Square,Shefali Mehta
259,2024-03-10,Google Ads,Hyderabad,16400000,Apartment,Green Valley,Viral Kohli
260,2024-09-20,99acres,Hyderabad,3700000,Plot,Urban Square,Riya Kapoor
261,2024-04-26,Housing,Mumbai,8200000,Plot,Elite Heights,Neha Singh
262,2024-04-12,Housing,Hyderabad,12500000,Apartment,Urban Square,Riya Kapoor
263,2024-07-03,Google Ads,Mumbai,16400000,Plot,Urban Square,Ravi Mehta
264,2024-10-09,Facebook,Gurgaon,7500000,Plot,Urban Square,Ravi Mehta
265,2024-01-31,Facebook,Pune,17300000,Plot,Palm Towers,Sachin Tendulkar
266,2024-02-25,Referral,Mumbai,11800000,Plot,Sky Residency,Priya Kapoor
267,2024-01-23,Google Ads,Gurgaon,10400000,Villa,Urban Square,Shefali Mehta
268,2024-04-18,Facebook,Gurgaon,3800000,Apartment,Palm Towers,Shefali Mehta
269,2024-05-13,Referral,Gurgaon,5400000,Plot,Urban Square,Aman Sharma
270,2024-12-16,Google Ads,Gurgaon,14100000,Villa,Urban Square,Ravi Mehta
271,2024-09-16,Google Ads,Mumbai,3700000,Villa,Elite Heights,Viral Kohli
272,2024-12-16,Referral,Pune,3600000,Villa,Palm Towers,Shefali Mehta
273,2024-06-26,Google Ads,Mumbai,6100000,Apartment,Green Valley,Priya Kapoor
274,2024-06-18,Google Ads,Hyderabad,6800000,Plot,Urban Square,Priya Kapoor
275,2024-05-18,Google Ads,Hyderabad,16300000,Villa,Sky Residency,Riya Kapoor
276,2024-05-24,Google Ads,Bangalore,6600000,Apartment,Urban Square,Riya Kapoor
277,2024-10-28,Housing,Bangalore,10700000,Villa,Palm Towers,Rohit Sharma
278,2024-04-26,Google Ads,Hyderabad,16100000,Plot,Sky Residency,Rohit Sharma
279,2024-02-13,Referral,Noida,4100000,Villa,Palm Towers,Aman Sharma
280,2024-07-03,Facebook,Mumbai,4700000,Villa,Green Valley,Ravi Mehta
281,2024-04-17,Channel Partner,Noida,4100000,Plot,Palm Towers,Aman Sharma
282,2024-01-03,Channel Partner,Bangalore,11000000,Apartment,Urban Square,Neha Singh
283,2024-02-13,Channel Partner,Gurgaon,12300000,Villa,Green Valley,Praveen Tambe
284,2024-02-27,99acres,Mumbai,8400000,Apartment,Green Valley,Praveen Tambe
285,2024-10-31,Channel Partner,Bangalore,3000000,Plot,Palm Towers,Priya Kapoor
286,2024-12-28,Facebook,Noida,4400000,Apartment,Green Valley,Neha Singh
287,2024-08-26,Referral,Gurgaon,9100000,Villa,Green Valley,Shefali Mehta
288,2024-06-19,Google Ads,Noida,5800000,Villa,Palm Towers,Sachin Tendulkar
289,2024-05-07,Channel Partner,Hyderabad,8400000,Apartment,Elite Heights,Praveen Tambe
290,2024-07-15,Housing,Noida,18100000,Villa,Sky Residency,Viral Kohli
291,2024-11-28,Referral,Mumbai,6100000,Villa,Elite Heights,Riya Kapoor
292,2024-10-27,Google Ads,Noida,4900000,Apartment,Urban Square,Sachin Tendulkar
293,2024-01-10,Facebook,Gurgaon,18700000,Villa,Palm Towers,Ravi Mehta
294,2024-10-10,Facebook,Bangalore,5000000,Apartment,Green Valley,Neha Singh
295,2024-01-28,Channel Partner,Pune,3300000,Plot,Sky Residency,Rohit Sharma
296,2024-08-12,Google Ads,Bangalore,9700000,Villa,Sky Residency,Neha Singh
297,2024-03-12,Google Ads,Hyderabad,18000000,Apartment,Palm Towers,Sachin Tendulkar
298,2024-11-29,Housing,Noida,5700000,Plot,Sky Residency,Sachin Tendulkar
299,2024-06-18,Google Ads,Mumbai,10800000,Plot,Green Valley,Sachin Tendulkar
300,2024-01-20,Housing,Mumbai,15200000,Villa,Elite Heights,Priya Kapoor
301,2024-12-09,Facebook,Gurgaon,6700000,Apartment,Green Valley,Sachin Tendulkar
302,2024-02-04,Google Ads,Hyderabad,16400000,Plot,Green Valley,Viral Kohli
303,2024-08-28,Google Ads,Noida,13100000,Villa,Palm Towers,Shefali Mehta
304,2024-11-10,Housing,Noida,19700000,Plot,Sky Residency,Riya Kapoor
305,2024-07-30,Facebook,Pune,10600000,Plot,Elite Heights,Aman Sharma
306,2024-06-15,Housing,Gurgaon,18500000,Villa,Palm Towers,Ravi Mehta
307,2024-11-09,Facebook,Gurgaon,9700000,Apartment,Urban Square,Ravi Mehta
308,2024-03-29,Google Ads,Gurgaon,13900000,Plot,Urban Square,Neha Singh
309,2024-05-10,Housing,Noida,19400000,Plot,Palm Towers,Shefali Mehta
310,2024-04-19,Facebook,Bangalore,18100000,Apartment,Elite Heights,Rohit Sharma
311,2024-07-01,Facebook,Mumbai,16100000,Apartment,Green Valley,Shefali Mehta
312,2024-09-14,Channel Partner,Gurgaon,12600000,Apartment,Urban Square,Priya Kapoor
313,2024-02-20,Google Ads,Hyderabad,18700000,Villa,Elite Heights,Viral Kohli
314,2024-07-01,Housing,Gurgaon,18200000,Villa,Urban Square,Riya Kapoor
315,2024-10-22,Referral,Noida,10000000,Plot,Palm Towers,Priya Kapoor
316,2024-09-25,Facebook,Bangalore,10200000,Villa,Urban Square,Ravi Mehta
317,2024-02-25,Google Ads,Gurgaon,18600000,Plot,Palm Towers,Sachin Tendulkar
318,2024-01-06,Housing,Gurgaon,3600000,Villa,Elite Heights,Riya Kapoor
319,2024-09-02,Google Ads,Bangalore,12200000,Villa,Elite Heights,Shefali Mehta
320,2024-01-29,Walk-in,Bangalore,8700000,Apartment,Urban Square,Ravi Mehta
321,2024-08-20,Channel Partner,Mumbai,10000000,Villa,Urban Square,Shefali Mehta
322,2024-12-07,99acres,Noida,13200000,Apartment,Palm Towers,Priya Kapoor
323,2024-08-29,Google Ads,Pune,16100000,Apartment,Palm Towers,Rohit Sharma
324,2024-12-09,99acres,Mumbai,14800000,Plot,Palm Towers,Priya Kapoor
325,2024-07-30,Housing,Hyderabad,5900000,Apartment,Sky Residency,Rohit Sharma
326,2024-04-29,Housing,Gurgaon,7100000,Apartment,Palm Towers,Shefali Mehta
327,2024-03-25,Google Ads,Gurgaon,13000000,Villa,Green Valley,Ravi Mehta
328,2024-09-01,99acres,Bangalore,19400000,Plot,Urban Square,Praveen Tambe
329,2024-12-28,Google Ads,Hyderabad,15500000,Villa,Sky Residency,Shefali Mehta
330,2024-06-09,Referral,Bangalore,18500000,Plot,Sky Residency,Riya Kapoor
331,2024-01-04,Google Ads,Gurgaon,11600000,Villa,Palm Towers,Shefali Mehta
332,2024-03-24,Facebook,Noida,9500000,Villa,Green Valley,Rohit Sharma
333,2024-10-23,Google Ads,Mumbai,4000000,Plot,Green Valley,Shefali Mehta
334,2024-06-22,Referral,Noida,8600000,Plot,Urban Square,Riya Kapoor
335,2024-09-15,99acres,Noida,16200000,Apartment,Green Valley,Viral Kohli
336,2024-02-06,Facebook,Hyderabad,14100000,Villa,Palm Towers,Ravi Mehta
337,2024-02-22,Facebook,Gurgaon,13100000,Villa,Sky Residency,Priya Kapoor
338,2024-05-09,Referral,Gurgaon,19100000,Plot,Elite Heights,Shefali Mehta
339,2024-11-09,Facebook,Mumbai,5400000,Plot,Urban Square,Neha Singh
340,2024-01-08,Google Ads,Gurgaon,18600000,Plot,Urban Square,Riya Kapoor
341,2024-07-17,Housing,Hyderabad,14000000,Plot,Green Valley,Praveen Tambe
342,2024-01-20,Google Ads,Hyderabad,15500000,Villa,Sky Residency,Rohit Sharma
343,2024-10-09,99acres,Gurgaon,9300000,Plot,Palm Towers,Aman Sharma
344,2024-05-27,Channel Partner,Gurgaon,9000000,Plot,Palm Towers,Priya Kapoor
345,2024-07-22,Facebook,Gurgaon,10600000,Apartment,Elite Heights,Rohit Sharma
346,2024-08-10,Facebook,Noida,9600000,Villa,Palm Towers,Rohit Sharma
347,2024-03-17,Referral,Noida,5000000,Plot,Elite Heights,Praveen Tambe
348,2024-12-12,Google Ads,Gurgaon,12500000,Plot,Green Valley,Aman Sharma
349,2024-02-13,Facebook,Gurgaon,11900000,Apartment,Palm Towers,Viral Kohli
350,2024-01-19,99acres,Gurgaon,18800000,Apartment,Elite Heights,Priya Kapoor
351,2024-06-24,Referral,Gurgaon,19700000,Villa,Urban Square,Rohit Sharma
352,2024-06-01,Walk-in,Gurgaon,13100000,Plot,Urban Square,Priya Kapoor
353,2024-01-21,Facebook,Noida,13900000,Villa,Elite Heights,Rohit Sharma
354,2024-06-30,Walk-in,Hyderabad,17500000,Apartment,Elite Heights,Sachin Tendulkar
355,2024-09-01,99acres,Pune,8300000,Villa,Palm Towers,Aman Sharma
356,2024-09-20,Google Ads,Hyderabad,12300000,Plot,Urban Square,Praveen Tambe
357,2024-10-14,Housing,Gurgaon,5400000,Villa,Palm Towers,Riya Kapoor
358,2024-07-18,Housing,Gurgaon,18200000,Villa,Urban Square,Rohit Sharma
359,2024-03-20,99acres,Hyderabad,17800000,Plot,Sky Residency,Priya Kapoor
360,2024-04-01,Facebook,Gurgaon,8300000,Villa,Urban Square,Priya Kapoor
361,2024-07-14,Google Ads,Mumbai,11900000,Plot,Elite Heights,Rohit Sharma
362,2024-03-14,Facebook,Gurgaon,11900000,Villa,Sky Residency,Viral Kohli
363,2024-08-22,99acres,Noida,8200000,Apartment,Urban Square,Aman Sharma
364,2024-08-22,Facebook,Noida,4700000,Apartment,Urban Square,Ravi Mehta
365,2024-07-05,Referral,Noida,8900000,Plot,Sky Residency,Riya Kapoor
366,2024-06-01,Google Ads,Noida,14200000,Villa,Palm Towers,Aman Sharma
367,2024-11-24,Facebook,Hyderabad,5500000,Apartment,Green Valley,Sachin Tendulkar
368,2024-02-29,99acres,Noida,4400000,Villa,Green Valley,Praveen Tambe
369,2024-01-24,Referral,Noida,4500000,Plot,Palm Towers,Priya Kapoor
370,2024-09-15,Google Ads,Gurgaon,16100000,Plot,Green Valley,Aman Sharma
371,2024-11-18,Facebook,Bangalore,6400000,Apartment,Urban Square,Priya Kapoor
372,2024-03-04,99acres,Mumbai,14900000,Villa,Palm Towers,Ravi Mehta
373,2024-08-03,Google Ads,Gurgaon,11900000,Apartment,Palm Towers,Neha Singh
374,2024-06-10,99acres,Noida,8100000,Villa,Sky Residency,Sachin Tendulkar
375,2024-06-10,Facebook,Noida,18600000,Villa,Green Valley,Neha Singh
376,2024-02-23,Google Ads,Bangalore,3700000,Apartment,Elite Heights,Shefali Mehta
377,2024-03-31,Walk-in,Noida,16600000,Apartment,Sky Residency,Shefali Mehta
378,2024-09-12,Google Ads,Noida,18300000,Villa,Elite Heights,Riya Kapoor
379,2024-10-29,99acres,Mumbai,17300000,Apartment,Sky Residency,Praveen Tambe
380,2024-04-01,99acres,Noida,7700000,Apartment,Palm Towers,Rohit Sharma
381,2024-11-10,Facebook,Noida,12000000,Plot,Green Valley,Viral Kohli
382,2024-10-28,Google Ads,Gurgaon,4900000,Plot,Elite Heights,Rohit Sharma
383,2024-02-04,99acres,Mumbai,7600000,Villa,Palm Towers,Ravi Mehta
384,2024-05-11,Channel Partner,Gurgaon,11300000,Villa,Urban Square,Priya Kapoor
385,2024-03-31,Google Ads,Pune,17000000,Villa,Green Valley,Ravi Mehta
386,2024-05-23,Google Ads,Mumbai,11500000,Villa,Green Valley,Neha Singh
387,2024-11-15,Housing,Pune,15400000,Villa,Urban Square,Priya Kapoor
388,2024-02-18,Google Ads,Bangalore,9400000,Apartment,Urban Square,Aman Sharma
389,2024-02-02,Walk-in,Mumbai,15300000,Apartment,Sky Residency,Viral Kohli
390,2024-10-09,Google Ads,Bangalore,9000000,Apartment,Sky Residency,Priya Kapoor
391,2024-12-11,Channel Partner,Gurgaon,6900000,Villa,Palm Towers,Praveen Tambe
392,2024-05-21,99acres,Noida,3400000,Plot,Palm Towers,Priya Kapoor
393,2024-10-11,Facebook,Gurgaon,16000000,Plot,Urban Square,Rohit Sharma
394,2024-07-04,Google Ads,Hyderabad,17500000,Apartment,Palm Towers,Neha Singh
395,2024-05-23,Google Ads,Mumbai,6400000,Plot,Green Valley,Sachin Tendulkar
396,2024-02-14,Referral,Mumbai,18800000,Apartment,Elite Heights,Aman Sharma
397,2024-03-17,Channel Partner,Mumbai,11200000,Apartment,Sky Residency,Sachin Tendulkar
398,2024-10-18,99acres,Gurgaon,4500000,Apartment,Palm Towers,Viral Kohli
399,2024-10-12,99acres,Pune,3700000,Plot,Green Valley,Sachin Tendulkar
400,2024-03-13,Google Ads,Mumbai,9100000,Plot,Sky Residency,Priya Kapoor
401,2024-08-27,Google Ads,Noida,9900000,Villa,Sky Residency,Praveen Tambe
402,2024-04-23,Housing,Gurgaon,3800000,Villa,Elite Heights,Ravi Mehta
403,2024-06-04,Google Ads,Mumbai,17600000,Villa,Urban Square,Sachin Tendulkar
404,2024-12-23,Channel Partner,Noida,18500000,Villa,Palm Towers,Ravi Mehta
405,2024-11-13,Google Ads,Hyderabad,17700000,Plot,Palm Towers,Praveen Tambe
406,2024-08-30,Channel Partner,Hyderabad,6900000,Plot,Green Valley,Rohit Sharma
407,2024-11-11,Facebook,Gurgaon,16600000,Plot,Palm Towers,Praveen Tambe
408,2024-02-09,Housing,Mumbai,8500000,Villa,Palm Towers,Sachin Tendulkar
409,2024-03-30,Facebook,Pune,18300000,Plot,Palm Towers,Ravi Mehta
410,2024-11-29,Facebook,Gurgaon,18000000,Plot,Urban Square,Rohit Sharma
411,2024-01-12,Facebook,Bangalore,13100000,Villa,Elite Heights,Praveen Tambe
412,2024-04-11,Facebook,Gurgaon,12100000,Plot,Sky Residency,Aman Sharma
413,2024-10-20,Channel Partner,Noida,10900000,Apartment,Elite Heights,Praveen Tambe
414,2024-11-19,Facebook,Pune,16200000,Plot,Palm Towers,Priya Kapoor
415,2024-07-01,Google Ads,Bangalore,10800000,Plot,Palm Towers,Priya Kapoor
416,2024-05-17,Housing,Bangalore,3600000,Plot,Sky Residency,Neha Singh
417,2024-04-06,Google Ads,Mumbai,11000000,Plot,Palm Towers,Aman Sharma
418,2024-03-27,Google Ads,Bangalore,13600000,Plot,Elite Heights,Shefali Mehta
419,2024-10-09,Google Ads,Gurgaon,10500000,Villa,Sky Residency,Sachin Tendulkar
420,2024-09-08,Walk-in,Bangalore,10400000,Apartment,Sky Residency,Viral Kohli
421,2024-12-18,Google Ads,Hyderabad,13700000,Apartment,Elite Heights,Aman Sharma
422,2024-01-10,Channel Partner,Noida,13800000,Villa,Sky Residency,Sachin Tendulkar
423,2024-02-28,99acres,Bangalore,8800000,Villa,Elite Heights,Viral Kohli
424,2024-10-08,Housing,Pune,14200000,Plot,Sky Residency,Praveen Tambe
425,2024-06-06,Referral,Noida,12200000,Villa,Urban Square,Riya Kapoor
426,2024-01-20,Google Ads,Pune,6800000,Plot,Urban Square,Viral Kohli
427,2024-08-25,Google Ads,Mumbai,18600000,Plot,Green Valley,Priya Kapoor
428,2024-11-28,Facebook,Pune,5000000,Plot,Sky Residency,Rohit Sharma
429,2024-08-17,Google Ads,Pune,3600000,Plot,Urban Square,Praveen Tambe
430,2024-09-22,Google Ads,Hyderabad,18200000,Apartment,Sky Residency,Shefali Mehta
431,2024-08-18,99acres,Mumbai,11300000,Villa,Urban Square,Riya Kapoor
432,2024-07-06,Housing,Noida,4600000,Apartment,Urban Square,Sachin Tendulkar
433,2024-11-23,99acres,Noida,14200000,Apartment,Green Valley,Sachin Tendulkar
434,2024-03-04,Google Ads,Gurgaon,18000000,Plot,Urban Square,Riya Kapoor
435,2024-09-26,Walk-in,Pune,9000000,Villa,Sky Residency,Praveen Tambe
436,2024-10-05,Housing,Noida,10500000,Villa,Sky Residency,Praveen Tambe
437,2024-07-17,Google Ads,Gurgaon,13400000,Apartment,Urban Square,Viral Kohli
438,2024-11-22,99acres,Gurgaon,18300000,Villa,Sky Residency,Praveen Tambe
439,2024-01-20,Facebook,Noida,11700000,Apartment,Palm Towers,Aman Sharma
440,2024-08-02,Facebook,Noida,19100000,Plot,Palm Towers,Riya Kapoor
441,2024-11-06,Housing,Hyderabad,12900000,Apartment,Palm Towers,Sachin Tendulkar
442,2024-09-18,Facebook,Noida,8100000,Villa,Urban Square,Shefali Mehta
443,2024-10-30,99acres,Gurgaon,11200000,Plot,Sky Residency,Shefali Mehta
444,2024-01-17,Google Ads,Pune,9400000,Villa,Green Valley,Aman Sharma
445,2024-03-02,Google Ads,Bangalore,11000000,Villa,Urban Square,Praveen Tambe
446,2024-04-07,Facebook,Mumbai,16100000,Apartment,Green Valley,Neha Singh
447,2024-04-18,99acres,Hyderabad,17000000,Apartment,Sky Residency,Priya Kapoor
448,2024-10-12,Facebook,Gurgaon,8700000,Plot,Palm Towers,Praveen Tambe
449,2024-01-25,Housing,Noida,18500000,Plot,Palm Towers,Sachin Tendulkar
450,2024-11-27,Facebook,Hyderabad,14800000,Apartment,Sky Residency,Praveen Tambe
451,2024-11-23,99acres,Bangalore,7400000,Villa,Elite Heights,Sachin Tendulkar
452,2024-09-07,Google Ads,Gurgaon,16600000,Plot,Palm Towers,Rohit Sharma
453,2024-03-29,Google Ads,Gurgaon,5200000,Plot,Elite Heights,Neha Singh
454,2024-01-03,Channel Partner,Noida,3800000,Apartment,Palm Towers,Ravi Mehta
455,2024-04-28,99acres,Pune,10700000,Plot,Elite Heights,Ravi Mehta
456,2024-07-12,Facebook,Noida,18500000,Villa,Green Valley,Aman Sharma
457,2024-10-13,Facebook,Noida,11500000,Villa,Palm Towers,Praveen Tambe
458,2024-10-14,Google Ads,Bangalore,12400000,Villa,Urban Square,Aman Sharma
459,2024-06-28,Facebook,Noida,18100000,Villa,Sky Residency,Viral Kohli
460,2024-09-12,Facebook,Gurgaon,10900000,Plot,Palm Towers,Sachin Tendulkar
461,2024-03-26,99acres,Pune,15200000,Apartment,Urban Square,Sachin Tendulkar
462,2024-07-09,99acres,Mumbai,12000000,Apartment,Palm Towers,Rohit Sharma
463,2024-10-10,Channel Partner,Noida,12900000,Apartment,Sky Residency,Sachin Tendulkar
464,2024-06-10,99acres,Mumbai,16000000,Villa,Sky Residency,Sachin Tendulkar
465,2024-12-19,Facebook,Pune,5600000,Apartment,Urban Square,Neha Singh
466,2024-10-01,Google Ads,Noida,4400000,Villa,Sky Residency,Rohit Sharma
467,2024-05-30,Referral,Pune,8300000,Plot,Sky Residency,Aman Sharma
468,2024-11-03,Channel Partner,Gurgaon,5700000,Villa,Palm Towers,Sachin Tendulkar
469,2024-02-12,Google Ads,Noida,12900000,Villa,Urban Square,Ravi Mehta
470,2024-12-30,99acres,Gurgaon,13400000,Villa,Palm Towers,Aman Sharma
471,2024-06-10,Walk-in,Hyderabad,14100000,Plot,Green Valley,Shefali Mehta
472,2024-07-16,Channel Partner,Pune,7700000,Plot,Green Valley,Viral Kohli
473,2024-12-21,Google Ads,Gurgaon,8600000,Plot,Elite Heights,Shefali Mehta
474,2024-03-24,Facebook,Pune,10500000,Apartment,Urban Square,Sachin Tendulkar
475,2024-01-12,Facebook,Noida,11900000,Apartment,Green Valley,Rohit Sharma
476,2024-06-25,Google Ads,Hyderabad,8500000,Plot,Palm Towers,Ravi Mehta
477,2024-04-28,99acres,Pune,16000000,Plot,Elite Heights,Aman Sharma
478,2024-11-16,Channel Partner,Gurgaon,6400000,Plot,Elite Heights,Shefali Mehta
479,2024-02-29,Referral,Mumbai,17400000,Villa,Urban Square,Neha Singh
480,2024-08-27,Referral,Pune,7000000,Plot,Green Valley,Rohit Sharma
481,2024-05-12,Google Ads,Pune,19000000,Apartment,Urban Square,Neha Singh
482,2024-09-11,Facebook,Hyderabad,9100000,Plot,Sky Residency,Aman Sharma
483,2024-06-28,Referral,Pune,9200000,Plot,Green Valley,Sachin Tendulkar
484,2024-03-15,Channel Partner,Gurgaon,10400000,Apartment,Palm Towers,Ravi Mehta
485,2024-04-08,99acres,Noida,19800000,Plot,Urban Square,Riya Kapoor
486,2024-10-28,99acres,Gurgaon,8400000,Villa,Palm Towers,Priya Kapoor
487,2024-11-07,Google Ads,Mumbai,3500000,Plot,Elite Heights,Priya Kapoor
488,2024-11-10,Channel Partner,Noida,13900000,Apartment,Elite Heights,Ravi Mehta
489,2024-07-04,Housing,Pune,18900000,Villa,Green Valley,Rohit Sharma
490,2024-03-14,99acres,Noida,6100000,Villa,Urban Square,Ravi Mehta
491,2024-10-26,Channel Partner,Noida,20000000,Plot,Elite Heights,Aman Sharma
492,2024-04-02,Channel Partner,Gurgaon,16700000,Apartment,Sky Residency,Shefali Mehta
493,2024-01-06,Referral,Mumbai,9500000,Plot,Sky Residency,Praveen Tambe
494,2024-01-29,99acres,Gurgaon,7300000,Apartment,Green Valley,Sachin Tendulkar
495,2024-01-17,Facebook,Gurgaon,9100000,Villa,Palm Towers,Sachin Tendulkar
496,2024-09-02,Referral,Bangalore,7100000,Plot,Sky Residency,Shefali Mehta
497,2024-05-23,Google Ads,Noida,7900000,Apartment,Green Valley,Priya Kapoor
498,2024-06-05,99acres,Pune,7800000,Plot,Green Valley,Neha Singh
499,2024-01-25,Channel Partner,Pune,5000000,Villa,Palm Towers,Shefali Mehta
500,2024-09-01,Walk-in,Noida,5300000,Plot,Palm Towers,Aman Sharma
501,2024-06-28,Referral,Pune,6300000,Apartment,Elite Heights,Viral Kohli
502,2024-07-07,Referral,Mumbai,9800000,Apartment,Urban Square,Priya Kapoor
503,2024-03-08,Housing,Gurgaon,3100000,Plot,Green Valley,Priya Kapoor
504,2024-03-14,99acres,Bangalore,13000000,Apartment,Elite Heights,Ravi Mehta
505,2024-09-27,Facebook,Hyderabad,9700000,Villa,Urban Square,Praveen Tambe
506,2024-08-13,Channel Partner,Noida,5700000,Apartment,Green Valley,Shefali Mehta
507,2024-11-03,Google Ads,Mumbai,7700000,Plot,Elite Heights,Sachin Tendulkar
508,2024-08-01,Google Ads,Gurgaon,12700000,Villa,Sky Residency,Aman Sharma
509,2024-08-25,Google Ads,Hyderabad,9800000,Plot,Urban Square,Neha Singh
510,2024-04-17,Google Ads,Pune,6700000,Apartment,Elite Heights,Riya Kapoor
511,2024-08-04,Facebook,Mumbai,12100000,Plot,Elite Heights,Viral Kohli
512,2024-07-07,Google Ads,Hyderabad,16300000,Plot,Elite Heights,Priya Kapoor
513,2024-02-24,Channel Partner,Gurgaon,3000000,Villa,Sky Residency,Ravi Mehta
514,2024-10-30,Referral,Mumbai,17700000,Apartment,Elite Heights,Ravi Mehta
515,2024-07-02,Google Ads,Pune,14500000,Villa,Green Valley,Shefali Mehta
516,2024-10-11,Referral,Gurgaon,19800000,Villa,Elite Heights,Rohit Sharma
517,2024-12-17,Channel Partner,Noida,7700000,Plot,Urban Square,Priya Kapoor
518,2024-08-08,Google Ads,Noida,17700000,Villa,Elite Heights,Aman Sharma
519,2024-04-28,Walk-in,Noida,6100000,Apartment,Urban Square,Aman Sharma
520,2024-08-12,Facebook,Hyderabad,16200000,Villa,Sky Residency,Riya Kapoor
521,2024-01-25,99acres,Gurgaon,10600000,Villa,Sky Residency,Ravi Mehta
522,2024-02-10,Channel Partner,Gurgaon,18100000,Apartment,Elite Heights,Shefali Mehta
523,2024-06-28,Referral,Gurgaon,3400000,Apartment,Sky Residency,Shefali Mehta
524,2024-08-11,Google Ads,Bangalore,9400000,Villa,Urban Square,Aman Sharma
525,2024-03-08,Facebook,Gurgaon,18700000,Villa,Sky Residency,Praveen Tambe
526,2024-08-13,Google Ads,Gurgaon,11800000,Villa,Sky Residency,Sachin Tendulkar
527,2024-03-01,99acres,Pune,16500000,Apartment,Green Valley,Viral Kohli
528,2024-02-26,Walk-in,Gurgaon,9800000,Plot,Elite Heights,Rohit Sharma
529,2024-12-29,Walk-in,Gurgaon,7800000,Plot,Urban Square,Rohit Sharma
530,2024-12-28,Google Ads,Pune,3100000,Plot,Palm Towers,Shefali Mehta
531,2024-02-25,99acres,Gurgaon,5900000,Plot,Elite Heights,Viral Kohli
532,2024-04-23,Facebook,Mumbai,4700000,Plot,Sky Residency,Sachin Tendulkar
533,2024-09-25,Channel Partner,Gurgaon,11700000,Villa,Urban Square,Sachin Tendulkar
534,2024-11-26,Google Ads,Bangalore,13700000,Plot,Urban Square,Viral Kohli
535,2024-01-11,Channel Partner,Hyderabad,10700000,Villa,Elite Heights,Neha Singh
536,2024-12-20,Walk-in,Bangalore,19600000,Plot,Elite Heights,Priya Kapoor
537,2024-05-31,Channel Partner,Noida,18200000,Apartment,Urban Square,Priya Kapoor
538,2024-01-07,Housing,Mumbai,18600000,Apartment,Urban Square,Aman Sharma
539,2024-04-09,Referral,Pune,4100000,Villa,Sky Residency,Sachin Tendulkar
540,2024-09-07,Referral,Noida,3200000,Apartment,Sky Residency,Priya Kapoor
541,2024-01-01,Walk-in,Noida,8800000,Apartment,Elite Heights,Shefali Mehta
542,2024-08-20,Channel Partner,Mumbai,4200000,Plot,Sky Residency,Ravi Mehta
543,2024-09-05,Housing,Bangalore,13200000,Plot,Green Valley,Sachin Tendulkar
544,2024-09-20,Housing,Noida,14100000,Plot,Elite Heights,Neha Singh
545,2024-10-14,Google Ads,Gurgaon,4100000,Villa,Palm Towers,Aman Sharma
546,2024-07-25,Google Ads,Pune,7200000,Apartment,Palm Towers,Shefali Mehta
547,2024-09-01,99acres,Noida,9300000,Plot,Green Valley,Riya Kapoor
548,2024-08-05,Google Ads,Bangalore,19700000,Apartment,Palm Towers,Viral Kohli
549,2024-08-11,99acres,Gurgaon,5500000,Plot,Palm Towers,Ravi Mehta
550,2024-04-13,Facebook,Noida,17400000,Plot,Elite Heights,Praveen Tambe
551,2024-01-01,Channel Partner,Gurgaon,12500000,Plot,Palm Towers,Viral Kohli
552,2024-12-11,99acres,Bangalore,18800000,Apartment,Palm Towers,Aman Sharma
553,2024-11-08,Facebook,Noida,5100000,Villa,Elite Heights,Aman Sharma
554,2024-01-25,Facebook,Noida,11700000,Apartment,Urban Square,Sachin Tendulkar
555,2024-05-30,Google Ads,Bangalore,7800000,Apartment,Palm Towers,Aman Sharma
556,2024-02-24,Google Ads,Hyderabad,6700000,Plot,Green Valley,Praveen Tambe
557,2024-11-20,Channel Partner,Noida,15400000,Apartment,Sky Residency,Neha Singh
558,2024-06-26,Housing,Gurgaon,7100000,Apartment,Sky Residency,Riya Kapoor
559,2024-10-19,Facebook,Gurgaon,15200000,Plot,Elite Heights,Priya Kapoor
560,2024-01-17,Walk-in,Mumbai,18100000,Plot,Green Valley,Praveen Tambe
561,2024-04-24,Google Ads,Gurgaon,16900000,Apartment,Sky Residency,Neha Singh
562,2024-06-08,Walk-in,Mumbai,15200000,Plot,Green Valley,Shefali Mehta
563,2024-06-08,Google Ads,Noida,7600000,Villa,Palm Towers,Praveen Tambe
564,2024-10-24,Facebook,Noida,7800000,Apartment,Palm Towers,Praveen Tambe
565,2024-11-22,Housing,Pune,8100000,Plot,Palm Towers,Neha Singh
566,2024-01-13,Google Ads,Bangalore,19100000,Apartment,Palm Towers,Viral Kohli
567,2024-07-10,Channel Partner,Mumbai,11000000,Apartment,Palm Towers,Ravi Mehta
568,2024-09-24,Facebook,Bangalore,5000000,Apartment,Palm Towers,Sachin Tendulkar
569,2024-02-01,Walk-in,Gurgaon,14600000,Villa,Palm Towers,Praveen Tambe
570,2024-07-17,Google Ads,Mumbai,7600000,Apartment,Palm Towers,Viral Kohli
571,2024-10-26,Google Ads,Gurgaon,16100000,Apartment,Sky Residency,Aman Sharma
572,2024-05-01,Facebook,Gurgaon,18200000,Villa,Sky Residency,Praveen Tambe
573,2024-05-29,Google Ads,Noida,4000000,Apartment,Elite Heights,Ravi Mehta
574,2024-03-20,Housing,Mumbai,16200000,Villa,Elite Heights,Neha Singh
575,2024-07-27,Referral,Gurgaon,17100000,Apartment,Green Valley,Riya Kapoor
576,2024-05-20,Channel Partner,Gurgaon,7400000,Villa,Urban Square,Ravi Mehta
577,2024-01-13,Google Ads,Pune,6100000,Plot,Elite Heights,Ravi Mehta
578,2024-08-10,99acres,Bangalore,6300000,Villa,Urban Square,Viral Kohli
579,2024-04-06,99acres,Bangalore,11200000,Apartment,Urban Square,Aman Sharma
580,2024-02-10,Facebook,Gurgaon,8100000,Villa,Elite Heights,Neha Singh
581,2024-09-12,Referral,Gurgaon,6200000,Apartment,Urban Square,Shefali Mehta
582,2024-03-26,99acres,Bangalore,8400000,Apartment,Palm Towers,Rohit Sharma
583,2024-09-22,99acres,Pune,11300000,Apartment,Sky Residency,Priya Kapoor
584,2024-05-26,Channel Partner,Gurgaon,16100000,Villa,Green Valley,Shefali Mehta
585,2024-08-03,Facebook,Mumbai,7500000,Plot,Elite Heights,Sachin Tendulkar
586,2024-08-08,Facebook,Noida,3600000,Apartment,Palm Towers,Praveen Tambe
587,2024-08-22,Referral,Noida,7800000,Plot,Palm Towers,Neha Singh
588,2024-05-09,Google Ads,Mumbai,14500000,Apartment,Elite Heights,Aman Sharma
589,2024-05-14,Walk-in,Hyderabad,12400000,Plot,Sky Residency,Riya Kapoor
590,2024-02-29,99acres,Pune,3800000,Apartment,Sky Residency,Ravi Mehta
591,2024-06-22,99acres,Gurgaon,10000000,Apartment,Palm Towers,Neha Singh
592,2024-01-09,Facebook,Gurgaon,4200000,Plot,Elite Heights,Riya Kapoor
593,2024-09-27,Facebook,Gurgaon,7900000,Villa,Palm Towers,Ravi Mehta
594,2024-04-15,Housing,Gurgaon,3700000,Villa,Palm Towers,Rohit Sharma
595,2024-06-25,Google Ads,Pune,10600000,Apartment,Urban Square,Shefali Mehta
596,2024-10-03,Channel Partner,Noida,6600000,Plot,Sky Residency,Riya Kapoor
597,2024-10-23,99acres,Noida,13300000,Plot,Palm Towers,Viral Kohli
598,2024-09-07,Facebook,Bangalore,5000000,Villa,Elite Heights,Priya Kapoor
599,2024-08-09,Walk-in,Gurgaon,17600000,Apartment,Sky Residency,Praveen Tambe
600,2024-04-03,Google Ads,Hyderabad,14400000,Villa,Palm Towers,Ravi Mehta
601,2024-08-20,Channel Partner,Hyderabad,4300000,Villa,Green Valley,Viral Kohli
602,2024-08-13,Google Ads,Noida,6100000,Plot,Urban Square,Sachin Tendulkar
603,2024-05-04,Channel Partner,Bangalore,18200000,Plot,Sky Residency,Rohit Sharma
604,2024-08-08,Referral,Mumbai,13400000,Villa,Green Valley,Priya Kapoor
605,2024-08-31,Facebook,Mumbai,5700000,Apartment,Elite Heights,Priya Kapoor
606,2024-10-08,Housing,Mumbai,11500000,Apartment,Elite Heights,Aman Sharma
607,2024-07-17,Facebook,Gurgaon,16400000,Apartment,Palm Towers,Ravi Mehta
608,2024-07-28,Facebook,Hyderabad,17900000,Villa,Palm Towers,Ravi Mehta
609,2024-09-05,Referral,Gurgaon,13000000,Villa,Elite Heights,Shefali Mehta
610,2024-11-22,Google Ads,Bangalore,13400000,Villa,Green Valley,Praveen Tambe
611,2024-03-02,Referral,Hyderabad,14200000,Plot,Elite Heights,Shefali Mehta
612,2024-12-03,Facebook,Gurgaon,9900000,Villa,Urban Square,Shefali Mehta
613,2024-05-05,Channel Partner,Pune,3200000,Apartment,Green Valley,Rohit Sharma
614,2024-11-15,Channel Partner,Gurgaon,17700000,Plot,Urban Square,Rohit Sharma
615,2024-05-22,99acres,Bangalore,6300000,Apartment,Sky Residency,Viral Kohli
616,2024-02-09,Referral,Gurgaon,4800000,Plot,Urban Square,Ravi Mehta
617,2024-03-20,99acres,Gurgaon,9400000,Apartment,Green Valley,Riya Kapoor
618,2024-03-18,Referral,Noida,10200000,Apartment,Urban Square,Rohit Sharma
619,2024-07-18,Google Ads,Noida,18500000,Plot,Green Valley,Aman Sharma
620,2024-11-04,Facebook,Hyderabad,15900000,Villa,Green Valley,Shefali Mehta
621,2024-12-10,Housing,Bangalore,15200000,Villa,Urban Square,Riya Kapoor
622,2024-05-15,Google Ads,Pune,5500000,Apartment,Green Valley,Neha Singh
623,2024-12-31,Google Ads,Mumbai,12200000,Apartment,Green Valley,Shefali Mehta
624,2024-02-29,Google Ads,Mumbai,5600000,Villa,Palm Towers,Priya Kapoor
625,2024-04-22,Walk-in,Noida,5100000,Plot,Elite Heights,Shefali Mehta
626,2024-05-21,99acres,Gurgaon,10100000,Apartment,Green Valley,Ravi Mehta
627,2024-04-12,Google Ads,Mumbai,5500000,Apartment,Palm Towers,Praveen Tambe
628,2024-07-27,Referral,Pune,7800000,Apartment,Elite Heights,Shefali Mehta
629,2024-09-20,Referral,Noida,15400000,Plot,Elite Heights,Sachin Tendulkar
630,2024-10-10,Housing,Pune,5400000,Villa,Green Valley,Viral Kohli
631,2024-11-18,Facebook,Gurgaon,3600000,Villa,Sky Residency,Ravi Mehta
632,2024-04-03,Google Ads,Noida,13700000,Plot,Urban Square,Priya Kapoor
633,2024-05-12,Google Ads,Pune,5400000,Apartment,Green Valley,Sachin Tendulkar
634,2024-11-18,Channel Partner,Pune,19300000,Villa,Green Valley,Praveen Tambe
635,2024-12-19,Housing,Gurgaon,15700000,Plot,Sky Residency,Shefali Mehta
636,2024-08-28,Referral,Pune,3000000,Villa,Elite Heights,Rohit Sharma
637,2024-03-24,Google Ads,Mumbai,18300000,Apartment,Palm Towers,Sachin Tendulkar
638,2024-07-19,99acres,Bangalore,4300000,Villa,Sky Residency,Neha Singh
639,2024-12-09,Facebook,Pune,18000000,Villa,Sky Residency,Riya Kapoor
640,2024-04-16,99acres,Gurgaon,11700000,Plot,Sky Residency,Viral Kohli
641,2024-11-21,Housing,Noida,8400000,Villa,Palm Towers,Aman Sharma
642,2024-10-12,Google Ads,Noida,5200000,Apartment,Elite Heights,Viral Kohli
643,2024-06-12,Referral,Noida,10100000,Villa,Urban Square,Shefali Mehta
644,2024-12-26,Facebook,Gurgaon,14000000,Apartment,Sky Residency,Aman Sharma
645,2024-07-12,Referral,Noida,19600000,Villa,Elite Heights,Riya Kapoor
646,2024-02-15,Channel Partner,Pune,12000000,Apartment,Palm Towers,Rohit Sharma
647,2024-10-14,Google Ads,Pune,7500000,Apartment,Green Valley,Viral Kohli
648,2024-06-30,Channel Partner,Hyderabad,15200000,Plot,Urban Square,Priya Kapoor
649,2024-01-12,Facebook,Bangalore,11500000,Apartment,Palm Towers,Viral Kohli
650,2024-07-11,99acres,Gurgaon,5800000,Plot,Green Valley,Shefali Mehta
651,2024-05-17,Housing,Gurgaon,19600000,Apartment,Elite Heights,Riya Kapoor
652,2024-01-13,Google Ads,Gurgaon,4200000,Apartment,Urban Square,Praveen Tambe
653,2024-03-13,Referral,Pune,15400000,Villa,Sky Residency,Viral Kohli
654,2024-03-14,Facebook,Gurgaon,19500000,Villa,Sky Residency,Rohit Sharma
655,2024-11-11,99acres,Hyderabad,18400000,Apartment,Urban Square,Sachin Tendulkar
656,2024-09-08,99acres,Noida,15900000,Villa,Elite Heights,Riya Kapoor
657,2024-01-04,Housing,Noida,18600000,Apartment,Sky Residency,Riya Kapoor
658,2024-12-25,Channel Partner,Mumbai,7500000,Plot,Urban Square,Aman Sharma
659,2024-11-23,Google Ads,Noida,9500000,Apartment,Elite Heights,Sachin Tendulkar
660,2024-05-31,Facebook,Gurgaon,15500000,Villa,Green Valley,Praveen Tambe
661,2024-03-09,Google Ads,Hyderabad,15200000,Plot,Elite Heights,Ravi Mehta
662,2024-11-01,Housing,Noida,19500000,Villa,Sky Residency,Praveen Tambe
663,2024-09-30,Google Ads,Bangalore,9300000,Plot,Elite Heights,Viral Kohli
664,2024-12-26,99acres,Noida,17500000,Villa,Palm Towers,Sachin Tendulkar
665,2024-05-08,99acres,Gurgaon,8700000,Apartment,Urban Square,Rohit Sharma
666,2024-02-11,99acres,Bangalore,13500000,Plot,Palm Towers,Ravi Mehta
667,2024-04-03,99acres,Hyderabad,8800000,Villa,Green Valley,Ravi Mehta
668,2024-02-29,Walk-in,Gurgaon,9400000,Apartment,Sky Residency,Ravi Mehta
669,2024-06-30,Google Ads,Noida,16900000,Villa,Palm Towers,Ravi Mehta
670,2024-03-12,Google Ads,Mumbai,13600000,Apartment,Palm Towers,Shefali Mehta
671,2024-05-28,Channel Partner,Noida,6100000,Apartment,Sky Residency,Shefali Mehta
672,2024-08-16,Channel Partner,Gurgaon,4700000,Apartment,Palm Towers,Neha Singh
673,2024-07-03,Channel Partner,Gurgaon,5600000,Plot,Elite Heights,Neha Singh
674,2024-10-03,Google Ads,Gurgaon,6600000,Plot,Palm Towers,Praveen Tambe
675,2024-06-16,Google Ads,Noida,11700000,Apartment,Elite Heights,Sachin Tendulkar
676,2024-03-17,Google Ads,Noida,10100000,Villa,Elite Heights,Sachin Tendulkar
677,2024-09-04,Channel Partner,Gurgaon,10500000,Plot,Sky Residency,Aman Sharma
678,2024-01-27,Facebook,Gurgaon,17900000,Plot,Sky Residency,Viral Kohli
679,2024-12-28,Facebook,Noida,7800000,Apartment,Elite Heights,Sachin Tendulkar
680,2024-09-09,Facebook,Pune,5600000,Apartment,Elite Heights,Priya Kapoor
681,2024-01-04,99acres,Pune,11000000,Apartment,Palm Towers,Rohit Sharma
682,2024-07-31,Google Ads,Pune,14200000,Plot,Urban Square,Shefali Mehta
683,2024-09-16,Walk-in,Pune,16100000,Plot,Sky Residency,Aman Sharma
684,2024-05-08,Channel Partner,Gurgaon,3400000,Villa,Elite Heights,Praveen Tambe
685,2024-07-22,Facebook,Pune,3600000,Villa,Sky Residency,Riya Kapoor
686,2024-10-11,Referral,Pune,9100000,Apartment,Palm Towers,Aman Sharma
687,2024-05-10,99acres,Mumbai,11200000,Villa,Elite Heights,Praveen Tambe
688,2024-04-11,99acres,Noida,17900000,Apartment,Sky Residency,Viral Kohli
689,2024-06-16,Walk-in,Noida,9700000,Apartment,Elite Heights,Viral Kohli
690,2024-12-22,Housing,Noida,17600000,Plot,Palm Towers,Sachin Tendulkar
691,2024-07-17,Channel Partner,Hyderabad,13900000,Apartment,Sky Residency,Shefali Mehta
692,2024-02-09,Google Ads,Hyderabad,18500000,Villa,Sky Residency,Viral Kohli
693,2024-04-10,Google Ads,Mumbai,8300000,Plot,Palm Towers,Sachin Tendulkar
694,2024-06-02,Google Ads,Noida,17900000,Plot,Palm Towers,Shefali Mehta
695,2024-01-27,Google Ads,Gurgaon,4000000,Villa,Urban Square,Aman Sharma
696,2024-09-21,99acres,Bangalore,10000000,Plot,Elite Heights,Ravi Mehta
697,2024-10-02,Google Ads,Pune,7100000,Apartment,Palm Towers,Praveen Tambe
698,2024-06-27,Google Ads,Noida,13300000,Villa,Urban Square,Shefali Mehta
699,2024-10-18,Referral,Gurgaon,14100000,Plot,Urban Square,Praveen Tambe
700,2024-03-22,Channel Partner,Pune,19000000,Plot,Green Valley,Viral Kohli
701,2024-07-21,Channel Partner,Mumbai,14900000,Villa,Sky Residency,Riya Kapoor
702,2024-11-05,99acres,Hyderabad,4800000,Plot,Palm Towers,Viral Kohli
703,2024-10-16,Facebook,Noida,13400000,Apartment,Urban Square,Viral Kohli
704,2024-07-23,Housing,Noida,15300000,Plot,Sky Residency,Viral Kohli
705,2024-09-18,Facebook,Bangalore,19000000,Villa,Elite Heights,Riya Kapoor
706,2024-07-20,Google Ads,Bangalore,17200000,Apartment,Urban Square,Viral Kohli
707,2024-02-24,Google Ads,Gurgaon,4200000,Apartment,Urban Square,Sachin Tendulkar
708,2024-06-18,Housing,Mumbai,19400000,Villa,Palm Towers,Aman Sharma
709,2024-07-11,Facebook,Noida,18300000,Villa,Urban Square,Priya Kapoor
710,2024-08-13,Walk-in,Noida,9800000,Apartment,Green Valley,Priya Kapoor
711,2024-09-15,Facebook,Gurgaon,9600000,Apartment,Urban Square,Praveen Tambe
712,2024-07-02,99acres,Gurgaon,18400000,Villa,Palm Towers,Neha Singh
713,2024-03-15,Google Ads,Mumbai,6400000,Apartment,Elite Heights,Sachin Tendulkar
714,2024-03-26,Housing,Bangalore,8400000,Plot,Green Valley,Priya Kapoor
715,2024-10-05,Referral,Noida,14800000,Villa,Green Valley,Ravi Mehta
716,2024-11-04,Google Ads,Bangalore,14400000,Apartment,Green Valley,Praveen Tambe
717,2024-05-11,99acres,Mumbai,18500000,Villa,Sky Residency,Praveen Tambe
718,2024-12-22,99acres,Bangalore,6800000,Villa,Elite Heights,Viral Kohli
719,2024-12-31,Google Ads,Bangalore,8600000,Plot,Urban Square,Riya Kapoor
720,2024-06-14,Facebook,Noida,11200000,Villa,Green Valley,Aman Sharma
721,2024-07-24,Google Ads,Noida,6800000,Villa,Green Valley,Viral Kohli
722,2024-01-01,Facebook,Pune,14700000,Plot,Urban Square,Priya Kapoor
723,2024-07-06,Channel Partner,Mumbai,5500000,Apartment,Palm Towers,Shefali Mehta
724,2024-12-31,99acres,Pune,15300000,Plot,Palm Towers,Riya Kapoor
725,2024-11-06,Housing,Noida,10900000,Villa,Palm Towers,Neha Singh
726,2024-07-08,Channel Partner,Pune,3600000,Apartment,Sky Residency,Praveen Tambe
727,2024-01-15,Referral,Pune,4400000,Villa,Green Valley,Rohit Sharma
728,2024-02-19,Facebook,Bangalore,9900000,Apartment,Palm Towers,Viral Kohli
729,2024-04-04,99acres,Gurgaon,19400000,Villa,Urban Square,Sachin Tendulkar
730,2024-05-06,Walk-in,Noida,7300000,Plot,Green Valley,Aman Sharma
731,2024-11-20,Housing,Gurgaon,12200000,Plot,Elite Heights,Neha Singh
732,2024-07-05,Google Ads,Noida,15700000,Villa,Palm Towers,Ravi Mehta
733,2024-10-31,Google Ads,Mumbai,10200000,Plot,Sky Residency,Rohit Sharma
734,2024-10-25,Walk-in,Noida,12500000,Plot,Urban Square,Riya Kapoor
735,2024-07-11,Google Ads,Noida,13400000,Apartment,Elite Heights,Ravi Mehta
736,2024-08-25,99acres,Mumbai,5400000,Villa,Green Valley,Sachin Tendulkar
737,2024-11-25,Facebook,Noida,8900000,Villa,Palm Towers,Priya Kapoor
738,2024-04-05,Facebook,Gurgaon,18200000,Villa,Sky Residency,Sachin Tendulkar
739,2024-10-03,Google Ads,Mumbai,8200000,Plot,Elite Heights,Riya Kapoor
740,2024-09-17,Facebook,Hyderabad,7100000,Apartment,Palm Towers,Praveen Tambe
741,2024-10-12,Walk-in,Bangalore,4100000,Apartment,Urban Square,Aman Sharma
742,2024-01-10,Google Ads,Mumbai,13700000,Plot,Elite Heights,Shefali Mehta
743,2024-12-02,99acres,Pune,6500000,Apartment,Green Valley,Riya Kapoor
744,2024-10-12,Housing,Noida,3600000,Apartment,Palm Towers,Sachin Tendulkar
745,2024-03-09,Housing,Noida,6300000,Villa,Sky Residency,Neha Singh
746,2024-06-24,Referral,Gurgaon,6500000,Plot,Green Valley,Ravi Mehta
747,2024-09-01,Housing,Noida,6200000,Plot,Urban Square,Rohit Sharma
748,2024-08-01,Housing,Gurgaon,4700000,Villa,Sky Residency,Neha Singh
749,2024-05-02,Google Ads,Gurgaon,17200000,Villa,Palm Towers,Sachin Tendulkar
750,2024-12-07,Housing,Mumbai,18100000,Apartment,Sky Residency,Sachin Tendulkar
751,2024-01-13,Google Ads,Noida,11000000,Villa,Elite Heights,Sachin Tendulkar
752,2024-07-27,Facebook,Bangalore,4600000,Plot,Elite Heights,Riya Kapoor
753,2024-02-21,Facebook,Mumbai,9600000,Plot,Elite Heights,Shefali Mehta
754,2024-11-15,99acres,Hyderabad,9400000,Villa,Elite Heights,Sachin Tendulkar
755,2024-02-22,Housing,Noida,19300000,Plot,Palm Towers,Ravi Mehta
756,2024-10-27,Facebook,Hyderabad,6800000,Villa,Green Valley,Aman Sharma
757,2024-06-12,Facebook,Gurgaon,11800000,Villa,Urban Square,Shefali Mehta
758,2024-11-09,Facebook,Mumbai,5000000,Villa,Urban Square,Priya Kapoor
759,2024-07-10,Facebook,Hyderabad,14500000,Plot,Palm Towers,Shefali Mehta
760,2024-06-13,Facebook,Noida,4800000,Apartment,Green Valley,Ravi Mehta
761,2024-06-04,Referral,Mumbai,7900000,Apartment,Elite Heights,Praveen Tambe
762,2024-03-17,Facebook,Noida,9700000,Apartment,Urban Square,Sachin Tendulkar
763,2024-10-11,Channel Partner,Gurgaon,14500000,Villa,Urban Square,Riya Kapoor
764,2024-10-12,Facebook,Mumbai,19700000,Villa,Sky Residency,Neha Singh
765,2024-10-08,Housing,Gurgaon,13600000,Plot,Urban Square,Riya Kapoor
766,2024-11-01,Google Ads,Noida,18600000,Plot,Urban Square,Rohit Sharma
767,2024-12-18,99acres,Bangalore,5100000,Apartment,Green Valley,Shefali Mehta
768,2024-06-26,Referral,Gurgaon,17800000,Villa,Palm Towers,Aman Sharma
769,2024-04-15,99acres,Noida,11000000,Plot,Green Valley,Priya Kapoor
770,2024-12-26,Facebook,Gurgaon,7600000,Plot,Urban Square,Riya Kapoor
771,2024-06-08,Facebook,Bangalore,15900000,Plot,Green Valley,Shefali Mehta
772,2024-08-03,99acres,Gurgaon,13600000,Plot,Sky Residency,Neha Singh
773,2024-01-11,Google Ads,Mumbai,5900000,Villa,Palm Towers,Aman Sharma
774,2024-02-11,Housing,Gurgaon,13100000,Plot,Elite Heights,Neha Singh
775,2024-02-29,Google Ads,Mumbai,20000000,Plot,Elite Heights,Neha Singh
776,2024-06-14,Google Ads,Gurgaon,8900000,Villa,Elite Heights,Ravi Mehta
777,2024-12-16,Channel Partner,Bangalore,10600000,Apartment,Elite Heights,Riya Kapoor
778,2024-12-25,Channel Partner,Gurgaon,18700000,Plot,Green Valley,Sachin Tendulkar
779,2024-10-04,Google Ads,Gurgaon,3800000,Apartment,Green Valley,Rohit Sharma
780,2024-04-02,Google Ads,Bangalore,14100000,Apartment,Elite Heights,Sachin Tendulkar
781,2024-09-11,Google Ads,Mumbai,4900000,Villa,Elite Heights,Aman Sharma
782,2024-05-30,Google Ads,Gurgaon,9000000,Plot,Sky Residency,Praveen Tambe
783,2024-07-12,Google Ads,Gurgaon,5200000,Plot,Elite Heights,Aman Sharma
784,2024-07-19,Google Ads,Noida,5300000,Villa,Urban Square,Neha Singh
785,2024-12-06,Housing,Mumbai,15600000,Plot,Green Valley,Neha Singh
786,2024-01-05,Referral,Mumbai,13300000,Villa,Sky Residency,Rohit Sharma
787,2024-10-03,Channel Partner,Pune,17100000,Villa,Green Valley,Riya Kapoor
788,2024-10-24,Referral,Bangalore,6900000,Plot,Green Valley,Sachin Tendulkar
789,2024-09-16,Facebook,Noida,3100000,Plot,Urban Square,Neha Singh
790,2024-01-10,Google Ads,Pune,11100000,Villa,Green Valley,Aman Sharma
791,2024-12-27,Facebook,Hyderabad,5100000,Plot,Green Valley,Rohit Sharma
792,2024-04-04,Channel Partner,Noida,4000000,Apartment,Sky Residency,Riya Kapoor
793,2024-01-11,Google Ads,Pune,11600000,Apartment,Sky Residency,Aman Sharma
794,2024-09-12,Facebook,Gurgaon,10200000,Plot,Palm Towers,Praveen Tambe
795,2024-01-15,99acres,Noida,12100000,Plot,Urban Square,Ravi Mehta
796,2024-10-03,Facebook,Mumbai,19700000,Villa,Green Valley,Rohit Sharma
797,2024-09-22,Facebook,Noida,9000000,Villa,Elite Heights,Shefali Mehta
798,2024-05-06,99acres,Hyderabad,17400000,Villa,Urban Square,Neha Singh
799,2024-07-31,99acres,Noida,17400000,Apartment,Sky Residency,Shefali Mehta
800,2024-04-24,Facebook,Bangalore,18600000,Apartment,Palm Towers,Viral Kohli
801,2024-11-24,Referral,Gurgaon,3200000,Plot,Palm Towers,Neha Singh
802,2024-10-01,Referral,Pune,8400000,Plot,Green Valley,Priya Kapoor
803,2024-05-12,Google Ads,Gurgaon,7500000,Plot,Green Valley,Rohit Sharma
804,2024-11-02,Google Ads,Mumbai,6300000,Apartment,Green Valley,Praveen Tambe
805,2024-09-24,Channel Partner,Noida,13400000,Apartment,Elite Heights,Shefali Mehta
806,2024-04-11,Facebook,Mumbai,17800000,Villa,Palm Towers,Shefali Mehta
807,2024-06-11,Channel Partner,Gurgaon,18700000,Villa,Urban Square,Shefali Mehta
808,2024-09-05,Channel Partner,Hyderabad,5500000,Villa,Palm Towers,Viral Kohli
809,2024-08-29,Google Ads,Gurgaon,15400000,Plot,Green Valley,Priya Kapoor
810,2024-11-24,Housing,Noida,7800000,Villa,Green Valley,Priya Kapoor
811,2024-03-30,Google Ads,Pune,11900000,Plot,Green Valley,Rohit Sharma
812,2024-09-25,Facebook,Pune,12400000,Villa,Sky Residency,Aman Sharma
813,2024-05-14,Google Ads,Pune,6300000,Apartment,Green Valley,Rohit Sharma
814,2024-12-10,Facebook,Gurgaon,11200000,Apartment,Elite Heights,Neha Singh
815,2024-09-12,Google Ads,Hyderabad,6600000,Plot,Green Valley,Praveen Tambe
816,2024-12-03,Google Ads,Gurgaon,8200000,Apartment,Urban Square,Ravi Mehta
817,2024-05-06,Channel Partner,Gurgaon,13700000,Plot,Green Valley,Rohit Sharma
818,2024-01-05,Facebook,Noida,10800000,Apartment,Palm Towers,Shefali Mehta
819,2024-01-08,Channel Partner,Pune,7900000,Apartment,Sky Residency,Neha Singh
820,2024-04-12,Google Ads,Gurgaon,7600000,Villa,Elite Heights,Riya Kapoor
821,2024-08-19,Facebook,Bangalore,8300000,Villa,Urban Square,Rohit Sharma
822,2024-12-25,Google Ads,Gurgaon,5500000,Villa,Green Valley,Riya Kapoor
823,2024-02-09,Google Ads,Hyderabad,3500000,Apartment,Elite Heights,Aman Sharma
824,2024-04-21,Referral,Pune,17800000,Plot,Urban Square,Neha Singh
825,2024-03-06,Google Ads,Bangalore,3800000,Plot,Elite Heights,Ravi Mehta
826,2024-10-01,Facebook,Hyderabad,9100000,Plot,Palm Towers,Viral Kohli
827,2024-11-03,99acres,Noida,16500000,Plot,Sky Residency,Sachin Tendulkar
828,2024-12-19,Google Ads,Pune,11200000,Plot,Sky Residency,Viral Kohli
829,2024-02-11,Facebook,Gurgaon,8500000,Apartment,Urban Square,Shefali Mehta
830,2024-10-14,Referral,Gurgaon,17400000,Plot,Green Valley,Praveen Tambe
831,2024-09-10,Google Ads,Gurgaon,19900000,Villa,Palm Towers,Neha Singh
832,2024-11-01,Facebook,Hyderabad,19800000,Apartment,Palm Towers,Sachin Tendulkar
833,2024-09-21,Housing,Noida,14400000,Apartment,Urban Square,Priya Kapoor
834,2024-08-01,Housing,Bangalore,20000000,Plot,Urban Square,Sachin Tendulkar
835,2024-11-11,Facebook,Gurgaon,18600000,Plot,Palm Towers,Neha Singh
836,2024-01-10,Google Ads,Pune,7200000,Plot,Sky Residency,Neha Singh
837,2024-08-21,Google Ads,Gurgaon,10900000,Villa,Palm Towers,Riya Kapoor
838,2024-01-10,Google Ads,Pune,17700000,Villa,Green Valley,Sachin Tendulkar
839,2024-11-18,Google Ads,Gurgaon,6800000,Apartment,Green Valley,Rohit Sharma
840,2024-12-10,Referral,Hyderabad,13800000,Plot,Palm Towers,Aman Sharma
841,2024-01-26,Housing,Hyderabad,4100000,Villa,Palm Towers,Neha Singh
842,2024-04-17,Channel Partner,Hyderabad,13500000,Villa,Sky Residency,Aman Sharma
843,2024-11-03,99acres,Mumbai,17400000,Apartment,Palm Towers,Riya Kapoor
844,2024-04-01,Google Ads,Gurgaon,4400000,Plot,Urban Square,Rohit Sharma
845,2024-10-14,Housing,Gurgaon,18500000,Apartment,Urban Square,Aman Sharma
846,2024-03-21,Facebook,Gurgaon,11500000,Plot,Palm Towers,Shefali Mehta
847,2024-12-15,Google Ads,Gurgaon,18800000,Apartment,Green Valley,Riya Kapoor
848,2024-05-16,Housing,Hyderabad,7700000,Plot,Sky Residency,Shefali Mehta
849,2024-10-12,Facebook,Gurgaon,16000000,Plot,Urban Square,Shefali Mehta
850,2024-04-16,Facebook,Mumbai,7800000,Plot,Sky Residency,Riya Kapoor
851,2024-08-18,Walk-in,Noida,14500000,Apartment,Sky Residency,Priya Kapoor
852,2024-07-22,99acres,Bangalore,12000000,Apartment,Elite Heights,Riya Kapoor
853,2024-11-16,Google Ads,Bangalore,11100000,Villa,Urban Square,Aman Sharma
854,2024-10-23,Facebook,Mumbai,6900000,Apartment,Palm Towers,Neha Singh
855,2024-10-10,Referral,Pune,16100000,Apartment,Urban Square,Priya Kapoor
856,2024-01-18,Google Ads,Gurgaon,17300000,Villa,Sky Residency,Ravi Mehta
857,2024-04-06,99acres,Hyderabad,13500000,Plot,Elite Heights,Sachin Tendulkar
858,2024-04-19,Google Ads,Noida,17200000,Plot,Sky Residency,Shefali Mehta
859,2024-01-02,99acres,Noida,7100000,Plot,Urban Square,Ravi Mehta
860,2024-04-05,Google Ads,Pune,10600000,Plot,Urban Square,Ravi Mehta
861,2024-03-06,Facebook,Gurgaon,11000000,Plot,Elite Heights,Praveen Tambe
862,2024-12-11,Housing,Noida,5700000,Apartment,Sky Residency,Priya Kapoor
863,2024-12-27,Google Ads,Pune,10400000,Plot,Elite Heights,Rohit Sharma
864,2024-03-25,Channel Partner,Noida,6500000,Villa,Elite Heights,Neha Singh
865,2024-01-06,Channel Partner,Bangalore,18800000,Plot,Sky Residency,Riya Kapoor
866,2024-04-07,Google Ads,Noida,11900000,Plot,Sky Residency,Aman Sharma
867,2024-02-16,Housing,Pune,4700000,Plot,Elite Heights,Neha Singh
868,2024-06-16,Housing,Hyderabad,7600000,Plot,Palm Towers,Aman Sharma
869,2024-07-23,Google Ads,Gurgaon,8800000,Plot,Elite Heights,Sachin Tendulkar
870,2024-10-05,Referral,Gurgaon,19300000,Plot,Elite Heights,Praveen Tambe
871,2024-12-23,99acres,Mumbai,16600000,Villa,Green Valley,Shefali Mehta
872,2024-08-26,Facebook,Gurgaon,13100000,Plot,Sky Residency,Sachin Tendulkar
873,2024-11-19,Referral,Mumbai,10200000,Villa,Green Valley,Ravi Mehta
874,2024-10-21,Google Ads,Pune,5200000,Apartment,Sky Residency,Priya Kapoor
875,2024-07-25,Google Ads,Hyderabad,17900000,Apartment,Sky Residency,Ravi Mehta
876,2024-06-04,Walk-in,Noida,17600000,Apartment,Green Valley,Sachin Tendulkar
877,2024-05-22,Google Ads,Bangalore,13600000,Apartment,Urban Square,Priya Kapoor
878,2024-05-03,Walk-in,Hyderabad,14000000,Villa,Elite Heights,Aman Sharma
879,2024-09-16,Google Ads,Bangalore,16000000,Plot,Green Valley,Praveen Tambe
880,2024-10-15,Facebook,Gurgaon,16300000,Plot,Palm Towers,Praveen Tambe
881,2024-12-25,Housing,Mumbai,13700000,Plot,Sky Residency,Viral Kohli
882,2024-04-22,Housing,Mumbai,14500000,Plot,Green Valley,Riya Kapoor
883,2024-07-17,Channel Partner,Noida,6200000,Plot,Sky Residency,Viral Kohli
884,2024-06-15,Housing,Gurgaon,6400000,Villa,Elite Heights,Praveen Tambe
885,2024-07-02,Google Ads,Gurgaon,17900000,Plot,Sky Residency,Sachin Tendulkar
886,2024-02-13,Facebook,Hyderabad,5000000,Plot,Urban Square,Shefali Mehta
887,2024-06-26,Google Ads,Mumbai,11300000,Plot,Green Valley,Praveen Tambe
888,2024-04-02,Referral,Hyderabad,13000000,Apartment,Urban Square,Rohit Sharma
889,2024-03-06,99acres,Hyderabad,16400000,Plot,Palm Towers,Shefali Mehta
890,2024-05-19,Google Ads,Pune,4000000,Apartment,Elite Heights,Praveen Tambe
891,2024-01-18,Facebook,Hyderabad,4700000,Apartment,Elite Heights,Neha Singh
892,2024-02-02,Housing,Pune,17600000,Villa,Green Valley,Shefali Mehta
893,2024-11-28,Facebook,Noida,5300000,Plot,Elite Heights,Ravi Mehta
894,2024-06-16,Housing,Mumbai,16500000,Villa,Urban Square,Riya Kapoor
895,2024-05-28,Channel Partner,Gurgaon,19600000,Villa,Palm Towers,Praveen Tambe
896,2024-11-14,Housing,Pune,14400000,Villa,Sky Residency,Shefali Mehta
897,2024-01-24,Housing,Gurgaon,15200000,Apartment,Urban Square,Viral Kohli
898,2024-01-11,Google Ads,Gurgaon,15700000,Apartment,Sky Residency,Ravi Mehta
899,2024-05-04,Google Ads,Gurgaon,19000000,Villa,Elite Heights,Shefali Mehta
900,2024-02-12,Google Ads,Pune,13300000,Apartment,Sky Residency,Praveen Tambe
901,2024-10-30,Walk-in,Hyderabad,7200000,Villa,Urban Square,Sachin Tendulkar
902,2024-06-29,Facebook,Gurgaon,18900000,Villa,Palm Towers,Priya Kapoor
903,2024-11-01,Referral,Bangalore,13000000,Plot,Elite Heights,Priya Kapoor
904,2024-03-09,Walk-in,Hyderabad,9400000,Plot,Palm Towers,Neha Singh
905,2024-04-19,99acres,Hyderabad,16600000,Apartment,Urban Square,Riya Kapoor
906,2024-10-26,Facebook,Pune,4900000,Apartment,Sky Residency,Viral Kohli
907,2024-09-07,Google Ads,Bangalore,13400000,Villa,Elite Heights,Ravi Mehta
908,2024-06-12,Google Ads,Noida,18900000,Villa,Sky Residency,Shefali Mehta
909,2024-04-17,Housing,Bangalore,6300000,Apartment,Palm Towers,Ravi Mehta
910,2024-01-05,Facebook,Noida,7400000,Villa,Elite Heights,Aman Sharma
911,2024-02-24,Google Ads,Mumbai,19600000,Plot,Urban Square,Sachin Tendulkar
912,2024-06-19,Referral,Gurgaon,12800000,Villa,Urban Square,Praveen Tambe
913,2024-12-02,Walk-in,Gurgaon,14300000,Plot,Urban Square,Riya Kapoor
914,2024-06-16,Google Ads,Gurgaon,3800000,Plot,Green Valley,Priya Kapoor
915,2024-11-20,Google Ads,Pune,11800000,Villa,Elite Heights,Aman Sharma
916,2024-10-04,Referral,Noida,8900000,Villa,Palm Towers,Priya Kapoor
917,2024-07-09,99acres,Bangalore,18000000,Villa,Elite Heights,Sachin Tendulkar
918,2024-09-10,Housing,Noida,6000000,Apartment,Sky Residency,Aman Sharma
919,2024-03-12,Google Ads,Gurgaon,12000000,Villa,Green Valley,Aman Sharma
920,2024-09-07,Walk-in,Mumbai,17900000,Villa,Green Valley,Praveen Tambe
921,2024-01-03,Walk-in,Mumbai,13800000,Villa,Urban Square,Viral Kohli
922,2024-09-13,99acres,Mumbai,4800000,Apartment,Urban Square,Praveen Tambe
923,2024-02-17,Channel Partner,Noida,10500000,Villa,Urban Square,Neha Singh
924,2024-11-06,Housing,Noida,16300000,Villa,Elite Heights,Neha Singh
925,2024-11-05,Housing,Noida,3100000,Apartment,Palm Towers,Praveen Tambe
926,2024-10-06,99acres,Noida,12200000,Plot,Palm Towers,Riya Kapoor
927,2024-06-26,Facebook,Noida,17500000,Villa,Green Valley,Neha Singh
928,2024-04-25,Google Ads,Bangalore,3100000,Plot,Palm Towers,Priya Kapoor
929,2024-03-20,Google Ads,Noida,15600000,Plot,Sky Residency,Viral Kohli
930,2024-02-27,Google Ads,Hyderabad,16400000,Villa,Palm Towers,Priya Kapoor
931,2024-02-19,Facebook,Mumbai,8900000,Plot,Urban Square,Rohit Sharma
932,2024-10-10,Facebook,Noida,10800000,Apartment,Sky Residency,Praveen Tambe
933,2024-10-22,Channel Partner,Gurgaon,5100000,Apartment,Urban Square,Priya Kapoor
934,2024-10-18,Channel Partner,Mumbai,19300000,Plot,Palm Towers,Riya Kapoor
935,2024-09-07,99acres,Mumbai,18300000,Apartment,Elite Heights,Rohit Sharma
936,2024-01-29,Google Ads,Bangalore,11200000,Apartment,Green Valley,Shefali Mehta
937,2024-11-17,Channel Partner,Noida,17300000,Villa,Sky Residency,Ravi Mehta
938,2024-01-07,Housing,Gurgaon,10400000,Plot,Elite Heights,Shefali Mehta
939,2024-08-06,Google Ads,Noida,6800000,Plot,Sky Residency,Sachin Tendulkar
940,2024-11-19,Facebook,Pune,9100000,Plot,Elite Heights,Aman Sharma
941,2024-07-09,99acres,Gurgaon,9900000,Villa,Palm Towers,Ravi Mehta
942,2024-08-27,Channel Partner,Hyderabad,6300000,Plot,Urban Square,Aman Sharma
943,2024-09-24,Facebook,Mumbai,7400000,Apartment,Palm Towers,Praveen Tambe
944,2024-10-23,Google Ads,Noida,18700000,Plot,Palm Towers,Viral Kohli
945,2024-09-12,Referral,Gurgaon,19600000,Apartment,Palm Towers,Sachin Tendulkar
946,2024-09-18,Google Ads,Pune,18700000,Plot,Elite Heights,Praveen Tambe
947,2024-04-13,Housing,Bangalore,18000000,Apartment,Elite Heights,Ravi Mehta
948,2024-03-07,Housing,Noida,8500000,Apartment,Sky Residency,Neha Singh
949,2024-07-30,Google Ads,Pune,5400000,Villa,Elite Heights,Rohit Sharma
950,2024-12-28,Referral,Noida,18900000,Villa,Sky Residency,Aman Sharma
951,2024-08-09,Google Ads,Gurgaon,18600000,Villa,Palm Towers,Neha Singh
952,2024-11-02,Facebook,Mumbai,9700000,Plot,Green Valley,Shefali Mehta
953,2024-12-31,Google Ads,Mumbai,14200000,Plot,Sky Residency,Aman Sharma
954,2024-10-07,99acres,Bangalore,10100000,Plot,Green Valley,Shefali Mehta
955,2024-02-22,Walk-in,Gurgaon,5500000,Villa,Green Valley,Ravi Mehta
956,2024-01-09,Referral,Mumbai,8800000,Apartment,Urban Square,Neha Singh
957,2024-03-27,99acres,Hyderabad,14200000,Apartment,Elite Heights,Priya Kapoor
958,2024-01-29,Facebook,Pune,11500000,Apartment,Elite Heights,Rohit Sharma
959,2024-11-30,Google Ads,Mumbai,10000000,Villa,Sky Residency,Neha Singh
960,2024-09-29,Facebook,Mumbai,16500000,Apartment,Urban Square,Viral Kohli
961,2024-06-14,Facebook,Gurgaon,11800000,Apartment,Sky Residency,Viral Kohli
962,2024-06-04,Google Ads,Hyderabad,10500000,Plot,Urban Square,Riya Kapoor
963,2024-02-08,Referral,Noida,11800000,Villa,Green Valley,Sachin Tendulkar
964,2024-05-12,Google Ads,Gurgaon,19200000,Villa,Elite Heights,Aman Sharma
965,2024-05-27,Channel Partner,Pune,13100000,Villa,Elite Heights,Riya Kapoor
966,2024-03-06,99acres,Gurgaon,16400000,Apartment,Green Valley,Viral Kohli
967,2024-02-11,Facebook,Hyderabad,3900000,Plot,Elite Heights,Riya Kapoor
968,2024-01-01,Housing,Pune,19400000,Villa,Sky Residency,Aman Sharma
969,2024-02-03,Channel Partner,Pune,15300000,Plot,Palm Towers,Neha Singh
970,2024-01-06,99acres,Mumbai,16600000,Villa,Palm Towers,Sachin Tendulkar
971,2024-10-12,99acres,Noida,5600000,Plot,Urban Square,Neha Singh
972,2024-11-29,Google Ads,Mumbai,12400000,Plot,Elite Heights,Priya Kapoor
973,2024-01-14,Google Ads,Pune,5200000,Villa,Elite Heights,Aman Sharma
974,2024-10-20,Facebook,Gurgaon,5200000,Villa,Urban Square,Rohit Sharma
975,2024-12-09,Google Ads,Mumbai,18200000,Plot,Urban Square,Rohit Sharma
976,2024-07-20,99acres,Gurgaon,9200000,Villa,Urban Square,Riya Kapoor
977,2024-10-19,Google Ads,Bangalore,7300000,Villa,Elite Heights,Aman Sharma
978,2024-05-04,Google Ads,Noida,8300000,Villa,Green Valley,Viral Kohli
979,2024-09-09,Facebook,Mumbai,10500000,Villa,Sky Residency,Viral Kohli
980,2024-05-26,Housing,Noida,15200000,Apartment,Sky Residency,Riya Kapoor
981,2024-02-25,99acres,Mumbai,13800000,Villa,Palm Towers,Sachin Tendulkar
982,2024-06-15,Housing,Hyderabad,5400000,Villa,Elite Heights,Riya Kapoor
983,2024-07-29,Housing,Hyderabad,10400000,Villa,Palm Towers,Sachin Tendulkar
984,2024-01-26,99acres,Pune,13000000,Apartment,Elite Heights,Priya Kapoor
985,2024-10-18,Housing,Hyderabad,12400000,Villa,Palm Towers,Shefali Mehta
986,2024-02-13,Facebook,Gurgaon,11200000,Plot,Green Valley,Praveen Tambe
987,2024-11-17,99acres,Pune,5300000,Apartment,Palm Towers,Shefali Mehta
988,2024-04-13,Referral,Noida,14200000,Villa,Green Valley,Praveen Tambe
989,2024-07-19,Google Ads,Noida,15600000,Apartment,Sky Residency,Praveen Tambe
990,2024-01-27,Google Ads,Mumbai,9200000,Villa,Sky Residency,Neha Singh
991,2024-02-09,Facebook,Noida,4100000,Villa,Urban Square,Shefali Mehta
992,2024-10-02,Referral,Pune,14800000,Villa,Urban Square,Aman Sharma
993,2024-02-05,99acres,Mumbai,5000000,Plot,Urban Square,Aman Sharma
994,2024-07-14,Facebook,Gurgaon,7600000,Apartment,Elite Heights,Sachin Tendulkar
995,2024-10-09,Google Ads,Bangalore,5400000,Villa,Palm Towers,Viral Kohli
996,2024-12-18,Google Ads,Pune,10400000,Apartment,Sky Residency,Neha Singh
997,2024-04-09,Housing,Mumbai,4400000,Apartment,Elite Heights,Neha Singh
998,2024-08-24,Google Ads,Pune,10100000,Plot,Palm Towers,Aman Sharma
999,2024-03-07,Google Ads,Gurgaon,18100000,Plot,Urban Square,Viral Kohli
1000,2024-11-05,Google Ads,Pune,8900000,Apartment,Palm Towers,Shefali Mehta
1001,2024-06-27,Facebook,Gurgaon,14700000,Apartment,Elite Heights,Shefali Mehta
1002,2024-11-24,99acres,Mumbai,4000000,Apartment,Palm Towers,Shefali Mehta
1003,2024-02-18,Google Ads,Gurgaon,6400000,Villa,Elite Heights,Aman Sharma
1004,2024-07-29,Facebook,Bangalore,6200000,Villa,Urban Square,Rohit Sharma
1005,2024-04-28,Google Ads,Mumbai,14100000,Villa,Urban Square,Riya Kapoor
1006,2024-10-05,Facebook,Mumbai,15700000,Plot,Green Valley,Viral Kohli
1007,2024-05-04,Housing,Hyderabad,19700000,Villa,Palm Towers,Ravi Mehta
1008,2024-08-13,Google Ads,Mumbai,17300000,Plot,Urban Square,Riya Kapoor
1009,2024-01-09,Facebook,Bangalore,13100000,Villa,Elite Heights,Sachin Tendulkar
1010,2024-10-01,Google Ads,Gurgaon,17900000,Villa,Urban Square,Priya Kapoor
1011,2024-12-06,99acres,Gurgaon,19300000,Apartment,Elite Heights,Sachin Tendulkar
1012,2024-05-16,Facebook,Bangalore,19200000,Villa,Green Valley,Neha Singh
1013,2024-10-31,Google Ads,Noida,19300000,Apartment,Sky Residency,Riya Kapoor
1014,2024-09-29,Google Ads,Gurgaon,10800000,Villa,Palm Towers,Riya Kapoor
1015,2024-07-15,99acres,Bangalore,19100000,Apartment,Elite Heights,Priya Kapoor
1016,2024-01-17,99acres,Noida,7000000,Apartment,Green Valley,Sachin Tendulkar
1017,2024-12-13,Facebook,Noida,17800000,Apartment,Palm Towers,Riya Kapoor
1018,2024-07-19,Facebook,Bangalore,17300000,Plot,Urban Square,Ravi Mehta
1019,2024-07-20,Facebook,Pune,12500000,Apartment,Urban Square,Praveen Tambe
1020,2024-02-14,Google Ads,Noida,6700000,Plot,Urban Square,Shefali Mehta
1021,2024-05-22,Referral,Mumbai,18600000,Plot,Urban Square,Viral Kohli
1022,2024-03-14,Facebook,Noida,4000000,Apartment,Elite Heights,Ravi Mehta
1023,2024-09-10,Google Ads,Noida,16000000,Apartment,Sky Residency,Priya Kapoor
1024,2024-07-27,99acres,Pune,6400000,Apartment,Urban Square,Priya Kapoor
1025,2024-10-20,99acres,Pune,18600000,Apartment,Green Valley,Neha Singh
1026,2024-04-08,Channel Partner,Gurgaon,11100000,Villa,Green Valley,Neha Singh
1027,2024-12-24,Facebook,Pune,4800000,Villa,Green Valley,Riya Kapoor
1028,2024-04-02,Referral,Pune,8900000,Plot,Green Valley,Praveen Tambe
1029,2024-08-06,Housing,Gurgaon,3700000,Plot,Palm Towers,Ravi Mehta
1030,2024-06-02,Referral,Mumbai,17600000,Villa,Elite Heights,Priya Kapoor
1031,2024-12-21,Housing,Noida,10000000,Apartment,Elite Heights,Priya Kapoor
1032,2024-11-19,Channel Partner,Gurgaon,11400000,Plot,Urban Square,Viral Kohli
1033,2024-06-27,Google Ads,Bangalore,6700000,Villa,Elite Heights,Shefali Mehta
1034,2024-07-26,Facebook,Gurgaon,16400000,Apartment,Green Valley,Aman Sharma
1035,2024-12-15,Google Ads,Gurgaon,14600000,Apartment,Sky Residency,Shefali Mehta
1036,2024-11-28,99acres,Pune,6200000,Plot,Urban Square,Rohit Sharma
1037,2024-09-28,Walk-in,Hyderabad,10800000,Apartment,Elite Heights,Aman Sharma
1038,2024-07-08,Google Ads,Gurgaon,10900000,Apartment,Elite Heights,Priya Kapoor
1039,2024-07-28,Google Ads,Hyderabad,18500000,Apartment,Green Valley,Priya Kapoor
1040,2024-01-26,Channel Partner,Gurgaon,8000000,Plot,Urban Square,Riya Kapoor
1041,2024-01-16,99acres,Noida,16000000,Apartment,Urban Square,Rohit Sharma
1042,2024-09-14,Google Ads,Gurgaon,15500000,Apartment,Urban Square,Praveen Tambe
1043,2024-02-27,Google Ads,Mumbai,7400000,Villa,Elite Heights,Shefali Mehta
1044,2024-10-28,Google Ads,Bangalore,4500000,Plot,Green Valley,Priya Kapoor
1045,2024-11-08,Housing,Gurgaon,4300000,Apartment,Elite Heights,Rohit Sharma
1046,2024-05-14,Google Ads,Noida,10100000,Plot,Sky Residency,Ravi Mehta
1047,2024-08-20,99acres,Gurgaon,17300000,Apartment,Palm Towers,Neha Singh
1048,2024-03-30,Referral,Noida,4200000,Villa,Elite Heights,Riya Kapoor
1049,2024-04-19,Google Ads,Gurgaon,19000000,Apartment,Green Valley,Ravi Mehta
1050,2024-07-31,Google Ads,Mumbai,9800000,Apartment,Green Valley,Neha Singh
1051,2024-05-15,Referral,Gurgaon,3500000,Plot,Green Valley,Riya Kapoor
1052,2024-03-27,Referral,Gurgaon,5700000,Plot,Green Valley,Ravi Mehta
1053,2024-04-13,Google Ads,Mumbai,4800000,Villa,Sky Residency,Praveen Tambe
1054,2024-01-01,Facebook,Gurgaon,5200000,Apartment,Sky Residency,Ravi Mehta
1055,2024-11-17,Facebook,Pune,12000000,Plot,Sky Residency,Neha Singh
1056,2024-02-04,Channel Partner,Hyderabad,15200000,Villa,Urban Square,Aman Sharma
1057,2024-02-12,Facebook,Mumbai,6600000,Villa,Sky Residency,Ravi Mehta
1058,2024-09-10,Google Ads,Bangalore,9600000,Apartment,Urban Square,Rohit Sharma
1059,2024-03-18,Referral,Hyderabad,17600000,Apartment,Sky Residency,Priya Kapoor
1060,2024-03-21,99acres,Noida,18200000,Plot,Sky Residency,Neha Singh
1061,2024-11-16,Housing,Hyderabad,13500000,Apartment,Sky Residency,Praveen Tambe
1062,2024-10-09,Google Ads,Noida,3800000,Apartment,Green Valley,Sachin Tendulkar
1063,2024-12-15,Google Ads,Gurgaon,19800000,Plot,Elite Heights,Ravi Mehta
1064,2024-09-27,99acres,Mumbai,15500000,Apartment,Sky Residency,Shefali Mehta
1065,2024-11-01,Google Ads,Mumbai,5500000,Apartment,Palm Towers,Shefali Mehta
1066,2024-12-08,Google Ads,Pune,9000000,Villa,Elite Heights,Neha Singh
1067,2024-11-10,99acres,Gurgaon,15600000,Apartment,Sky Residency,Viral Kohli
1068,2024-09-18,Google Ads,Mumbai,12300000,Apartment,Elite Heights,Riya Kapoor
1069,2024-02-07,99acres,Mumbai,6200000,Apartment,Sky Residency,Praveen Tambe
1070,2024-10-16,Referral,Gurgaon,8200000,Apartment,Sky Residency,Praveen Tambe
1071,2024-03-04,Facebook,Bangalore,9500000,Plot,Green Valley,Aman Sharma
1072,2024-12-12,Facebook,Noida,14400000,Apartment,Elite Heights,Praveen Tambe
1073,2024-07-30,Housing,Noida,7600000,Plot,Urban Square,Rohit Sharma
1074,2024-12-15,Google Ads,Gurgaon,13200000,Plot,Palm Towers,Riya Kapoor
1075,2024-06-01,Channel Partner,Gurgaon,16400000,Villa,Sky Residency,Neha Singh
1076,2024-05-02,Housing,Pune,10400000,Apartment,Elite Heights,Ravi Mehta
1077,2024-10-20,Housing,Noida,7600000,Apartment,Elite Heights,Ravi Mehta
1078,2024-04-30,Housing,Pune,13400000,Apartment,Sky Residency,Viral Kohli
1079,2024-10-21,Google Ads,Mumbai,4400000,Plot,Palm Towers,Ravi Mehta
1080,2024-01-18,Google Ads,Bangalore,18500000,Plot,Palm Towers,Shefali Mehta
1081,2024-06-20,Google Ads,Noida,7300000,Plot,Urban Square,Praveen Tambe
1082,2024-02-13,Referral,Gurgaon,15600000,Plot,Palm Towers,Shefali Mehta
1083,2024-10-16,Channel Partner,Gurgaon,3200000,Apartment,Green Valley,Neha Singh
1084,2024-08-17,Google Ads,Noida,11200000,Plot,Sky Residency,Rohit Sharma
1085,2024-12-03,Facebook,Gurgaon,15700000,Plot,Urban Square,Neha Singh
1086,2024-06-22,Google Ads,Gurgaon,10900000,Plot,Green Valley,Sachin Tendulkar
1087,2024-08-10,Facebook,Gurgaon,12300000,Villa,Palm Towers,Rohit Sharma
1088,2024-08-06,Google Ads,Noida,5800000,Plot,Sky Residency,Rohit Sharma
1089,2024-03-23,99acres,Gurgaon,14600000,Apartment,Elite Heights,Sachin Tendulkar
1090,2024-03-08,Facebook,Mumbai,16400000,Plot,Palm Towers,Ravi Mehta
1091,2024-01-22,Google Ads,Pune,11400000,Apartment,Green Valley,Priya Kapoor
1092,2024-04-30,Google Ads,Gurgaon,13800000,Villa,Sky Residency,Praveen Tambe
1093,2024-08-14,Facebook,Mumbai,7200000,Villa,Green Valley,Neha Singh
1094,2024-05-18,Facebook,Gurgaon,13700000,Villa,Urban Square,Aman Sharma
1095,2024-02-11,Referral,Noida,13100000,Villa,Green Valley,Priya Kapoor
1096,2024-01-10,Referral,Bangalore,19400000,Villa,Palm Towers,Viral Kohli
1097,2024-08-21,Facebook,Hyderabad,17600000,Plot,Urban Square,Praveen Tambe
1098,2024-11-22,Channel Partner,Bangalore,16000000,Apartment,Green Valley,Aman Sharma
1099,2024-09-06,99acres,Bangalore,14700000,Villa,Palm Towers,Praveen Tambe
1100,2024-11-11,99acres,Hyderabad,14200000,Villa,Elite Heights,Praveen Tambe
1101,2024-12-03,Facebook,Bangalore,3800000,Apartment,Palm Towers,Ravi Mehta
1102,2024-04-15,Google Ads,Pune,15400000,Plot,Green Valley,Rohit Sharma
1103,2024-07-28,99acres,Noida,9700000,Plot,Palm Towers,Aman Sharma
1104,2024-03-28,Channel Partner,Gurgaon,14600000,Apartment,Urban Square,Viral Kohli
1105,2024-10-02,Referral,Noida,17200000,Apartment,Elite Heights,Shefali Mehta
1106,2024-03-11,Google Ads,Gurgaon,18800000,Plot,Sky Residency,Sachin Tendulkar
1107,2024-06-03,Facebook,Noida,11500000,Apartment,Palm Towers,Sachin Tendulkar
1108,2024-01-12,Google Ads,Hyderabad,19200000,Apartment,Palm Towers,Riya Kapoor
1109,2024-07-20,Housing,Mumbai,10200000,Apartment,Sky Residency,Sachin Tendulkar
1110,2024-09-27,Google Ads,Bangalore,11400000,Plot,Urban Square,Shefali Mehta
1111,2024-01-31,99acres,Mumbai,11600000,Plot,Palm Towers,Ravi Mehta
1112,2024-01-22,Facebook,Gurgaon,11400000,Villa,Urban Square,Rohit Sharma
1113,2024-06-07,Google Ads,Hyderabad,6400000,Villa,Sky Residency,Ravi Mehta
1114,2024-08-07,Channel Partner,Hyderabad,12700000,Plot,Elite Heights,Sachin Tendulkar
1115,2024-10-20,Channel Partner,Pune,11900000,Villa,Sky Residency,Ravi Mehta
1116,2024-03-16,Google Ads,Pune,8200000,Plot,Sky Residency,Rohit Sharma
1117,2024-10-08,Google Ads,Noida,18900000,Villa,Green Valley,Neha Singh
1118,2024-03-13,Referral,Pune,10900000,Villa,Elite Heights,Rohit Sharma
1119,2024-05-30,Referral,Gurgaon,14000000,Plot,Urban Square,Riya Kapoor
1120,2024-01-30,Google Ads,Hyderabad,20000000,Plot,Sky Residency,Viral Kohli
1121,2024-03-18,Facebook,Mumbai,7100000,Plot,Elite Heights,Riya Kapoor
1122,2024-03-29,Referral,Mumbai,13200000,Apartment,Green Valley,Rohit Sharma
1123,2024-10-31,99acres,Gurgaon,13100000,Apartment,Palm Towers,Shefali Mehta
1124,2024-09-04,Housing,Pune,11100000,Villa,Palm Towers,Ravi Mehta
1125,2024-09-04,Channel Partner,Pune,6500000,Plot,Palm Towers,Sachin Tendulkar
1126,2024-06-13,Google Ads,Gurgaon,11700000,Villa,Green Valley,Rohit Sharma
1127,2024-02-09,Referral,Hyderabad,14600000,Apartment,Urban Square,Shefali Mehta
1128,2024-03-10,Channel Partner,Hyderabad,13500000,Apartment,Elite Heights,Shefali Mehta
1129,2024-07-04,Google Ads,Gurgaon,6100000,Villa,Elite Heights,Neha Singh
1130,2024-02-18,Facebook,Gurgaon,9200000,Apartment,Sky Residency,Priya Kapoor
1131,2024-10-16,Google Ads,Noida,12100000,Plot,Elite Heights,Ravi Mehta
1132,2024-10-04,Channel Partner,Mumbai,15100000,Apartment,Urban Square,Priya Kapoor
1133,2024-09-12,Housing,Gurgaon,8100000,Plot,Green Valley,Ravi Mehta
1134,2024-12-24,Housing,Gurgaon,11600000,Plot,Urban Square,Priya Kapoor
1135,2024-02-18,Google Ads,Gurgaon,10500000,Villa,Urban Square,Riya Kapoor
1136,2024-03-09,Walk-in,Mumbai,19100000,Apartment,Elite Heights,Aman Sharma
1137,2024-09-04,Google Ads,Gurgaon,7300000,Plot,Sky Residency,Rohit Sharma
1138,2024-06-10,Channel Partner,Bangalore,7200000,Plot,Sky Residency,Sachin Tendulkar
1139,2024-01-15,Facebook,Noida,13400000,Apartment,Green Valley,Praveen Tambe
1140,2024-03-16,Facebook,Gurgaon,12900000,Apartment,Elite Heights,Priya Kapoor
1141,2024-04-23,99acres,Gurgaon,3500000,Villa,Sky Residency,Aman Sharma
1142,2024-08-18,Facebook,Bangalore,11700000,Apartment,Sky Residency,Praveen Tambe
1143,2024-05-11,Housing,Gurgaon,7000000,Plot,Urban Square,Ravi Mehta
1144,2024-07-06,Referral,Gurgaon,12600000,Plot,Green Valley,Riya Kapoor
1145,2024-03-22,Google Ads,Gurgaon,15500000,Villa,Elite Heights,Aman Sharma
1146,2024-05-19,Facebook,Bangalore,17400000,Villa,Green Valley,Riya Kapoor
1147,2024-01-12,Google Ads,Mumbai,9100000,Villa,Green Valley,Sachin Tendulkar
1148,2024-12-29,Channel Partner,Pune,4900000,Plot,Urban Square,Rohit Sharma
1149,2024-04-17,Channel Partner,Mumbai,5600000,Plot,Urban Square,Shefali Mehta
1150,2024-05-31,Referral,Hyderabad,17400000,Plot,Palm Towers,Priya Kapoor
1151,2024-10-17,99acres,Noida,15200000,Plot,Palm Towers,Neha Singh
1152,2024-11-15,Facebook,Noida,17000000,Plot,Sky Residency,Priya Kapoor
1153,2024-04-20,Google Ads,Noida,4200000,Plot,Palm Towers,Rohit Sharma
1154,2024-04-04,Referral,Noida,12400000,Villa,Sky Residency,Praveen Tambe
1155,2024-08-05,Walk-in,Mumbai,6200000,Plot,Palm Towers,Priya Kapoor
1156,2024-06-08,Referral,Noida,10500000,Plot,Sky Residency,Aman Sharma
1157,2024-09-01,Google Ads,Hyderabad,19200000,Apartment,Urban Square,Neha Singh
1158,2024-09-05,Facebook,Hyderabad,9300000,Villa,Green Valley,Riya Kapoor
1159,2024-06-02,99acres,Pune,11700000,Apartment,Urban Square,Ravi Mehta
1160,2024-04-15,Facebook,Noida,6800000,Apartment,Green Valley,Riya Kapoor
1161,2024-02-12,Facebook,Noida,14800000,Villa,Urban Square,Ravi Mehta
1162,2024-06-25,Google Ads,Noida,11500000,Plot,Urban Square,Rohit Sharma
1163,2024-04-07,99acres,Mumbai,13300000,Villa,Palm Towers,Viral Kohli
1164,2024-07-04,99acres,Noida,9600000,Plot,Green Valley,Sachin Tendulkar
1165,2024-08-23,Referral,Mumbai,12100000,Apartment,Urban Square,Ravi Mehta
1166,2024-07-11,99acres,Pune,8500000,Apartment,Palm Towers,Priya Kapoor
1167,2024-05-20,Referral,Noida,3700000,Apartment,Sky Residency,Praveen Tambe
1168,2024-10-16,Google Ads,Mumbai,9200000,Plot,Green Valley,Riya Kapoor
1169,2024-11-12,Channel Partner,Hyderabad,10000000,Plot,Palm Towers,Riya Kapoor
1170,2024-06-17,Walk-in,Bangalore,4800000,Apartment,Palm Towers,Rohit Sharma
1171,2024-02-16,99acres,Gurgaon,3700000,Apartment,Sky Residency,Aman Sharma
1172,2024-03-15,Channel Partner,Mumbai,7000000,Plot,Elite Heights,Priya Kapoor
1173,2024-01-24,Referral,Gurgaon,7900000,Apartment,Sky Residency,Aman Sharma
1174,2024-03-17,Walk-in,Pune,10700000,Plot,Green Valley,Rohit Sharma
1175,2024-11-30,Google Ads,Gurgaon,8300000,Plot,Palm Towers,Shefali Mehta
1176,2024-09-12,99acres,Noida,5400000,Villa,Sky Residency,Ravi Mehta
1177,2024-09-14,Google Ads,Pune,16700000,Villa,Green Valley,Praveen Tambe
1178,2024-03-01,Facebook,Mumbai,17100000,Apartment,Urban Square,Viral Kohli
1179,2024-05-03,Walk-in,Pune,3000000,Plot,Palm Towers,Ravi Mehta
1180,2024-08-27,Channel Partner,Gurgaon,4100000,Villa,Urban Square,Viral Kohli
1181,2024-05-02,Google Ads,Gurgaon,15300000,Plot,Urban Square,Rohit Sharma
1182,2024-04-03,Facebook,Noida,18900000,Apartment,Sky Residency,Riya Kapoor
1183,2024-01-20,99acres,Gurgaon,14700000,Plot,Palm Towers,Sachin Tendulkar
1184,2024-05-30,Google Ads,Mumbai,5400000,Villa,Elite Heights,Praveen Tambe
1185,2024-10-29,Facebook,Pune,12700000,Villa,Elite Heights,Rohit Sharma
1186,2024-01-11,Facebook,Gurgaon,3800000,Plot,Sky Residency,Sachin Tendulkar
1187,2024-10-11,Google Ads,Pune,16000000,Apartment,Urban Square,Aman Sharma
1188,2024-05-10,Facebook,Mumbai,8600000,Plot,Elite Heights,Ravi Mehta
1189,2024-12-05,Facebook,Noida,15600000,Apartment,Sky Residency,Viral Kohli
1190,2024-12-10,99acres,Bangalore,13400000,Plot,Sky Residency,Viral Kohli
1191,2024-03-29,Facebook,Hyderabad,5400000,Plot,Urban Square,Neha Singh
1192,2024-08-11,99acres,Noida,6200000,Apartment,Urban Square,Viral Kohli
1193,2024-02-23,Housing,Pune,13200000,Villa,Elite Heights,Priya Kapoor
1194,2024-01-01,Facebook,Bangalore,8300000,Apartment,Sky Residency,Neha Singh
1195,2024-11-16,Google Ads,Mumbai,5700000,Villa,Urban Square,Priya Kapoor
1196,2024-06-14,Housing,Gurgaon,7600000,Apartment,Green Valley,Rohit Sharma
1197,2024-10-06,99acres,Gurgaon,12600000,Villa,Sky Residency,Aman Sharma
1198,2024-06-07,Google Ads,Noida,7400000,Plot,Elite Heights,Ravi Mehta
1199,2024-12-08,Google Ads,Noida,9600000,Plot,Elite Heights,Ravi Mehta
1200,2024-12-04,Walk-in,Mumbai,15400000,Villa,Elite Heights,Praveen Tambe
1201,2024-06-03,Channel Partner,Noida,4100000,Villa,Elite Heights,Sachin Tendulkar
1202,2024-12-04,Facebook,Mumbai,19100000,Plot,Sky Residency,Ravi Mehta
1203,2024-03-23,Google Ads,Noida,14200000,Villa,Urban Square,Sachin Tendulkar
1204,2024-04-23,Facebook,Gurgaon,15500000,Plot,Sky Residency,Aman Sharma
1205,2024-04-10,Google Ads,Pune,14100000,Plot,Palm Towers,Rohit Sharma
1206,2024-06-21,Housing,Gurgaon,16100000,Plot,Elite Heights,Praveen Tambe
1207,2024-12-05,Channel Partner,Bangalore,8800000,Villa,Sky Residency,Riya Kapoor
1208,2024-12-21,Walk-in,Hyderabad,16200000,Villa,Green Valley,Priya Kapoor
1209,2024-04-24,Facebook,Hyderabad,15900000,Plot,Palm Towers,Priya Kapoor
1210,2024-07-14,Facebook,Gurgaon,17700000,Villa,Sky Residency,Viral Kohli
1211,2024-01-17,Referral,Pune,14900000,Villa,Sky Residency,Viral Kohli
1212,2024-12-29,Google Ads,Gurgaon,5700000,Apartment,Sky Residency,Neha Singh
1213,2024-11-17,Google Ads,Hyderabad,7900000,Apartment,Elite Heights,Shefali Mehta
1214,2024-08-30,Google Ads,Gurgaon,10700000,Villa,Urban Square,Neha Singh
1215,2024-09-20,Facebook,Gurgaon,7500000,Apartment,Elite Heights,Riya Kapoor
1216,2024-05-19,Google Ads,Gurgaon,6400000,Villa,Palm Towers,Viral Kohli
1217,2024-02-03,Google Ads,Gurgaon,19500000,Apartment,Sky Residency,Riya Kapoor
1218,2024-06-27,Facebook,Gurgaon,16000000,Villa,Urban Square,Aman Sharma
1219,2024-09-22,Channel Partner,Bangalore,6100000,Villa,Urban Square,Praveen Tambe
1220,2024-02-28,Google Ads,Bangalore,7000000,Apartment,Sky Residency,Praveen Tambe
1221,2024-01-03,Facebook,Mumbai,9900000,Plot,Palm Towers,Shefali Mehta
1222,2024-10-27,Walk-in,Hyderabad,11100000,Plot,Palm Towers,Rohit Sharma
1223,2024-07-04,Channel Partner,Mumbai,10300000,Plot,Sky Residency,Aman Sharma
1224,2024-10-28,Google Ads,Gurgaon,13000000,Villa,Urban Square,Ravi Mehta
1225,2024-08-23,Housing,Gurgaon,4700000,Villa,Palm Towers,Aman Sharma
1226,2024-01-23,Google Ads,Bangalore,13800000,Villa,Urban Square,Priya Kapoor
1227,2024-05-03,Referral,Gurgaon,10100000,Plot,Elite Heights,Sachin Tendulkar
1228,2024-09-14,Facebook,Gurgaon,5500000,Plot,Green Valley,Neha Singh
1229,2024-03-31,Referral,Pune,14400000,Plot,Green Valley,Aman Sharma
1230,2024-01-23,Google Ads,Pune,4600000,Plot,Urban Square,Riya Kapoor
1231,2024-02-19,Walk-in,Bangalore,10200000,Plot,Urban Square,Priya Kapoor
1232,2024-01-13,Facebook,Noida,11800000,Villa,Palm Towers,Neha Singh
1233,2024-04-05,99acres,Noida,6500000,Villa,Elite Heights,Shefali Mehta
1234,2024-01-07,Google Ads,Gurgaon,19600000,Plot,Palm Towers,Riya Kapoor
1235,2024-05-09,Housing,Noida,17300000,Plot,Palm Towers,Sachin Tendulkar
1236,2024-08-09,Google Ads,Gurgaon,3900000,Apartment,Green Valley,Ravi Mehta
1237,2024-07-16,Google Ads,Noida,16100000,Apartment,Urban Square,Riya Kapoor
1238,2024-11-02,Google Ads,Mumbai,6900000,Villa,Sky Residency,Shefali Mehta
1239,2024-01-01,Facebook,Gurgaon,4700000,Villa,Urban Square,Praveen Tambe
1240,2024-03-31,Facebook,Gurgaon,13900000,Villa,Palm Towers,Viral Kohli
1241,2024-01-09,Housing,Hyderabad,5200000,Plot,Urban Square,Aman Sharma
1242,2024-03-07,Housing,Mumbai,15200000,Apartment,Elite Heights,Riya Kapoor
1243,2024-05-08,99acres,Bangalore,15500000,Villa,Elite Heights,Rohit Sharma
1244,2024-01-12,Google Ads,Hyderabad,7400000,Apartment,Elite Heights,Riya Kapoor
1245,2024-09-24,Google Ads,Noida,11600000,Villa,Urban Square,Ravi Mehta
1246,2024-07-18,Google Ads,Gurgaon,18300000,Apartment,Sky Residency,Riya Kapoor
1247,2024-04-09,Google Ads,Noida,10900000,Plot,Urban Square,Priya Kapoor
1248,2024-11-23,Google Ads,Pune,14100000,Plot,Sky Residency,Sachin Tendulkar
1249,2024-12-09,Channel Partner,Pune,15400000,Apartment,Palm Towers,Rohit Sharma
1250,2024-09-13,Google Ads,Mumbai,15100000,Apartment,Urban Square,Neha Singh
1251,2024-01-11,Facebook,Gurgaon,12000000,Apartment,Green Valley,Shefali Mehta
1252,2024-02-02,Facebook,Bangalore,6200000,Plot,Palm Towers,Praveen Tambe
1253,2024-07-26,Google Ads,Noida,7900000,Apartment,Palm Towers,Ravi Mehta
1254,2024-02-19,Google Ads,Pune,19100000,Villa,Sky Residency,Aman Sharma
1255,2024-01-22,Facebook,Hyderabad,16200000,Apartment,Elite Heights,Sachin Tendulkar
1256,2024-11-23,Facebook,Noida,18600000,Apartment,Urban Square,Rohit Sharma
1257,2024-01-10,Google Ads,Pune,5300000,Apartment,Sky Residency,Sachin Tendulkar
1258,2024-03-17,Facebook,Noida,15000000,Villa,Elite Heights,Aman Sharma
1259,2024-10-26,Channel Partner,Noida,17400000,Apartment,Elite Heights,Rohit Sharma
1260,2024-09-09,99acres,Bangalore,16500000,Plot,Sky Residency,Priya Kapoor
1261,2024-02-24,Facebook,Bangalore,12100000,Villa,Palm Towers,Sachin Tendulkar
1262,2024-11-09,Walk-in,Pune,14300000,Apartment,Green Valley,Praveen Tambe
1263,2024-11-30,Facebook,Mumbai,6800000,Plot,Palm Towers,Neha Singh
1264,2024-04-24,Google Ads,Mumbai,7600000,Apartment,Elite Heights,Sachin Tendulkar
1265,2024-04-18,Google Ads,Noida,7300000,Apartment,Palm Towers,Riya Kapoor
1266,2024-08-23,Google Ads,Gurgaon,13900000,Villa,Palm Towers,Ravi Mehta
1267,2024-07-29,Google Ads,Mumbai,18400000,Apartment,Sky Residency,Viral Kohli
1268,2024-05-08,Facebook,Gurgaon,8700000,Apartment,Elite Heights,Shefali Mehta
1269,2024-04-09,Google Ads,Gurgaon,17400000,Villa,Green Valley,Praveen Tambe
1270,2024-03-06,Facebook,Mumbai,7300000,Villa,Palm Towers,Aman Sharma
1271,2024-09-29,Channel Partner,Bangalore,14400000,Apartment,Palm Towers,Sachin Tendulkar
1272,2024-07-04,Facebook,Gurgaon,4100000,Apartment,Palm Towers,Aman Sharma
1273,2024-11-22,Channel Partner,Gurgaon,17900000,Apartment,Elite Heights,Priya Kapoor
1274,2024-03-15,Google Ads,Pune,10700000,Apartment,Urban Square,Ravi Mehta
1275,2024-04-23,Google Ads,Pune,16300000,Apartment,Sky Residency,Shefali Mehta
1276,2024-02-22,Google Ads,Gurgaon,11800000,Apartment,Urban Square,Riya Kapoor
1277,2024-10-13,99acres,Noida,5000000,Plot,Elite Heights,Praveen Tambe
1278,2024-01-02,Housing,Pune,11400000,Apartment,Palm Towers,Viral Kohli
1279,2024-04-07,Google Ads,Bangalore,14300000,Apartment,Palm Towers,Riya Kapoor
1280,2024-04-23,Facebook,Bangalore,12600000,Plot,Elite Heights,Aman Sharma
1281,2024-02-08,99acres,Gurgaon,10400000,Plot,Palm Towers,Priya Kapoor
1282,2024-01-10,Channel Partner,Pune,18900000,Plot,Green Valley,Neha Singh
1283,2024-12-31,Channel Partner,Pune,19100000,Villa,Elite Heights,Neha Singh
1284,2024-04-24,Facebook,Mumbai,8400000,Plot,Sky Residency,Riya Kapoor
1285,2024-01-05,Channel Partner,Gurgaon,7500000,Apartment,Urban Square,Aman Sharma
1286,2024-12-12,Housing,Bangalore,8200000,Apartment,Palm Towers,Priya Kapoor
1287,2024-08-24,Facebook,Mumbai,3400000,Plot,Elite Heights,Rohit Sharma
1288,2024-08-25,Facebook,Pune,17000000,Apartment,Urban Square,Sachin Tendulkar
1289,2024-10-10,Google Ads,Noida,16500000,Plot,Green Valley,Riya Kapoor
1290,2024-08-02,Facebook,Hyderabad,5300000,Apartment,Elite Heights,Viral Kohli
1291,2024-01-28,Facebook,Bangalore,8500000,Villa,Sky Residency,Aman Sharma
1292,2024-12-31,99acres,Noida,15700000,Plot,Elite Heights,Ravi Mehta
1293,2024-09-25,99acres,Mumbai,15100000,Villa,Green Valley,Riya Kapoor
1294,2024-10-11,Housing,Bangalore,6000000,Villa,Green Valley,Shefali Mehta
1295,2024-09-27,Facebook,Hyderabad,12200000,Villa,Elite Heights,Neha Singh
1296,2024-09-11,Google Ads,Mumbai,16200000,Plot,Sky Residency,Riya Kapoor
1297,2024-07-09,99acres,Noida,15200000,Apartment,Sky Residency,Rohit Sharma
1298,2024-08-01,Google Ads,Mumbai,4200000,Plot,Elite Heights,Priya Kapoor
1299,2024-04-04,Channel Partner,Noida,11900000,Plot,Sky Residency,Priya Kapoor
1300,2024-07-25,Google Ads,Mumbai,4700000,Apartment,Palm Towers,Sachin Tendulkar
1301,2024-03-03,Google Ads,Noida,15800000,Villa,Urban Square,Rohit Sharma
1302,2024-11-29,Google Ads,Hyderabad,10000000,Apartment,Palm Towers,Sachin Tendulkar
1303,2024-07-06,Google Ads,Pune,9300000,Plot,Green Valley,Praveen Tambe
1304,2024-11-30,Housing,Gurgaon,4300000,Apartment,Elite Heights,Priya Kapoor
1305,2024-12-06,Channel Partner,Gurgaon,18500000,Villa,Green Valley,Riya Kapoor
1306,2024-12-10,Facebook,Noida,12300000,Villa,Sky Residency,Priya Kapoor
1307,2024-03-28,99acres,Noida,3300000,Apartment,Urban Square,Rohit Sharma
1308,2024-05-30,Facebook,Noida,6900000,Plot,Green Valley,Praveen Tambe
1309,2024-12-07,Facebook,Pune,12100000,Plot,Green Valley,Priya Kapoor
1310,2024-02-14,Facebook,Noida,19300000,Villa,Palm Towers,Aman Sharma
1311,2024-09-15,Google Ads,Pune,13900000,Plot,Urban Square,Priya Kapoor
1312,2024-01-17,Referral,Noida,10800000,Apartment,Sky Residency,Praveen Tambe
1313,2024-11-01,Referral,Gurgaon,16000000,Villa,Sky Residency,Riya Kapoor
1314,2024-01-05,Google Ads,Noida,10100000,Villa,Green Valley,Neha Singh
1315,2024-04-29,Housing,Hyderabad,17000000,Villa,Elite Heights,Shefali Mehta
1316,2024-08-18,Google Ads,Gurgaon,7200000,Villa,Green Valley,Sachin Tendulkar
1317,2024-05-07,Google Ads,Mumbai,11700000,Villa,Palm Towers,Praveen Tambe
1318,2024-07-24,99acres,Gurgaon,18100000,Apartment,Green Valley,Riya Kapoor
1319,2024-03-07,Facebook,Hyderabad,7000000,Apartment,Elite Heights,Sachin Tendulkar
1320,2024-08-30,Referral,Gurgaon,7800000,Plot,Palm Towers,Riya Kapoor
1321,2024-06-04,99acres,Pune,16500000,Plot,Sky Residency,Aman Sharma
1322,2024-07-31,Referral,Pune,4600000,Plot,Palm Towers,Sachin Tendulkar
1323,2024-05-06,99acres,Noida,12000000,Plot,Green Valley,Sachin Tendulkar
1324,2024-11-15,Referral,Noida,10600000,Villa,Green Valley,Viral Kohli
1325,2024-10-05,Walk-in,Gurgaon,15500000,Villa,Sky Residency,Viral Kohli
1326,2024-10-30,Referral,Noida,5500000,Villa,Green Valley,Riya Kapoor
1327,2024-09-18,Google Ads,Gurgaon,6100000,Apartment,Urban Square,Aman Sharma
1328,2024-10-10,Facebook,Gurgaon,16800000,Plot,Urban Square,Rohit Sharma
1329,2024-03-15,Referral,Noida,18400000,Villa,Sky Residency,Shefali Mehta
1330,2024-06-05,99acres,Bangalore,19600000,Plot,Urban Square,Shefali Mehta
1331,2024-09-17,Facebook,Gurgaon,17100000,Villa,Urban Square,Viral Kohli
1332,2024-08-19,Google Ads,Gurgaon,18800000,Apartment,Sky Residency,Riya Kapoor
1333,2024-10-04,99acres,Mumbai,18600000,Apartment,Sky Residency,Sachin Tendulkar
1334,2024-01-21,Referral,Bangalore,4400000,Apartment,Elite Heights,Rohit Sharma
1335,2024-05-01,Referral,Gurgaon,5700000,Villa,Palm Towers,Sachin Tendulkar
1336,2024-07-24,Google Ads,Gurgaon,11200000,Plot,Sky Residency,Aman Sharma
1337,2024-04-17,Facebook,Noida,13300000,Plot,Elite Heights,Ravi Mehta
1338,2024-08-03,Housing,Noida,3800000,Plot,Elite Heights,Neha Singh
1339,2024-06-15,Facebook,Mumbai,10200000,Plot,Palm Towers,Viral Kohli
1340,2024-10-09,99acres,Hyderabad,3000000,Villa,Sky Residency,Priya Kapoor
1341,2024-06-10,99acres,Gurgaon,13500000,Plot,Green Valley,Rohit Sharma
1342,2024-03-11,99acres,Bangalore,5000000,Villa,Sky Residency,Sachin Tendulkar
1343,2024-09-27,Referral,Mumbai,19000000,Apartment,Sky Residency,Priya Kapoor
1344,2024-09-21,Facebook,Hyderabad,8300000,Villa,Palm Towers,Ravi Mehta
1345,2024-06-16,Facebook,Pune,8400000,Villa,Sky Residency,Shefali Mehta
1346,2024-07-03,Referral,Mumbai,10600000,Apartment,Green Valley,Neha Singh
1347,2024-05-16,Google Ads,Mumbai,13800000,Plot,Sky Residency,Rohit Sharma
1348,2024-03-30,Google Ads,Bangalore,9400000,Villa,Elite Heights,Rohit Sharma
1349,2024-02-10,99acres,Gurgaon,18700000,Plot,Elite Heights,Shefali Mehta
1350,2024-05-02,Google Ads,Bangalore,18500000,Villa,Palm Towers,Viral Kohli
1351,2024-03-06,Referral,Pune,9500000,Apartment,Green Valley,Praveen Tambe
1352,2024-02-28,Google Ads,Pune,11900000,Villa,Urban Square,Ravi Mehta
1353,2024-11-14,Channel Partner,Noida,15100000,Plot,Green Valley,Shefali Mehta
1354,2024-05-10,Walk-in,Hyderabad,11200000,Apartment,Urban Square,Riya Kapoor
1355,2024-11-04,Facebook,Gurgaon,3300000,Apartment,Urban Square,Riya Kapoor
1356,2024-05-18,Google Ads,Bangalore,19600000,Apartment,Green Valley,Aman Sharma
1357,2024-04-28,99acres,Bangalore,4200000,Plot,Green Valley,Praveen Tambe
1358,2024-06-04,Housing,Mumbai,8700000,Villa,Green Valley,Ravi Mehta
1359,2024-10-10,Google Ads,Mumbai,16400000,Apartment,Urban Square,Riya Kapoor
1360,2024-01-08,Google Ads,Noida,14400000,Apartment,Green Valley,Sachin Tendulkar
1361,2024-01-16,99acres,Noida,12500000,Apartment,Green Valley,Ravi Mehta
1362,2024-12-16,Walk-in,Gurgaon,6700000,Plot,Sky Residency,Shefali Mehta
1363,2024-12-06,Facebook,Gurgaon,6600000,Apartment,Palm Towers,Viral Kohli
1364,2024-12-10,Facebook,Noida,18800000,Villa,Sky Residency,Viral Kohli
1365,2024-02-04,Referral,Pune,14900000,Plot,Elite Heights,Sachin Tendulkar
1366,2024-12-18,99acres,Hyderabad,19100000,Villa,Urban Square,Viral Kohli
1367,2024-04-05,Housing,Noida,16900000,Apartment,Sky Residency,Neha Singh
1368,2024-01-13,Facebook,Mumbai,17400000,Plot,Urban Square,Neha Singh
1369,2024-10-05,Housing,Pune,13200000,Plot,Palm Towers,Priya Kapoor
1370,2024-03-05,Referral,Mumbai,19200000,Villa,Sky Residency,Viral Kohli
1371,2024-05-30,Google Ads,Mumbai,16200000,Apartment,Palm Towers,Priya Kapoor
1372,2024-08-09,Google Ads,Gurgaon,12000000,Villa,Elite Heights,Riya Kapoor
1373,2024-05-15,Housing,Hyderabad,18200000,Plot,Elite Heights,Ravi Mehta
1374,2024-09-10,Channel Partner,Bangalore,15500000,Villa,Palm Towers,Sachin Tendulkar
1375,2024-06-16,Facebook,Bangalore,18400000,Villa,Elite Heights,Priya Kapoor
1376,2024-02-27,99acres,Gurgaon,13100000,Plot,Green Valley,Riya Kapoor
1377,2024-04-11,Google Ads,Noida,19300000,Apartment,Palm Towers,Aman Sharma
1378,2024-06-19,Facebook,Pune,7400000,Apartment,Green Valley,Ravi Mehta
1379,2024-02-09,Google Ads,Hyderabad,17200000,Villa,Green Valley,Neha Singh
1380,2024-08-30,Facebook,Bangalore,15200000,Apartment,Palm Towers,Sachin Tendulkar
1381,2024-08-21,Google Ads,Gurgaon,8500000,Apartment,Urban Square,Riya Kapoor
1382,2024-01-22,99acres,Hyderabad,10500000,Villa,Elite Heights,Neha Singh
1383,2024-01-08,99acres,Noida,7500000,Apartment,Elite Heights,Aman Sharma
1384,2024-07-26,Google Ads,Pune,15900000,Villa,Sky Residency,Riya Kapoor
1385,2024-08-11,Housing,Mumbai,3000000,Plot,Elite Heights,Neha Singh
1386,2024-02-23,Google Ads,Mumbai,16500000,Apartment,Elite Heights,Rohit Sharma
1387,2024-02-26,Facebook,Noida,3300000,Villa,Elite Heights,Sachin Tendulkar
1388,2024-03-10,Google Ads,Hyderabad,6400000,Apartment,Urban Square,Neha Singh
1389,2024-04-27,Google Ads,Pune,16800000,Villa,Urban Square,Sachin Tendulkar
1390,2024-07-18,99acres,Pune,14600000,Plot,Urban Square,Aman Sharma
1391,2024-08-31,Housing,Bangalore,17100000,Villa,Urban Square,Neha Singh
1392,2024-01-24,Referral,Noida,5400000,Plot,Green Valley,Riya Kapoor
1393,2024-05-17,Google Ads,Bangalore,3300000,Apartment,Sky Residency,Sachin Tendulkar
1394,2024-12-03,Facebook,Bangalore,10600000,Apartment,Palm Towers,Aman Sharma
1395,2024-03-22,Facebook,Mumbai,17600000,Villa,Sky Residency,Neha Singh
1396,2024-06-05,Google Ads,Gurgaon,19600000,Apartment,Green Valley,Viral Kohli
1397,2024-12-21,Channel Partner,Noida,14200000,Plot,Urban Square,Ravi Mehta
1398,2024-11-10,Google Ads,Noida,7700000,Apartment,Green Valley,Shefali Mehta
1399,2024-07-24,Google Ads,Hyderabad,18500000,Plot,Urban Square,Shefali Mehta
1400,2024-03-05,Google Ads,Hyderabad,10800000,Villa,Green Valley,Ravi Mehta
1401,2024-08-10,Walk-in,Noida,18200000,Apartment,Sky Residency,Praveen Tambe
1402,2024-01-14,Google Ads,Noida,19100000,Plot,Green Valley,Aman Sharma
1403,2024-07-08,99acres,Bangalore,18700000,Villa,Urban Square,Praveen Tambe
1404,2024-06-10,Facebook,Noida,8400000,Villa,Elite Heights,Praveen Tambe
1405,2024-10-01,Google Ads,Noida,17500000,Apartment,Sky Residency,Praveen Tambe
1406,2024-12-13,Google Ads,Pune,5400000,Villa,Green Valley,Viral Kohli
1407,2024-09-27,Referral,Bangalore,8800000,Apartment,Palm Towers,Aman Sharma
1408,2024-04-11,Facebook,Mumbai,14100000,Apartment,Elite Heights,Praveen Tambe
1409,2024-06-03,Referral,Hyderabad,11400000,Plot,Urban Square,Rohit Sharma
1410,2024-03-01,Walk-in,Mumbai,19800000,Plot,Elite Heights,Praveen Tambe
1411,2024-08-12,Google Ads,Gurgaon,4700000,Villa,Urban Square,Neha Singh
1412,2024-04-07,Housing,Noida,16100000,Apartment,Elite Heights,Viral Kohli
1413,2024-08-17,99acres,Pune,7100000,Plot,Elite Heights,Viral Kohli
1414,2024-08-23,Facebook,Bangalore,13500000,Apartment,Sky Residency,Priya Kapoor
1415,2024-12-02,Google Ads,Gurgaon,14500000,Plot,Green Valley,Priya Kapoor
1416,2024-02-01,Walk-in,Noida,10200000,Villa,Palm Towers,Ravi Mehta
1417,2024-04-06,Google Ads,Bangalore,13900000,Apartment,Elite Heights,Sachin Tendulkar
1418,2024-01-10,Channel Partner,Noida,16400000,Villa,Sky Residency,Viral Kohli
1419,2024-09-15,Google Ads,Mumbai,12500000,Villa,Urban Square,Sachin Tendulkar
1420,2024-07-30,Referral,Gurgaon,18300000,Apartment,Green Valley,Viral Kohli
1421,2024-02-04,99acres,Bangalore,8500000,Apartment,Elite Heights,Riya Kapoor
1422,2024-03-18,99acres,Noida,6300000,Villa,Sky Residency,Shefali Mehta
1423,2024-04-01,Facebook,Noida,19500000,Plot,Green Valley,Priya Kapoor
1424,2024-03-16,Channel Partner,Gurgaon,12400000,Villa,Urban Square,Shefali Mehta
1425,2024-02-22,99acres,Hyderabad,19000000,Villa,Sky Residency,Rohit Sharma
1426,2024-07-17,Google Ads,Gurgaon,13400000,Plot,Urban Square,Viral Kohli
1427,2024-11-04,Referral,Hyderabad,8000000,Villa,Palm Towers,Neha Singh
1428,2024-05-03,Channel Partner,Pune,10900000,Apartment,Elite Heights,Shefali Mehta
1429,2024-02-01,Google Ads,Mumbai,7800000,Villa,Palm Towers,Aman Sharma
1430,2024-09-26,Walk-in,Gurgaon,16900000,Apartment,Palm Towers,Priya Kapoor
1431,2024-10-18,Facebook,Pune,10500000,Apartment,Sky Residency,Aman Sharma
1432,2024-11-28,Channel Partner,Noida,16400000,Villa,Green Valley,Praveen Tambe
1433,2024-02-19,Facebook,Bangalore,9700000,Villa,Green Valley,Shefali Mehta
1434,2024-12-17,Facebook,Noida,15000000,Apartment,Palm Towers,Rohit Sharma
1435,2024-02-27,99acres,Hyderabad,3000000,Villa,Urban Square,Ravi Mehta
1436,2024-06-30,Google Ads,Gurgaon,19400000,Plot,Sky Residency,Praveen Tambe
1437,2024-05-31,Facebook,Noida,19100000,Villa,Palm Towers,Praveen Tambe
1438,2024-06-09,99acres,Mumbai,6500000,Villa,Sky Residency,Priya Kapoor
1439,2024-01-26,99acres,Mumbai,19200000,Apartment,Sky Residency,Sachin Tendulkar
1440,2024-01-27,99acres,Mumbai,7600000,Villa,Sky Residency,Sachin Tendulkar
1441,2024-07-07,Facebook,Noida,6000000,Plot,Palm Towers,Viral Kohli
1442,2024-11-12,Housing,Noida,9500000,Plot,Palm Towers,Viral Kohli
1443,2024-05-24,Google Ads,Gurgaon,13000000,Villa,Sky Residency,Rohit Sharma
1444,2024-10-26,Referral,Noida,3900000,Apartment,Elite Heights,Praveen Tambe
1445,2024-09-14,Google Ads,Gurgaon,7200000,Plot,Green Valley,Aman Sharma
1446,2024-08-24,Google Ads,Mumbai,7100000,Apartment,Elite Heights,Viral Kohli
1447,2024-06-14,Channel Partner,Mumbai,13400000,Villa,Urban Square,Sachin Tendulkar
1448,2024-05-13,Channel Partner,Gurgaon,11700000,Villa,Green Valley,Riya Kapoor
1449,2024-11-05,Facebook,Bangalore,8000000,Apartment,Green Valley,Ravi Mehta
1450,2024-06-10,Google Ads,Bangalore,18600000,Villa,Green Valley,Priya Kapoor
1451,2024-09-24,99acres,Gurgaon,11700000,Plot,Elite Heights,Ravi Mehta
1452,2024-03-18,Referral,Gurgaon,10100000,Apartment,Sky Residency,Praveen Tambe
1453,2024-10-08,Housing,Gurgaon,9800000,Plot,Green Valley,Aman Sharma
1454,2024-09-18,Facebook,Mumbai,8300000,Villa,Palm Towers,Aman Sharma
1455,2024-08-26,Facebook,Bangalore,3400000,Villa,Palm Towers,Rohit Sharma
1456,2024-01-20,Facebook,Noida,10100000,Apartment,Sky Residency,Priya Kapoor
1457,2024-01-05,Channel Partner,Noida,9200000,Apartment,Urban Square,Sachin Tendulkar
1458,2024-01-12,Google Ads,Hyderabad,14200000,Plot,Sky Residency,Riya Kapoor
1459,2024-07-16,Channel Partner,Gurgaon,17500000,Apartment,Sky Residency,Viral Kohli
1460,2024-04-12,Google Ads,Bangalore,15600000,Villa,Elite Heights,Rohit Sharma
1461,2024-07-12,99acres,Gurgaon,10000000,Villa,Elite Heights,Priya Kapoor
1462,2024-12-04,99acres,Mumbai,13600000,Plot,Elite Heights,Praveen Tambe
1463,2024-04-23,Channel Partner,Gurgaon,8100000,Villa,Urban Square,Riya Kapoor
1464,2024-11-23,Google Ads,Mumbai,11000000,Apartment,Sky Residency,Rohit Sharma
1465,2024-07-25,Google Ads,Gurgaon,4000000,Plot,Sky Residency,Viral Kohli
1466,2024-08-13,Channel Partner,Pune,13700000,Villa,Palm Towers,Aman Sharma
1467,2024-01-02,99acres,Mumbai,16200000,Plot,Urban Square,Neha Singh
1468,2024-04-21,Google Ads,Noida,4100000,Apartment,Palm Towers,Praveen Tambe
1469,2024-01-05,Google Ads,Gurgaon,3200000,Apartment,Urban Square,Shefali Mehta
1470,2024-05-02,Facebook,Gurgaon,3000000,Apartment,Palm Towers,Aman Sharma
1471,2024-07-29,Channel Partner,Gurgaon,9500000,Apartment,Green Valley,Rohit Sharma
1472,2024-11-27,Google Ads,Noida,17200000,Plot,Green Valley,Priya Kapoor
1473,2024-07-13,Google Ads,Pune,6600000,Plot,Urban Square,Sachin Tendulkar
1474,2024-11-24,Google Ads,Mumbai,9100000,Villa,Green Valley,Rohit Sharma
1475,2024-05-22,Housing,Noida,14200000,Plot,Green Valley,Neha Singh
1476,2024-11-17,99acres,Gurgaon,19900000,Villa,Sky Residency,Riya Kapoor
1477,2024-01-01,Referral,Bangalore,18900000,Apartment,Palm Towers,Aman Sharma
1478,2024-10-29,Facebook,Gurgaon,4800000,Villa,Palm Towers,Rohit Sharma
1479,2024-10-01,Google Ads,Bangalore,18200000,Plot,Elite Heights,Sachin Tendulkar
1480,2024-03-01,Facebook,Noida,4600000,Apartment,Elite Heights,Rohit Sharma
1481,2024-12-21,Walk-in,Gurgaon,4600000,Apartment,Sky Residency,Riya Kapoor
1482,2024-04-24,Google Ads,Bangalore,13600000,Apartment,Urban Square,Riya Kapoor
1483,2024-01-09,Housing,Pune,8700000,Apartment,Green Valley,Riya Kapoor
1484,2024-01-02,Facebook,Mumbai,8500000,Plot,Green Valley,Praveen Tambe
1485,2024-10-24,Housing,Pune,6200000,Plot,Sky Residency,Rohit Sharma
1486,2024-06-12,Google Ads,Mumbai,11600000,Villa,Elite Heights,Aman Sharma
1487,2024-04-17,Google Ads,Gurgaon,16200000,Villa,Palm Towers,Riya Kapoor
1488,2024-07-05,Google Ads,Bangalore,3400000,Apartment,Green Valley,Praveen Tambe
1489,2024-05-22,Housing,Pune,4700000,Plot,Green Valley,Viral Kohli
1490,2024-10-24,Google Ads,Noida,18800000,Plot,Urban Square,Priya Kapoor
1491,2024-05-06,Walk-in,Bangalore,18500000,Plot,Green Valley,Praveen Tambe
1492,2024-11-21,Facebook,Noida,7600000,Apartment,Green Valley,Ravi Mehta
1493,2024-05-26,99acres,Noida,16600000,Plot,Elite Heights,Aman Sharma
1494,2024-06-03,Google Ads,Bangalore,15500000,Apartment,Palm Towers,Shefali Mehta
1495,2024-07-19,Google Ads,Mumbai,13800000,Villa,Urban Square,Riya Kapoor
1496,2024-08-10,Google Ads,Gurgaon,14900000,Apartment,Green Valley,Riya Kapoor
1497,2024-08-03,Google Ads,Gurgaon,18800000,Apartment,Green Valley,Neha Singh
1498,2024-06-21,99acres,Noida,3900000,Villa,Palm Towers,Rohit Sharma
1499,2024-02-04,Facebook,Gurgaon,7300000,Villa,Elite Heights,Neha Singh
1500,2024-03-27,Facebook,Bangalore,14700000,Apartment,Sky Residency,Neha Singh
1501,2024-06-15,Housing,Bangalore,13300000,Apartment,Elite Heights,Aman Sharma
1502,2024-11-21,Channel Partner,Pune,12500000,Plot,Elite Heights,Riya Kapoor
1503,2024-06-28,Facebook,Pune,5200000,Plot,Sky Residency,Aman Sharma
1504,2024-08-27,Referral,Mumbai,13300000,Villa,Sky Residency,Praveen Tambe
1505,2024-01-01,Facebook,Gurgaon,10700000,Villa,Urban Square,Rohit Sharma
1506,2024-09-04,Facebook,Gurgaon,13800000,Villa,Palm Towers,Rohit Sharma
1507,2024-10-29,Channel Partner,Noida,13300000,Apartment,Palm Towers,Praveen Tambe
1508,2024-01-27,Channel Partner,Pune,16900000,Villa,Sky Residency,Priya Kapoor
1509,2024-02-13,Google Ads,Mumbai,14100000,Apartment,Palm Towers,Praveen Tambe
1510,2024-11-08,Facebook,Bangalore,17900000,Plot,Palm Towers,Sachin Tendulkar
1511,2024-10-31,Walk-in,Gurgaon,7500000,Apartment,Sky Residency,Sachin Tendulkar
1512,2024-04-20,Facebook,Pune,7600000,Plot,Palm Towers,Rohit Sharma
1513,2024-07-31,Housing,Noida,18700000,Villa,Green Valley,Ravi Mehta
1514,2024-05-26,Google Ads,Pune,5400000,Apartment,Green Valley,Praveen Tambe
1515,2024-05-31,99acres,Gurgaon,6600000,Apartment,Palm Towers,Viral Kohli
1516,2024-10-28,Facebook,Noida,5200000,Villa,Palm Towers,Riya Kapoor
1517,2024-11-07,Channel Partner,Gurgaon,10400000,Plot,Urban Square,Shefali Mehta
1518,2024-09-06,Google Ads,Mumbai,4000000,Apartment,Urban Square,Rohit Sharma
1519,2024-09-12,Google Ads,Mumbai,15800000,Plot,Urban Square,Priya Kapoor
1520,2024-12-20,Google Ads,Hyderabad,14200000,Villa,Elite Heights,Priya Kapoor
1521,2024-06-27,99acres,Noida,12100000,Plot,Sky Residency,Viral Kohli
1522,2024-11-21,Google Ads,Gurgaon,10400000,Plot,Green Valley,Praveen Tambe
1523,2024-06-08,Google Ads,Bangalore,3700000,Villa,Elite Heights,Priya Kapoor
1524,2024-02-08,Housing,Gurgaon,13800000,Apartment,Urban Square,Shefali Mehta
1525,2024-08-10,Google Ads,Pune,19200000,Plot,Sky Residency,Ravi Mehta
1526,2024-11-07,Facebook,Noida,7800000,Villa,Palm Towers,Praveen Tambe
1527,2024-10-05,99acres,Gurgaon,16600000,Apartment,Sky Residency,Aman Sharma
1528,2024-12-25,99acres,Noida,13700000,Villa,Green Valley,Viral Kohli
1529,2024-09-25,Facebook,Noida,18300000,Plot,Green Valley,Ravi Mehta
1530,2024-08-10,Facebook,Noida,4400000,Apartment,Palm Towers,Ravi Mehta
1531,2024-01-23,Facebook,Gurgaon,3100000,Villa,Elite Heights,Aman Sharma
1532,2024-06-06,Channel Partner,Gurgaon,5900000,Villa,Palm Towers,Aman Sharma
1533,2024-10-04,Channel Partner,Gurgaon,6400000,Apartment,Urban Square,Viral Kohli
1534,2024-05-30,Housing,Noida,9800000,Villa,Elite Heights,Praveen Tambe
1535,2024-04-19,Channel Partner,Noida,11700000,Villa,Sky Residency,Sachin Tendulkar
1536,2024-06-10,Housing,Noida,14900000,Plot,Elite Heights,Sachin Tendulkar
1537,2024-01-21,Facebook,Gurgaon,8100000,Apartment,Sky Residency,Priya Kapoor
1538,2024-03-29,Google Ads,Hyderabad,4800000,Apartment,Palm Towers,Aman Sharma
1539,2024-05-15,Google Ads,Noida,13000000,Apartment,Sky Residency,Shefali Mehta
1540,2024-05-22,Google Ads,Gurgaon,14500000,Villa,Sky Residency,Ravi Mehta
1541,2024-02-17,Facebook,Gurgaon,5200000,Plot,Green Valley,Praveen Tambe
1542,2024-05-01,Google Ads,Mumbai,19700000,Villa,Elite Heights,Riya Kapoor
1543,2024-04-16,Housing,Gurgaon,8600000,Apartment,Sky Residency,Neha Singh
1544,2024-08-11,Google Ads,Mumbai,12500000,Apartment,Sky Residency,Shefali Mehta
1545,2024-04-06,Referral,Gurgaon,14900000,Plot,Palm Towers,Riya Kapoor
1546,2024-05-12,99acres,Hyderabad,10700000,Villa,Green Valley,Sachin Tendulkar
1547,2024-05-05,99acres,Mumbai,10000000,Plot,Green Valley,Priya Kapoor
1548,2024-02-03,Housing,Bangalore,3500000,Apartment,Green Valley,Aman Sharma
1549,2024-02-28,Google Ads,Gurgaon,17900000,Plot,Palm Towers,Sachin Tendulkar
1550,2024-07-10,Google Ads,Mumbai,11000000,Villa,Green Valley,Riya Kapoor
1551,2024-03-24,Google Ads,Gurgaon,19000000,Plot,Urban Square,Rohit Sharma
1552,2024-04-04,99acres,Mumbai,10900000,Plot,Elite Heights,Shefali Mehta
1553,2024-02-07,Facebook,Hyderabad,16000000,Apartment,Palm Towers,Ravi Mehta
1554,2024-09-26,Housing,Mumbai,16900000,Plot,Urban Square,Praveen Tambe
1555,2024-10-19,Google Ads,Mumbai,14900000,Villa,Sky Residency,Viral Kohli
1556,2024-10-08,Referral,Mumbai,5000000,Apartment,Palm Towers,Priya Kapoor
1557,2024-05-23,99acres,Bangalore,5500000,Apartment,Green Valley,Praveen Tambe
1558,2024-09-16,Walk-in,Noida,10100000,Apartment,Green Valley,Shefali Mehta
1559,2024-09-14,Google Ads,Pune,18700000,Apartment,Palm Towers,Rohit Sharma
1560,2024-09-24,Google Ads,Gurgaon,17900000,Plot,Green Valley,Praveen Tambe
1561,2024-08-09,99acres,Noida,5800000,Villa,Sky Residency,Priya Kapoor
1562,2024-06-27,Channel Partner,Gurgaon,17800000,Villa,Elite Heights,Shefali Mehta
1563,2024-06-02,Facebook,Pune,4100000,Villa,Sky Residency,Priya Kapoor
1564,2024-09-13,Referral,Bangalore,11300000,Villa,Urban Square,Rohit Sharma
1565,2024-07-12,Facebook,Pune,16800000,Villa,Elite Heights,Shefali Mehta
1566,2024-08-04,99acres,Noida,5900000,Apartment,Palm Towers,Priya Kapoor
1567,2024-08-22,99acres,Gurgaon,8700000,Villa,Sky Residency,Priya Kapoor
1568,2024-05-11,Facebook,Mumbai,11500000,Apartment,Elite Heights,Aman Sharma
1569,2024-08-24,Housing,Noida,11900000,Apartment,Green Valley,Riya Kapoor
1570,2024-07-07,Google Ads,Mumbai,17900000,Apartment,Sky Residency,Neha Singh
1571,2024-05-06,Google Ads,Noida,13900000,Apartment,Green Valley,Rohit Sharma
1572,2024-02-28,Google Ads,Noida,6700000,Villa,Sky Residency,Viral Kohli
1573,2024-06-24,Housing,Gurgaon,10800000,Apartment,Urban Square,Neha Singh
1574,2024-10-01,Google Ads,Noida,17000000,Apartment,Sky Residency,Sachin Tendulkar
1575,2024-11-26,Google Ads,Bangalore,3400000,Apartment,Elite Heights,Sachin Tendulkar
1576,2024-04-29,99acres,Mumbai,10500000,Plot,Sky Residency,Riya Kapoor
1577,2024-09-21,Channel Partner,Bangalore,5200000,Apartment,Sky Residency,Sachin Tendulkar
1578,2024-07-27,99acres,Noida,19700000,Villa,Green Valley,Rohit Sharma
1579,2024-01-24,Facebook,Mumbai,16500000,Apartment,Green Valley,Praveen Tambe
1580,2024-01-29,Facebook,Mumbai,4900000,Plot,Sky Residency,Rohit Sharma
1581,2024-09-24,Google Ads,Pune,5000000,Plot,Green Valley,Praveen Tambe
1582,2024-01-24,Facebook,Hyderabad,11200000,Villa,Elite Heights,Sachin Tendulkar
1583,2024-05-14,Channel Partner,Noida,19800000,Apartment,Sky Residency,Riya Kapoor
1584,2024-03-27,Facebook,Noida,3500000,Plot,Urban Square,Viral Kohli
1585,2024-06-04,Google Ads,Gurgaon,7700000,Plot,Elite Heights,Riya Kapoor
1586,2024-01-13,Facebook,Noida,11000000,Villa,Elite Heights,Riya Kapoor
1587,2024-07-21,Facebook,Mumbai,18300000,Plot,Sky Residency,Sachin Tendulkar
1588,2024-02-13,Google Ads,Noida,8900000,Villa,Urban Square,Priya Kapoor
1589,2024-01-19,Housing,Bangalore,10300000,Apartment,Elite Heights,Viral Kohli
1590,2024-07-21,Channel Partner,Gurgaon,19500000,Apartment,Palm Towers,Aman Sharma
1591,2024-12-05,Google Ads,Gurgaon,14600000,Plot,Urban Square,Riya Kapoor
1592,2024-07-24,Google Ads,Noida,10900000,Plot,Elite Heights,Priya Kapoor
1593,2024-01-05,Google Ads,Hyderabad,3100000,Apartment,Green Valley,Ravi Mehta
1594,2024-02-04,Facebook,Hyderabad,4100000,Apartment,Elite Heights,Ravi Mehta
1595,2024-06-23,Facebook,Noida,12400000,Apartment,Green Valley,Sachin Tendulkar
1596,2024-09-30,Facebook,Bangalore,11000000,Plot,Sky Residency,Priya Kapoor
1597,2024-08-28,Facebook,Gurgaon,9200000,Apartment,Elite Heights,Aman Sharma
1598,2024-02-24,Facebook,Hyderabad,3600000,Plot,Palm Towers,Sachin Tendulkar
1599,2024-01-03,Facebook,Noida,10900000,Apartment,Sky Residency,Ravi Mehta
1600,2024-10-06,Google Ads,Gurgaon,9900000,Villa,Green Valley,Praveen Tambe
1601,2024-07-29,Google Ads,Noida,7600000,Apartment,Palm Towers,Praveen Tambe
1602,2024-09-10,Google Ads,Gurgaon,15000000,Villa,Sky Residency,Neha Singh
1603,2024-08-11,Google Ads,Gurgaon,4000000,Villa,Elite Heights,Rohit Sharma
1604,2024-03-06,Facebook,Mumbai,11700000,Apartment,Green Valley,Aman Sharma
1605,2024-11-23,Facebook,Noida,18300000,Plot,Elite Heights,Shefali Mehta
1606,2024-08-18,Facebook,Bangalore,19400000,Plot,Urban Square,Aman Sharma
1607,2024-03-18,Channel Partner,Noida,13700000,Plot,Sky Residency,Praveen Tambe
1608,2024-04-29,Google Ads,Gurgaon,6600000,Villa,Elite Heights,Shefali Mehta
1609,2024-09-10,Channel Partner,Noida,6800000,Villa,Green Valley,Shefali Mehta
1610,2024-01-08,Google Ads,Gurgaon,11300000,Plot,Elite Heights,Riya Kapoor
1611,2024-06-26,Facebook,Pune,19200000,Plot,Urban Square,Riya Kapoor
1612,2024-03-15,Google Ads,Hyderabad,5900000,Apartment,Palm Towers,Ravi Mehta
1613,2024-06-16,99acres,Mumbai,19900000,Villa,Elite Heights,Riya Kapoor
1614,2024-09-04,99acres,Bangalore,4100000,Apartment,Sky Residency,Rohit Sharma
1615,2024-11-26,Facebook,Pune,9200000,Villa,Green Valley,Ravi Mehta
1616,2024-11-19,Google Ads,Pune,4000000,Apartment,Green Valley,Viral Kohli
1617,2024-07-24,Walk-in,Gurgaon,17600000,Apartment,Green Valley,Aman Sharma
1618,2024-09-12,99acres,Bangalore,18500000,Villa,Palm Towers,Riya Kapoor
1619,2024-04-20,Google Ads,Noida,19300000,Plot,Urban Square,Viral Kohli
1620,2024-01-22,99acres,Gurgaon,6700000,Apartment,Urban Square,Priya Kapoor
1621,2024-05-19,Referral,Hyderabad,18600000,Apartment,Urban Square,Priya Kapoor
1622,2024-11-06,Google Ads,Pune,15100000,Villa,Palm Towers,Priya Kapoor
1623,2024-09-22,99acres,Pune,3500000,Plot,Urban Square,Viral Kohli
1624,2024-06-08,Google Ads,Noida,5900000,Plot,Sky Residency,Viral Kohli
1625,2024-07-18,Google Ads,Gurgaon,17900000,Villa,Green Valley,Neha Singh
1626,2024-04-02,Facebook,Bangalore,19400000,Villa,Elite Heights,Rohit Sharma
1627,2024-10-09,Google Ads,Gurgaon,18300000,Villa,Green Valley,Aman Sharma
1628,2024-03-17,Channel Partner,Mumbai,6800000,Villa,Palm Towers,Viral Kohli
1629,2024-05-04,Referral,Mumbai,17200000,Apartment,Green Valley,Shefali Mehta
1630,2024-12-16,Facebook,Noida,13500000,Plot,Elite Heights,Shefali Mehta
1631,2024-08-21,Channel Partner,Gurgaon,15800000,Villa,Elite Heights,Priya Kapoor
1632,2024-04-12,Facebook,Mumbai,8300000,Plot,Palm Towers,Riya Kapoor
1633,2024-07-23,Walk-in,Pune,6300000,Apartment,Palm Towers,Riya Kapoor
1634,2024-11-12,Housing,Gurgaon,10800000,Villa,Palm Towers,Rohit Sharma
1635,2024-12-10,99acres,Hyderabad,9300000,Plot,Green Valley,Rohit Sharma
1636,2024-09-10,Walk-in,Mumbai,4800000,Apartment,Palm Towers,Neha Singh
1637,2024-07-05,Google Ads,Noida,7400000,Apartment,Elite Heights,Priya Kapoor
1638,2024-12-17,99acres,Pune,9500000,Villa,Urban Square,Viral Kohli
1639,2024-09-19,Facebook,Noida,14500000,Apartment,Elite Heights,Shefali Mehta
1640,2024-05-26,Google Ads,Hyderabad,11300000,Plot,Elite Heights,Ravi Mehta
1641,2024-03-14,Google Ads,Noida,18400000,Plot,Sky Residency,Neha Singh
1642,2024-08-04,Google Ads,Bangalore,17900000,Villa,Sky Residency,Riya Kapoor
1643,2024-09-01,Google Ads,Noida,3300000,Villa,Elite Heights,Riya Kapoor
1644,2024-05-16,Google Ads,Noida,3100000,Villa,Sky Residency,Aman Sharma
1645,2024-11-23,Housing,Mumbai,4300000,Apartment,Green Valley,Ravi Mehta
1646,2024-08-03,Channel Partner,Gurgaon,8900000,Villa,Sky Residency,Sachin Tendulkar
1647,2024-06-16,99acres,Hyderabad,5000000,Villa,Sky Residency,Aman Sharma
1648,2024-12-06,99acres,Gurgaon,19800000,Villa,Sky Residency,Rohit Sharma
1649,2024-10-09,Channel Partner,Gurgaon,12900000,Plot,Green Valley,Shefali Mehta
1650,2024-02-24,Referral,Hyderabad,6000000,Plot,Palm Towers,Shefali Mehta
1651,2024-05-25,Facebook,Bangalore,16400000,Villa,Palm Towers,Ravi Mehta
1652,2024-01-22,Google Ads,Gurgaon,13600000,Apartment,Sky Residency,Rohit Sharma
1653,2024-04-04,Channel Partner,Noida,10200000,Villa,Sky Residency,Sachin Tendulkar
1654,2024-09-16,Facebook,Mumbai,3200000,Plot,Sky Residency,Shefali Mehta
1655,2024-07-21,Google Ads,Pune,17500000,Villa,Elite Heights,Priya Kapoor
1656,2024-02-11,Facebook,Bangalore,12200000,Apartment,Green Valley,Priya Kapoor
1657,2024-03-01,Housing,Noida,14500000,Plot,Sky Residency,Riya Kapoor
1658,2024-02-02,Google Ads,Bangalore,13700000,Villa,Green Valley,Praveen Tambe
1659,2024-06-22,Facebook,Mumbai,10400000,Villa,Sky Residency,Sachin Tendulkar
1660,2024-08-24,Facebook,Noida,14500000,Apartment,Palm Towers,Sachin Tendulkar
1661,2024-03-27,Google Ads,Noida,14600000,Apartment,Urban Square,Neha Singh
1662,2024-12-12,Google Ads,Mumbai,14700000,Apartment,Urban Square,Riya Kapoor
1663,2024-01-03,Facebook,Noida,10600000,Villa,Elite Heights,Praveen Tambe
1664,2024-05-29,Walk-in,Pune,17000000,Plot,Palm Towers,Neha Singh
1665,2024-02-28,Housing,Bangalore,15900000,Villa,Urban Square,Viral Kohli
1666,2024-11-17,Channel Partner,Bangalore,7500000,Plot,Green Valley,Rohit Sharma
1667,2024-07-23,Housing,Mumbai,6900000,Villa,Sky Residency,Shefali Mehta
1668,2024-03-28,Facebook,Pune,5300000,Apartment,Sky Residency,Praveen Tambe
1669,2024-01-09,Housing,Gurgaon,13900000,Plot,Elite Heights,Praveen Tambe
1670,2024-10-17,Google Ads,Noida,12000000,Apartment,Palm Towers,Praveen Tambe
1671,2024-09-10,Referral,Bangalore,12900000,Apartment,Sky Residency,Rohit Sharma
1672,2024-03-23,Google Ads,Pune,8800000,Apartment,Elite Heights,Priya Kapoor
1673,2024-08-12,Housing,Pune,15300000,Villa,Elite Heights,Rohit Sharma
1674,2024-11-22,Referral,Noida,16000000,Villa,Green Valley,Ravi Mehta
1675,2024-07-27,99acres,Hyderabad,19000000,Villa,Palm Towers,Ravi Mehta
1676,2024-03-17,99acres,Noida,8600000,Plot,Sky Residency,Shefali Mehta
1677,2024-01-03,Google Ads,Gurgaon,6700000,Plot,Urban Square,Rohit Sharma
1678,2024-05-24,99acres,Bangalore,17500000,Villa,Green Valley,Viral Kohli
1679,2024-04-11,Channel Partner,Bangalore,19300000,Apartment,Green Valley,Aman Sharma
1680,2024-09-09,99acres,Mumbai,6500000,Plot,Elite Heights,Praveen Tambe
1681,2024-07-20,Google Ads,Mumbai,9900000,Villa,Urban Square,Riya Kapoor
1682,2024-03-20,Facebook,Gurgaon,10700000,Plot,Urban Square,Aman Sharma
1683,2024-06-03,Referral,Noida,5700000,Plot,Palm Towers,Rohit Sharma
1684,2024-09-24,99acres,Gurgaon,8400000,Villa,Elite Heights,Aman Sharma
1685,2024-09-17,Facebook,Hyderabad,12200000,Plot,Urban Square,Viral Kohli
1686,2024-11-30,Google Ads,Bangalore,19300000,Plot,Urban Square,Praveen Tambe
1687,2024-11-09,Google Ads,Pune,7300000,Apartment,Urban Square,Rohit Sharma
1688,2024-01-07,Facebook,Gurgaon,15100000,Villa,Sky Residency,Aman Sharma
1689,2024-12-02,Google Ads,Noida,10100000,Plot,Urban Square,Rohit Sharma
1690,2024-05-08,Facebook,Pune,17400000,Villa,Elite Heights,Ravi Mehta
1691,2024-01-22,Google Ads,Noida,5600000,Plot,Palm Towers,Neha Singh
1692,2024-03-22,Google Ads,Gurgaon,19900000,Villa,Elite Heights,Neha Singh
1693,2024-12-08,99acres,Bangalore,19400000,Apartment,Urban Square,Rohit Sharma
1694,2024-07-12,Channel Partner,Noida,12000000,Plot,Urban Square,Sachin Tendulkar
1695,2024-10-12,Housing,Mumbai,4400000,Villa,Urban Square,Neha Singh
1696,2024-09-30,Google Ads,Bangalore,15800000,Apartment,Elite Heights,Viral Kohli
1697,2024-01-31,Facebook,Mumbai,11700000,Plot,Elite Heights,Rohit Sharma
1698,2024-10-05,99acres,Mumbai,9000000,Apartment,Elite Heights,Viral Kohli
1699,2024-04-10,Channel Partner,Hyderabad,6600000,Plot,Sky Residency,Praveen Tambe
1700,2024-04-26,Channel Partner,Gurgaon,18400000,Villa,Palm Towers,Riya Kapoor
1701,2024-08-08,Google Ads,Hyderabad,17200000,Apartment,Elite Heights,Aman Sharma
1702,2024-11-04,Housing,Gurgaon,10300000,Apartment,Green Valley,Sachin Tendulkar
1703,2024-07-24,Google Ads,Gurgaon,7900000,Villa,Palm Towers,Priya Kapoor
1704,2024-01-24,Google Ads,Noida,16600000,Villa,Palm Towers,Sachin Tendulkar
1705,2024-02-16,Google Ads,Pune,10200000,Apartment,Urban Square,Aman Sharma
1706,2024-12-19,Facebook,Gurgaon,3800000,Plot,Green Valley,Sachin Tendulkar
1707,2024-11-24,Google Ads,Mumbai,13900000,Apartment,Elite Heights,Neha Singh
1708,2024-11-12,99acres,Noida,17700000,Apartment,Elite Heights,Priya Kapoor
1709,2024-02-05,Facebook,Bangalore,6500000,Apartment,Elite Heights,Ravi Mehta
1710,2024-01-18,Referral,Noida,4300000,Apartment,Sky Residency,Viral Kohli
1711,2024-11-20,Google Ads,Hyderabad,7600000,Plot,Urban Square,Neha Singh
1712,2024-02-21,99acres,Bangalore,7600000,Apartment,Urban Square,Riya Kapoor
1713,2024-04-27,Google Ads,Noida,13700000,Apartment,Green Valley,Riya Kapoor
1714,2024-04-12,Google Ads,Pune,4400000,Villa,Elite Heights,Riya Kapoor
1715,2024-08-01,Housing,Mumbai,11300000,Apartment,Urban Square,Praveen Tambe
1716,2024-12-04,Facebook,Bangalore,3500000,Villa,Sky Residency,Aman Sharma
1717,2024-03-14,Google Ads,Noida,5000000,Apartment,Green Valley,Praveen Tambe
1718,2024-11-13,Channel Partner,Hyderabad,17600000,Plot,Green Valley,Shefali Mehta
1719,2024-02-22,Housing,Mumbai,11100000,Villa,Urban Square,Viral Kohli
1720,2024-09-20,Google Ads,Noida,17300000,Plot,Elite Heights,Sachin Tendulkar
1721,2024-07-04,Channel Partner,Mumbai,5900000,Villa,Green Valley,Priya Kapoor
1722,2024-02-17,99acres,Hyderabad,5300000,Plot,Palm Towers,Viral Kohli
1723,2024-08-31,Google Ads,Noida,4400000,Apartment,Sky Residency,Ravi Mehta
1724,2024-02-01,Facebook,Bangalore,19900000,Apartment,Elite Heights,Shefali Mehta
1725,2024-03-26,Google Ads,Pune,12400000,Plot,Green Valley,Ravi Mehta
1726,2024-01-25,Channel Partner,Hyderabad,17100000,Apartment,Elite Heights,Aman Sharma
1727,2024-12-26,Facebook,Gurgaon,15300000,Plot,Urban Square,Neha Singh
1728,2024-02-18,99acres,Bangalore,4900000,Apartment,Urban Square,Viral Kohli
1729,2024-12-28,Google Ads,Gurgaon,17000000,Apartment,Urban Square,Viral Kohli
1730,2024-03-17,Housing,Noida,19000000,Plot,Urban Square,Viral Kohli
1731,2024-06-10,Channel Partner,Pune,13700000,Apartment,Elite Heights,Viral Kohli
1732,2024-03-04,Google Ads,Gurgaon,18400000,Plot,Urban Square,Ravi Mehta
1733,2024-02-16,Google Ads,Hyderabad,18000000,Villa,Green Valley,Aman Sharma
1734,2024-12-19,Google Ads,Noida,14600000,Apartment,Sky Residency,Viral Kohli
1735,2024-05-04,Google Ads,Bangalore,7600000,Villa,Green Valley,Neha Singh
1736,2024-12-05,99acres,Hyderabad,14300000,Plot,Palm Towers,Rohit Sharma
1737,2024-10-30,Google Ads,Pune,17400000,Plot,Palm Towers,Rohit Sharma
1738,2024-08-14,Channel Partner,Pune,12000000,Villa,Green Valley,Aman Sharma
1739,2024-12-10,Google Ads,Noida,14900000,Villa,Elite Heights,Aman Sharma
1740,2024-04-05,Walk-in,Bangalore,12000000,Apartment,Sky Residency,Priya Kapoor
1741,2024-11-02,Housing,Noida,3200000,Plot,Elite Heights,Ravi Mehta
1742,2024-03-01,Google Ads,Hyderabad,8400000,Plot,Sky Residency,Rohit Sharma
1743,2024-11-05,Walk-in,Noida,9200000,Apartment,Green Valley,Shefali Mehta
1744,2024-08-28,Channel Partner,Noida,6200000,Apartment,Sky Residency,Aman Sharma
1745,2024-07-08,Google Ads,Hyderabad,3700000,Apartment,Urban Square,Ravi Mehta
1746,2024-09-13,Facebook,Mumbai,4500000,Villa,Palm Towers,Rohit Sharma
1747,2024-03-01,Google Ads,Bangalore,10500000,Apartment,Sky Residency,Praveen Tambe
1748,2024-11-11,99acres,Noida,12300000,Villa,Urban Square,Rohit Sharma
1749,2024-04-22,Facebook,Noida,9900000,Plot,Urban Square,Viral Kohli
1750,2024-10-26,Google Ads,Noida,15700000,Plot,Palm Towers,Sachin Tendulkar
1751,2024-02-17,Google Ads,Gurgaon,12600000,Villa,Green Valley,Rohit Sharma
1752,2024-05-27,Channel Partner,Hyderabad,7000000,Apartment,Urban Square,Shefali Mehta
1753,2024-06-14,Referral,Bangalore,14100000,Villa,Palm Towers,Riya Kapoor
1754,2024-03-03,Google Ads,Gurgaon,12500000,Apartment,Palm Towers,Ravi Mehta
1755,2024-01-19,Facebook,Hyderabad,13700000,Villa,Sky Residency,Neha Singh
1756,2024-07-20,Google Ads,Mumbai,3000000,Villa,Palm Towers,Neha Singh
1757,2024-05-25,Facebook,Gurgaon,10600000,Plot,Elite Heights,Priya Kapoor
1758,2024-12-14,Google Ads,Bangalore,5200000,Plot,Elite Heights,Viral Kohli
1759,2024-10-01,Google Ads,Mumbai,10000000,Plot,Urban Square,Rohit Sharma
1760,2024-08-04,99acres,Mumbai,18700000,Plot,Palm Towers,Riya Kapoor
1761,2024-08-14,99acres,Mumbai,19100000,Plot,Elite Heights,Riya Kapoor
1762,2024-06-07,Facebook,Gurgaon,8500000,Plot,Sky Residency,Aman Sharma
1763,2024-09-29,Referral,Noida,4900000,Plot,Elite Heights,Viral Kohli
1764,2024-07-14,Referral,Mumbai,12900000,Villa,Urban Square,Riya Kapoor
1765,2024-08-15,Google Ads,Pune,11300000,Apartment,Elite Heights,Ravi Mehta
1766,2024-11-23,Facebook,Bangalore,13100000,Apartment,Palm Towers,Rohit Sharma
1767,2024-05-04,Google Ads,Mumbai,7000000,Plot,Elite Heights,Praveen Tambe
1768,2024-07-12,Facebook,Bangalore,17100000,Apartment,Urban Square,Ravi Mehta
1769,2024-03-10,99acres,Mumbai,10200000,Villa,Green Valley,Priya Kapoor
1770,2024-09-01,Facebook,Noida,19400000,Plot,Elite Heights,Priya Kapoor
1771,2024-05-23,Facebook,Bangalore,8900000,Villa,Elite Heights,Priya Kapoor
1772,2024-09-05,99acres,Gurgaon,17000000,Apartment,Elite Heights,Priya Kapoor
1773,2024-05-22,Channel Partner,Noida,11400000,Villa,Green Valley,Ravi Mehta
1774,2024-03-27,Walk-in,Mumbai,12300000,Villa,Elite Heights,Sachin Tendulkar
1775,2024-06-15,Google Ads,Noida,8800000,Plot,Urban Square,Praveen Tambe
1776,2024-02-06,Channel Partner,Mumbai,15400000,Villa,Green Valley,Aman Sharma
1777,2024-03-28,Google Ads,Noida,11200000,Villa,Palm Towers,Rohit Sharma
1778,2024-09-12,Facebook,Bangalore,12600000,Apartment,Sky Residency,Neha Singh
1779,2024-04-27,99acres,Gurgaon,9400000,Apartment,Palm Towers,Riya Kapoor
1780,2024-07-17,Walk-in,Bangalore,9600000,Apartment,Green Valley,Neha Singh
1781,2024-01-04,Housing,Hyderabad,5600000,Plot,Sky Residency,Sachin Tendulkar
1782,2024-04-26,Google Ads,Noida,5600000,Plot,Elite Heights,Neha Singh
1783,2024-09-30,Google Ads,Gurgaon,5700000,Villa,Elite Heights,Priya Kapoor
1784,2024-09-27,99acres,Mumbai,5200000,Apartment,Urban Square,Rohit Sharma
1785,2024-09-11,99acres,Gurgaon,4000000,Apartment,Palm Towers,Ravi Mehta
1786,2024-12-11,Facebook,Gurgaon,20000000,Plot,Elite Heights,Riya Kapoor
1787,2024-04-08,Housing,Bangalore,10900000,Apartment,Palm Towers,Viral Kohli
1788,2024-02-01,Referral,Hyderabad,13900000,Apartment,Elite Heights,Ravi Mehta
1789,2024-06-03,Referral,Noida,9600000,Apartment,Urban Square,Neha Singh
1790,2024-04-29,Housing,Noida,15000000,Villa,Green Valley,Rohit Sharma
1791,2024-01-27,Channel Partner,Mumbai,8400000,Plot,Green Valley,Sachin Tendulkar
1792,2024-02-21,Walk-in,Noida,18300000,Apartment,Green Valley,Neha Singh
1793,2024-06-30,Google Ads,Hyderabad,16900000,Villa,Palm Towers,Aman Sharma
1794,2024-09-04,Referral,Noida,4300000,Apartment,Elite Heights,Rohit Sharma
1795,2024-11-26,Channel Partner,Hyderabad,11500000,Villa,Green Valley,Rohit Sharma
1796,2024-11-06,Referral,Noida,18400000,Villa,Urban Square,Aman Sharma
1797,2024-04-30,99acres,Bangalore,18500000,Villa,Palm Towers,Priya Kapoor
1798,2024-07-22,Referral,Pune,15300000,Villa,Sky Residency,Rohit Sharma
1799,2024-05-10,Google Ads,Noida,12800000,Plot,Elite Heights,Viral Kohli
1800,2024-10-12,Facebook,Gurgaon,9500000,Villa,Elite Heights,Viral Kohli
1801,2024-07-12,Google Ads,Gurgaon,16800000,Villa,Sky Residency,Sachin Tendulkar
1802,2024-10-14,Google Ads,Gurgaon,4500000,Plot,Sky Residency,Aman Sharma
1803,2024-09-05,Google Ads,Hyderabad,11000000,Plot,Elite Heights,Rohit Sharma
1804,2024-08-19,Google Ads,Noida,10300000,Villa,Sky Residency,Ravi Mehta
1805,2024-04-21,Channel Partner,Mumbai,7400000,Villa,Urban Square,Shefali Mehta
1806,2024-12-02,Walk-in,Mumbai,14000000,Plot,Green Valley,Praveen Tambe
1807,2024-05-02,Google Ads,Mumbai,11500000,Apartment,Palm Towers,Priya Kapoor
1808,2024-01-01,Channel Partner,Noida,8300000,Villa,Elite Heights,Ravi Mehta
1809,2024-04-07,Google Ads,Gurgaon,16300000,Villa,Elite Heights,Praveen Tambe
1810,2024-02-29,Google Ads,Bangalore,8400000,Villa,Sky Residency,Ravi Mehta
1811,2024-11-28,Google Ads,Noida,3900000,Plot,Green Valley,Shefali Mehta
1812,2024-09-07,99acres,Gurgaon,6300000,Villa,Urban Square,Priya Kapoor
1813,2024-07-26,Referral,Pune,10100000,Apartment,Green Valley,Shefali Mehta
1814,2024-04-17,99acres,Mumbai,19600000,Apartment,Sky Residency,Shefali Mehta
1815,2024-07-06,Referral,Pune,13000000,Villa,Urban Square,Praveen Tambe
1816,2024-10-19,Google Ads,Pune,13300000,Apartment,Elite Heights,Ravi Mehta
1817,2024-07-08,Google Ads,Hyderabad,3600000,Villa,Green Valley,Neha Singh
1818,2024-04-11,Facebook,Gurgaon,3100000,Apartment,Urban Square,Viral Kohli
1819,2024-09-05,Google Ads,Noida,20000000,Plot,Elite Heights,Shefali Mehta
1820,2024-12-16,99acres,Gurgaon,11400000,Plot,Green Valley,Rohit Sharma
1821,2024-11-30,Walk-in,Hyderabad,18700000,Villa,Sky Residency,Neha Singh
1822,2024-03-30,Referral,Gurgaon,12900000,Apartment,Palm Towers,Sachin Tendulkar
1823,2024-02-14,Google Ads,Pune,8200000,Villa,Sky Residency,Priya Kapoor
1824,2024-03-19,Channel Partner,Gurgaon,15600000,Villa,Palm Towers,Ravi Mehta
1825,2024-07-15,Facebook,Noida,3400000,Villa,Urban Square,Priya Kapoor
1826,2024-06-18,Facebook,Pune,19600000,Apartment,Sky Residency,Aman Sharma
1827,2024-02-24,Facebook,Pune,9700000,Apartment,Urban Square,Sachin Tendulkar
1828,2024-01-15,Facebook,Gurgaon,5400000,Apartment,Palm Towers,Sachin Tendulkar
1829,2024-08-24,Google Ads,Pune,7500000,Plot,Elite Heights,Praveen Tambe
1830,2024-05-06,99acres,Gurgaon,9800000,Apartment,Elite Heights,Riya Kapoor
1831,2024-12-23,Google Ads,Pune,11100000,Villa,Green Valley,Priya Kapoor
1832,2024-08-31,Facebook,Gurgaon,9700000,Apartment,Elite Heights,Shefali Mehta
1833,2024-11-29,Google Ads,Noida,9000000,Villa,Sky Residency,Priya Kapoor
1834,2024-06-22,99acres,Mumbai,7100000,Apartment,Sky Residency,Viral Kohli
1835,2024-12-10,Referral,Mumbai,19200000,Villa,Sky Residency,Aman Sharma
1836,2024-10-08,Housing,Noida,15400000,Villa,Green Valley,Sachin Tendulkar
1837,2024-11-26,Facebook,Pune,13100000,Plot,Elite Heights,Rohit Sharma
1838,2024-02-20,Google Ads,Pune,8800000,Apartment,Elite Heights,Praveen Tambe
1839,2024-08-12,Google Ads,Pune,8100000,Plot,Sky Residency,Priya Kapoor
1840,2024-04-27,Facebook,Pune,9100000,Villa,Green Valley,Praveen Tambe
1841,2024-04-01,Google Ads,Noida,10000000,Apartment,Elite Heights,Rohit Sharma
1842,2024-10-13,Housing,Gurgaon,7900000,Plot,Sky Residency,Shefali Mehta
1843,2024-05-05,Google Ads,Gurgaon,7000000,Villa,Elite Heights,Viral Kohli
1844,2024-08-10,Google Ads,Gurgaon,5000000,Apartment,Green Valley,Shefali Mehta
1845,2024-06-06,99acres,Bangalore,13300000,Plot,Palm Towers,Priya Kapoor
1846,2024-05-11,Walk-in,Mumbai,18800000,Plot,Palm Towers,Rohit Sharma
1847,2024-07-22,Facebook,Hyderabad,14300000,Plot,Palm Towers,Neha Singh
1848,2024-11-05,Referral,Noida,4100000,Plot,Urban Square,Ravi Mehta
1849,2024-12-31,Referral,Noida,14700000,Plot,Palm Towers,Priya Kapoor
1850,2024-05-11,Google Ads,Pune,3300000,Apartment,Elite Heights,Ravi Mehta
1851,2024-07-28,Google Ads,Pune,14400000,Apartment,Palm Towers,Ravi Mehta
1852,2024-05-26,Housing,Mumbai,9600000,Apartment,Palm Towers,Viral Kohli
1853,2024-04-02,Referral,Bangalore,7300000,Apartment,Green Valley,Neha Singh
1854,2024-02-22,Walk-in,Hyderabad,10400000,Villa,Sky Residency,Ravi Mehta
1855,2024-10-10,Google Ads,Hyderabad,19900000,Villa,Palm Towers,Praveen Tambe
1856,2024-02-03,Google Ads,Noida,16400000,Plot,Urban Square,Neha Singh
1857,2024-12-09,99acres,Pune,5400000,Plot,Palm Towers,Praveen Tambe
1858,2024-07-08,Google Ads,Pune,4700000,Plot,Palm Towers,Priya Kapoor
1859,2024-02-10,Google Ads,Bangalore,16400000,Villa,Urban Square,Priya Kapoor
1860,2024-11-03,99acres,Noida,13600000,Villa,Green Valley,Neha Singh
1861,2024-06-17,Facebook,Pune,17800000,Plot,Elite Heights,Rohit Sharma
1862,2024-01-20,Google Ads,Mumbai,11200000,Apartment,Urban Square,Rohit Sharma
1863,2024-07-19,Facebook,Pune,7700000,Plot,Palm Towers,Rohit Sharma
1864,2024-07-19,Facebook,Mumbai,13700000,Apartment,Green Valley,Riya Kapoor
1865,2024-08-14,Google Ads,Hyderabad,18000000,Villa,Green Valley,Viral Kohli
1866,2024-12-11,Referral,Hyderabad,5000000,Apartment,Urban Square,Neha Singh
1867,2024-06-06,Google Ads,Pune,18700000,Villa,Sky Residency,Shefali Mehta
1868,2024-04-24,99acres,Gurgaon,10600000,Apartment,Palm Towers,Ravi Mehta
1869,2024-07-29,Housing,Mumbai,17500000,Villa,Sky Residency,Riya Kapoor
1870,2024-06-27,Google Ads,Pune,18300000,Plot,Elite Heights,Shefali Mehta
1871,2024-11-26,Google Ads,Pune,8800000,Apartment,Green Valley,Sachin Tendulkar
1872,2024-04-09,99acres,Mumbai,5300000,Plot,Green Valley,Praveen Tambe
1873,2024-07-27,99acres,Noida,12200000,Plot,Green Valley,Neha Singh
1874,2024-04-09,Google Ads,Noida,18800000,Villa,Palm Towers,Priya Kapoor
1875,2024-12-13,Referral,Gurgaon,16500000,Villa,Palm Towers,Rohit Sharma
1876,2024-10-12,Google Ads,Noida,12200000,Apartment,Sky Residency,Riya Kapoor
1877,2024-04-22,Google Ads,Mumbai,18900000,Apartment,Green Valley,Sachin Tendulkar
1878,2024-10-07,Google Ads,Gurgaon,3900000,Apartment,Sky Residency,Riya Kapoor
1879,2024-03-21,Housing,Gurgaon,17000000,Villa,Elite Heights,Ravi Mehta
1880,2024-09-16,99acres,Gurgaon,11500000,Villa,Green Valley,Aman Sharma
1881,2024-06-07,Housing,Noida,17800000,Villa,Sky Residency,Ravi Mehta
1882,2024-07-15,Google Ads,Bangalore,19800000,Apartment,Urban Square,Aman Sharma
1883,2024-12-28,Housing,Noida,3800000,Plot,Urban Square,Aman Sharma
1884,2024-09-09,Google Ads,Pune,4300000,Plot,Sky Residency,Riya Kapoor
1885,2024-12-16,Google Ads,Gurgaon,14400000,Apartment,Elite Heights,Ravi Mehta
1886,2024-06-15,Referral,Pune,10800000,Apartment,Sky Residency,Ravi Mehta
1887,2024-11-29,Referral,Mumbai,18000000,Plot,Sky Residency,Priya Kapoor
1888,2024-05-23,Google Ads,Noida,9000000,Apartment,Palm Towers,Ravi Mehta
1889,2024-08-06,Google Ads,Gurgaon,8100000,Plot,Palm Towers,Rohit Sharma
1890,2024-07-12,Google Ads,Hyderabad,10100000,Plot,Urban Square,Viral Kohli
1891,2024-01-02,Google Ads,Gurgaon,18100000,Villa,Sky Residency,Riya Kapoor
1892,2024-09-20,Google Ads,Bangalore,13500000,Apartment,Green Valley,Praveen Tambe
1893,2024-12-28,Channel Partner,Noida,9700000,Apartment,Urban Square,Sachin Tendulkar
1894,2024-04-15,Google Ads,Pune,3300000,Apartment,Elite Heights,Priya Kapoor
1895,2024-12-03,Google Ads,Pune,6300000,Plot,Green Valley,Neha Singh
1896,2024-05-30,Facebook,Pune,17400000,Villa,Urban Square,Neha Singh
1897,2024-06-18,Google Ads,Pune,16000000,Plot,Elite Heights,Praveen Tambe
1898,2024-09-11,99acres,Noida,13700000,Plot,Elite Heights,Rohit Sharma
1899,2024-07-14,Facebook,Noida,14700000,Apartment,Sky Residency,Aman Sharma
1900,2024-04-26,Housing,Pune,5500000,Villa,Sky Residency,Shefali Mehta
1901,2024-09-11,Google Ads,Bangalore,9700000,Plot,Green Valley,Priya Kapoor
1902,2024-01-08,99acres,Hyderabad,19000000,Apartment,Palm Towers,Shefali Mehta
1903,2024-04-01,Housing,Noida,19600000,Villa,Green Valley,Viral Kohli
1904,2024-03-16,99acres,Hyderabad,9300000,Villa,Green Valley,Rohit Sharma
1905,2024-10-23,99acres,Gurgaon,19500000,Plot,Urban Square,Viral Kohli
1906,2024-12-02,Facebook,Bangalore,12400000,Apartment,Palm Towers,Riya Kapoor
1907,2024-10-17,99acres,Bangalore,3400000,Plot,Sky Residency,Praveen Tambe
1908,2024-01-21,Facebook,Gurgaon,5800000,Apartment,Green Valley,Riya Kapoor
1909,2024-09-05,Housing,Noida,17300000,Apartment,Palm Towers,Sachin Tendulkar
1910,2024-02-19,Referral,Pune,6600000,Plot,Palm Towers,Riya Kapoor
1911,2024-08-02,Facebook,Pune,4100000,Villa,Palm Towers,Riya Kapoor
1912,2024-01-06,Google Ads,Pune,16900000,Villa,Elite Heights,Viral Kohli
1913,2024-04-28,Channel Partner,Bangalore,14000000,Villa,Green Valley,Praveen Tambe
1914,2024-02-04,Referral,Bangalore,18400000,Plot,Urban Square,Rohit Sharma
1915,2024-09-21,Facebook,Bangalore,15400000,Apartment,Urban Square,Priya Kapoor
1916,2024-10-22,Walk-in,Noida,9300000,Plot,Green Valley,Ravi Mehta
1917,2024-01-22,Google Ads,Gurgaon,4800000,Apartment,Urban Square,Ravi Mehta
1918,2024-02-10,Channel Partner,Noida,13600000,Apartment,Palm Towers,Rohit Sharma
1919,2024-05-01,Facebook,Gurgaon,7200000,Plot,Elite Heights,Aman Sharma
1920,2024-04-27,Google Ads,Bangalore,11400000,Villa,Palm Towers,Aman Sharma
1921,2024-07-22,Google Ads,Gurgaon,12300000,Plot,Sky Residency,Praveen Tambe
1922,2024-09-09,Google Ads,Hyderabad,19400000,Apartment,Green Valley,Ravi Mehta
1923,2024-04-29,Google Ads,Pune,7200000,Plot,Urban Square,Sachin Tendulkar
1924,2024-11-19,Channel Partner,Noida,13500000,Villa,Elite Heights,Riya Kapoor
1925,2024-06-22,Facebook,Mumbai,12200000,Plot,Green Valley,Praveen Tambe
1926,2024-02-06,Google Ads,Gurgaon,5000000,Plot,Elite Heights,Sachin Tendulkar
1927,2024-08-31,99acres,Pune,15700000,Plot,Palm Towers,Praveen Tambe
1928,2024-05-23,Referral,Gurgaon,5700000,Apartment,Elite Heights,Viral Kohli
1929,2024-03-02,Google Ads,Pune,13500000,Apartment,Urban Square,Priya Kapoor
1930,2024-05-03,Google Ads,Gurgaon,19300000,Villa,Urban Square,Shefali Mehta
1931,2024-02-25,Facebook,Gurgaon,7200000,Plot,Palm Towers,Ravi Mehta
1932,2024-04-17,Google Ads,Mumbai,17200000,Villa,Elite Heights,Praveen Tambe
1933,2024-11-04,Housing,Mumbai,5500000,Villa,Palm Towers,Shefali Mehta
1934,2024-01-10,Housing,Gurgaon,12100000,Villa,Green Valley,Rohit Sharma
1935,2024-11-03,Referral,Pune,12400000,Villa,Palm Towers,Neha Singh
1936,2024-09-04,Google Ads,Gurgaon,15600000,Plot,Green Valley,Ravi Mehta
1937,2024-11-15,Facebook,Gurgaon,8800000,Villa,Green Valley,Viral Kohli
1938,2024-07-13,Housing,Bangalore,19700000,Plot,Elite Heights,Priya Kapoor
1939,2024-05-11,Google Ads,Mumbai,16000000,Apartment,Sky Residency,Sachin Tendulkar
1940,2024-07-13,Facebook,Noida,3500000,Plot,Palm Towers,Ravi Mehta
1941,2024-07-10,Channel Partner,Bangalore,13100000,Villa,Palm Towers,Ravi Mehta
1942,2024-01-21,99acres,Mumbai,19900000,Plot,Sky Residency,Viral Kohli
1943,2024-10-13,99acres,Pune,8800000,Villa,Sky Residency,Shefali Mehta
1944,2024-07-13,Channel Partner,Bangalore,5400000,Apartment,Palm Towers,Ravi Mehta
1945,2024-07-06,Google Ads,Noida,12100000,Plot,Palm Towers,Rohit Sharma
1946,2024-08-27,Housing,Noida,15300000,Apartment,Palm Towers,Ravi Mehta
1947,2024-10-22,99acres,Gurgaon,13800000,Plot,Sky Residency,Ravi Mehta
1948,2024-07-03,Facebook,Hyderabad,3700000,Plot,Urban Square,Ravi Mehta
1949,2024-09-22,99acres,Pune,10300000,Plot,Palm Towers,Priya Kapoor
1950,2024-02-09,Walk-in,Gurgaon,3700000,Apartment,Elite Heights,Viral Kohli
1951,2024-06-23,Google Ads,Mumbai,13200000,Apartment,Green Valley,Aman Sharma
1952,2024-01-01,Google Ads,Gurgaon,9400000,Plot,Urban Square,Shefali Mehta
1953,2024-12-04,99acres,Mumbai,8300000,Plot,Palm Towers,Sachin Tendulkar
1954,2024-10-24,Channel Partner,Gurgaon,13300000,Apartment,Palm Towers,Aman Sharma
1955,2024-06-03,Referral,Gurgaon,11800000,Villa,Green Valley,Sachin Tendulkar
1956,2024-04-24,Facebook,Pune,8000000,Villa,Elite Heights,Riya Kapoor
1957,2024-04-04,99acres,Gurgaon,11000000,Plot,Palm Towers,Aman Sharma
1958,2024-02-16,99acres,Gurgaon,7200000,Apartment,Urban Square,Sachin Tendulkar
1959,2024-07-13,Referral,Pune,12100000,Apartment,Green Valley,Praveen Tambe
1960,2024-10-30,Facebook,Hyderabad,19100000,Villa,Green Valley,Riya Kapoor
1961,2024-07-16,Housing,Gurgaon,16800000,Apartment,Palm Towers,Neha Singh
1962,2024-05-06,Referral,Noida,17200000,Apartment,Palm Towers,Ravi Mehta
1963,2024-04-10,Google Ads,Gurgaon,8600000,Plot,Elite Heights,Sachin Tendulkar
1964,2024-07-27,99acres,Hyderabad,11300000,Villa,Palm Towers,Viral Kohli
1965,2024-11-23,Google Ads,Mumbai,12000000,Plot,Sky Residency,Shefali Mehta
1966,2024-06-22,Referral,Pune,3100000,Plot,Palm Towers,Priya Kapoor
1967,2024-02-28,Google Ads,Mumbai,15400000,Villa,Elite Heights,Ravi Mehta
1968,2024-05-29,Google Ads,Noida,18300000,Plot,Sky Residency,Aman Sharma
1969,2024-02-25,Facebook,Noida,15800000,Villa,Urban Square,Riya Kapoor
1970,2024-12-19,Referral,Bangalore,17300000,Apartment,Sky Residency,Ravi Mehta
1971,2024-04-12,Facebook,Pune,18000000,Apartment,Sky Residency,Shefali Mehta
1972,2024-01-19,Facebook,Pune,19600000,Plot,Palm Towers,Rohit Sharma
1973,2024-10-25,Google Ads,Gurgaon,15100000,Villa,Urban Square,Ravi Mehta
1974,2024-09-02,Facebook,Mumbai,11400000,Apartment,Elite Heights,Viral Kohli
1975,2024-08-20,99acres,Gurgaon,16700000,Apartment,Green Valley,Ravi Mehta
1976,2024-12-24,Housing,Gurgaon,16100000,Apartment,Elite Heights,Sachin Tendulkar
1977,2024-04-15,Facebook,Hyderabad,9900000,Villa,Elite Heights,Rohit Sharma
1978,2024-03-03,Facebook,Mumbai,3400000,Villa,Sky Residency,Rohit Sharma
1979,2024-10-20,Housing,Noida,20000000,Apartment,Urban Square,Praveen Tambe
1980,2024-07-10,99acres,Bangalore,4000000,Apartment,Green Valley,Aman Sharma
1981,2024-02-22,Facebook,Bangalore,17100000,Villa,Green Valley,Ravi Mehta
1982,2024-06-05,Housing,Pune,4600000,Plot,Green Valley,Ravi Mehta
1983,2024-09-13,Channel Partner,Bangalore,6900000,Apartment,Urban Square,Riya Kapoor
1984,2024-05-08,99acres,Gurgaon,5200000,Apartment,Elite Heights,Aman Sharma
1985,2024-06-25,Channel Partner,Mumbai,15400000,Villa,Palm Towers,Neha Singh
1986,2024-04-20,Housing,Gurgaon,5400000,Apartment,Green Valley,Riya Kapoor
1987,2024-07-11,Referral,Noida,17300000,Apartment,Green Valley,Priya Kapoor
1988,2024-10-12,Walk-in,Pune,8100000,Plot,Urban Square,Viral Kohli
1989,2024-04-12,Google Ads,Gurgaon,19900000,Plot,Green Valley,Sachin Tendulkar
1990,2024-01-15,99acres,Noida,9300000,Villa,Urban Square,Aman Sharma
1991,2024-06-05,Facebook,Noida,19300000,Plot,Elite Heights,Priya Kapoor
1992,2024-07-04,Housing,Bangalore,14800000,Plot,Elite Heights,Sachin Tendulkar
1993,2024-10-23,Walk-in,Noida,15900000,Apartment,Elite Heights,Priya Kapoor
1994,2024-08-11,Facebook,Noida,17000000,Plot,Green Valley,Praveen Tambe
1995,2024-07-04,99acres,Pune,19100000,Villa,Palm Towers,Viral Kohli
1996,2024-01-22,Referral,Bangalore,13400000,Plot,Elite Heights,Praveen Tambe
1997,2024-07-08,Housing,Pune,16500000,Villa,Sky Residency,Viral Kohli
1998,2024-07-31,99acres,Bangalore,14900000,Plot,Green Valley,Neha Singh
1999,2024-02-19,Google Ads,Gurgaon,16300000,Apartment,Sky Residency,Sachin Tendulkar
2000,2024-07-14,Facebook,Noida,8600000,Villa,Urban Square,Shefali Mehta
2001,2024-09-01,Google Ads,Bangalore,17700000,Villa,Sky Residency,Ravi Mehta
2002,2024-11-22,Google Ads,Mumbai,18700000,Apartment,Palm Towers,Neha Singh
2003,2024-07-25,Google Ads,Mumbai,16600000,Apartment,Palm Towers,Rohit Sharma
2004,2024-06-23,Google Ads,Bangalore,4300000,Villa,Sky Residency,Viral Kohli
2005,2024-06-24,Referral,Noida,8300000,Villa,Elite Heights,Shefali Mehta
2006,2024-08-15,Google Ads,Pune,16700000,Villa,Sky Residency,Riya Kapoor
2007,2024-05-26,Google Ads,Hyderabad,13200000,Villa,Sky Residency,Priya Kapoor
2008,2024-04-06,99acres,Noida,12700000,Villa,Urban Square,Neha Singh
2009,2024-12-16,99acres,Mumbai,12000000,Villa,Green Valley,Rohit Sharma
2010,2024-07-17,Facebook,Pune,18300000,Apartment,Elite Heights,Riya Kapoor
2011,2024-06-22,Facebook,Noida,15100000,Apartment,Sky Residency,Aman Sharma
2012,2024-02-05,Housing,Bangalore,10200000,Plot,Elite Heights,Neha Singh
2013,2024-09-09,Google Ads,Noida,4000000,Villa,Palm Towers,Rohit Sharma
2014,2024-08-12,Google Ads,Noida,7400000,Villa,Green Valley,Viral Kohli
2015,2024-09-30,Housing,Hyderabad,13100000,Plot,Elite Heights,Praveen Tambe
2016,2024-05-05,Walk-in,Noida,16000000,Apartment,Elite Heights,Neha Singh
2017,2024-11-06,Google Ads,Gurgaon,11100000,Apartment,Green Valley,Viral Kohli
2018,2024-02-29,Facebook,Pune,18800000,Plot,Elite Heights,Praveen Tambe
2019,2024-03-05,Channel Partner,Gurgaon,5000000,Apartment,Green Valley,Ravi Mehta
2020,2024-10-14,99acres,Noida,6100000,Apartment,Palm Towers,Aman Sharma
2021,2024-07-25,Google Ads,Bangalore,18600000,Apartment,Sky Residency,Aman Sharma
2022,2024-05-17,Channel Partner,Noida,19700000,Villa,Sky Residency,Aman Sharma
2023,2024-09-17,Walk-in,Gurgaon,16000000,Plot,Urban Square,Viral Kohli
2024,2024-02-17,Channel Partner,Gurgaon,6600000,Plot,Urban Square,Riya Kapoor
2025,2024-06-24,Google Ads,Pune,7500000,Villa,Urban Square,Viral Kohli
2026,2024-10-14,Referral,Noida,8400000,Villa,Sky Residency,Ravi Mehta
2027,2024-10-16,99acres,Gurgaon,18200000,Villa,Elite Heights,Priya Kapoor
2028,2024-04-27,Facebook,Bangalore,16100000,Apartment,Palm Towers,Aman Sharma
2029,2024-10-22,Facebook,Gurgaon,6000000,Plot,Green Valley,Priya Kapoor
2030,2024-11-08,Facebook,Hyderabad,15800000,Villa,Green Valley,Ravi Mehta
2031,2024-07-04,Google Ads,Mumbai,19400000,Apartment,Elite Heights,Viral Kohli
2032,2024-05-21,Housing,Bangalore,4300000,Villa,Green Valley,Priya Kapoor
2033,2024-02-11,Google Ads,Noida,12900000,Apartment,Green Valley,Praveen Tambe
2034,2024-01-03,Google Ads,Mumbai,8000000,Apartment,Elite Heights,Praveen Tambe
2035,2024-02-15,Referral,Noida,9700000,Apartment,Elite Heights,Aman Sharma
2036,2024-09-10,Google Ads,Pune,3600000,Apartment,Urban Square,Sachin Tendulkar
2037,2024-12-16,Referral,Mumbai,12100000,Apartment,Palm Towers,Neha Singh
2038,2024-03-12,Housing,Noida,9700000,Villa,Sky Residency,Ravi Mehta
2039,2024-03-21,Google Ads,Pune,19900000,Apartment,Palm Towers,Aman Sharma
2040,2024-08-13,99acres,Bangalore,8100000,Villa,Sky Residency,Aman Sharma
2041,2024-07-25,Housing,Gurgaon,4800000,Villa,Sky Residency,Shefali Mehta
2042,2024-07-07,99acres,Pune,18200000,Plot,Palm Towers,Ravi Mehta
2043,2024-06-09,Facebook,Mumbai,17900000,Apartment,Green Valley,Shefali Mehta
2044,2024-06-26,Facebook,Hyderabad,9300000,Apartment,Sky Residency,Praveen Tambe
2045,2024-09-26,Google Ads,Gurgaon,7200000,Apartment,Palm Towers,Priya Kapoor
2046,2024-09-04,Google Ads,Gurgaon,19400000,Villa,Urban Square,Neha Singh
2047,2024-12-21,Facebook,Noida,18800000,Plot,Sky Residency,Aman Sharma
2048,2024-06-25,Channel Partner,Mumbai,11100000,Villa,Urban Square,Rohit Sharma
2049,2024-11-02,Google Ads,Noida,17100000,Plot,Green Valley,Ravi Mehta
2050,2024-02-10,Referral,Pune,15000000,Apartment,Sky Residency,Riya Kapoor
2051,2024-05-01,Google Ads,Gurgaon,9500000,Villa,Elite Heights,Rohit Sharma
2052,2024-04-27,Facebook,Noida,13000000,Apartment,Sky Residency,Riya Kapoor
2053,2024-02-27,Channel Partner,Gurgaon,13300000,Villa,Elite Heights,Viral Kohli
2054,2024-03-26,Google Ads,Mumbai,5500000,Apartment,Elite Heights,Riya Kapoor
2055,2024-01-01,Google Ads,Bangalore,6000000,Apartment,Elite Heights,Priya Kapoor
2056,2024-05-01,Facebook,Noida,13900000,Apartment,Elite Heights,Neha Singh
2057,2024-12-18,Walk-in,Mumbai,11700000,Apartment,Sky Residency,Sachin Tendulkar
2058,2024-05-21,99acres,Bangalore,15300000,Villa,Urban Square,Priya Kapoor
2059,2024-06-10,Housing,Noida,8100000,Apartment,Sky Residency,Rohit Sharma
2060,2024-01-18,Facebook,Gurgaon,12600000,Villa,Elite Heights,Priya Kapoor
2061,2024-04-20,Housing,Noida,12800000,Apartment,Palm Towers,Riya Kapoor
2062,2024-09-10,Google Ads,Bangalore,8200000,Villa,Urban Square,Shefali Mehta
2063,2024-08-13,Facebook,Pune,14500000,Plot,Elite Heights,Shefali Mehta
2064,2024-01-26,Facebook,Pune,13100000,Plot,Urban Square,Shefali Mehta
2065,2024-11-14,Facebook,Gurgaon,19800000,Apartment,Elite Heights,Shefali Mehta
2066,2024-07-10,Housing,Noida,16100000,Plot,Elite Heights,Aman Sharma
2067,2024-01-20,Google Ads,Gurgaon,11800000,Villa,Sky Residency,Shefali Mehta
2068,2024-03-07,Housing,Gurgaon,8600000,Villa,Urban Square,Praveen Tambe
2069,2024-02-25,Facebook,Gurgaon,9700000,Apartment,Green Valley,Viral Kohli
2070,2024-09-30,Housing,Gurgaon,4900000,Villa,Urban Square,Priya Kapoor
2071,2024-04-02,Google Ads,Noida,19100000,Apartment,Urban Square,Neha Singh
2072,2024-02-20,Channel Partner,Pune,4300000,Apartment,Palm Towers,Sachin Tendulkar
2073,2024-04-16,Facebook,Pune,8700000,Villa,Elite Heights,Sachin Tendulkar
2074,2024-03-09,Channel Partner,Mumbai,4000000,Villa,Palm Towers,Aman Sharma
2075,2024-01-29,Referral,Noida,6300000,Apartment,Urban Square,Sachin Tendulkar
2076,2024-11-12,Facebook,Gurgaon,18200000,Plot,Elite Heights,Riya Kapoor
2077,2024-08-05,99acres,Pune,3200000,Plot,Green Valley,Neha Singh
2078,2024-08-24,Walk-in,Hyderabad,10600000,Villa,Sky Residency,Neha Singh
2079,2024-08-30,Referral,Noida,5700000,Plot,Green Valley,Riya Kapoor
2080,2024-03-09,Google Ads,Gurgaon,16600000,Apartment,Sky Residency,Priya Kapoor
2081,2024-05-06,Google Ads,Gurgaon,18900000,Plot,Palm Towers,Aman Sharma
2082,2024-06-12,Google Ads,Pune,15500000,Apartment,Sky Residency,Shefali Mehta
2083,2024-03-17,Google Ads,Gurgaon,17000000,Villa,Elite Heights,Shefali Mehta
2084,2024-02-28,99acres,Gurgaon,17300000,Apartment,Sky Residency,Rohit Sharma
2085,2024-03-03,Referral,Gurgaon,14100000,Apartment,Sky Residency,Neha Singh
2086,2024-09-29,Housing,Pune,16200000,Villa,Green Valley,Viral Kohli
2087,2024-05-09,Housing,Mumbai,9700000,Plot,Green Valley,Viral Kohli
2088,2024-03-15,99acres,Mumbai,15800000,Villa,Sky Residency,Sachin Tendulkar
2089,2024-12-13,Referral,Noida,12300000,Apartment,Urban Square,Priya Kapoor
2090,2024-03-18,Housing,Gurgaon,19200000,Apartment,Sky Residency,Praveen Tambe
2091,2024-08-29,99acres,Bangalore,18000000,Plot,Urban Square,Sachin Tendulkar
2092,2024-07-21,Google Ads,Gurgaon,16200000,Villa,Urban Square,Sachin Tendulkar
2093,2024-01-21,Referral,Hyderabad,10500000,Plot,Elite Heights,Ravi Mehta
2094,2024-07-30,99acres,Bangalore,3700000,Apartment,Green Valley,Aman Sharma
2095,2024-07-06,Referral,Noida,18000000,Villa,Elite Heights,Aman Sharma
2096,2024-06-07,Google Ads,Hyderabad,8200000,Apartment,Urban Square,Priya Kapoor
2097,2024-08-16,Referral,Noida,17300000,Villa,Green Valley,Aman Sharma
2098,2024-05-19,Channel Partner,Bangalore,17900000,Plot,Elite Heights,Riya Kapoor
2099,2024-12-09,Channel Partner,Bangalore,6900000,Apartment,Green Valley,Neha Singh
2100,2024-07-11,Channel Partner,Hyderabad,3000000,Villa,Sky Residency,Riya Kapoor
2101,2024-07-26,99acres,Mumbai,11600000,Plot,Green Valley,Neha Singh
2102,2024-10-01,99acres,Gurgaon,18200000,Villa,Sky Residency,Aman Sharma
2103,2024-04-11,Facebook,Mumbai,11100000,Apartment,Urban Square,Riya Kapoor
2104,2024-05-01,Referral,Noida,5600000,Plot,Urban Square,Ravi Mehta
2105,2024-06-05,Referral,Gurgaon,4400000,Villa,Sky Residency,Neha Singh
2106,2024-09-26,Facebook,Mumbai,15400000,Villa,Green Valley,Priya Kapoor
2107,2024-02-23,Facebook,Pune,6200000,Villa,Sky Residency,Neha Singh
2108,2024-12-22,Walk-in,Gurgaon,14500000,Villa,Elite Heights,Sachin Tendulkar
2109,2024-11-06,Channel Partner,Mumbai,5700000,Apartment,Elite Heights,Aman Sharma
2110,2024-11-10,99acres,Gurgaon,5300000,Plot,Urban Square,Ravi Mehta
2111,2024-06-18,99acres,Bangalore,10500000,Plot,Palm Towers,Riya Kapoor
2112,2024-09-10,Housing,Bangalore,8400000,Villa,Sky Residency,Shefali Mehta
2113,2024-06-29,Walk-in,Hyderabad,10900000,Apartment,Sky Residency,Praveen Tambe
2114,2024-11-23,Google Ads,Hyderabad,19500000,Villa,Sky Residency,Neha Singh
2115,2024-01-01,99acres,Gurgaon,16300000,Villa,Elite Heights,Sachin Tendulkar
2116,2024-03-08,Walk-in,Bangalore,13800000,Villa,Palm Towers,Praveen Tambe
2117,2024-09-11,Channel Partner,Gurgaon,18900000,Apartment,Green Valley,Aman Sharma
2118,2024-08-13,Facebook,Noida,14600000,Apartment,Palm Towers,Riya Kapoor
2119,2024-01-13,99acres,Bangalore,18300000,Plot,Elite Heights,Priya Kapoor
2120,2024-09-20,99acres,Pune,19600000,Apartment,Palm Towers,Rohit Sharma
2121,2024-11-27,Housing,Bangalore,3100000,Villa,Elite Heights,Sachin Tendulkar
2122,2024-06-17,Google Ads,Gurgaon,8400000,Apartment,Elite Heights,Sachin Tendulkar
2123,2024-02-06,Referral,Gurgaon,4300000,Villa,Green Valley,Praveen Tambe
2124,2024-01-05,Google Ads,Noida,12000000,Villa,Elite Heights,Neha Singh
2125,2024-12-22,Facebook,Noida,14600000,Villa,Green Valley,Shefali Mehta
2126,2024-07-10,Housing,Mumbai,11700000,Apartment,Green Valley,Praveen Tambe
2127,2024-01-09,99acres,Pune,6700000,Apartment,Palm Towers,Sachin Tendulkar
2128,2024-06-08,Google Ads,Hyderabad,12300000,Apartment,Urban Square,Priya Kapoor
2129,2024-10-08,Google Ads,Noida,11200000,Villa,Urban Square,Viral Kohli
2130,2024-10-07,Facebook,Noida,9100000,Plot,Elite Heights,Praveen Tambe
2131,2024-01-04,99acres,Noida,7200000,Apartment,Green Valley,Riya Kapoor
2132,2024-06-10,Channel Partner,Noida,10100000,Plot,Urban Square,Ravi Mehta
2133,2024-07-04,Facebook,Bangalore,9900000,Plot,Elite Heights,Priya Kapoor
2134,2024-08-21,Facebook,Bangalore,5800000,Plot,Elite Heights,Riya Kapoor
2135,2024-10-10,Google Ads,Pune,6000000,Villa,Palm Towers,Praveen Tambe
2136,2024-12-11,Google Ads,Pune,19700000,Villa,Palm Towers,Shefali Mehta
2137,2024-09-27,Walk-in,Pune,7700000,Apartment,Elite Heights,Rohit Sharma
2138,2024-11-20,Facebook,Gurgaon,7500000,Villa,Sky Residency,Riya Kapoor
2139,2024-12-02,Google Ads,Bangalore,13200000,Plot,Urban Square,Sachin Tendulkar
2140,2024-01-28,Channel Partner,Pune,6300000,Plot,Green Valley,Praveen Tambe
2141,2024-11-09,Facebook,Noida,18400000,Villa,Elite Heights,Sachin Tendulkar
2142,2024-02-25,Google Ads,Gurgaon,13200000,Villa,Sky Residency,Aman Sharma
2143,2024-05-11,Housing,Bangalore,5700000,Plot,Elite Heights,Ravi Mehta
2144,2024-03-20,Walk-in,Hyderabad,8200000,Plot,Palm Towers,Ravi Mehta
2145,2024-05-10,Google Ads,Pune,13100000,Apartment,Green Valley,Praveen Tambe
2146,2024-03-12,Referral,Pune,11800000,Plot,Elite Heights,Rohit Sharma
2147,2024-06-09,Google Ads,Hyderabad,9100000,Apartment,Elite Heights,Viral Kohli
2148,2024-07-29,Facebook,Noida,16900000,Villa,Elite Heights,Viral Kohli
2149,2024-10-03,Google Ads,Pune,8900000,Apartment,Palm Towers,Ravi Mehta
2150,2024-10-26,Housing,Noida,19400000,Villa,Elite Heights,Viral Kohli
2151,2024-05-15,Google Ads,Mumbai,16000000,Plot,Elite Heights,Aman Sharma
2152,2024-12-29,Google Ads,Gurgaon,5300000,Plot,Urban Square,Shefali Mehta
2153,2024-04-02,Facebook,Mumbai,4800000,Apartment,Palm Towers,Shefali Mehta
2154,2024-04-11,Referral,Mumbai,16600000,Villa,Palm Towers,Praveen Tambe
2155,2024-03-14,Channel Partner,Hyderabad,12900000,Villa,Urban Square,Riya Kapoor
2156,2024-02-23,Housing,Mumbai,7100000,Apartment,Sky Residency,Priya Kapoor
2157,2024-02-08,Facebook,Gurgaon,10500000,Villa,Sky Residency,Viral Kohli
2158,2024-08-26,99acres,Bangalore,18800000,Villa,Green Valley,Ravi Mehta
2159,2024-01-22,Google Ads,Hyderabad,16700000,Apartment,Elite Heights,Shefali Mehta
2160,2024-08-22,Channel Partner,Mumbai,5400000,Villa,Palm Towers,Viral Kohli
2161,2024-08-22,99acres,Noida,7900000,Plot,Sky Residency,Sachin Tendulkar
2162,2024-02-20,Google Ads,Hyderabad,7700000,Villa,Palm Towers,Priya Kapoor
2163,2024-07-03,99acres,Gurgaon,17200000,Apartment,Green Valley,Rohit Sharma
2164,2024-11-12,Referral,Noida,8700000,Apartment,Green Valley,Ravi Mehta
2165,2024-11-27,Facebook,Bangalore,15800000,Villa,Green Valley,Aman Sharma
2166,2024-09-25,Facebook,Pune,19500000,Plot,Sky Residency,Neha Singh
2167,2024-04-19,99acres,Bangalore,6900000,Plot,Urban Square,Priya Kapoor
2168,2024-12-18,Channel Partner,Mumbai,7100000,Plot,Sky Residency,Sachin Tendulkar
2169,2024-01-22,Referral,Mumbai,8900000,Apartment,Sky Residency,Ravi Mehta
2170,2024-01-10,99acres,Noida,13700000,Plot,Elite Heights,Ravi Mehta
2171,2024-05-17,Housing,Pune,19300000,Apartment,Sky Residency,Neha Singh
2172,2024-10-01,Google Ads,Pune,19300000,Villa,Elite Heights,Aman Sharma
2173,2024-01-29,Facebook,Pune,15700000,Villa,Palm Towers,Sachin Tendulkar
2174,2024-02-23,99acres,Noida,4400000,Villa,Green Valley,Shefali Mehta
2175,2024-09-15,99acres,Mumbai,9000000,Plot,Palm Towers,Shefali Mehta
2176,2024-10-19,Channel Partner,Hyderabad,16200000,Villa,Palm Towers,Ravi Mehta
2177,2024-08-08,Google Ads,Bangalore,3600000,Apartment,Green Valley,Praveen Tambe
2178,2024-08-16,99acres,Gurgaon,18400000,Plot,Green Valley,Praveen Tambe
2179,2024-06-14,Google Ads,Bangalore,14000000,Plot,Sky Residency,Shefali Mehta
2180,2024-10-08,Channel Partner,Mumbai,11000000,Apartment,Sky Residency,Aman Sharma
2181,2024-07-25,Channel Partner,Mumbai,7900000,Apartment,Palm Towers,Praveen Tambe
2182,2024-03-20,Referral,Hyderabad,12500000,Plot,Sky Residency,Neha Singh
2183,2024-11-28,Google Ads,Bangalore,4200000,Apartment,Sky Residency,Aman Sharma
2184,2024-02-06,Google Ads,Hyderabad,14400000,Villa,Sky Residency,Viral Kohli
2185,2024-07-28,99acres,Gurgaon,17100000,Apartment,Elite Heights,Shefali Mehta
2186,2024-07-06,Referral,Hyderabad,15500000,Plot,Elite Heights,Neha Singh
2187,2024-03-25,Facebook,Pune,6400000,Apartment,Sky Residency,Rohit Sharma
2188,2024-05-10,Walk-in,Noida,13600000,Villa,Sky Residency,Ravi Mehta
2189,2024-07-30,Referral,Gurgaon,9300000,Villa,Green Valley,Sachin Tendulkar
2190,2024-10-21,Facebook,Noida,3000000,Apartment,Urban Square,Neha Singh
2191,2024-08-11,Google Ads,Bangalore,12300000,Apartment,Urban Square,Viral Kohli
2192,2024-02-26,Google Ads,Pune,3500000,Villa,Palm Towers,Riya Kapoor
2193,2024-01-24,Housing,Gurgaon,6100000,Villa,Urban Square,Ravi Mehta
2194,2024-10-14,Channel Partner,Gurgaon,14300000,Plot,Palm Towers,Aman Sharma
2195,2024-06-05,Referral,Gurgaon,14000000,Apartment,Green Valley,Priya Kapoor
2196,2024-06-07,Referral,Gurgaon,8500000,Plot,Sky Residency,Viral Kohli
2197,2024-05-25,Google Ads,Mumbai,11200000,Plot,Sky Residency,Neha Singh
2198,2024-02-09,Referral,Noida,18800000,Plot,Urban Square,Praveen Tambe
2199,2024-09-01,Google Ads,Pune,19800000,Apartment,Palm Towers,Neha Singh
2200,2024-10-31,Google Ads,Hyderabad,17100000,Plot,Green Valley,Praveen Tambe
2201,2024-04-04,99acres,Gurgaon,17400000,Plot,Sky Residency,Priya Kapoor
2202,2024-09-19,Housing,Gurgaon,16000000,Villa,Palm Towers,Shefali Mehta
2203,2024-11-20,99acres,Hyderabad,10800000,Plot,Sky Residency,Ravi Mehta
2204,2024-11-23,99acres,Pune,3300000,Plot,Urban Square,Rohit Sharma
2205,2024-01-13,Channel Partner,Pune,4700000,Apartment,Sky Residency,Viral Kohli
2206,2024-11-02,Referral,Pune,4400000,Villa,Green Valley,Riya Kapoor
2207,2024-11-08,Google Ads,Hyderabad,8500000,Plot,Urban Square,Sachin Tendulkar
2208,2024-05-13,Referral,Gurgaon,10800000,Apartment,Sky Residency,Sachin Tendulkar
2209,2024-05-18,Channel Partner,Mumbai,16600000,Apartment,Palm Towers,Ravi Mehta
2210,2024-06-24,Channel Partner,Hyderabad,11400000,Villa,Green Valley,Viral Kohli
2211,2024-05-09,Facebook,Mumbai,9900000,Apartment,Green Valley,Sachin Tendulkar
2212,2024-09-29,Channel Partner,Bangalore,19900000,Apartment,Sky Residency,Riya Kapoor
2213,2024-07-30,Housing,Mumbai,3100000,Plot,Green Valley,Neha Singh
2214,2024-12-11,Google Ads,Pune,15800000,Apartment,Elite Heights,Praveen Tambe
2215,2024-05-22,Channel Partner,Hyderabad,12300000,Plot,Sky Residency,Priya Kapoor
2216,2024-08-02,Facebook,Gurgaon,9800000,Villa,Green Valley,Aman Sharma
2217,2024-09-25,Walk-in,Bangalore,14400000,Villa,Elite Heights,Priya Kapoor
2218,2024-09-04,Walk-in,Noida,16300000,Apartment,Elite Heights,Riya Kapoor
2219,2024-04-09,Channel Partner,Hyderabad,8600000,Apartment,Urban Square,Priya Kapoor
2220,2024-04-13,Facebook,Gurgaon,5600000,Villa,Elite Heights,Ravi Mehta
2221,2024-09-30,Google Ads,Pune,5400000,Apartment,Urban Square,Rohit Sharma
2222,2024-10-03,Google Ads,Mumbai,7600000,Plot,Green Valley,Sachin Tendulkar
2223,2024-01-20,99acres,Gurgaon,4800000,Villa,Sky Residency,Neha Singh
2224,2024-07-29,99acres,Pune,15600000,Plot,Sky Residency,Rohit Sharma
2225,2024-04-24,Facebook,Noida,12700000,Apartment,Green Valley,Ravi Mehta
2226,2024-07-22,Google Ads,Gurgaon,8200000,Apartment,Urban Square,Neha Singh
2227,2024-05-22,Google Ads,Gurgaon,4700000,Plot,Sky Residency,Rohit Sharma
2228,2024-03-14,99acres,Gurgaon,19400000,Plot,Urban Square,Sachin Tendulkar
2229,2024-03-02,Referral,Noida,5300000,Plot,Sky Residency,Shefali Mehta
2230,2024-12-03,Google Ads,Bangalore,15400000,Villa,Sky Residency,Riya Kapoor
2231,2024-02-03,99acres,Noida,9500000,Apartment,Palm Towers,Neha Singh
2232,2024-03-22,99acres,Pune,14800000,Apartment,Elite Heights,Rohit Sharma
2233,2024-05-23,Facebook,Bangalore,9000000,Apartment,Elite Heights,Ravi Mehta
2234,2024-01-09,Walk-in,Noida,19300000,Plot,Palm Towers,Neha Singh
2235,2024-08-23,Walk-in,Bangalore,6100000,Plot,Elite Heights,Ravi Mehta
2236,2024-08-14,Google Ads,Pune,3300000,Apartment,Palm Towers,Sachin Tendulkar
2237,2024-10-27,Google Ads,Noida,18900000,Villa,Sky Residency,Viral Kohli
2238,2024-06-01,Housing,Pune,13800000,Villa,Palm Towers,Ravi Mehta
2239,2024-01-24,Facebook,Noida,20000000,Apartment,Sky Residency,Sachin Tendulkar
2240,2024-01-22,99acres,Pune,5200000,Apartment,Green Valley,Praveen Tambe
2241,2024-10-06,99acres,Mumbai,11800000,Villa,Elite Heights,Viral Kohli
2242,2024-07-05,99acres,Pune,11700000,Villa,Palm Towers,Praveen Tambe
2243,2024-07-09,Facebook,Noida,10200000,Apartment,Green Valley,Shefali Mehta
2244,2024-07-25,Google Ads,Noida,18100000,Villa,Elite Heights,Praveen Tambe
2245,2024-06-11,Google Ads,Hyderabad,9200000,Villa,Green Valley,Praveen Tambe
2246,2024-04-11,Housing,Pune,3100000,Plot,Elite Heights,Viral Kohli
2247,2024-05-27,Google Ads,Mumbai,5200000,Apartment,Urban Square,Praveen Tambe
2248,2024-07-27,99acres,Mumbai,13200000,Villa,Green Valley,Praveen Tambe
2249,2024-12-05,99acres,Noida,17400000,Plot,Palm Towers,Praveen Tambe
2250,2024-08-22,Google Ads,Gurgaon,18500000,Villa,Urban Square,Neha Singh
2251,2024-05-27,Google Ads,Gurgaon,13300000,Villa,Green Valley,Riya Kapoor
2252,2024-10-31,Google Ads,Mumbai,4800000,Apartment,Palm Towers,Sachin Tendulkar
2253,2024-06-22,Referral,Hyderabad,20000000,Apartment,Sky Residency,Priya Kapoor
2254,2024-01-25,Housing,Bangalore,17300000,Villa,Elite Heights,Riya Kapoor
2255,2024-02-01,99acres,Mumbai,12700000,Villa,Sky Residency,Neha Singh
2256,2024-10-06,Channel Partner,Pune,13100000,Apartment,Sky Residency,Shefali Mehta
2257,2024-08-29,Facebook,Gurgaon,15700000,Plot,Sky Residency,Priya Kapoor
2258,2024-09-16,Housing,Gurgaon,15600000,Plot,Elite Heights,Shefali Mehta
2259,2024-02-12,Google Ads,Bangalore,15600000,Apartment,Palm Towers,Sachin Tendulkar
2260,2024-10-29,Housing,Noida,15800000,Plot,Sky Residency,Aman Sharma
2261,2024-09-26,99acres,Mumbai,10400000,Apartment,Sky Residency,Rohit Sharma
2262,2024-03-19,Google Ads,Gurgaon,3600000,Plot,Elite Heights,Praveen Tambe
2263,2024-11-21,Channel Partner,Noida,5400000,Plot,Elite Heights,Riya Kapoor
2264,2024-09-14,Referral,Bangalore,8300000,Plot,Palm Towers,Riya Kapoor
2265,2024-05-13,99acres,Bangalore,4000000,Apartment,Elite Heights,Riya Kapoor
2266,2024-05-27,Facebook,Bangalore,16900000,Apartment,Sky Residency,Shefali Mehta
2267,2024-10-30,Google Ads,Noida,14000000,Villa,Sky Residency,Sachin Tendulkar
2268,2024-03-31,99acres,Noida,17700000,Villa,Green Valley,Priya Kapoor
2269,2024-04-19,Referral,Gurgaon,10700000,Villa,Palm Towers,Praveen Tambe
2270,2024-11-13,Google Ads,Gurgaon,15200000,Apartment,Green Valley,Rohit Sharma
2271,2024-11-10,99acres,Pune,15300000,Villa,Sky Residency,Ravi Mehta
2272,2024-10-03,Walk-in,Gurgaon,8500000,Plot,Palm Towers,Aman Sharma
2273,2024-07-12,Google Ads,Gurgaon,16000000,Villa,Green Valley,Sachin Tendulkar
2274,2024-02-05,Housing,Pune,18200000,Apartment,Green Valley,Sachin Tendulkar
2275,2024-01-09,Google Ads,Mumbai,14700000,Villa,Urban Square,Aman Sharma
2276,2024-01-31,Google Ads,Noida,5300000,Villa,Palm Towers,Rohit Sharma
2277,2024-10-29,99acres,Mumbai,10400000,Villa,Sky Residency,Shefali Mehta
2278,2024-01-11,Facebook,Gurgaon,11100000,Apartment,Palm Towers,Shefali Mehta
2279,2024-07-09,Referral,Pune,16900000,Villa,Elite Heights,Shefali Mehta
2280,2024-07-01,Walk-in,Noida,12300000,Apartment,Palm Towers,Priya Kapoor
2281,2024-11-05,Facebook,Pune,9200000,Plot,Elite Heights,Rohit Sharma
2282,2024-08-06,Facebook,Noida,6200000,Villa,Elite Heights,Aman Sharma
2283,2024-04-05,Google Ads,Bangalore,8300000,Plot,Palm Towers,Priya Kapoor
2284,2024-04-19,Facebook,Gurgaon,12600000,Plot,Green Valley,Sachin Tendulkar
2285,2024-07-06,Housing,Pune,14000000,Plot,Elite Heights,Praveen Tambe
2286,2024-03-03,Google Ads,Gurgaon,4800000,Villa,Elite Heights,Ravi Mehta
2287,2024-09-17,Facebook,Hyderabad,4000000,Villa,Green Valley,Shefali Mehta
2288,2024-04-01,Housing,Mumbai,17400000,Villa,Urban Square,Rohit Sharma
2289,2024-01-24,Housing,Bangalore,5000000,Plot,Sky Residency,Sachin Tendulkar
2290,2024-11-22,Facebook,Noida,14200000,Plot,Urban Square,Rohit Sharma
2291,2024-04-25,Google Ads,Hyderabad,16800000,Apartment,Urban Square,Shefali Mehta
2292,2024-08-31,Facebook,Mumbai,12600000,Villa,Palm Towers,Riya Kapoor
2293,2024-09-25,Facebook,Noida,6900000,Plot,Elite Heights,Aman Sharma
2294,2024-03-13,Google Ads,Mumbai,4700000,Plot,Urban Square,Priya Kapoor
2295,2024-08-05,Channel Partner,Pune,14500000,Plot,Palm Towers,Rohit Sharma
2296,2024-08-10,Housing,Noida,14300000,Villa,Urban Square,Riya Kapoor
2297,2024-01-30,Walk-in,Gurgaon,10700000,Plot,Urban Square,Aman Sharma
2298,2024-05-27,Housing,Gurgaon,14600000,Villa,Palm Towers,Neha Singh
2299,2024-11-29,Google Ads,Gurgaon,19000000,Apartment,Palm Towers,Priya Kapoor
2300,2024-07-31,Facebook,Pune,9700000,Villa,Green Valley,Riya Kapoor
2301,2024-09-03,99acres,Bangalore,18400000,Apartment,Elite Heights,Sachin Tendulkar
2302,2024-01-18,Walk-in,Bangalore,18800000,Villa,Palm Towers,Shefali Mehta
2303,2024-05-03,Facebook,Hyderabad,13400000,Plot,Elite Heights,Viral Kohli
2304,2024-11-08,99acres,Gurgaon,15000000,Apartment,Palm Towers,Riya Kapoor
2305,2024-11-18,99acres,Gurgaon,7000000,Apartment,Elite Heights,Priya Kapoor
2306,2024-04-06,99acres,Hyderabad,7700000,Villa,Green Valley,Priya Kapoor
2307,2024-06-23,Facebook,Gurgaon,19800000,Villa,Urban Square,Ravi Mehta
2308,2024-03-14,99acres,Noida,13900000,Villa,Elite Heights,Rohit Sharma
2309,2024-03-13,Google Ads,Noida,4900000,Villa,Urban Square,Viral Kohli
2310,2024-09-27,Google Ads,Hyderabad,7400000,Villa,Green Valley,Neha Singh
2311,2024-12-14,Google Ads,Pune,4900000,Villa,Sky Residency,Shefali Mehta
2312,2024-02-20,Channel Partner,Gurgaon,11100000,Plot,Sky Residency,Priya Kapoor
2313,2024-02-07,Google Ads,Hyderabad,18200000,Plot,Urban Square,Praveen Tambe
2314,2024-09-17,Channel Partner,Mumbai,9600000,Villa,Sky Residency,Ravi Mehta
2315,2024-11-03,Walk-in,Gurgaon,8600000,Villa,Palm Towers,Aman Sharma
2316,2024-08-10,Google Ads,Bangalore,10100000,Plot,Green Valley,Neha Singh
2317,2024-09-07,Facebook,Gurgaon,17100000,Apartment,Urban Square,Rohit Sharma
2318,2024-11-03,Google Ads,Pune,11000000,Villa,Palm Towers,Praveen Tambe
2319,2024-11-16,Google Ads,Noida,14400000,Plot,Elite Heights,Sachin Tendulkar
2320,2024-04-21,Channel Partner,Mumbai,17600000,Plot,Palm Towers,Shefali Mehta
2321,2024-08-05,Housing,Gurgaon,8200000,Plot,Sky Residency,Riya Kapoor
2322,2024-09-26,Google Ads,Noida,3000000,Villa,Green Valley,Priya Kapoor
2323,2024-10-25,Google Ads,Mumbai,3500000,Plot,Sky Residency,Neha Singh
2324,2024-10-31,Facebook,Noida,4500000,Plot,Sky Residency,Priya Kapoor
2325,2024-08-26,99acres,Gurgaon,17700000,Apartment,Elite Heights,Shefali Mehta
2326,2024-12-11,Google Ads,Bangalore,10700000,Plot,Sky Residency,Neha Singh
2327,2024-12-08,Housing,Noida,10300000,Apartment,Green Valley,Neha Singh
2328,2024-10-02,Facebook,Bangalore,4800000,Apartment,Urban Square,Priya Kapoor
2329,2024-02-24,Google Ads,Gurgaon,9200000,Plot,Urban Square,Neha Singh
2330,2024-06-05,Google Ads,Pune,17400000,Apartment,Urban Square,Viral Kohli
2331,2024-05-28,Google Ads,Gurgaon,7300000,Villa,Palm Towers,Praveen Tambe
2332,2024-09-28,Housing,Gurgaon,5700000,Villa,Sky Residency,Shefali Mehta
2333,2024-06-14,99acres,Gurgaon,11900000,Plot,Elite Heights,Aman Sharma
2334,2024-11-18,99acres,Noida,10700000,Apartment,Palm Towers,Sachin Tendulkar
2335,2024-10-19,Housing,Gurgaon,4600000,Plot,Green Valley,Praveen Tambe
2336,2024-10-02,99acres,Gurgaon,12000000,Apartment,Sky Residency,Ravi Mehta
2337,2024-08-30,99acres,Mumbai,9200000,Plot,Green Valley,Neha Singh
2338,2024-04-21,Walk-in,Pune,8400000,Villa,Urban Square,Aman Sharma
2339,2024-10-19,Google Ads,Bangalore,6500000,Plot,Urban Square,Neha Singh
2340,2024-03-31,99acres,Hyderabad,17900000,Apartment,Urban Square,Aman Sharma
2341,2024-07-29,99acres,Noida,4400000,Apartment,Elite Heights,Rohit Sharma
2342,2024-10-27,Facebook,Gurgaon,17000000,Plot,Sky Residency,Ravi Mehta
2343,2024-10-28,Channel Partner,Bangalore,11600000,Apartment,Urban Square,Sachin Tendulkar
2344,2024-01-11,Facebook,Bangalore,17200000,Villa,Green Valley,Ravi Mehta
2345,2024-11-26,Channel Partner,Pune,9200000,Apartment,Palm Towers,Shefali Mehta
2346,2024-03-03,99acres,Pune,5300000,Villa,Urban Square,Rohit Sharma
2347,2024-10-03,Google Ads,Mumbai,7900000,Apartment,Palm Towers,Aman Sharma
2348,2024-06-01,Referral,Hyderabad,9300000,Plot,Palm Towers,Aman Sharma
2349,2024-09-24,Channel Partner,Noida,8000000,Villa,Green Valley,Aman Sharma
2350,2024-08-16,99acres,Hyderabad,16500000,Apartment,Palm Towers,Sachin Tendulkar
2351,2024-04-15,Google Ads,Gurgaon,5600000,Apartment,Sky Residency,Sachin Tendulkar
2352,2024-09-09,99acres,Noida,5100000,Villa,Sky Residency,Shefali Mehta
2353,2024-12-20,Channel Partner,Noida,18100000,Villa,Sky Residency,Aman Sharma
2354,2024-08-08,Facebook,Mumbai,13300000,Apartment,Elite Heights,Neha Singh
2355,2024-12-26,Walk-in,Pune,7100000,Villa,Urban Square,Shefali Mehta
2356,2024-10-18,Channel Partner,Mumbai,12600000,Apartment,Sky Residency,Praveen Tambe
2357,2024-12-31,Google Ads,Gurgaon,4500000,Apartment,Palm Towers,Viral Kohli
2358,2024-04-06,Google Ads,Noida,7900000,Plot,Elite Heights,Rohit Sharma
2359,2024-11-10,Google Ads,Bangalore,18100000,Apartment,Green Valley,Riya Kapoor
2360,2024-07-08,Channel Partner,Pune,10500000,Villa,Palm Towers,Praveen Tambe
2361,2024-10-03,Google Ads,Pune,7200000,Plot,Green Valley,Riya Kapoor
2362,2024-07-19,Google Ads,Hyderabad,19300000,Plot,Elite Heights,Sachin Tendulkar
2363,2024-11-25,Facebook,Bangalore,18800000,Plot,Elite Heights,Shefali Mehta
2364,2024-10-06,Referral,Bangalore,15600000,Apartment,Green Valley,Aman Sharma
2365,2024-06-25,Channel Partner,Gurgaon,6600000,Apartment,Elite Heights,Rohit Sharma
2366,2024-08-24,Google Ads,Gurgaon,18700000,Apartment,Palm Towers,Neha Singh
2367,2024-12-29,Referral,Bangalore,12900000,Plot,Green Valley,Riya Kapoor
2368,2024-01-25,Google Ads,Mumbai,18400000,Apartment,Elite Heights,Priya Kapoor
2369,2024-10-16,Google Ads,Gurgaon,14400000,Plot,Elite Heights,Priya Kapoor
2370,2024-05-25,Facebook,Pune,19600000,Villa,Elite Heights,Neha Singh
2371,2024-01-20,Google Ads,Pune,13400000,Villa,Palm Towers,Praveen Tambe
2372,2024-10-15,Google Ads,Mumbai,14100000,Plot,Palm Towers,Aman Sharma
2373,2024-04-04,Housing,Noida,17900000,Plot,Elite Heights,Sachin Tendulkar
2374,2024-11-01,Channel Partner,Noida,15900000,Plot,Green Valley,Aman Sharma
2375,2024-12-04,99acres,Gurgaon,7900000,Apartment,Urban Square,Rohit Sharma
2376,2024-11-02,Google Ads,Gurgaon,10100000,Villa,Green Valley,Viral Kohli
2377,2024-07-16,Channel Partner,Bangalore,9900000,Villa,Palm Towers,Viral Kohli
2378,2024-01-20,99acres,Noida,10500000,Villa,Sky Residency,Aman Sharma
2379,2024-08-18,Google Ads,Bangalore,16900000,Apartment,Urban Square,Rohit Sharma
2380,2024-08-30,Google Ads,Bangalore,16200000,Plot,Elite Heights,Ravi Mehta
2381,2024-07-19,Channel Partner,Noida,17600000,Plot,Urban Square,Ravi Mehta
2382,2024-08-15,Google Ads,Hyderabad,15600000,Apartment,Green Valley,Praveen Tambe
2383,2024-02-03,99acres,Pune,13900000,Plot,Urban Square,Neha Singh
2384,2024-04-29,Google Ads,Noida,13000000,Apartment,Palm Towers,Shefali Mehta
2385,2024-12-09,Walk-in,Bangalore,10500000,Villa,Urban Square,Shefali Mehta
2386,2024-10-11,99acres,Noida,7000000,Villa,Palm Towers,Riya Kapoor
2387,2024-03-21,Google Ads,Gurgaon,11900000,Villa,Green Valley,Shefali Mehta
2388,2024-02-03,99acres,Pune,13000000,Plot,Green Valley,Praveen Tambe
2389,2024-08-26,Housing,Gurgaon,9200000,Villa,Sky Residency,Shefali Mehta
2390,2024-08-16,Google Ads,Mumbai,16300000,Villa,Elite Heights,Priya Kapoor
2391,2024-10-24,99acres,Gurgaon,10700000,Apartment,Sky Residency,Priya Kapoor
2392,2024-07-22,Facebook,Mumbai,10800000,Villa,Elite Heights,Praveen Tambe
2393,2024-09-01,Google Ads,Noida,10700000,Villa,Sky Residency,Praveen Tambe
2394,2024-11-21,Walk-in,Gurgaon,11900000,Apartment,Elite Heights,Aman Sharma
2395,2024-04-08,Housing,Mumbai,11000000,Apartment,Sky Residency,Aman Sharma
2396,2024-09-24,Facebook,Pune,4000000,Apartment,Palm Towers,Praveen Tambe
2397,2024-11-23,Channel Partner,Gurgaon,7300000,Villa,Green Valley,Shefali Mehta
2398,2024-08-06,Facebook,Mumbai,19800000,Plot,Palm Towers,Riya Kapoor
2399,2024-03-27,99acres,Noida,11700000,Villa,Elite Heights,Praveen Tambe
2400,2024-05-12,99acres,Gurgaon,18900000,Villa,Urban Square,Praveen Tambe
2401,2024-10-13,99acres,Noida,16700000,Apartment,Sky Residency,Praveen Tambe
2402,2024-06-30,Facebook,Mumbai,7800000,Plot,Sky Residency,Shefali Mehta
2403,2024-11-06,Facebook,Pune,11200000,Villa,Urban Square,Aman Sharma
2404,2024-06-11,Referral,Hyderabad,19000000,Plot,Sky Residency,Shefali Mehta
2405,2024-07-29,Housing,Gurgaon,6900000,Apartment,Urban Square,Shefali Mehta
2406,2024-03-04,Referral,Bangalore,9500000,Plot,Sky Residency,Viral Kohli
2407,2024-05-30,Facebook,Hyderabad,16100000,Apartment,Green Valley,Shefali Mehta
2408,2024-03-31,99acres,Pune,8400000,Apartment,Palm Towers,Sachin Tendulkar
2409,2024-06-24,Google Ads,Pune,5400000,Plot,Green Valley,Sachin Tendulkar
2410,2024-02-26,Facebook,Pune,9800000,Apartment,Urban Square,Ravi Mehta
2411,2024-03-09,Google Ads,Noida,11800000,Villa,Palm Towers,Aman Sharma
2412,2024-11-10,Referral,Bangalore,19500000,Plot,Elite Heights,Neha Singh
2413,2024-01-02,Google Ads,Noida,19100000,Villa,Urban Square,Sachin Tendulkar
2414,2024-07-27,Housing,Noida,7800000,Villa,Green Valley,Riya Kapoor
2415,2024-12-29,Google Ads,Gurgaon,8000000,Villa,Urban Square,Ravi Mehta
2416,2024-06-25,Facebook,Pune,13200000,Plot,Palm Towers,Viral Kohli
2417,2024-03-12,Google Ads,Gurgaon,4100000,Plot,Palm Towers,Ravi Mehta
2418,2024-08-18,Google Ads,Mumbai,8100000,Villa,Elite Heights,Neha Singh
2419,2024-10-13,99acres,Bangalore,9700000,Villa,Palm Towers,Shefali Mehta
2420,2024-04-05,99acres,Noida,15800000,Plot,Palm Towers,Riya Kapoor
2421,2024-04-17,Channel Partner,Mumbai,9900000,Villa,Palm Towers,Viral Kohli
2422,2024-12-18,Facebook,Noida,13500000,Apartment,Palm Towers,Aman Sharma
2423,2024-08-30,Facebook,Gurgaon,16000000,Villa,Green Valley,Ravi Mehta
2424,2024-04-09,Referral,Mumbai,13300000,Villa,Green Valley,Aman Sharma
2425,2024-09-26,Facebook,Gurgaon,16100000,Plot,Urban Square,Aman Sharma
2426,2024-12-30,Walk-in,Noida,3300000,Apartment,Urban Square,Aman Sharma
2427,2024-05-01,Housing,Gurgaon,7800000,Villa,Sky Residency,Aman Sharma
2428,2024-10-12,Referral,Noida,10100000,Apartment,Palm Towers,Viral Kohli
2429,2024-05-25,Google Ads,Gurgaon,8000000,Villa,Elite Heights,Ravi Mehta
2430,2024-04-19,Housing,Hyderabad,10100000,Villa,Elite Heights,Neha Singh
2431,2024-07-01,Referral,Bangalore,17800000,Apartment,Green Valley,Neha Singh
2432,2024-08-14,Google Ads,Pune,18700000,Plot,Palm Towers,Aman Sharma
2433,2024-02-28,Channel Partner,Noida,10600000,Apartment,Palm Towers,Rohit Sharma
2434,2024-02-19,Google Ads,Pune,6300000,Plot,Palm Towers,Viral Kohli
2435,2024-06-18,Channel Partner,Bangalore,17600000,Apartment,Sky Residency,Aman Sharma
2436,2024-11-03,Google Ads,Pune,15300000,Plot,Sky Residency,Aman Sharma
2437,2024-11-04,Google Ads,Gurgaon,13700000,Apartment,Palm Towers,Priya Kapoor
2438,2024-05-01,99acres,Mumbai,8400000,Apartment,Sky Residency,Ravi Mehta
2439,2024-03-30,Google Ads,Mumbai,4700000,Apartment,Sky Residency,Sachin Tendulkar
2440,2024-09-27,Referral,Gurgaon,14600000,Plot,Elite Heights,Shefali Mehta
2441,2024-11-13,Facebook,Noida,12500000,Plot,Urban Square,Neha Singh
2442,2024-10-12,Google Ads,Hyderabad,15500000,Apartment,Elite Heights,Viral Kohli
2443,2024-06-23,99acres,Gurgaon,12500000,Apartment,Green Valley,Praveen Tambe
2444,2024-11-18,Housing,Gurgaon,19200000,Villa,Sky Residency,Riya Kapoor
2445,2024-08-29,Facebook,Noida,12800000,Apartment,Sky Residency,Aman Sharma
2446,2024-11-13,Channel Partner,Gurgaon,16300000,Plot,Elite Heights,Rohit Sharma
2447,2024-03-25,Google Ads,Noida,5500000,Plot,Palm Towers,Priya Kapoor
2448,2024-01-04,Google Ads,Noida,14400000,Villa,Palm Towers,Viral Kohli
2449,2024-01-30,Facebook,Noida,9800000,Plot,Green Valley,Neha Singh
2450,2024-02-06,Facebook,Bangalore,6900000,Apartment,Green Valley,Shefali Mehta
2451,2024-04-03,Facebook,Mumbai,7700000,Plot,Elite Heights,Aman Sharma
2452,2024-03-27,99acres,Noida,18800000,Plot,Green Valley,Riya Kapoor
2453,2024-09-14,Google Ads,Mumbai,16300000,Plot,Green Valley,Priya Kapoor
2454,2024-07-02,Walk-in,Pune,12300000,Villa,Green Valley,Shefali Mehta
2455,2024-10-14,Channel Partner,Gurgaon,5400000,Apartment,Green Valley,Ravi Mehta
2456,2024-02-13,Housing,Hyderabad,11700000,Villa,Urban Square,Sachin Tendulkar
2457,2024-01-03,Google Ads,Noida,18900000,Apartment,Urban Square,Rohit Sharma
2458,2024-05-19,Housing,Mumbai,17600000,Apartment,Palm Towers,Rohit Sharma
2459,2024-06-03,Referral,Pune,15200000,Plot,Palm Towers,Ravi Mehta
2460,2024-01-13,Channel Partner,Gurgaon,7000000,Apartment,Sky Residency,Aman Sharma
2461,2024-03-24,Facebook,Noida,11700000,Plot,Sky Residency,Viral Kohli
2462,2024-10-19,Google Ads,Bangalore,9100000,Villa,Elite Heights,Riya Kapoor
2463,2024-07-20,Housing,Pune,15500000,Villa,Sky Residency,Ravi Mehta
2464,2024-03-04,Referral,Gurgaon,11800000,Apartment,Sky Residency,Praveen Tambe
2465,2024-02-03,Referral,Mumbai,10200000,Plot,Urban Square,Praveen Tambe
2466,2024-12-14,Walk-in,Hyderabad,4300000,Villa,Elite Heights,Sachin Tendulkar
2467,2024-08-01,Google Ads,Bangalore,11400000,Plot,Green Valley,Sachin Tendulkar
2468,2024-10-15,Referral,Bangalore,12600000,Plot,Elite Heights,Sachin Tendulkar
2469,2024-10-05,99acres,Bangalore,8000000,Villa,Urban Square,Riya Kapoor
2470,2024-01-01,Facebook,Gurgaon,5400000,Apartment,Elite Heights,Rohit Sharma
2471,2024-01-28,Facebook,Hyderabad,10700000,Plot,Palm Towers,Neha Singh
2472,2024-12-15,Google Ads,Mumbai,12400000,Apartment,Urban Square,Ravi Mehta
2473,2024-04-26,99acres,Hyderabad,10200000,Plot,Green Valley,Praveen Tambe
2474,2024-06-09,Referral,Hyderabad,4400000,Plot,Elite Heights,Shefali Mehta
2475,2024-06-11,Walk-in,Noida,15300000,Villa,Elite Heights,Shefali Mehta
2476,2024-01-28,Facebook,Noida,9400000,Plot,Sky Residency,Viral Kohli
2477,2024-08-02,Facebook,Bangalore,17400000,Plot,Green Valley,Praveen Tambe
2478,2024-06-13,Google Ads,Gurgaon,8600000,Villa,Green Valley,Rohit Sharma
2479,2024-11-14,Channel Partner,Bangalore,16300000,Villa,Green Valley,Aman Sharma
2480,2024-10-29,Facebook,Pune,4100000,Plot,Urban Square,Praveen Tambe
2481,2024-10-24,Walk-in,Pune,13600000,Villa,Sky Residency,Praveen Tambe
2482,2024-12-17,Facebook,Pune,19000000,Apartment,Elite Heights,Neha Singh
2483,2024-08-27,Channel Partner,Mumbai,11900000,Villa,Sky Residency,Riya Kapoor
2484,2024-01-25,Channel Partner,Hyderabad,5500000,Apartment,Green Valley,Viral Kohli
2485,2024-10-09,Facebook,Pune,8500000,Plot,Sky Residency,Ravi Mehta
2486,2024-12-20,Facebook,Bangalore,3400000,Villa,Elite Heights,Sachin Tendulkar
2487,2024-06-01,Google Ads,Noida,6500000,Villa,Urban Square,Aman Sharma
2488,2024-10-19,Google Ads,Bangalore,18500000,Villa,Urban Square,Rohit Sharma
2489,2024-02-05,Referral,Gurgaon,10300000,Apartment,Sky Residency,Shefali Mehta
2490,2024-07-23,Housing,Mumbai,5000000,Villa,Palm Towers,Praveen Tambe
2491,2024-07-25,Google Ads,Bangalore,5000000,Apartment,Green Valley,Praveen Tambe
2492,2024-05-27,Facebook,Gurgaon,11500000,Apartment,Elite Heights,Viral Kohli
2493,2024-07-31,99acres,Gurgaon,9000000,Apartment,Sky Residency,Riya Kapoor
2494,2024-05-07,Google Ads,Gurgaon,3400000,Apartment,Elite Heights,Shefali Mehta
2495,2024-10-04,Referral,Gurgaon,3200000,Plot,Elite Heights,Viral Kohli
2496,2024-09-24,99acres,Noida,13200000,Apartment,Urban Square,Sachin Tendulkar
2497,2024-10-14,Google Ads,Mumbai,17600000,Apartment,Palm Towers,Rohit Sharma
2498,2024-12-25,Facebook,Noida,11600000,Plot,Sky Residency,Priya Kapoor
2499,2024-02-17,Google Ads,Mumbai,16000000,Villa,Elite Heights,Riya Kapoor
2500,2024-10-19,Facebook,Noida,6900000,Apartment,Green Valley,Viral Kohli
2501,2024-02-24,99acres,Hyderabad,16100000,Apartment,Elite Heights,Priya Kapoor
2502,2024-11-03,Google Ads,Pune,15700000,Apartment,Elite Heights,Aman Sharma
2503,2024-06-22,Google Ads,Noida,5500000,Villa,Green Valley,Aman Sharma
2504,2024-12-11,99acres,Pune,10100000,Plot,Urban Square,Priya Kapoor
2505,2024-08-29,Google Ads,Hyderabad,7300000,Apartment,Urban Square,Aman Sharma
2506,2024-04-23,Channel Partner,Bangalore,11100000,Apartment,Palm Towers,Praveen Tambe
2507,2024-05-29,Channel Partner,Noida,5400000,Plot,Urban Square,Ravi Mehta
2508,2024-05-08,Facebook,Noida,9400000,Apartment,Palm Towers,Aman Sharma
2509,2024-12-23,Google Ads,Mumbai,9400000,Apartment,Sky Residency,Ravi Mehta
2510,2024-05-18,Facebook,Noida,17000000,Apartment,Elite Heights,Praveen Tambe
2511,2024-12-12,Channel Partner,Bangalore,9100000,Villa,Elite Heights,Ravi Mehta
2512,2024-04-12,Facebook,Gurgaon,6600000,Villa,Palm Towers,Sachin Tendulkar
2513,2024-07-09,Google Ads,Pune,13400000,Apartment,Sky Residency,Riya Kapoor
2514,2024-09-28,Facebook,Noida,9300000,Villa,Elite Heights,Priya Kapoor
2515,2024-06-02,Housing,Bangalore,13500000,Plot,Palm Towers,Praveen Tambe
2516,2024-10-09,Referral,Mumbai,3100000,Plot,Green Valley,Aman Sharma
2517,2024-06-23,Google Ads,Bangalore,14700000,Plot,Sky Residency,Aman Sharma
2518,2024-11-03,Google Ads,Noida,16100000,Villa,Elite Heights,Shefali Mehta
2519,2024-12-01,Housing,Noida,19400000,Plot,Green Valley,Rohit Sharma
2520,2024-11-29,Facebook,Gurgaon,8600000,Apartment,Elite Heights,Sachin Tendulkar
2521,2024-03-23,99acres,Noida,4400000,Villa,Palm Towers,Sachin Tendulkar
2522,2024-06-08,Google Ads,Noida,8800000,Apartment,Palm Towers,Shefali Mehta
2523,2024-04-08,Facebook,Pune,6300000,Plot,Palm Towers,Priya Kapoor
2524,2024-11-06,Referral,Noida,12400000,Villa,Sky Residency,Rohit Sharma
2525,2024-12-18,Channel Partner,Noida,5900000,Villa,Green Valley,Riya Kapoor
2526,2024-09-13,Facebook,Noida,11200000,Villa,Urban Square,Viral Kohli
2527,2024-05-10,Referral,Gurgaon,9500000,Plot,Urban Square,Sachin Tendulkar
2528,2024-08-25,Channel Partner,Gurgaon,6800000,Villa,Elite Heights,Sachin Tendulkar
2529,2024-11-15,Facebook,Noida,4300000,Plot,Sky Residency,Sachin Tendulkar
2530,2024-06-23,Google Ads,Mumbai,6800000,Apartment,Palm Towers,Praveen Tambe
2531,2024-06-19,Facebook,Hyderabad,13000000,Villa,Elite Heights,Riya Kapoor
2532,2024-10-01,Housing,Hyderabad,5200000,Plot,Sky Residency,Neha Singh
2533,2024-09-12,Walk-in,Noida,5600000,Villa,Urban Square,Riya Kapoor
2534,2024-10-29,99acres,Gurgaon,18400000,Apartment,Elite Heights,Shefali Mehta
2535,2024-02-11,99acres,Hyderabad,11000000,Villa,Elite Heights,Neha Singh
2536,2024-05-02,Referral,Hyderabad,13700000,Villa,Green Valley,Riya Kapoor
2537,2024-12-12,Facebook,Pune,8500000,Plot,Elite Heights,Aman Sharma
2538,2024-05-23,99acres,Hyderabad,15800000,Apartment,Sky Residency,Aman Sharma
2539,2024-12-09,Housing,Noida,6900000,Villa,Urban Square,Aman Sharma
2540,2024-01-08,99acres,Pune,19700000,Apartment,Green Valley,Ravi Mehta
2541,2024-05-07,Google Ads,Gurgaon,19700000,Plot,Palm Towers,Neha Singh
2542,2024-11-06,99acres,Pune,12800000,Plot,Palm Towers,Viral Kohli
2543,2024-04-04,Walk-in,Mumbai,16200000,Plot,Urban Square,Ravi Mehta
2544,2024-11-25,Housing,Bangalore,10700000,Villa,Urban Square,Shefali Mehta
2545,2024-04-17,Google Ads,Gurgaon,12400000,Villa,Palm Towers,Sachin Tendulkar
2546,2024-06-17,Referral,Noida,15100000,Villa,Palm Towers,Ravi Mehta
2547,2024-07-15,Google Ads,Mumbai,15300000,Apartment,Elite Heights,Ravi Mehta
2548,2024-08-14,Housing,Mumbai,7600000,Apartment,Palm Towers,Neha Singh
2549,2024-02-06,Referral,Noida,4700000,Apartment,Sky Residency,Ravi Mehta
2550,2024-12-31,Facebook,Bangalore,17800000,Apartment,Elite Heights,Aman Sharma
2551,2024-10-21,Referral,Noida,10300000,Apartment,Palm Towers,Praveen Tambe
2552,2024-08-26,99acres,Pune,3300000,Apartment,Sky Residency,Sachin Tendulkar
2553,2024-09-06,Referral,Gurgaon,5900000,Plot,Urban Square,Shefali Mehta
2554,2024-05-21,Housing,Bangalore,6300000,Plot,Sky Residency,Sachin Tendulkar
2555,2024-07-31,Housing,Mumbai,18000000,Villa,Elite Heights,Viral Kohli
2556,2024-01-29,Channel Partner,Pune,16100000,Plot,Sky Residency,Shefali Mehta
2557,2024-08-05,Housing,Mumbai,14200000,Apartment,Urban Square,Viral Kohli
2558,2024-12-04,99acres,Pune,16100000,Apartment,Sky Residency,Priya Kapoor
2559,2024-01-21,Google Ads,Noida,9100000,Apartment,Palm Towers,Aman Sharma
2560,2024-10-02,99acres,Gurgaon,3100000,Villa,Urban Square,Priya Kapoor
2561,2024-07-23,Housing,Noida,15700000,Plot,Green Valley,Priya Kapoor
2562,2024-04-26,Facebook,Bangalore,4900000,Plot,Urban Square,Shefali Mehta
2563,2024-02-26,Google Ads,Noida,4500000,Apartment,Elite Heights,Viral Kohli
2564,2024-11-08,Google Ads,Gurgaon,16300000,Plot,Palm Towers,Aman Sharma
2565,2024-03-24,Channel Partner,Gurgaon,16800000,Villa,Green Valley,Viral Kohli
2566,2024-07-31,Walk-in,Bangalore,12000000,Apartment,Urban Square,Priya Kapoor
2567,2024-12-19,Google Ads,Bangalore,7800000,Villa,Urban Square,Rohit Sharma
2568,2024-07-07,Facebook,Noida,8200000,Villa,Green Valley,Praveen Tambe
2569,2024-02-15,Facebook,Noida,9000000,Plot,Palm Towers,Viral Kohli
2570,2024-05-15,Housing,Noida,4500000,Villa,Sky Residency,Neha Singh
2571,2024-02-12,99acres,Mumbai,7900000,Villa,Urban Square,Sachin Tendulkar
2572,2024-11-14,Google Ads,Noida,4800000,Villa,Palm Towers,Aman Sharma
2573,2024-10-31,Referral,Bangalore,13300000,Apartment,Urban Square,Viral Kohli
2574,2024-01-13,Google Ads,Noida,8300000,Plot,Elite Heights,Aman Sharma
2575,2024-08-27,Channel Partner,Noida,13600000,Plot,Elite Heights,Sachin Tendulkar
2576,2024-01-10,Referral,Mumbai,16200000,Apartment,Palm Towers,Neha Singh
2577,2024-04-26,Referral,Gurgaon,18400000,Villa,Elite Heights,Viral Kohli
2578,2024-04-03,Facebook,Mumbai,18200000,Apartment,Palm Towers,Viral Kohli
2579,2024-10-25,Google Ads,Bangalore,12100000,Plot,Green Valley,Ravi Mehta
2580,2024-03-17,Facebook,Hyderabad,9200000,Plot,Elite Heights,Sachin Tendulkar
2581,2024-09-11,Referral,Mumbai,19500000,Villa,Urban Square,Shefali Mehta
2582,2024-02-09,Google Ads,Bangalore,7400000,Plot,Green Valley,Aman Sharma
2583,2024-05-29,99acres,Mumbai,6600000,Plot,Green Valley,Viral Kohli
2584,2024-07-05,Channel Partner,Noida,5400000,Plot,Palm Towers,Aman Sharma
2585,2024-07-21,Channel Partner,Noida,18300000,Apartment,Green Valley,Aman Sharma
2586,2024-05-09,Facebook,Gurgaon,5800000,Apartment,Elite Heights,Ravi Mehta
2587,2024-07-08,Facebook,Mumbai,6100000,Apartment,Palm Towers,Riya Kapoor
2588,2024-03-05,Facebook,Pune,19200000,Villa,Palm Towers,Sachin Tendulkar
2589,2024-12-01,Referral,Gurgaon,13500000,Plot,Sky Residency,Viral Kohli
2590,2024-05-16,Referral,Bangalore,14600000,Apartment,Sky Residency,Rohit Sharma
2591,2024-12-06,Google Ads,Gurgaon,16200000,Villa,Sky Residency,Neha Singh
2592,2024-07-26,Google Ads,Hyderabad,12800000,Plot,Palm Towers,Sachin Tendulkar
2593,2024-07-03,99acres,Bangalore,6800000,Villa,Green Valley,Praveen Tambe
2594,2024-01-18,Referral,Hyderabad,9900000,Apartment,Elite Heights,Rohit Sharma
2595,2024-01-18,Facebook,Hyderabad,4900000,Apartment,Green Valley,Viral Kohli
2596,2024-06-28,Google Ads,Gurgaon,8200000,Villa,Green Valley,Rohit Sharma
2597,2024-09-30,Referral,Mumbai,14800000,Plot,Palm Towers,Shefali Mehta
2598,2024-04-20,99acres,Bangalore,10500000,Villa,Elite Heights,Shefali Mehta
2599,2024-06-02,Google Ads,Mumbai,9700000,Plot,Palm Towers,Riya Kapoor
2600,2024-07-12,Housing,Mumbai,15000000,Villa,Urban Square,Neha Singh
2601,2024-01-07,Facebook,Bangalore,9500000,Villa,Elite Heights,Praveen Tambe
2602,2024-01-26,Housing,Gurgaon,10400000,Apartment,Green Valley,Praveen Tambe
2603,2024-08-07,Facebook,Noida,10500000,Villa,Urban Square,Neha Singh
2604,2024-07-27,Walk-in,Noida,6500000,Plot,Elite Heights,Rohit Sharma
2605,2024-07-11,Facebook,Bangalore,17500000,Apartment,Elite Heights,Priya Kapoor
2606,2024-09-01,Google Ads,Bangalore,9800000,Apartment,Elite Heights,Sachin Tendulkar
2607,2024-03-16,Google Ads,Pune,3100000,Villa,Elite Heights,Shefali Mehta
2608,2024-12-18,Channel Partner,Mumbai,3400000,Plot,Elite Heights,Shefali Mehta
2609,2024-03-18,Google Ads,Mumbai,12500000,Apartment,Urban Square,Ravi Mehta
2610,2024-03-10,Google Ads,Bangalore,19400000,Villa,Sky Residency,Aman Sharma
2611,2024-06-07,Google Ads,Noida,13300000,Apartment,Elite Heights,Ravi Mehta
2612,2024-01-11,Referral,Noida,19600000,Villa,Palm Towers,Ravi Mehta
2613,2024-11-11,Facebook,Gurgaon,13600000,Plot,Palm Towers,Praveen Tambe
2614,2024-12-09,Facebook,Gurgaon,13900000,Plot,Green Valley,Shefali Mehta
2615,2024-09-22,Housing,Gurgaon,6600000,Villa,Urban Square,Ravi Mehta
2616,2024-09-17,Channel Partner,Gurgaon,7000000,Plot,Sky Residency,Praveen Tambe
2617,2024-08-09,Referral,Noida,14600000,Villa,Urban Square,Priya Kapoor
2618,2024-08-02,Referral,Gurgaon,14600000,Apartment,Urban Square,Ravi Mehta
2619,2024-12-31,Facebook,Gurgaon,7500000,Apartment,Palm Towers,Rohit Sharma
2620,2024-01-10,Google Ads,Noida,8400000,Villa,Green Valley,Ravi Mehta
2621,2024-08-27,Google Ads,Noida,6700000,Apartment,Palm Towers,Ravi Mehta
2622,2024-03-30,Google Ads,Noida,16100000,Villa,Elite Heights,Ravi Mehta
2623,2024-01-07,Google Ads,Mumbai,9800000,Villa,Sky Residency,Rohit Sharma
2624,2024-07-17,Housing,Gurgaon,16100000,Apartment,Sky Residency,Priya Kapoor
2625,2024-02-01,Google Ads,Mumbai,13200000,Plot,Elite Heights,Praveen Tambe
2626,2024-02-27,99acres,Noida,8100000,Villa,Palm Towers,Priya Kapoor
2627,2024-10-12,Google Ads,Pune,9200000,Plot,Palm Towers,Riya Kapoor
2628,2024-05-01,99acres,Gurgaon,5900000,Plot,Elite Heights,Praveen Tambe
2629,2024-12-18,Walk-in,Noida,5600000,Villa,Sky Residency,Priya Kapoor
2630,2024-02-25,Referral,Noida,12200000,Apartment,Palm Towers,Aman Sharma
2631,2024-11-26,Google Ads,Mumbai,19800000,Plot,Green Valley,Priya Kapoor
2632,2024-04-24,Facebook,Noida,13100000,Villa,Elite Heights,Neha Singh
2633,2024-03-12,99acres,Gurgaon,7000000,Villa,Urban Square,Ravi Mehta
2634,2024-04-25,Channel Partner,Pune,10800000,Apartment,Palm Towers,Priya Kapoor
2635,2024-05-17,Google Ads,Hyderabad,10200000,Plot,Urban Square,Aman Sharma
2636,2024-01-08,Channel Partner,Mumbai,12700000,Plot,Green Valley,Priya Kapoor
2637,2024-11-05,Facebook,Gurgaon,13600000,Plot,Urban Square,Ravi Mehta
2638,2024-02-01,Google Ads,Gurgaon,6700000,Apartment,Sky Residency,Praveen Tambe
2639,2024-09-06,Google Ads,Hyderabad,6500000,Plot,Elite Heights,Aman Sharma
2640,2024-06-17,Referral,Gurgaon,8100000,Plot,Elite Heights,Viral Kohli
2641,2024-07-29,Google Ads,Hyderabad,12700000,Plot,Elite Heights,Shefali Mehta
2642,2024-02-16,Google Ads,Bangalore,4400000,Villa,Sky Residency,Priya Kapoor
2643,2024-07-18,Facebook,Mumbai,9900000,Villa,Sky Residency,Praveen Tambe
2644,2024-08-10,Channel Partner,Hyderabad,3000000,Plot,Urban Square,Shefali Mehta
2645,2024-02-14,Google Ads,Mumbai,17000000,Apartment,Sky Residency,Shefali Mehta
2646,2024-10-21,Housing,Gurgaon,9000000,Plot,Elite Heights,Priya Kapoor
2647,2024-11-21,Channel Partner,Pune,15800000,Plot,Urban Square,Shefali Mehta
2648,2024-11-27,Google Ads,Bangalore,20000000,Apartment,Green Valley,Aman Sharma
2649,2024-06-22,Facebook,Gurgaon,17300000,Villa,Palm Towers,Praveen Tambe
2650,2024-04-14,Google Ads,Noida,16300000,Apartment,Sky Residency,Rohit Sharma
2651,2024-11-30,Google Ads,Mumbai,16700000,Apartment,Green Valley,Viral Kohli
2652,2024-07-31,99acres,Hyderabad,16800000,Plot,Palm Towers,Aman Sharma
2653,2024-03-05,Facebook,Gurgaon,10500000,Plot,Palm Towers,Ravi Mehta
2654,2024-07-16,99acres,Hyderabad,15200000,Plot,Sky Residency,Aman Sharma
2655,2024-12-11,99acres,Gurgaon,14600000,Apartment,Elite Heights,Riya Kapoor
2656,2024-07-26,Facebook,Noida,17000000,Plot,Green Valley,Viral Kohli
2657,2024-07-20,Google Ads,Noida,18000000,Apartment,Palm Towers,Sachin Tendulkar
2658,2024-01-09,Google Ads,Noida,14200000,Plot,Elite Heights,Rohit Sharma
2659,2024-12-23,Facebook,Gurgaon,7600000,Apartment,Elite Heights,Sachin Tendulkar
2660,2024-01-14,Google Ads,Noida,13000000,Plot,Sky Residency,Sachin Tendulkar
2661,2024-08-04,Google Ads,Mumbai,10100000,Villa,Green Valley,Rohit Sharma
2662,2024-09-17,Google Ads,Bangalore,4300000,Villa,Palm Towers,Viral Kohli
2663,2024-12-10,99acres,Gurgaon,7600000,Villa,Green Valley,Shefali Mehta
2664,2024-09-20,Google Ads,Hyderabad,15400000,Apartment,Green Valley,Aman Sharma
2665,2024-08-01,Walk-in,Noida,19500000,Plot,Palm Towers,Rohit Sharma
2666,2024-02-21,Housing,Gurgaon,16600000,Villa,Palm Towers,Viral Kohli
2667,2024-07-26,Referral,Noida,12000000,Villa,Sky Residency,Rohit Sharma
2668,2024-10-28,Housing,Hyderabad,11300000,Plot,Urban Square,Rohit Sharma
2669,2024-02-13,99acres,Hyderabad,14000000,Villa,Sky Residency,Riya Kapoor
2670,2024-11-27,Google Ads,Mumbai,10900000,Plot,Elite Heights,Riya Kapoor
2671,2024-04-10,99acres,Gurgaon,7900000,Plot,Urban Square,Rohit Sharma
2672,2024-11-04,Google Ads,Hyderabad,4000000,Plot,Sky Residency,Viral Kohli
2673,2024-01-26,Google Ads,Mumbai,14300000,Apartment,Urban Square,Riya Kapoor
2674,2024-07-06,Google Ads,Noida,4300000,Apartment,Sky Residency,Praveen Tambe
2675,2024-10-01,Walk-in,Hyderabad,6000000,Plot,Palm Towers,Sachin Tendulkar
2676,2024-09-01,Google Ads,Gurgaon,7900000,Villa,Palm Towers,Rohit Sharma
2677,2024-12-26,Google Ads,Mumbai,8700000,Plot,Green Valley,Riya Kapoor
2678,2024-11-21,Referral,Pune,6600000,Villa,Sky Residency,Sachin Tendulkar
2679,2024-12-12,Google Ads,Mumbai,5200000,Villa,Sky Residency,Sachin Tendulkar
2680,2024-11-15,99acres,Gurgaon,12000000,Villa,Elite Heights,Priya Kapoor
2681,2024-04-15,Referral,Pune,7000000,Plot,Green Valley,Praveen Tambe
2682,2024-01-22,Google Ads,Mumbai,4400000,Apartment,Elite Heights,Aman Sharma
2683,2024-06-13,Channel Partner,Gurgaon,17100000,Apartment,Urban Square,Neha Singh
2684,2024-12-04,Housing,Noida,3900000,Plot,Green Valley,Shefali Mehta
2685,2024-06-25,Housing,Gurgaon,19900000,Plot,Elite Heights,Aman Sharma
2686,2024-01-07,Housing,Gurgaon,10200000,Apartment,Urban Square,Shefali Mehta
2687,2024-09-09,Google Ads,Mumbai,7200000,Villa,Sky Residency,Shefali Mehta
2688,2024-02-18,99acres,Mumbai,6200000,Villa,Sky Residency,Shefali Mehta
2689,2024-10-08,99acres,Pune,17400000,Villa,Sky Residency,Riya Kapoor
2690,2024-09-02,Referral,Hyderabad,3400000,Plot,Urban Square,Rohit Sharma
2691,2024-05-30,Google Ads,Mumbai,16300000,Villa,Urban Square,Sachin Tendulkar
2692,2024-01-31,Google Ads,Gurgaon,14500000,Plot,Urban Square,Viral Kohli
2693,2024-10-10,Housing,Hyderabad,3000000,Villa,Urban Square,Sachin Tendulkar
2694,2024-07-17,99acres,Pune,7300000,Plot,Sky Residency,Praveen Tambe
2695,2024-11-12,Facebook,Noida,8800000,Villa,Elite Heights,Viral Kohli
2696,2024-02-01,Google Ads,Mumbai,15300000,Apartment,Urban Square,Priya Kapoor
2697,2024-01-19,Housing,Gurgaon,9000000,Plot,Elite Heights,Shefali Mehta
2698,2024-02-02,Google Ads,Mumbai,3700000,Villa,Green Valley,Aman Sharma
2699,2024-06-28,Google Ads,Noida,15900000,Plot,Urban Square,Ravi Mehta
2700,2024-08-22,Google Ads,Gurgaon,4400000,Villa,Green Valley,Viral Kohli
2701,2024-08-19,Referral,Bangalore,12700000,Plot,Sky Residency,Shefali Mehta
2702,2024-11-19,99acres,Noida,9200000,Villa,Elite Heights,Riya Kapoor
2703,2024-10-13,Google Ads,Pune,18600000,Plot,Palm Towers,Neha Singh
2704,2024-09-13,Google Ads,Noida,19600000,Plot,Green Valley,Rohit Sharma
2705,2024-07-04,Referral,Mumbai,8900000,Plot,Urban Square,Aman Sharma
2706,2024-02-04,Housing,Gurgaon,3000000,Apartment,Urban Square,Shefali Mehta
2707,2024-07-01,Google Ads,Pune,3500000,Plot,Elite Heights,Riya Kapoor
2708,2024-02-14,Google Ads,Bangalore,5500000,Villa,Elite Heights,Aman Sharma
2709,2024-04-20,Channel Partner,Noida,13200000,Plot,Sky Residency,Rohit Sharma
2710,2024-12-10,Google Ads,Noida,12700000,Villa,Sky Residency,Rohit Sharma
2711,2024-02-24,Walk-in,Hyderabad,19800000,Villa,Sky Residency,Viral Kohli
2712,2024-07-27,99acres,Mumbai,18800000,Plot,Elite Heights,Viral Kohli
2713,2024-11-30,Google Ads,Hyderabad,18100000,Apartment,Sky Residency,Ravi Mehta
2714,2024-11-25,99acres,Bangalore,16000000,Villa,Green Valley,Viral Kohli
2715,2024-12-05,Google Ads,Bangalore,13200000,Apartment,Palm Towers,Riya Kapoor
2716,2024-08-14,Google Ads,Hyderabad,6200000,Plot,Sky Residency,Priya Kapoor
2717,2024-12-13,Referral,Mumbai,6300000,Villa,Green Valley,Viral Kohli
2718,2024-02-13,Referral,Noida,4200000,Plot,Green Valley,Aman Sharma
2719,2024-11-03,Google Ads,Gurgaon,8400000,Apartment,Elite Heights,Ravi Mehta
2720,2024-11-22,Google Ads,Noida,16400000,Plot,Palm Towers,Riya Kapoor
2721,2024-03-13,Facebook,Noida,14500000,Plot,Elite Heights,Neha Singh
2722,2024-06-01,Google Ads,Gurgaon,5600000,Apartment,Urban Square,Rohit Sharma
2723,2024-01-24,99acres,Noida,13200000,Villa,Palm Towers,Rohit Sharma
2724,2024-06-24,99acres,Mumbai,7100000,Villa,Sky Residency,Priya Kapoor
2725,2024-11-08,Referral,Gurgaon,8300000,Apartment,Urban Square,Priya Kapoor
2726,2024-03-27,Google Ads,Pune,19100000,Apartment,Elite Heights,Ravi Mehta
2727,2024-07-11,Google Ads,Hyderabad,6600000,Plot,Green Valley,Sachin Tendulkar
2728,2024-12-28,Facebook,Gurgaon,18600000,Villa,Sky Residency,Praveen Tambe
2729,2024-05-20,Google Ads,Mumbai,8100000,Plot,Green Valley,Rohit Sharma
2730,2024-06-16,Facebook,Gurgaon,7200000,Villa,Palm Towers,Rohit Sharma
2731,2024-08-11,Facebook,Hyderabad,18900000,Apartment,Sky Residency,Riya Kapoor
2732,2024-12-16,Google Ads,Hyderabad,6700000,Villa,Elite Heights,Riya Kapoor
2733,2024-10-25,99acres,Hyderabad,9500000,Plot,Green Valley,Ravi Mehta
2734,2024-08-26,Google Ads,Noida,15900000,Apartment,Urban Square,Praveen Tambe
2735,2024-02-02,99acres,Gurgaon,8200000,Villa,Elite Heights,Praveen Tambe
2736,2024-06-19,Facebook,Noida,16700000,Apartment,Elite Heights,Riya Kapoor
2737,2024-06-07,Facebook,Bangalore,16000000,Apartment,Sky Residency,Shefali Mehta
2738,2024-09-14,Google Ads,Gurgaon,16800000,Plot,Urban Square,Viral Kohli
2739,2024-09-28,Referral,Pune,19600000,Plot,Sky Residency,Rohit Sharma
2740,2024-11-17,Facebook,Mumbai,19900000,Apartment,Green Valley,Praveen Tambe
2741,2024-02-05,Google Ads,Gurgaon,11000000,Plot,Sky Residency,Ravi Mehta
2742,2024-03-18,Google Ads,Bangalore,14200000,Plot,Elite Heights,Shefali Mehta
2743,2024-05-18,Channel Partner,Gurgaon,12200000,Villa,Urban Square,Neha Singh
2744,2024-10-15,Google Ads,Gurgaon,17900000,Villa,Sky Residency,Rohit Sharma
2745,2024-07-15,Google Ads,Gurgaon,4700000,Plot,Palm Towers,Ravi Mehta
2746,2024-09-22,Facebook,Gurgaon,14000000,Villa,Sky Residency,Riya Kapoor
2747,2024-10-18,Housing,Noida,11900000,Apartment,Palm Towers,Ravi Mehta
2748,2024-04-26,Referral,Gurgaon,10800000,Apartment,Sky Residency,Rohit Sharma
2749,2024-09-02,Housing,Mumbai,12400000,Villa,Elite Heights,Rohit Sharma
2750,2024-06-03,99acres,Hyderabad,11500000,Apartment,Elite Heights,Riya Kapoor
2751,2024-09-06,Facebook,Noida,10400000,Apartment,Sky Residency,Shefali Mehta
2752,2024-06-20,Google Ads,Mumbai,18000000,Plot,Green Valley,Riya Kapoor
2753,2024-11-12,Housing,Gurgaon,8700000,Apartment,Green Valley,Neha Singh
2754,2024-10-04,Google Ads,Pune,17800000,Plot,Palm Towers,Sachin Tendulkar
2755,2024-07-01,Google Ads,Bangalore,7100000,Villa,Elite Heights,Neha Singh
2756,2024-04-05,99acres,Gurgaon,5100000,Plot,Elite Heights,Neha Singh
2757,2024-03-13,Google Ads,Gurgaon,5100000,Plot,Urban Square,Priya Kapoor
2758,2024-04-15,Housing,Mumbai,5700000,Apartment,Palm Towers,Sachin Tendulkar
2759,2024-03-21,Referral,Mumbai,10100000,Villa,Green Valley,Praveen Tambe
2760,2024-07-20,Google Ads,Gurgaon,11000000,Apartment,Sky Residency,Sachin Tendulkar
2761,2024-03-11,Referral,Bangalore,14600000,Villa,Sky Residency,Praveen Tambe
2762,2024-09-18,Google Ads,Pune,3100000,Plot,Sky Residency,Viral Kohli
2763,2024-01-08,99acres,Gurgaon,9800000,Villa,Elite Heights,Sachin Tendulkar
2764,2024-04-04,Facebook,Mumbai,16500000,Plot,Urban Square,Ravi Mehta
2765,2024-11-09,Google Ads,Bangalore,11800000,Villa,Elite Heights,Viral Kohli
2766,2024-10-14,Google Ads,Gurgaon,9400000,Villa,Urban Square,Priya Kapoor
2767,2024-12-21,99acres,Mumbai,19200000,Villa,Palm Towers,Neha Singh
2768,2024-12-15,Google Ads,Pune,6100000,Plot,Sky Residency,Shefali Mehta
2769,2024-02-29,Facebook,Mumbai,6400000,Villa,Urban Square,Riya Kapoor
2770,2024-03-14,Referral,Bangalore,5200000,Apartment,Palm Towers,Viral Kohli
2771,2024-09-14,Walk-in,Gurgaon,16600000,Plot,Sky Residency,Neha Singh
2772,2024-06-11,Facebook,Noida,10000000,Plot,Green Valley,Ravi Mehta
2773,2024-01-03,Google Ads,Noida,19400000,Villa,Elite Heights,Riya Kapoor
2774,2024-12-09,Google Ads,Pune,7000000,Plot,Green Valley,Aman Sharma
2775,2024-08-21,99acres,Bangalore,11600000,Villa,Green Valley,Priya Kapoor
2776,2024-10-26,Facebook,Bangalore,19700000,Villa,Palm Towers,Neha Singh
2777,2024-05-16,Facebook,Bangalore,6300000,Villa,Green Valley,Riya Kapoor
2778,2024-05-28,99acres,Noida,17400000,Plot,Sky Residency,Aman Sharma
2779,2024-05-26,99acres,Gurgaon,5300000,Apartment,Green Valley,Neha Singh
2780,2024-03-01,Channel Partner,Mumbai,16400000,Villa,Sky Residency,Ravi Mehta
2781,2024-05-22,Channel Partner,Hyderabad,14400000,Apartment,Elite Heights,Shefali Mehta
2782,2024-01-22,Google Ads,Noida,5000000,Plot,Green Valley,Praveen Tambe
2783,2024-06-05,Facebook,Gurgaon,3600000,Villa,Elite Heights,Priya Kapoor
2784,2024-12-23,Walk-in,Hyderabad,9700000,Plot,Palm Towers,Praveen Tambe
2785,2024-08-27,Housing,Gurgaon,14900000,Villa,Palm Towers,Sachin Tendulkar
2786,2024-07-06,Referral,Noida,7200000,Apartment,Urban Square,Riya Kapoor
2787,2024-07-27,Channel Partner,Noida,12700000,Villa,Green Valley,Aman Sharma
2788,2024-08-25,Walk-in,Noida,15900000,Apartment,Green Valley,Riya Kapoor
2789,2024-08-13,Facebook,Noida,20000000,Villa,Green Valley,Aman Sharma
2790,2024-08-20,Walk-in,Gurgaon,17700000,Villa,Elite Heights,Ravi Mehta
2791,2024-06-20,Facebook,Noida,18400000,Apartment,Urban Square,Ravi Mehta
2792,2024-11-29,Facebook,Noida,9500000,Villa,Elite Heights,Shefali Mehta
2793,2024-10-12,99acres,Noida,7300000,Villa,Elite Heights,Viral Kohli
2794,2024-01-19,99acres,Noida,3700000,Apartment,Urban Square,Riya Kapoor
2795,2024-09-20,Google Ads,Bangalore,18600000,Plot,Urban Square,Aman Sharma
2796,2024-07-23,Housing,Gurgaon,16200000,Plot,Elite Heights,Neha Singh
2797,2024-04-12,Google Ads,Mumbai,9600000,Plot,Sky Residency,Aman Sharma
2798,2024-01-23,Google Ads,Gurgaon,13400000,Villa,Green Valley,Aman Sharma
2799,2024-09-15,Google Ads,Mumbai,16700000,Plot,Elite Heights,Priya Kapoor
2800,2024-09-12,Google Ads,Bangalore,7300000,Villa,Urban Square,Priya Kapoor
2801,2024-02-03,Facebook,Pune,9500000,Apartment,Palm Towers,Rohit Sharma
2802,2024-04-13,99acres,Pune,16600000,Villa,Palm Towers,Shefali Mehta
2803,2024-05-16,Housing,Bangalore,16100000,Villa,Sky Residency,Sachin Tendulkar
2804,2024-09-24,99acres,Noida,16800000,Plot,Sky Residency,Shefali Mehta
2805,2024-04-29,Facebook,Gurgaon,17900000,Villa,Palm Towers,Riya Kapoor
2806,2024-07-15,Google Ads,Hyderabad,3900000,Villa,Urban Square,Ravi Mehta
2807,2024-04-30,Facebook,Gurgaon,7900000,Villa,Green Valley,Viral Kohli
2808,2024-06-19,99acres,Hyderabad,6200000,Apartment,Green Valley,Sachin Tendulkar
2809,2024-06-23,Google Ads,Bangalore,3200000,Apartment,Urban Square,Aman Sharma
2810,2024-09-23,Google Ads,Mumbai,4600000,Apartment,Green Valley,Riya Kapoor
2811,2024-10-29,Facebook,Gurgaon,15500000,Villa,Sky Residency,Neha Singh
2812,2024-07-21,Google Ads,Pune,12100000,Plot,Urban Square,Praveen Tambe
2813,2024-02-05,Google Ads,Pune,11300000,Apartment,Palm Towers,Sachin Tendulkar
2814,2024-02-27,Walk-in,Mumbai,18500000,Apartment,Palm Towers,Priya Kapoor
2815,2024-09-14,Channel Partner,Mumbai,13800000,Plot,Green Valley,Praveen Tambe
2816,2024-02-11,Facebook,Hyderabad,13900000,Plot,Palm Towers,Praveen Tambe
2817,2024-11-08,Referral,Gurgaon,11900000,Plot,Green Valley,Riya Kapoor
2818,2024-10-28,Housing,Pune,11400000,Apartment,Urban Square,Ravi Mehta
2819,2024-12-22,Google Ads,Noida,8700000,Villa,Urban Square,Priya Kapoor
2820,2024-08-14,Housing,Pune,11000000,Apartment,Elite Heights,Sachin Tendulkar
2821,2024-11-15,Channel Partner,Bangalore,16200000,Apartment,Sky Residency,Ravi Mehta
2822,2024-06-12,99acres,Bangalore,5800000,Plot,Urban Square,Ravi Mehta
2823,2024-11-01,Channel Partner,Gurgaon,15200000,Villa,Sky Residency,Priya Kapoor
2824,2024-12-12,Walk-in,Bangalore,3600000,Villa,Palm Towers,Rohit Sharma
2825,2024-08-29,Housing,Bangalore,9000000,Plot,Elite Heights,Viral Kohli
2826,2024-12-04,Facebook,Noida,16200000,Plot,Urban Square,Neha Singh
2827,2024-02-26,Facebook,Noida,19600000,Plot,Green Valley,Ravi Mehta
2828,2024-01-23,Referral,Mumbai,17100000,Apartment,Palm Towers,Priya Kapoor
2829,2024-01-26,Housing,Pune,13600000,Plot,Green Valley,Shefali Mehta
2830,2024-08-19,Google Ads,Mumbai,9900000,Plot,Palm Towers,Viral Kohli
2831,2024-05-28,Channel Partner,Hyderabad,15500000,Plot,Palm Towers,Riya Kapoor
2832,2024-06-22,Google Ads,Hyderabad,13700000,Apartment,Green Valley,Priya Kapoor
2833,2024-01-08,Facebook,Gurgaon,7100000,Plot,Palm Towers,Praveen Tambe
2834,2024-03-30,Google Ads,Bangalore,15900000,Villa,Sky Residency,Neha Singh
2835,2024-12-12,Google Ads,Gurgaon,5600000,Plot,Green Valley,Rohit Sharma
2836,2024-02-16,Facebook,Gurgaon,5200000,Villa,Palm Towers,Viral Kohli
2837,2024-01-27,Facebook,Noida,13000000,Villa,Palm Towers,Sachin Tendulkar
2838,2024-05-30,99acres,Gurgaon,7700000,Plot,Green Valley,Sachin Tendulkar
2839,2024-08-02,Facebook,Gurgaon,11500000,Plot,Elite Heights,Rohit Sharma
2840,2024-09-26,Google Ads,Pune,4600000,Plot,Green Valley,Ravi Mehta
2841,2024-04-05,Referral,Pune,9800000,Plot,Urban Square,Aman Sharma
2842,2024-10-06,Referral,Noida,4800000,Apartment,Palm Towers,Neha Singh
2843,2024-07-03,Google Ads,Hyderabad,18200000,Plot,Elite Heights,Viral Kohli
2844,2024-09-15,Housing,Hyderabad,17500000,Villa,Elite Heights,Riya Kapoor
2845,2024-03-15,Facebook,Mumbai,17200000,Plot,Palm Towers,Riya Kapoor
2846,2024-10-29,Referral,Noida,4100000,Apartment,Palm Towers,Shefali Mehta
2847,2024-10-23,Google Ads,Bangalore,16900000,Villa,Urban Square,Priya Kapoor
2848,2024-11-12,Google Ads,Gurgaon,15600000,Plot,Urban Square,Neha Singh
2849,2024-04-10,Google Ads,Pune,16000000,Apartment,Elite Heights,Viral Kohli
2850,2024-07-05,Google Ads,Noida,10800000,Villa,Palm Towers,Praveen Tambe
2851,2024-11-23,Housing,Mumbai,7500000,Plot,Urban Square,Aman Sharma
2852,2024-12-30,Google Ads,Gurgaon,4800000,Plot,Green Valley,Praveen Tambe
2853,2024-06-09,Housing,Mumbai,7300000,Plot,Sky Residency,Sachin Tendulkar
2854,2024-04-20,Housing,Hyderabad,8900000,Apartment,Green Valley,Viral Kohli
2855,2024-03-14,Referral,Gurgaon,18600000,Apartment,Urban Square,Aman Sharma
2856,2024-08-21,Channel Partner,Pune,5900000,Apartment,Green Valley,Riya Kapoor
2857,2024-06-13,99acres,Pune,15600000,Villa,Palm Towers,Sachin Tendulkar
2858,2024-01-20,Google Ads,Pune,3000000,Plot,Sky Residency,Shefali Mehta
2859,2024-05-06,Channel Partner,Noida,8200000,Plot,Palm Towers,Ravi Mehta
2860,2024-08-27,Facebook,Hyderabad,7600000,Apartment,Elite Heights,Sachin Tendulkar
2861,2024-09-05,Google Ads,Pune,15700000,Apartment,Elite Heights,Rohit Sharma
2862,2024-02-26,Google Ads,Mumbai,7000000,Apartment,Green Valley,Aman Sharma
2863,2024-06-21,Facebook,Gurgaon,14200000,Apartment,Urban Square,Rohit Sharma
2864,2024-04-29,Facebook,Mumbai,10600000,Plot,Palm Towers,Aman Sharma
2865,2024-08-09,Facebook,Bangalore,19800000,Apartment,Green Valley,Praveen Tambe
2866,2024-02-07,99acres,Hyderabad,9300000,Plot,Sky Residency,Priya Kapoor
2867,2024-03-05,Google Ads,Gurgaon,11100000,Plot,Elite Heights,Riya Kapoor
2868,2024-05-28,Facebook,Bangalore,7300000,Plot,Palm Towers,Priya Kapoor
2869,2024-03-15,Facebook,Bangalore,7900000,Plot,Urban Square,Ravi Mehta
2870,2024-06-30,Google Ads,Bangalore,5200000,Villa,Sky Residency,Rohit Sharma
2871,2024-07-09,Housing,Gurgaon,16700000,Plot,Green Valley,Aman Sharma
2872,2024-05-04,99acres,Gurgaon,19500000,Plot,Palm Towers,Viral Kohli
2873,2024-12-30,Referral,Bangalore,11700000,Plot,Palm Towers,Rohit Sharma
2874,2024-04-08,Channel Partner,Hyderabad,17200000,Villa,Elite Heights,Viral Kohli
2875,2024-09-26,Channel Partner,Gurgaon,19100000,Villa,Elite Heights,Shefali Mehta
2876,2024-05-08,Google Ads,Noida,6600000,Villa,Urban Square,Viral Kohli
2877,2024-01-24,Facebook,Pune,18200000,Plot,Urban Square,Rohit Sharma
2878,2024-01-13,Facebook,Gurgaon,7900000,Plot,Elite Heights,Riya Kapoor
2879,2024-02-23,Facebook,Pune,5400000,Apartment,Palm Towers,Aman Sharma
2880,2024-05-17,Walk-in,Gurgaon,11200000,Plot,Green Valley,Praveen Tambe
2881,2024-10-20,Google Ads,Hyderabad,5800000,Apartment,Elite Heights,Shefali Mehta
2882,2024-04-15,99acres,Gurgaon,17700000,Apartment,Sky Residency,Priya Kapoor
2883,2024-05-26,Facebook,Pune,3500000,Villa,Elite Heights,Neha Singh
2884,2024-06-03,Walk-in,Bangalore,20000000,Villa,Green Valley,Aman Sharma
2885,2024-03-15,99acres,Gurgaon,18700000,Apartment,Urban Square,Priya Kapoor
2886,2024-08-31,Google Ads,Mumbai,12800000,Apartment,Elite Heights,Riya Kapoor
2887,2024-10-30,Google Ads,Noida,9300000,Apartment,Sky Residency,Sachin Tendulkar
2888,2024-05-31,Google Ads,Gurgaon,16900000,Villa,Sky Residency,Priya Kapoor
2889,2024-01-17,Walk-in,Gurgaon,3000000,Villa,Green Valley,Aman Sharma
2890,2024-08-12,99acres,Gurgaon,14400000,Plot,Sky Residency,Neha Singh
2891,2024-10-18,Google Ads,Bangalore,6100000,Plot,Sky Residency,Neha Singh
2892,2024-01-17,Channel Partner,Pune,12400000,Plot,Elite Heights,Rohit Sharma
2893,2024-12-01,Google Ads,Mumbai,16300000,Plot,Urban Square,Riya Kapoor
2894,2024-05-15,Referral,Gurgaon,4900000,Villa,Sky Residency,Praveen Tambe
2895,2024-05-16,Channel Partner,Noida,18500000,Plot,Sky Residency,Viral Kohli
2896,2024-01-23,Channel Partner,Gurgaon,14200000,Villa,Green Valley,Ravi Mehta
2897,2024-05-10,Referral,Hyderabad,6200000,Plot,Green Valley,Aman Sharma
2898,2024-08-08,Google Ads,Noida,8200000,Villa,Palm Towers,Riya Kapoor
2899,2024-11-03,Referral,Bangalore,13400000,Plot,Green Valley,Ravi Mehta
2900,2024-08-30,Facebook,Noida,17000000,Apartment,Elite Heights,Aman Sharma
2901,2024-08-04,Referral,Hyderabad,20000000,Apartment,Sky Residency,Priya Kapoor
2902,2024-03-06,Google Ads,Gurgaon,17100000,Plot,Urban Square,Aman Sharma
2903,2024-05-15,Housing,Bangalore,10300000,Apartment,Elite Heights,Praveen Tambe
2904,2024-10-19,99acres,Gurgaon,9000000,Villa,Green Valley,Ravi Mehta
2905,2024-06-05,Google Ads,Noida,19900000,Plot,Elite Heights,Riya Kapoor
2906,2024-01-08,Walk-in,Gurgaon,11000000,Plot,Urban Square,Neha Singh
2907,2024-10-07,Google Ads,Noida,8200000,Apartment,Sky Residency,Shefali Mehta
2908,2024-05-15,Channel Partner,Hyderabad,5100000,Villa,Elite Heights,Aman Sharma
2909,2024-04-14,Google Ads,Hyderabad,15600000,Plot,Green Valley,Sachin Tendulkar
2910,2024-07-26,Google Ads,Mumbai,4700000,Apartment,Green Valley,Rohit Sharma
2911,2024-04-07,Housing,Gurgaon,9200000,Plot,Sky Residency,Ravi Mehta
2912,2024-01-16,Housing,Gurgaon,11400000,Apartment,Palm Towers,Rohit Sharma
2913,2024-09-07,Google Ads,Hyderabad,8400000,Plot,Urban Square,Sachin Tendulkar
2914,2024-01-15,99acres,Pune,3900000,Plot,Urban Square,Riya Kapoor
2915,2024-08-19,Google Ads,Gurgaon,14400000,Plot,Sky Residency,Rohit Sharma
2916,2024-01-23,99acres,Pune,9900000,Plot,Palm Towers,Priya Kapoor
2917,2024-08-03,Google Ads,Gurgaon,3400000,Plot,Urban Square,Rohit Sharma
2918,2024-02-23,Referral,Hyderabad,6400000,Plot,Green Valley,Praveen Tambe
2919,2024-06-08,Housing,Hyderabad,12200000,Plot,Elite Heights,Priya Kapoor
2920,2024-10-21,Channel Partner,Pune,20000000,Villa,Urban Square,Neha Singh
2921,2024-02-12,99acres,Noida,7100000,Apartment,Sky Residency,Priya Kapoor
2922,2024-08-18,99acres,Pune,15600000,Plot,Urban Square,Riya Kapoor
2923,2024-02-12,Facebook,Gurgaon,8200000,Plot,Sky Residency,Neha Singh
2924,2024-11-28,Facebook,Hyderabad,16100000,Villa,Green Valley,Praveen Tambe
2925,2024-04-04,Referral,Pune,19200000,Plot,Elite Heights,Priya Kapoor
2926,2024-10-04,Google Ads,Pune,3500000,Villa,Sky Residency,Neha Singh
2927,2024-05-09,99acres,Hyderabad,13800000,Apartment,Urban Square,Shefali Mehta
2928,2024-11-09,Housing,Noida,16900000,Plot,Palm Towers,Rohit Sharma
2929,2024-07-31,Facebook,Mumbai,5000000,Plot,Urban Square,Rohit Sharma
2930,2024-02-15,Facebook,Bangalore,16400000,Plot,Urban Square,Sachin Tendulkar
2931,2024-01-10,99acres,Gurgaon,14300000,Plot,Palm Towers,Praveen Tambe
2932,2024-12-28,Facebook,Pune,13500000,Villa,Green Valley,Viral Kohli
2933,2024-01-17,Channel Partner,Bangalore,14100000,Plot,Urban Square,Priya Kapoor
2934,2024-01-17,Facebook,Noida,4900000,Plot,Palm Towers,Neha Singh
2935,2024-02-09,Facebook,Bangalore,11100000,Villa,Green Valley,Praveen Tambe
2936,2024-08-07,Facebook,Noida,17400000,Plot,Palm Towers,Priya Kapoor
2937,2024-11-26,Google Ads,Noida,12500000,Villa,Sky Residency,Neha Singh
2938,2024-04-08,Google Ads,Bangalore,5100000,Villa,Elite Heights,Riya Kapoor
2939,2024-10-30,Google Ads,Bangalore,13700000,Apartment,Sky Residency,Viral Kohli
2940,2024-06-21,Facebook,Gurgaon,10800000,Apartment,Sky Residency,Riya Kapoor
2941,2024-08-29,Google Ads,Bangalore,8300000,Apartment,Elite Heights,Sachin Tendulkar
2942,2024-03-11,Facebook,Bangalore,15300000,Villa,Palm Towers,Neha Singh
2943,2024-02-24,Google Ads,Noida,4100000,Apartment,Urban Square,Priya Kapoor
2944,2024-03-14,Google Ads,Mumbai,6200000,Plot,Green Valley,Rohit Sharma
2945,2024-04-12,Google Ads,Noida,16100000,Plot,Palm Towers,Ravi Mehta
2946,2024-02-01,Facebook,Bangalore,13100000,Apartment,Sky Residency,Riya Kapoor
2947,2024-09-14,Housing,Gurgaon,11300000,Plot,Sky Residency,Shefali Mehta
2948,2024-07-06,Google Ads,Gurgaon,12400000,Villa,Green Valley,Riya Kapoor
2949,2024-08-24,Channel Partner,Pune,4300000,Apartment,Palm Towers,Riya Kapoor
2950,2024-05-26,Facebook,Bangalore,12600000,Plot,Elite Heights,Rohit Sharma
2951,2024-11-22,Facebook,Mumbai,9700000,Villa,Palm Towers,Sachin Tendulkar
2952,2024-06-09,Google Ads,Pune,18400000,Apartment,Sky Residency,Sachin Tendulkar
2953,2024-02-07,Google Ads,Mumbai,10300000,Villa,Palm Towers,Rohit Sharma
2954,2024-05-28,Channel Partner,Gurgaon,18400000,Plot,Sky Residency,Rohit Sharma
2955,2024-04-28,Housing,Mumbai,14600000,Villa,Sky Residency,Praveen Tambe
2956,2024-08-20,Walk-in,Bangalore,14600000,Villa,Elite Heights,Viral Kohli
2957,2024-11-25,99acres,Gurgaon,17800000,Plot,Elite Heights,Rohit Sharma
2958,2024-10-24,Google Ads,Gurgaon,6600000,Villa,Green Valley,Aman Sharma
2959,2024-08-13,Housing,Gurgaon,7700000,Villa,Elite Heights,Neha Singh
2960,2024-05-11,99acres,Gurgaon,8400000,Villa,Elite Heights,Praveen Tambe
2961,2024-10-27,99acres,Mumbai,12500000,Plot,Urban Square,Ravi Mehta
2962,2024-06-12,Facebook,Pune,15200000,Plot,Green Valley,Rohit Sharma
2963,2024-06-05,Referral,Mumbai,5300000,Apartment,Palm Towers,Ravi Mehta
2964,2024-07-28,Google Ads,Gurgaon,5400000,Villa,Elite Heights,Ravi Mehta
2965,2024-03-27,Google Ads,Pune,14100000,Villa,Green Valley,Sachin Tendulkar
2966,2024-06-21,Housing,Pune,5800000,Plot,Elite Heights,Viral Kohli
2967,2024-02-25,Facebook,Hyderabad,13500000,Plot,Palm Towers,Viral Kohli
2968,2024-04-26,Google Ads,Noida,18800000,Plot,Green Valley,Viral Kohli
2969,2024-07-29,Walk-in,Pune,15400000,Apartment,Elite Heights,Ravi Mehta
2970,2024-09-24,Google Ads,Pune,16600000,Plot,Sky Residency,Viral Kohli
2971,2024-05-01,Referral,Noida,14800000,Villa,Elite Heights,Riya Kapoor
2972,2024-08-27,Channel Partner,Noida,3400000,Villa,Elite Heights,Ravi Mehta
2973,2024-12-23,Housing,Hyderabad,15100000,Apartment,Elite Heights,Aman Sharma
2974,2024-09-26,Referral,Noida,9400000,Plot,Elite Heights,Riya Kapoor
2975,2024-10-02,Google Ads,Bangalore,12700000,Villa,Sky Residency,Viral Kohli
2976,2024-12-20,Referral,Noida,7000000,Apartment,Elite Heights,Rohit Sharma
2977,2024-01-03,Facebook,Hyderabad,11500000,Plot,Urban Square,Ravi Mehta
2978,2024-02-03,99acres,Bangalore,15300000,Villa,Palm Towers,Shefali Mehta
2979,2024-12-30,99acres,Pune,4800000,Apartment,Sky Residency,Riya Kapoor
2980,2024-10-29,Housing,Mumbai,15400000,Plot,Urban Square,Riya Kapoor
2981,2024-10-28,Housing,Mumbai,18900000,Plot,Sky Residency,Rohit Sharma
2982,2024-06-24,Google Ads,Pune,13100000,Villa,Elite Heights,Ravi Mehta
2983,2024-02-26,Referral,Noida,9200000,Apartment,Sky Residency,Riya Kapoor
2984,2024-04-16,Google Ads,Pune,16100000,Villa,Green Valley,Viral Kohli
2985,2024-04-02,Housing,Noida,5500000,Plot,Sky Residency,Viral Kohli
2986,2024-05-11,Google Ads,Gurgaon,13500000,Villa,Palm Towers,Viral Kohli
2987,2024-07-20,Facebook,Gurgaon,18800000,Apartment,Urban Square,Viral Kohli
2988,2024-08-20,Google Ads,Noida,3500000,Villa,Green Valley,Sachin Tendulkar
2989,2024-11-12,Google Ads,Mumbai,7100000,Villa,Urban Square,Viral Kohli
2990,2024-07-17,Google Ads,Mumbai,5500000,Apartment,Sky Residency,Rohit Sharma
2991,2024-08-21,Google Ads,Gurgaon,7600000,Apartment,Palm Towers,Shefali Mehta
2992,2024-10-27,99acres,Gurgaon,14000000,Plot,Palm Towers,Riya Kapoor
2993,2024-09-25,Housing,Gurgaon,17100000,Villa,Urban Square,Rohit Sharma
2994,2024-12-19,Channel Partner,Gurgaon,16800000,Villa,Palm Towers,Praveen Tambe
2995,2024-12-10,Google Ads,Bangalore,3900000,Apartment,Urban Square,Sachin Tendulkar
2996,2024-10-03,Google Ads,Gurgaon,14300000,Plot,Green Valley,Neha Singh
2997,2024-12-03,99acres,Gurgaon,9800000,Villa,Sky Residency,Priya Kapoor
2998,2024-11-18,Facebook,Hyderabad,18800000,Plot,Elite Heights,Viral Kohli
2999,2024-03-19,Channel Partner,Bangalore,20000000,Plot,Green Valley,Ravi Mehta
3000,2024-02-03,99acres,Gurgaon,14900000,Plot,Green Valley,Riya Kapoor
3001,2024-12-14,Channel Partner,Gurgaon,18200000,Villa,Sky Residency,Viral Kohli
3002,2024-04-24,Google Ads,Hyderabad,16800000,Villa,Sky Residency,Riya Kapoor
3003,2024-05-09,Housing,Bangalore,13900000,Plot,Sky Residency,Sachin Tendulkar
3004,2024-06-18,Google Ads,Gurgaon,11600000,Villa,Elite Heights,Riya Kapoor
3005,2024-11-11,Google Ads,Gurgaon,4000000,Plot,Urban Square,Rohit Sharma
3006,2024-08-20,Channel Partner,Mumbai,15600000,Villa,Urban Square,Aman Sharma
3007,2024-09-03,Google Ads,Noida,17400000,Apartment,Palm Towers,Priya Kapoor
3008,2024-12-28,Google Ads,Noida,9800000,Villa,Sky Residency,Priya Kapoor
3009,2024-08-08,Referral,Pune,4000000,Plot,Elite Heights,Shefali Mehta
3010,2024-08-22,Facebook,Bangalore,14800000,Villa,Urban Square,Priya Kapoor
3011,2024-12-22,Referral,Hyderabad,13900000,Apartment,Palm Towers,Sachin Tendulkar
3012,2024-12-15,Google Ads,Noida,15400000,Apartment,Urban Square,Viral Kohli
3013,2024-12-01,Google Ads,Hyderabad,10300000,Villa,Urban Square,Viral Kohli
3014,2024-10-29,99acres,Pune,6800000,Apartment,Elite Heights,Shefali Mehta
3015,2024-02-18,Google Ads,Pune,4200000,Plot,Elite Heights,Neha Singh
3016,2024-04-03,Google Ads,Pune,9000000,Apartment,Elite Heights,Viral Kohli
3017,2024-02-04,Housing,Mumbai,17200000,Villa,Palm Towers,Priya Kapoor
3018,2024-02-21,99acres,Gurgaon,9100000,Villa,Sky Residency,Neha Singh
3019,2024-05-23,99acres,Bangalore,12500000,Apartment,Green Valley,Ravi Mehta
3020,2024-12-08,Housing,Noida,4000000,Plot,Green Valley,Viral Kohli
3021,2024-02-24,Google Ads,Bangalore,19300000,Apartment,Green Valley,Rohit Sharma
3022,2024-07-29,Housing,Noida,5100000,Apartment,Sky Residency,Rohit Sharma
3023,2024-12-06,Referral,Mumbai,9500000,Plot,Green Valley,Riya Kapoor
3024,2024-10-18,Google Ads,Bangalore,6200000,Plot,Sky Residency,Riya Kapoor
3025,2024-09-04,Google Ads,Pune,4200000,Apartment,Palm Towers,Neha Singh
3026,2024-01-06,Google Ads,Pune,17700000,Apartment,Palm Towers,Shefali Mehta
3027,2024-06-12,Housing,Hyderabad,9800000,Apartment,Elite Heights,Ravi Mehta
3028,2024-06-12,Channel Partner,Noida,19800000,Villa,Elite Heights,Ravi Mehta
3029,2024-02-25,Referral,Mumbai,12000000,Apartment,Urban Square,Praveen Tambe
3030,2024-08-31,Housing,Pune,5200000,Plot,Sky Residency,Neha Singh
3031,2024-03-03,99acres,Mumbai,7300000,Villa,Elite Heights,Riya Kapoor
3032,2024-08-27,Referral,Noida,11500000,Villa,Elite Heights,Rohit Sharma
3033,2024-06-09,Channel Partner,Pune,9200000,Villa,Elite Heights,Viral Kohli
3034,2024-08-20,Google Ads,Noida,18900000,Plot,Green Valley,Neha Singh
3035,2024-02-19,Facebook,Noida,8800000,Apartment,Green Valley,Praveen Tambe
3036,2024-02-21,Google Ads,Bangalore,15000000,Apartment,Urban Square,Aman Sharma
3037,2024-11-24,Google Ads,Pune,5200000,Plot,Urban Square,Priya Kapoor
3038,2024-10-27,99acres,Pune,3300000,Plot,Green Valley,Priya Kapoor
3039,2024-11-29,Channel Partner,Noida,14500000,Plot,Palm Towers,Rohit Sharma
3040,2024-02-25,Google Ads,Mumbai,14700000,Villa,Urban Square,Viral Kohli
3041,2024-01-24,99acres,Pune,10300000,Villa,Palm Towers,Rohit Sharma
3042,2024-04-11,Referral,Gurgaon,8400000,Plot,Urban Square,Rohit Sharma
3043,2024-01-27,Housing,Gurgaon,16200000,Villa,Palm Towers,Rohit Sharma
3044,2024-10-17,99acres,Gurgaon,4700000,Plot,Palm Towers,Ravi Mehta
3045,2024-11-09,Housing,Gurgaon,7700000,Apartment,Sky Residency,Neha Singh
3046,2024-02-01,Google Ads,Hyderabad,12600000,Apartment,Sky Residency,Neha Singh
3047,2024-10-15,Google Ads,Hyderabad,19300000,Villa,Elite Heights,Praveen Tambe
3048,2024-06-03,99acres,Pune,11200000,Villa,Elite Heights,Shefali Mehta
3049,2024-09-12,Google Ads,Mumbai,9100000,Plot,Palm Towers,Neha Singh
3050,2024-06-05,Housing,Noida,3100000,Villa,Elite Heights,Rohit Sharma
3051,2024-08-21,Referral,Bangalore,6700000,Plot,Green Valley,Praveen Tambe
3052,2024-10-31,Housing,Noida,8300000,Villa,Green Valley,Sachin Tendulkar
3053,2024-02-28,Channel Partner,Pune,11200000,Plot,Urban Square,Viral Kohli
3054,2024-07-21,Google Ads,Gurgaon,14400000,Villa,Elite Heights,Praveen Tambe
3055,2024-12-15,Channel Partner,Bangalore,4800000,Apartment,Palm Towers,Neha Singh
3056,2024-04-18,Facebook,Mumbai,8900000,Villa,Green Valley,Shefali Mehta
3057,2024-07-15,Facebook,Pune,16400000,Plot,Sky Residency,Viral Kohli
3058,2024-02-08,Google Ads,Pune,6900000,Apartment,Elite Heights,Rohit Sharma
3059,2024-06-24,Housing,Pune,20000000,Apartment,Urban Square,Rohit Sharma
3060,2024-12-16,Facebook,Pune,17900000,Villa,Palm Towers,Aman Sharma
3061,2024-10-07,99acres,Noida,11600000,Plot,Elite Heights,Priya Kapoor
3062,2024-02-24,99acres,Gurgaon,13200000,Plot,Urban Square,Sachin Tendulkar
3063,2024-06-06,Housing,Gurgaon,14000000,Apartment,Elite Heights,Priya Kapoor
3064,2024-02-15,99acres,Gurgaon,19700000,Plot,Sky Residency,Riya Kapoor
3065,2024-06-20,Google Ads,Hyderabad,14200000,Plot,Green Valley,Rohit Sharma
3066,2024-05-23,Google Ads,Hyderabad,16600000,Apartment,Elite Heights,Rohit Sharma
3067,2024-12-24,99acres,Gurgaon,11500000,Villa,Sky Residency,Priya Kapoor
3068,2024-12-11,Google Ads,Hyderabad,10200000,Villa,Green Valley,Aman Sharma
3069,2024-01-19,Google Ads,Mumbai,20000000,Villa,Sky Residency,Aman Sharma
3070,2024-05-04,Google Ads,Gurgaon,17600000,Plot,Sky Residency,Aman Sharma
3071,2024-11-02,Google Ads,Gurgaon,10800000,Apartment,Palm Towers,Praveen Tambe
3072,2024-09-15,Google Ads,Gurgaon,17500000,Villa,Urban Square,Aman Sharma
3073,2024-10-18,Facebook,Gurgaon,9500000,Apartment,Palm Towers,Shefali Mehta
3074,2024-08-07,Housing,Noida,6800000,Villa,Elite Heights,Priya Kapoor
3075,2024-08-01,Housing,Pune,14400000,Villa,Green Valley,Viral Kohli
3076,2024-09-04,Referral,Gurgaon,19900000,Apartment,Green Valley,Viral Kohli
3077,2024-02-23,Facebook,Noida,18400000,Apartment,Urban Square,Aman Sharma
3078,2024-06-18,Google Ads,Hyderabad,8500000,Villa,Palm Towers,Aman Sharma
3079,2024-08-06,Google Ads,Noida,11800000,Villa,Elite Heights,Praveen Tambe
3080,2024-11-21,Housing,Bangalore,10400000,Plot,Sky Residency,Ravi Mehta
3081,2024-11-01,Channel Partner,Hyderabad,8000000,Plot,Elite Heights,Ravi Mehta
3082,2024-07-15,Facebook,Noida,5800000,Villa,Palm Towers,Ravi Mehta
3083,2024-02-28,Referral,Bangalore,20000000,Plot,Palm Towers,Sachin Tendulkar
3084,2024-11-02,Housing,Hyderabad,16600000,Plot,Sky Residency,Shefali Mehta
3085,2024-06-01,Walk-in,Bangalore,13000000,Villa,Sky Residency,Sachin Tendulkar
3086,2024-02-14,Facebook,Hyderabad,19900000,Plot,Green Valley,Riya Kapoor
3087,2024-05-12,Walk-in,Bangalore,3300000,Apartment,Green Valley,Praveen Tambe
3088,2024-05-23,Channel Partner,Bangalore,14600000,Apartment,Palm Towers,Riya Kapoor
3089,2024-11-18,Referral,Noida,4600000,Villa,Sky Residency,Neha Singh
3090,2024-10-04,Google Ads,Noida,3100000,Villa,Palm Towers,Priya Kapoor
3091,2024-04-28,Channel Partner,Mumbai,5500000,Villa,Green Valley,Aman Sharma
3092,2024-06-27,99acres,Gurgaon,5400000,Villa,Green Valley,Sachin Tendulkar
3093,2024-10-25,Channel Partner,Hyderabad,15800000,Apartment,Palm Towers,Priya Kapoor
3094,2024-10-19,Google Ads,Gurgaon,6400000,Apartment,Green Valley,Riya Kapoor
3095,2024-06-21,Referral,Gurgaon,18200000,Apartment,Green Valley,Ravi Mehta
3096,2024-08-01,Google Ads,Bangalore,15500000,Villa,Sky Residency,Sachin Tendulkar
3097,2024-01-06,Channel Partner,Mumbai,16800000,Villa,Elite Heights,Neha Singh
3098,2024-03-16,Referral,Mumbai,12500000,Plot,Sky Residency,Ravi Mehta
3099,2024-05-31,Housing,Pune,18400000,Plot,Elite Heights,Viral Kohli
3100,2024-04-12,Housing,Gurgaon,11500000,Villa,Sky Residency,Neha Singh
3101,2024-06-20,Channel Partner,Noida,9600000,Villa,Palm Towers,Aman Sharma
3102,2024-08-20,Referral,Pune,11600000,Plot,Palm Towers,Praveen Tambe
3103,2024-02-23,Google Ads,Hyderabad,12200000,Plot,Green Valley,Sachin Tendulkar
3104,2024-06-30,Referral,Hyderabad,15000000,Plot,Palm Towers,Riya Kapoor
3105,2024-05-24,Channel Partner,Gurgaon,7800000,Apartment,Urban Square,Viral Kohli
3106,2024-12-23,Facebook,Gurgaon,15000000,Villa,Urban Square,Neha Singh
3107,2024-04-26,Google Ads,Mumbai,17000000,Villa,Elite Heights,Rohit Sharma
3108,2024-01-29,Google Ads,Noida,4700000,Villa,Sky Residency,Riya Kapoor
3109,2024-03-26,Walk-in,Pune,10400000,Villa,Palm Towers,Shefali Mehta
3110,2024-03-17,Housing,Pune,15300000,Villa,Green Valley,Ravi Mehta
3111,2024-10-04,Facebook,Pune,6900000,Apartment,Green Valley,Praveen Tambe
3112,2024-09-24,Housing,Gurgaon,8000000,Plot,Palm Towers,Riya Kapoor
3113,2024-12-29,99acres,Gurgaon,14900000,Plot,Urban Square,Shefali Mehta
3114,2024-06-25,Google Ads,Noida,7400000,Apartment,Green Valley,Priya Kapoor
3115,2024-03-15,99acres,Gurgaon,9000000,Apartment,Elite Heights,Viral Kohli
3116,2024-11-16,Facebook,Pune,7900000,Plot,Green Valley,Priya Kapoor
3117,2024-10-31,99acres,Gurgaon,11000000,Apartment,Elite Heights,Riya Kapoor
3118,2024-07-31,Referral,Bangalore,15200000,Apartment,Green Valley,Rohit Sharma
3119,2024-04-21,Google Ads,Gurgaon,9500000,Plot,Green Valley,Sachin Tendulkar
3120,2024-08-15,99acres,Pune,3300000,Apartment,Urban Square,Viral Kohli
3121,2024-03-09,Facebook,Gurgaon,9400000,Apartment,Sky Residency,Aman Sharma
3122,2024-07-28,Housing,Gurgaon,10000000,Villa,Green Valley,Ravi Mehta
3123,2024-01-08,Google Ads,Gurgaon,12900000,Villa,Palm Towers,Shefali Mehta
3124,2024-09-02,Facebook,Mumbai,4400000,Apartment,Elite Heights,Neha Singh
3125,2024-01-27,Channel Partner,Bangalore,19800000,Apartment,Urban Square,Riya Kapoor
3126,2024-04-12,Facebook,Hyderabad,10600000,Plot,Palm Towers,Neha Singh
3127,2024-09-18,Google Ads,Noida,16000000,Apartment,Urban Square,Aman Sharma
3128,2024-10-28,Google Ads,Noida,13000000,Apartment,Urban Square,Praveen Tambe
3129,2024-06-28,Referral,Bangalore,13600000,Apartment,Urban Square,Aman Sharma
3130,2024-12-06,Facebook,Hyderabad,13300000,Villa,Sky Residency,Ravi Mehta
3131,2024-10-18,Referral,Bangalore,10800000,Villa,Green Valley,Viral Kohli
3132,2024-11-17,99acres,Gurgaon,12500000,Villa,Elite Heights,Aman Sharma
3133,2024-10-19,Housing,Noida,4900000,Apartment,Palm Towers,Viral Kohli
3134,2024-07-15,99acres,Bangalore,5000000,Plot,Urban Square,Ravi Mehta
3135,2024-10-03,Facebook,Gurgaon,10800000,Apartment,Urban Square,Sachin Tendulkar
3136,2024-06-24,Facebook,Hyderabad,9800000,Villa,Sky Residency,Ravi Mehta
3137,2024-09-10,Referral,Gurgaon,9400000,Plot,Green Valley,Ravi Mehta
3138,2024-02-27,99acres,Bangalore,5800000,Apartment,Palm Towers,Neha Singh
3139,2024-10-30,Housing,Noida,14500000,Villa,Urban Square,Sachin Tendulkar
3140,2024-04-26,Channel Partner,Noida,12600000,Plot,Green Valley,Aman Sharma
3141,2024-10-23,Walk-in,Mumbai,6400000,Plot,Green Valley,Neha Singh
3142,2024-05-12,Referral,Gurgaon,16700000,Villa,Urban Square,Rohit Sharma
3143,2024-02-27,Facebook,Pune,4200000,Apartment,Green Valley,Priya Kapoor
3144,2024-11-29,Google Ads,Gurgaon,12000000,Plot,Sky Residency,Viral Kohli
3145,2024-04-24,Facebook,Noida,10200000,Villa,Elite Heights,Rohit Sharma
3146,2024-07-19,Google Ads,Bangalore,8000000,Villa,Palm Towers,Rohit Sharma
3147,2024-07-20,Google Ads,Gurgaon,12800000,Apartment,Palm Towers,Neha Singh
3148,2024-01-13,99acres,Gurgaon,7700000,Apartment,Elite Heights,Priya Kapoor
3149,2024-03-26,99acres,Noida,8900000,Villa,Sky Residency,Riya Kapoor
3150,2024-10-29,Google Ads,Pune,6100000,Plot,Green Valley,Rohit Sharma
3151,2024-11-01,Facebook,Noida,6400000,Plot,Urban Square,Sachin Tendulkar
3152,2024-08-06,Google Ads,Mumbai,5000000,Villa,Sky Residency,Praveen Tambe
3153,2024-03-22,Google Ads,Noida,18900000,Apartment,Sky Residency,Ravi Mehta
3154,2024-02-25,Facebook,Gurgaon,6600000,Villa,Elite Heights,Praveen Tambe
3155,2024-08-02,Facebook,Noida,13800000,Plot,Green Valley,Praveen Tambe
3156,2024-10-29,Facebook,Gurgaon,13100000,Villa,Green Valley,Viral Kohli
3157,2024-01-15,Referral,Bangalore,10700000,Villa,Green Valley,Riya Kapoor
3158,2024-08-11,Google Ads,Pune,9900000,Apartment,Green Valley,Riya Kapoor
3159,2024-04-29,Housing,Hyderabad,17600000,Villa,Urban Square,Aman Sharma
3160,2024-04-21,Facebook,Mumbai,9900000,Apartment,Palm Towers,Rohit Sharma
3161,2024-10-23,Google Ads,Hyderabad,12500000,Plot,Urban Square,Neha Singh
3162,2024-11-23,Google Ads,Pune,6600000,Plot,Palm Towers,Priya Kapoor
3163,2024-02-16,Channel Partner,Bangalore,3500000,Plot,Palm Towers,Rohit Sharma
3164,2024-09-30,99acres,Noida,6800000,Villa,Urban Square,Neha Singh
3165,2024-03-03,Google Ads,Mumbai,10500000,Villa,Elite Heights,Praveen Tambe
3166,2024-09-13,Google Ads,Hyderabad,16800000,Plot,Green Valley,Shefali Mehta
3167,2024-07-16,Facebook,Pune,12800000,Apartment,Urban Square,Riya Kapoor
3168,2024-06-03,Referral,Noida,3800000,Plot,Urban Square,Rohit Sharma
3169,2024-05-25,Housing,Noida,12500000,Plot,Elite Heights,Rohit Sharma
3170,2024-01-29,Channel Partner,Pune,6300000,Plot,Green Valley,Viral Kohli
3171,2024-06-21,99acres,Hyderabad,8400000,Apartment,Sky Residency,Shefali Mehta
3172,2024-01-16,Facebook,Mumbai,7200000,Apartment,Sky Residency,Riya Kapoor
3173,2024-04-14,Google Ads,Noida,5300000,Plot,Elite Heights,Sachin Tendulkar
3174,2024-09-19,99acres,Mumbai,9200000,Apartment,Urban Square,Rohit Sharma
3175,2024-10-23,99acres,Hyderabad,5000000,Villa,Elite Heights,Aman Sharma
3176,2024-10-06,Facebook,Bangalore,10000000,Villa,Elite Heights,Ravi Mehta
3177,2024-02-05,Walk-in,Noida,12100000,Plot,Urban Square,Priya Kapoor
3178,2024-08-03,Referral,Gurgaon,13900000,Villa,Urban Square,Priya Kapoor
3179,2024-01-07,99acres,Gurgaon,17100000,Apartment,Palm Towers,Ravi Mehta
3180,2024-08-18,99acres,Noida,11300000,Villa,Sky Residency,Neha Singh
3181,2024-08-02,Google Ads,Gurgaon,18000000,Villa,Urban Square,Praveen Tambe
3182,2024-05-03,Google Ads,Bangalore,17100000,Apartment,Urban Square,Aman Sharma
3183,2024-02-24,Google Ads,Bangalore,15300000,Plot,Sky Residency,Aman Sharma
3184,2024-11-29,Housing,Bangalore,11600000,Plot,Palm Towers,Aman Sharma
3185,2024-09-16,Housing,Pune,14900000,Villa,Sky Residency,Ravi Mehta
3186,2024-05-17,Facebook,Hyderabad,13900000,Apartment,Sky Residency,Viral Kohli
3187,2024-05-02,Referral,Mumbai,7300000,Villa,Elite Heights,Neha Singh
3188,2024-11-04,99acres,Hyderabad,17100000,Apartment,Urban Square,Ravi Mehta
3189,2024-05-31,Google Ads,Noida,19900000,Villa,Palm Towers,Shefali Mehta
3190,2024-04-20,Google Ads,Gurgaon,6300000,Villa,Green Valley,Viral Kohli
3191,2024-01-13,Channel Partner,Mumbai,5100000,Plot,Green Valley,Priya Kapoor
3192,2024-03-07,Facebook,Noida,11100000,Villa,Green Valley,Rohit Sharma
3193,2024-07-13,99acres,Gurgaon,6500000,Villa,Elite Heights,Praveen Tambe
3194,2024-10-18,99acres,Bangalore,5300000,Plot,Urban Square,Priya Kapoor
3195,2024-01-18,Facebook,Gurgaon,6600000,Apartment,Palm Towers,Rohit Sharma
3196,2024-07-09,Channel Partner,Mumbai,11300000,Plot,Palm Towers,Praveen Tambe
3197,2024-03-17,Facebook,Gurgaon,14200000,Plot,Sky Residency,Rohit Sharma
3198,2024-03-31,Housing,Pune,10000000,Apartment,Green Valley,Viral Kohli
3199,2024-04-25,99acres,Mumbai,19200000,Plot,Green Valley,Riya Kapoor
3200,2024-10-26,99acres,Noida,16600000,Villa,Elite Heights,Aman Sharma
3201,2024-04-11,Facebook,Pune,18700000,Villa,Palm Towers,Riya Kapoor
3202,2024-03-27,Google Ads,Gurgaon,18100000,Apartment,Elite Heights,Rohit Sharma
3203,2024-06-24,Google Ads,Gurgaon,17500000,Villa,Sky Residency,Priya Kapoor
3204,2024-03-30,Walk-in,Bangalore,8100000,Plot,Palm Towers,Shefali Mehta
3205,2024-07-09,Facebook,Gurgaon,19700000,Plot,Urban Square,Aman Sharma
3206,2024-06-11,Walk-in,Gurgaon,3900000,Villa,Palm Towers,Sachin Tendulkar
3207,2024-12-04,Channel Partner,Gurgaon,8800000,Plot,Sky Residency,Sachin Tendulkar
3208,2024-03-02,99acres,Gurgaon,16600000,Plot,Palm Towers,Riya Kapoor
3209,2024-11-04,Housing,Pune,13600000,Plot,Urban Square,Riya Kapoor
3210,2024-06-07,Facebook,Bangalore,3400000,Apartment,Green Valley,Riya Kapoor
3211,2024-02-25,Walk-in,Gurgaon,17700000,Plot,Urban Square,Priya Kapoor
3212,2024-12-30,Walk-in,Pune,19200000,Villa,Palm Towers,Praveen Tambe
3213,2024-03-03,Google Ads,Gurgaon,17200000,Plot,Urban Square,Rohit Sharma
3214,2024-04-04,Channel Partner,Gurgaon,13400000,Apartment,Urban Square,Sachin Tendulkar
3215,2024-07-15,Housing,Mumbai,19800000,Plot,Sky Residency,Shefali Mehta
3216,2024-06-29,Referral,Mumbai,9200000,Villa,Urban Square,Riya Kapoor
3217,2024-04-28,Housing,Noida,4600000,Villa,Urban Square,Aman Sharma
3218,2024-03-04,Housing,Gurgaon,8400000,Plot,Palm Towers,Rohit Sharma
3219,2024-02-02,Google Ads,Mumbai,14900000,Villa,Green Valley,Sachin Tendulkar
3220,2024-03-26,Channel Partner,Mumbai,10100000,Plot,Green Valley,Aman Sharma
3221,2024-03-27,Google Ads,Bangalore,16100000,Apartment,Urban Square,Neha Singh
3222,2024-08-29,Channel Partner,Pune,3800000,Villa,Urban Square,Praveen Tambe
3223,2024-09-25,Facebook,Noida,9600000,Villa,Urban Square,Praveen Tambe
3224,2024-06-28,Facebook,Bangalore,8300000,Villa,Sky Residency,Ravi Mehta
3225,2024-06-18,99acres,Noida,5400000,Apartment,Urban Square,Sachin Tendulkar
3226,2024-03-02,99acres,Mumbai,8400000,Apartment,Green Valley,Riya Kapoor
3227,2024-10-07,Channel Partner,Bangalore,7500000,Villa,Green Valley,Shefali Mehta
3228,2024-09-02,Channel Partner,Mumbai,18700000,Apartment,Urban Square,Praveen Tambe
3229,2024-04-26,Housing,Bangalore,16100000,Plot,Urban Square,Ravi Mehta
3230,2024-04-29,99acres,Noida,5800000,Apartment,Sky Residency,Ravi Mehta
3231,2024-06-13,Housing,Mumbai,16900000,Plot,Palm Towers,Riya Kapoor
3232,2024-04-10,Google Ads,Noida,11200000,Apartment,Sky Residency,Priya Kapoor
3233,2024-05-06,Referral,Noida,14700000,Villa,Green Valley,Rohit Sharma
3234,2024-10-23,99acres,Bangalore,4700000,Apartment,Palm Towers,Priya Kapoor
3235,2024-10-13,Facebook,Mumbai,19500000,Villa,Palm Towers,Sachin Tendulkar
3236,2024-02-18,Channel Partner,Hyderabad,10100000,Apartment,Elite Heights,Shefali Mehta
3237,2024-03-05,Channel Partner,Bangalore,4200000,Villa,Urban Square,Priya Kapoor
3238,2024-03-10,Facebook,Gurgaon,6000000,Villa,Urban Square,Riya Kapoor
3239,2024-01-17,Referral,Gurgaon,6100000,Villa,Sky Residency,Shefali Mehta
3240,2024-12-07,Google Ads,Gurgaon,17000000,Plot,Sky Residency,Aman Sharma
3241,2024-11-03,Google Ads,Gurgaon,3400000,Apartment,Green Valley,Aman Sharma
3242,2024-06-26,Referral,Pune,3800000,Plot,Green Valley,Riya Kapoor
3243,2024-02-08,Google Ads,Pune,17200000,Plot,Sky Residency,Viral Kohli
3244,2024-08-11,99acres,Pune,15700000,Villa,Elite Heights,Ravi Mehta
3245,2024-02-27,Google Ads,Gurgaon,14900000,Plot,Green Valley,Riya Kapoor
3246,2024-03-12,Channel Partner,Pune,5000000,Apartment,Urban Square,Priya Kapoor
3247,2024-08-24,99acres,Gurgaon,10700000,Plot,Green Valley,Rohit Sharma
3248,2024-09-02,99acres,Noida,18200000,Apartment,Sky Residency,Aman Sharma
3249,2024-07-13,99acres,Bangalore,13700000,Plot,Palm Towers,Priya Kapoor
3250,2024-02-24,Housing,Pune,5300000,Apartment,Palm Towers,Aman Sharma
3251,2024-12-10,Google Ads,Gurgaon,19300000,Plot,Urban Square,Praveen Tambe
3252,2024-03-09,Referral,Pune,7500000,Apartment,Sky Residency,Aman Sharma
3253,2024-11-21,Google Ads,Gurgaon,6000000,Plot,Palm Towers,Shefali Mehta
3254,2024-12-18,Housing,Gurgaon,11600000,Plot,Palm Towers,Aman Sharma
3255,2024-07-10,Housing,Pune,6000000,Plot,Palm Towers,Shefali Mehta
3256,2024-10-16,Google Ads,Bangalore,15400000,Apartment,Sky Residency,Viral Kohli
3257,2024-03-26,Facebook,Mumbai,12700000,Villa,Elite Heights,Rohit Sharma
3258,2024-08-16,Google Ads,Noida,7700000,Villa,Green Valley,Riya Kapoor
3259,2024-07-09,99acres,Gurgaon,11000000,Plot,Green Valley,Ravi Mehta
3260,2024-08-02,Facebook,Pune,17200000,Plot,Elite Heights,Aman Sharma
3261,2024-05-15,Facebook,Gurgaon,10800000,Apartment,Green Valley,Neha Singh
3262,2024-08-08,Channel Partner,Mumbai,18600000,Apartment,Palm Towers,Praveen Tambe
3263,2024-07-05,Referral,Gurgaon,7000000,Apartment,Urban Square,Ravi Mehta
3264,2024-12-17,99acres,Gurgaon,5100000,Villa,Green Valley,Priya Kapoor
3265,2024-05-03,Google Ads,Noida,6000000,Plot,Urban Square,Neha Singh
3266,2024-09-14,Channel Partner,Mumbai,7700000,Villa,Palm Towers,Ravi Mehta
3267,2024-06-09,Referral,Noida,18300000,Apartment,Elite Heights,Priya Kapoor
3268,2024-07-31,Google Ads,Gurgaon,17600000,Apartment,Urban Square,Rohit Sharma
3269,2024-08-27,Google Ads,Noida,19800000,Apartment,Palm Towers,Ravi Mehta
3270,2024-07-25,Referral,Pune,16200000,Villa,Palm Towers,Neha Singh
3271,2024-09-12,Google Ads,Hyderabad,18100000,Villa,Palm Towers,Viral Kohli
3272,2024-05-05,Facebook,Gurgaon,11100000,Plot,Palm Towers,Riya Kapoor
3273,2024-01-07,Channel Partner,Mumbai,5400000,Apartment,Palm Towers,Ravi Mehta
3274,2024-03-22,Referral,Noida,14800000,Villa,Sky Residency,Riya Kapoor
3275,2024-02-23,99acres,Pune,16700000,Plot,Palm Towers,Rohit Sharma
3276,2024-04-18,Facebook,Noida,15300000,Plot,Urban Square,Viral Kohli
3277,2024-01-23,Referral,Hyderabad,7700000,Villa,Sky Residency,Aman Sharma
3278,2024-11-22,Channel Partner,Gurgaon,6300000,Plot,Elite Heights,Ravi Mehta
3279,2024-06-18,99acres,Gurgaon,10200000,Plot,Urban Square,Ravi Mehta
3280,2024-09-19,Google Ads,Hyderabad,15800000,Apartment,Sky Residency,Praveen Tambe
3281,2024-02-27,Google Ads,Gurgaon,5400000,Plot,Sky Residency,Praveen Tambe
3282,2024-10-19,Google Ads,Bangalore,3200000,Villa,Urban Square,Praveen Tambe
3283,2024-01-03,99acres,Bangalore,14900000,Plot,Urban Square,Ravi Mehta
3284,2024-05-17,99acres,Mumbai,18300000,Plot,Palm Towers,Riya Kapoor
3285,2024-12-07,Facebook,Noida,4800000,Apartment,Elite Heights,Ravi Mehta
3286,2024-01-07,99acres,Noida,5100000,Villa,Urban Square,Shefali Mehta
3287,2024-01-25,Housing,Noida,14500000,Plot,Sky Residency,Riya Kapoor
3288,2024-04-23,Facebook,Mumbai,8000000,Apartment,Palm Towers,Ravi Mehta
3289,2024-04-01,Channel Partner,Noida,8700000,Plot,Elite Heights,Riya Kapoor
3290,2024-06-20,Google Ads,Gurgaon,12100000,Villa,Sky Residency,Viral Kohli
3291,2024-07-18,Facebook,Mumbai,12900000,Plot,Urban Square,Sachin Tendulkar
3292,2024-04-16,Facebook,Bangalore,12500000,Apartment,Palm Towers,Viral Kohli
3293,2024-01-10,Housing,Bangalore,17200000,Apartment,Urban Square,Viral Kohli
3294,2024-03-22,Facebook,Pune,14600000,Apartment,Palm Towers,Rohit Sharma
3295,2024-01-24,Facebook,Gurgaon,9300000,Apartment,Green Valley,Riya Kapoor
3296,2024-08-19,Referral,Noida,17500000,Plot,Green Valley,Ravi Mehta
3297,2024-11-23,Google Ads,Mumbai,10500000,Plot,Green Valley,Priya Kapoor
3298,2024-06-10,Google Ads,Gurgaon,14200000,Villa,Green Valley,Shefali Mehta
3299,2024-12-13,Housing,Gurgaon,17700000,Villa,Green Valley,Aman Sharma
3300,2024-11-02,Facebook,Hyderabad,14900000,Apartment,Urban Square,Praveen Tambe
3301,2024-05-05,Facebook,Gurgaon,7900000,Plot,Palm Towers,Viral Kohli
3302,2024-11-10,Google Ads,Hyderabad,15200000,Plot,Elite Heights,Sachin Tendulkar
3303,2024-11-02,Referral,Pune,4800000,Villa,Urban Square,Viral Kohli
3304,2024-07-31,Walk-in,Noida,10800000,Villa,Palm Towers,Priya Kapoor
3305,2024-01-17,Channel Partner,Gurgaon,8700000,Apartment,Sky Residency,Aman Sharma
3306,2024-11-20,Google Ads,Bangalore,4000000,Apartment,Urban Square,Neha Singh
3307,2024-03-13,Facebook,Noida,18500000,Plot,Green Valley,Praveen Tambe
3308,2024-05-27,Google Ads,Gurgaon,18600000,Plot,Sky Residency,Viral Kohli
3309,2024-10-12,Google Ads,Pune,16000000,Villa,Elite Heights,Viral Kohli
3310,2024-10-22,Referral,Mumbai,18200000,Villa,Palm Towers,Aman Sharma
3311,2024-10-17,Google Ads,Noida,13600000,Apartment,Green Valley,Rohit Sharma
3312,2024-03-30,Facebook,Mumbai,19200000,Villa,Elite Heights,Shefali Mehta
3313,2024-12-23,Google Ads,Gurgaon,6100000,Villa,Urban Square,Sachin Tendulkar
3314,2024-01-21,Walk-in,Bangalore,4500000,Apartment,Palm Towers,Viral Kohli
3315,2024-06-21,Facebook,Pune,8700000,Plot,Green Valley,Priya Kapoor
3316,2024-04-23,99acres,Gurgaon,13300000,Apartment,Sky Residency,Aman Sharma
3317,2024-06-15,99acres,Hyderabad,19100000,Villa,Urban Square,Ravi Mehta
3318,2024-06-16,Facebook,Noida,3700000,Apartment,Green Valley,Neha Singh
3319,2024-02-09,Referral,Mumbai,13300000,Apartment,Sky Residency,Aman Sharma
3320,2024-06-13,Housing,Hyderabad,5200000,Apartment,Green Valley,Shefali Mehta
3321,2024-08-14,Facebook,Noida,6600000,Villa,Urban Square,Viral Kohli
3322,2024-06-03,Channel Partner,Bangalore,6100000,Apartment,Green Valley,Priya Kapoor
3323,2024-12-11,Housing,Noida,6400000,Plot,Sky Residency,Praveen Tambe
3324,2024-03-03,Facebook,Noida,9800000,Apartment,Palm Towers,Aman Sharma
3325,2024-04-03,99acres,Mumbai,11500000,Plot,Urban Square,Praveen Tambe
3326,2024-11-05,99acres,Bangalore,5900000,Villa,Sky Residency,Neha Singh
3327,2024-10-27,Facebook,Noida,9800000,Apartment,Palm Towers,Priya Kapoor
3328,2024-10-27,Referral,Hyderabad,4400000,Plot,Urban Square,Shefali Mehta
3329,2024-05-26,Channel Partner,Bangalore,3400000,Villa,Urban Square,Praveen Tambe
3330,2024-06-05,Facebook,Pune,10900000,Villa,Green Valley,Priya Kapoor
3331,2024-11-24,99acres,Bangalore,18600000,Plot,Green Valley,Ravi Mehta
3332,2024-05-27,Google Ads,Mumbai,15900000,Plot,Green Valley,Rohit Sharma
3333,2024-05-25,Channel Partner,Pune,10400000,Plot,Green Valley,Shefali Mehta
3334,2024-04-10,Facebook,Bangalore,10000000,Apartment,Sky Residency,Neha Singh
3335,2024-03-03,Channel Partner,Gurgaon,3200000,Apartment,Palm Towers,Praveen Tambe
3336,2024-09-13,99acres,Mumbai,10400000,Plot,Green Valley,Neha Singh
3337,2024-07-16,99acres,Hyderabad,20000000,Plot,Sky Residency,Praveen Tambe
3338,2024-12-07,Google Ads,Noida,19100000,Apartment,Urban Square,Priya Kapoor
3339,2024-02-23,Facebook,Gurgaon,5000000,Villa,Palm Towers,Praveen Tambe
3340,2024-07-09,Facebook,Noida,14100000,Villa,Elite Heights,Neha Singh
3341,2024-12-04,Housing,Bangalore,15500000,Apartment,Green Valley,Priya Kapoor
3342,2024-12-22,Channel Partner,Hyderabad,19800000,Plot,Sky Residency,Viral Kohli
3343,2024-08-19,Facebook,Bangalore,19200000,Apartment,Green Valley,Rohit Sharma
3344,2024-06-28,Housing,Pune,14600000,Plot,Sky Residency,Shefali Mehta
3345,2024-05-15,Housing,Noida,19200000,Apartment,Palm Towers,Praveen Tambe
3346,2024-06-16,Google Ads,Bangalore,17300000,Plot,Sky Residency,Shefali Mehta
3347,2024-12-14,Housing,Gurgaon,5100000,Apartment,Urban Square,Viral Kohli
3348,2024-05-10,Housing,Noida,5900000,Apartment,Green Valley,Shefali Mehta
3349,2024-03-12,Google Ads,Gurgaon,14000000,Plot,Green Valley,Aman Sharma
3350,2024-07-30,Referral,Bangalore,12100000,Plot,Urban Square,Praveen Tambe
3351,2024-03-19,Facebook,Bangalore,11800000,Apartment,Palm Towers,Aman Sharma
3352,2024-12-30,Referral,Noida,11000000,Plot,Elite Heights,Neha Singh
3353,2024-09-28,99acres,Pune,6200000,Plot,Urban Square,Shefali Mehta
3354,2024-04-23,Facebook,Pune,15600000,Plot,Palm Towers,Praveen Tambe
3355,2024-08-29,Housing,Gurgaon,10200000,Villa,Green Valley,Viral Kohli
3356,2024-02-08,Referral,Gurgaon,11800000,Apartment,Elite Heights,Shefali Mehta
3357,2024-01-20,Channel Partner,Hyderabad,12300000,Apartment,Green Valley,Viral Kohli
3358,2024-05-27,Housing,Pune,18200000,Villa,Elite Heights,Sachin Tendulkar
3359,2024-08-31,Google Ads,Gurgaon,15200000,Plot,Green Valley,Aman Sharma
3360,2024-03-17,Channel Partner,Bangalore,15200000,Apartment,Palm Towers,Shefali Mehta
3361,2024-08-17,Referral,Mumbai,9300000,Villa,Green Valley,Viral Kohli
3362,2024-10-16,99acres,Bangalore,10700000,Villa,Elite Heights,Viral Kohli
3363,2024-10-31,Channel Partner,Hyderabad,4900000,Plot,Elite Heights,Shefali Mehta
3364,2024-01-07,Google Ads,Noida,13500000,Villa,Elite Heights,Sachin Tendulkar
3365,2024-11-13,Channel Partner,Hyderabad,10500000,Plot,Palm Towers,Rohit Sharma
3366,2024-01-02,Referral,Noida,11400000,Plot,Urban Square,Aman Sharma
3367,2024-07-22,Google Ads,Noida,19100000,Villa,Elite Heights,Ravi Mehta
3368,2024-01-10,Google Ads,Noida,19700000,Plot,Palm Towers,Rohit Sharma
3369,2024-01-25,Google Ads,Gurgaon,12100000,Villa,Urban Square,Viral Kohli
3370,2024-10-01,Google Ads,Pune,12200000,Plot,Urban Square,Neha Singh
3371,2024-09-21,Google Ads,Pune,3800000,Villa,Urban Square,Aman Sharma
3372,2024-11-10,Facebook,Gurgaon,11300000,Apartment,Palm Towers,Sachin Tendulkar
3373,2024-05-17,Channel Partner,Bangalore,19400000,Apartment,Palm Towers,Praveen Tambe
3374,2024-06-01,Facebook,Gurgaon,6800000,Apartment,Sky Residency,Aman Sharma
3375,2024-02-25,Facebook,Gurgaon,16300000,Villa,Urban Square,Priya Kapoor
3376,2024-07-17,Facebook,Hyderabad,13400000,Apartment,Elite Heights,Riya Kapoor
3377,2024-04-19,Google Ads,Noida,17000000,Plot,Sky Residency,Viral Kohli
3378,2024-03-06,Referral,Bangalore,15000000,Plot,Green Valley,Sachin Tendulkar
3379,2024-12-22,99acres,Mumbai,6600000,Plot,Elite Heights,Viral Kohli
3380,2024-06-02,Facebook,Noida,9000000,Apartment,Sky Residency,Viral Kohli
3381,2024-03-06,Google Ads,Gurgaon,3500000,Apartment,Elite Heights,Praveen Tambe
3382,2024-10-08,Google Ads,Gurgaon,5900000,Villa,Sky Residency,Neha Singh
3383,2024-05-03,Google Ads,Gurgaon,3500000,Plot,Urban Square,Viral Kohli
3384,2024-06-03,Facebook,Noida,8900000,Apartment,Palm Towers,Ravi Mehta
3385,2024-04-16,Facebook,Pune,19200000,Apartment,Elite Heights,Aman Sharma
3386,2024-12-05,Google Ads,Pune,10800000,Plot,Green Valley,Sachin Tendulkar
3387,2024-06-16,Referral,Gurgaon,5000000,Plot,Elite Heights,Neha Singh
3388,2024-06-19,Housing,Mumbai,10900000,Plot,Elite Heights,Praveen Tambe
3389,2024-04-11,Google Ads,Noida,14500000,Villa,Elite Heights,Neha Singh
3390,2024-02-24,Facebook,Noida,15100000,Apartment,Green Valley,Praveen Tambe
3391,2024-04-13,Housing,Gurgaon,9000000,Apartment,Sky Residency,Riya Kapoor
3392,2024-05-28,Facebook,Gurgaon,13000000,Apartment,Green Valley,Priya Kapoor
3393,2024-01-31,Facebook,Noida,13600000,Apartment,Elite Heights,Rohit Sharma
3394,2024-06-21,Facebook,Hyderabad,17000000,Apartment,Green Valley,Rohit Sharma
3395,2024-11-19,Google Ads,Gurgaon,18900000,Plot,Urban Square,Shefali Mehta
3396,2024-12-13,Walk-in,Bangalore,8500000,Plot,Urban Square,Riya Kapoor
3397,2024-08-05,Housing,Bangalore,7800000,Apartment,Urban Square,Sachin Tendulkar
3398,2024-07-04,Google Ads,Mumbai,5500000,Villa,Palm Towers,Sachin Tendulkar
3399,2024-09-25,Walk-in,Mumbai,18000000,Apartment,Green Valley,Shefali Mehta
3400,2024-07-29,Google Ads,Gurgaon,15600000,Plot,Sky Residency,Sachin Tendulkar
3401,2024-12-25,Housing,Bangalore,10100000,Villa,Sky Residency,Sachin Tendulkar
3402,2024-09-03,Facebook,Bangalore,12900000,Plot,Palm Towers,Aman Sharma
3403,2024-10-07,Google Ads,Bangalore,19900000,Plot,Green Valley,Sachin Tendulkar
3404,2024-11-09,Facebook,Mumbai,6500000,Villa,Elite Heights,Neha Singh
3405,2024-01-18,Housing,Bangalore,11900000,Plot,Sky Residency,Shefali Mehta
3406,2024-10-25,Facebook,Gurgaon,15800000,Plot,Green Valley,Priya Kapoor
3407,2024-02-07,Google Ads,Bangalore,14600000,Villa,Sky Residency,Riya Kapoor
3408,2024-01-10,Referral,Mumbai,13400000,Apartment,Sky Residency,Viral Kohli
3409,2024-07-10,Housing,Bangalore,6000000,Plot,Urban Square,Praveen Tambe
3410,2024-06-05,Walk-in,Gurgaon,5000000,Villa,Elite Heights,Viral Kohli
3411,2024-12-13,Facebook,Bangalore,17500000,Villa,Palm Towers,Priya Kapoor
3412,2024-06-11,Referral,Noida,12900000,Villa,Green Valley,Rohit Sharma
3413,2024-02-01,Housing,Noida,13300000,Villa,Urban Square,Ravi Mehta
3414,2024-04-23,Housing,Mumbai,15900000,Apartment,Green Valley,Ravi Mehta
3415,2024-02-17,Referral,Hyderabad,18500000,Plot,Green Valley,Aman Sharma
3416,2024-12-23,Facebook,Bangalore,14900000,Villa,Sky Residency,Ravi Mehta
3417,2024-01-12,Facebook,Mumbai,3900000,Apartment,Green Valley,Aman Sharma
3418,2024-04-20,Channel Partner,Pune,13600000,Apartment,Elite Heights,Praveen Tambe
3419,2024-07-31,Google Ads,Hyderabad,18900000,Villa,Palm Towers,Aman Sharma
3420,2024-11-05,99acres,Noida,18400000,Villa,Palm Towers,Riya Kapoor
3421,2024-04-14,Facebook,Noida,17900000,Villa,Elite Heights,Sachin Tendulkar
3422,2024-09-10,Google Ads,Mumbai,5000000,Apartment,Palm Towers,Rohit Sharma
3423,2024-06-01,Google Ads,Gurgaon,17100000,Plot,Elite Heights,Sachin Tendulkar
3424,2024-02-04,Channel Partner,Bangalore,6000000,Villa,Palm Towers,Neha Singh
3425,2024-09-29,Channel Partner,Noida,11200000,Apartment,Sky Residency,Aman Sharma
3426,2024-06-24,Facebook,Noida,17900000,Plot,Elite Heights,Priya Kapoor
3427,2024-04-09,Google Ads,Gurgaon,16800000,Plot,Urban Square,Sachin Tendulkar
3428,2024-04-28,Housing,Mumbai,9900000,Apartment,Palm Towers,Riya Kapoor
3429,2024-12-08,Facebook,Noida,11000000,Villa,Urban Square,Ravi Mehta
3430,2024-03-30,Google Ads,Gurgaon,14100000,Plot,Urban Square,Shefali Mehta
3431,2024-07-12,Facebook,Hyderabad,11500000,Plot,Sky Residency,Rohit Sharma
3432,2024-04-26,Google Ads,Bangalore,7600000,Apartment,Urban Square,Aman Sharma
3433,2024-05-07,Walk-in,Noida,14200000,Apartment,Elite Heights,Sachin Tendulkar
3434,2024-05-01,Google Ads,Pune,9200000,Plot,Sky Residency,Neha Singh
3435,2024-03-23,Channel Partner,Noida,15400000,Villa,Urban Square,Shefali Mehta
3436,2024-02-16,Facebook,Gurgaon,18900000,Villa,Green Valley,Shefali Mehta
3437,2024-11-21,99acres,Pune,9100000,Plot,Elite Heights,Rohit Sharma
3438,2024-03-28,Walk-in,Pune,8200000,Plot,Sky Residency,Shefali Mehta
3439,2024-03-26,Walk-in,Gurgaon,6100000,Villa,Urban Square,Viral Kohli
3440,2024-07-24,Walk-in,Gurgaon,17900000,Apartment,Urban Square,Praveen Tambe
3441,2024-08-22,Housing,Noida,14700000,Plot,Green Valley,Praveen Tambe
3442,2024-07-13,Facebook,Mumbai,6300000,Plot,Urban Square,Riya Kapoor
3443,2024-12-11,Channel Partner,Bangalore,16500000,Plot,Urban Square,Aman Sharma
3444,2024-12-30,Google Ads,Noida,12700000,Apartment,Urban Square,Shefali Mehta
3445,2024-05-28,Google Ads,Noida,7800000,Apartment,Urban Square,Ravi Mehta
3446,2024-01-27,99acres,Gurgaon,10200000,Apartment,Palm Towers,Neha Singh
3447,2024-04-29,Google Ads,Gurgaon,3000000,Apartment,Elite Heights,Riya Kapoor
3448,2024-02-03,Facebook,Bangalore,6200000,Apartment,Sky Residency,Priya Kapoor
3449,2024-08-25,Referral,Bangalore,11400000,Apartment,Urban Square,Rohit Sharma
3450,2024-04-16,Google Ads,Hyderabad,18900000,Apartment,Urban Square,Rohit Sharma
3451,2024-05-16,Channel Partner,Gurgaon,15600000,Villa,Sky Residency,Aman Sharma
3452,2024-06-14,Channel Partner,Gurgaon,16600000,Villa,Green Valley,Ravi Mehta
3453,2024-08-17,Google Ads,Gurgaon,12200000,Plot,Palm Towers,Rohit Sharma
3454,2024-10-17,Channel Partner,Pune,14400000,Apartment,Urban Square,Neha Singh
3455,2024-04-05,Google Ads,Gurgaon,16100000,Apartment,Palm Towers,Sachin Tendulkar
3456,2024-12-06,Facebook,Bangalore,11200000,Apartment,Palm Towers,Riya Kapoor
3457,2024-11-02,Facebook,Mumbai,14400000,Villa,Green Valley,Shefali Mehta
3458,2024-02-14,Walk-in,Noida,13700000,Villa,Sky Residency,Praveen Tambe
3459,2024-02-13,99acres,Mumbai,19600000,Plot,Urban Square,Shefali Mehta
3460,2024-05-29,Google Ads,Noida,4600000,Plot,Urban Square,Neha Singh
3461,2024-11-05,Referral,Noida,5500000,Villa,Urban Square,Priya Kapoor
3462,2024-09-14,Google Ads,Pune,13800000,Villa,Urban Square,Viral Kohli
3463,2024-01-08,Referral,Gurgaon,4200000,Plot,Palm Towers,Rohit Sharma
3464,2024-11-21,Google Ads,Mumbai,5700000,Villa,Urban Square,Neha Singh
3465,2024-09-08,Google Ads,Pune,5800000,Plot,Elite Heights,Sachin Tendulkar
3466,2024-10-24,Google Ads,Bangalore,10200000,Apartment,Urban Square,Priya Kapoor
3467,2024-08-07,Facebook,Hyderabad,10900000,Villa,Green Valley,Sachin Tendulkar
3468,2024-12-22,Facebook,Hyderabad,16700000,Apartment,Urban Square,Rohit Sharma
3469,2024-02-04,99acres,Hyderabad,7000000,Apartment,Urban Square,Priya Kapoor
3470,2024-09-06,Channel Partner,Noida,19700000,Plot,Palm Towers,Praveen Tambe
3471,2024-11-15,Google Ads,Noida,17400000,Villa,Sky Residency,Priya Kapoor
3472,2024-11-23,Walk-in,Gurgaon,7600000,Villa,Urban Square,Viral Kohli
3473,2024-10-19,Google Ads,Hyderabad,12800000,Apartment,Sky Residency,Sachin Tendulkar
3474,2024-12-04,Facebook,Gurgaon,10700000,Villa,Elite Heights,Ravi Mehta
3475,2024-01-06,Google Ads,Noida,10300000,Plot,Palm Towers,Neha Singh
3476,2024-05-22,Housing,Gurgaon,11100000,Apartment,Elite Heights,Viral Kohli
3477,2024-10-28,Referral,Bangalore,12600000,Apartment,Elite Heights,Sachin Tendulkar
3478,2024-02-26,Google Ads,Pune,15700000,Apartment,Elite Heights,Shefali Mehta
3479,2024-03-28,Google Ads,Bangalore,5000000,Apartment,Sky Residency,Ravi Mehta
3480,2024-11-26,Referral,Gurgaon,6900000,Apartment,Elite Heights,Praveen Tambe
3481,2024-11-25,Facebook,Hyderabad,10500000,Villa,Palm Towers,Shefali Mehta
3482,2024-02-27,99acres,Mumbai,10100000,Villa,Palm Towers,Sachin Tendulkar
3483,2024-01-28,99acres,Noida,12300000,Villa,Green Valley,Viral Kohli
3484,2024-05-08,99acres,Gurgaon,19900000,Villa,Sky Residency,Sachin Tendulkar
3485,2024-08-10,Referral,Mumbai,5600000,Apartment,Green Valley,Praveen Tambe
3486,2024-02-02,Facebook,Noida,5500000,Apartment,Sky Residency,Praveen Tambe
3487,2024-11-22,Google Ads,Gurgaon,7200000,Apartment,Green Valley,Ravi Mehta
3488,2024-06-13,Walk-in,Bangalore,12100000,Villa,Green Valley,Viral Kohli
3489,2024-06-05,Housing,Bangalore,8200000,Villa,Palm Towers,Aman Sharma
3490,2024-12-02,Google Ads,Bangalore,7000000,Apartment,Urban Square,Viral Kohli
3491,2024-12-25,99acres,Noida,8200000,Plot,Urban Square,Sachin Tendulkar
3492,2024-12-11,Housing,Gurgaon,17600000,Villa,Sky Residency,Riya Kapoor
3493,2024-07-21,99acres,Gurgaon,6100000,Plot,Elite Heights,Priya Kapoor
3494,2024-04-21,Referral,Noida,18600000,Apartment,Sky Residency,Neha Singh
3495,2024-02-05,Referral,Pune,13700000,Villa,Sky Residency,Shefali Mehta
3496,2024-10-01,Facebook,Bangalore,11400000,Villa,Green Valley,Shefali Mehta
3497,2024-05-05,Housing,Gurgaon,15200000,Plot,Sky Residency,Neha Singh
3498,2024-03-05,Facebook,Gurgaon,17300000,Apartment,Urban Square,Ravi Mehta
3499,2024-11-11,Facebook,Pune,10600000,Plot,Urban Square,Neha Singh
3500,2024-11-03,Google Ads,Noida,9700000,Plot,Sky Residency,Sachin Tendulkar
3501,2024-12-06,99acres,Bangalore,9600000,Villa,Sky Residency,Priya Kapoor
3502,2024-09-07,Walk-in,Noida,9500000,Apartment,Elite Heights,Viral Kohli
3503,2024-06-10,99acres,Noida,13800000,Villa,Green Valley,Riya Kapoor
3504,2024-04-29,99acres,Bangalore,3400000,Plot,Green Valley,Viral Kohli
3505,2024-04-28,Referral,Gurgaon,12400000,Plot,Urban Square,Viral Kohli
3506,2024-02-01,Google Ads,Gurgaon,7300000,Plot,Sky Residency,Praveen Tambe
3507,2024-03-18,Google Ads,Gurgaon,7700000,Apartment,Palm Towers,Rohit Sharma
3508,2024-10-13,Google Ads,Hyderabad,17000000,Apartment,Elite Heights,Neha Singh
3509,2024-11-11,Housing,Bangalore,18100000,Villa,Palm Towers,Rohit Sharma
3510,2024-07-09,Channel Partner,Noida,10700000,Villa,Sky Residency,Praveen Tambe
3511,2024-04-11,Google Ads,Noida,12700000,Apartment,Sky Residency,Sachin Tendulkar
3512,2024-12-16,99acres,Noida,13400000,Apartment,Sky Residency,Neha Singh
3513,2024-09-13,Facebook,Pune,12200000,Apartment,Urban Square,Viral Kohli
3514,2024-02-12,Channel Partner,Pune,18400000,Apartment,Palm Towers,Sachin Tendulkar
3515,2024-09-10,Housing,Noida,14300000,Villa,Urban Square,Ravi Mehta
3516,2024-12-17,Google Ads,Hyderabad,9400000,Plot,Green Valley,Ravi Mehta
3517,2024-02-20,Channel Partner,Noida,8600000,Villa,Sky Residency,Rohit Sharma
3518,2024-07-28,Walk-in,Noida,15000000,Apartment,Urban Square,Praveen Tambe
3519,2024-06-09,Google Ads,Pune,11000000,Villa,Elite Heights,Neha Singh
3520,2024-01-11,Google Ads,Hyderabad,11400000,Plot,Sky Residency,Rohit Sharma
3521,2024-10-08,Google Ads,Gurgaon,6200000,Villa,Green Valley,Sachin Tendulkar
3522,2024-06-25,Housing,Bangalore,15800000,Villa,Urban Square,Aman Sharma
3523,2024-07-05,Housing,Noida,10000000,Villa,Sky Residency,Riya Kapoor
3524,2024-05-16,Housing,Gurgaon,4200000,Villa,Palm Towers,Shefali Mehta
3525,2024-07-07,Walk-in,Mumbai,9700000,Plot,Sky Residency,Aman Sharma
3526,2024-12-03,99acres,Pune,18500000,Plot,Urban Square,Sachin Tendulkar
3527,2024-12-26,Google Ads,Pune,18400000,Apartment,Elite Heights,Rohit Sharma
3528,2024-03-13,99acres,Mumbai,9900000,Apartment,Green Valley,Praveen Tambe
3529,2024-05-14,Housing,Gurgaon,9600000,Plot,Green Valley,Praveen Tambe
3530,2024-09-19,Channel Partner,Pune,9300000,Apartment,Elite Heights,Rohit Sharma
3531,2024-02-07,Facebook,Mumbai,8400000,Villa,Urban Square,Praveen Tambe
3532,2024-02-07,99acres,Gurgaon,19100000,Apartment,Palm Towers,Rohit Sharma
3533,2024-12-21,Google Ads,Mumbai,10800000,Villa,Urban Square,Riya Kapoor
3534,2024-08-18,Facebook,Gurgaon,8400000,Apartment,Palm Towers,Praveen Tambe
3535,2024-08-16,Facebook,Mumbai,6500000,Apartment,Urban Square,Priya Kapoor
3536,2024-10-11,Referral,Gurgaon,18900000,Villa,Urban Square,Sachin Tendulkar
3537,2024-03-21,99acres,Noida,4100000,Villa,Elite Heights,Riya Kapoor
3538,2024-10-24,Walk-in,Gurgaon,17000000,Apartment,Urban Square,Praveen Tambe
3539,2024-01-11,Referral,Gurgaon,14100000,Villa,Sky Residency,Priya Kapoor
3540,2024-09-13,99acres,Gurgaon,10900000,Villa,Palm Towers,Rohit Sharma
3541,2024-08-06,Referral,Gurgaon,17900000,Villa,Urban Square,Sachin Tendulkar
3542,2024-05-06,Google Ads,Gurgaon,8800000,Villa,Palm Towers,Praveen Tambe
3543,2024-11-18,Channel Partner,Gurgaon,14900000,Plot,Green Valley,Neha Singh
3544,2024-04-07,Channel Partner,Mumbai,18200000,Villa,Green Valley,Viral Kohli
3545,2024-09-02,Referral,Mumbai,9600000,Villa,Urban Square,Priya Kapoor
3546,2024-07-29,Facebook,Gurgaon,6400000,Plot,Elite Heights,Aman Sharma
3547,2024-09-11,Google Ads,Hyderabad,12300000,Villa,Palm Towers,Rohit Sharma
3548,2024-03-31,Google Ads,Hyderabad,16700000,Apartment,Elite Heights,Shefali Mehta
3549,2024-10-03,Referral,Mumbai,8000000,Plot,Palm Towers,Viral Kohli
3550,2024-05-11,Google Ads,Noida,19100000,Plot,Palm Towers,Sachin Tendulkar
3551,2024-06-20,99acres,Noida,7800000,Plot,Palm Towers,Riya Kapoor
3552,2024-10-15,Google Ads,Gurgaon,5100000,Plot,Palm Towers,Rohit Sharma
3553,2024-03-08,Housing,Noida,18600000,Apartment,Green Valley,Neha Singh
3554,2024-12-31,Channel Partner,Mumbai,6400000,Villa,Palm Towers,Priya Kapoor
3555,2024-03-18,Housing,Mumbai,16800000,Villa,Sky Residency,Sachin Tendulkar
3556,2024-12-28,Facebook,Mumbai,17600000,Apartment,Palm Towers,Rohit Sharma
3557,2024-09-20,Walk-in,Gurgaon,3800000,Plot,Palm Towers,Riya Kapoor
3558,2024-04-20,99acres,Pune,5700000,Villa,Green Valley,Riya Kapoor
3559,2024-12-27,Google Ads,Pune,3800000,Plot,Palm Towers,Praveen Tambe
3560,2024-06-21,Channel Partner,Pune,17300000,Apartment,Palm Towers,Neha Singh
3561,2024-05-14,Housing,Gurgaon,17400000,Plot,Palm Towers,Neha Singh
3562,2024-01-27,Walk-in,Pune,19300000,Villa,Green Valley,Aman Sharma
3563,2024-07-29,Referral,Gurgaon,16800000,Apartment,Green Valley,Neha Singh
3564,2024-10-05,99acres,Gurgaon,18300000,Villa,Green Valley,Priya Kapoor
3565,2024-02-27,Facebook,Bangalore,3200000,Apartment,Palm Towers,Priya Kapoor
3566,2024-10-18,Google Ads,Noida,4200000,Apartment,Green Valley,Ravi Mehta
3567,2024-11-15,Channel Partner,Mumbai,7400000,Apartment,Palm Towers,Neha Singh
3568,2024-02-19,Facebook,Mumbai,6300000,Apartment,Palm Towers,Sachin Tendulkar
3569,2024-04-28,99acres,Noida,19800000,Plot,Elite Heights,Praveen Tambe
3570,2024-01-25,Google Ads,Mumbai,5800000,Plot,Elite Heights,Shefali Mehta
3571,2024-01-27,Google Ads,Gurgaon,9300000,Apartment,Elite Heights,Neha Singh
3572,2024-03-11,Housing,Bangalore,9300000,Villa,Green Valley,Sachin Tendulkar
3573,2024-01-19,Housing,Noida,11300000,Apartment,Elite Heights,Rohit Sharma
3574,2024-09-11,Google Ads,Mumbai,12300000,Villa,Green Valley,Sachin Tendulkar
3575,2024-02-17,Facebook,Hyderabad,3500000,Apartment,Elite Heights,Riya Kapoor
3576,2024-02-12,Referral,Pune,13700000,Villa,Sky Residency,Riya Kapoor
3577,2024-09-10,Google Ads,Pune,9100000,Plot,Sky Residency,Sachin Tendulkar
3578,2024-02-10,Housing,Pune,7000000,Plot,Green Valley,Viral Kohli
3579,2024-01-10,Google Ads,Mumbai,13300000,Apartment,Urban Square,Rohit Sharma
3580,2024-01-29,Housing,Bangalore,6600000,Apartment,Elite Heights,Sachin Tendulkar
3581,2024-04-16,Facebook,Pune,5300000,Plot,Sky Residency,Viral Kohli
3582,2024-01-14,Facebook,Bangalore,4500000,Villa,Palm Towers,Aman Sharma
3583,2024-12-13,Google Ads,Gurgaon,5100000,Apartment,Elite Heights,Viral Kohli
3584,2024-01-25,Housing,Bangalore,12700000,Apartment,Sky Residency,Viral Kohli
3585,2024-08-03,Channel Partner,Hyderabad,14000000,Plot,Palm Towers,Praveen Tambe
3586,2024-06-13,Google Ads,Gurgaon,18200000,Villa,Palm Towers,Rohit Sharma
3587,2024-11-03,Channel Partner,Bangalore,10000000,Apartment,Urban Square,Ravi Mehta
3588,2024-05-17,Channel Partner,Pune,11900000,Villa,Urban Square,Priya Kapoor
3589,2024-03-23,Housing,Noida,3500000,Plot,Palm Towers,Riya Kapoor
3590,2024-06-30,Facebook,Bangalore,7900000,Apartment,Sky Residency,Praveen Tambe
3591,2024-04-30,Channel Partner,Bangalore,17200000,Plot,Urban Square,Neha Singh
3592,2024-11-24,Facebook,Hyderabad,12400000,Villa,Palm Towers,Shefali Mehta
3593,2024-07-31,99acres,Pune,15400000,Plot,Elite Heights,Sachin Tendulkar
3594,2024-05-31,Facebook,Mumbai,4600000,Apartment,Green Valley,Rohit Sharma
3595,2024-08-10,Housing,Gurgaon,6100000,Plot,Elite Heights,Sachin Tendulkar
3596,2024-09-15,Channel Partner,Noida,3200000,Apartment,Sky Residency,Riya Kapoor
3597,2024-10-28,Google Ads,Hyderabad,11600000,Villa,Elite Heights,Ravi Mehta
3598,2024-02-14,Facebook,Pune,11500000,Plot,Urban Square,Neha Singh
3599,2024-02-06,Google Ads,Pune,19900000,Villa,Elite Heights,Ravi Mehta
3600,2024-04-29,99acres,Bangalore,16600000,Apartment,Urban Square,Neha Singh
3601,2024-12-17,Referral,Hyderabad,17400000,Plot,Sky Residency,Viral Kohli
3602,2024-05-18,Referral,Gurgaon,17400000,Apartment,Palm Towers,Aman Sharma
3603,2024-04-15,Google Ads,Gurgaon,17800000,Villa,Urban Square,Ravi Mehta
3604,2024-04-02,Referral,Gurgaon,15000000,Plot,Palm Towers,Riya Kapoor
3605,2024-01-19,Housing,Gurgaon,14600000,Plot,Elite Heights,Ravi Mehta
3606,2024-10-03,Google Ads,Hyderabad,19400000,Apartment,Green Valley,Praveen Tambe
3607,2024-12-04,Channel Partner,Gurgaon,12500000,Apartment,Urban Square,Shefali Mehta
3608,2024-12-10,Referral,Pune,16700000,Plot,Palm Towers,Priya Kapoor
3609,2024-10-20,Google Ads,Noida,12200000,Villa,Urban Square,Aman Sharma
3610,2024-09-10,Facebook,Mumbai,5700000,Plot,Green Valley,Riya Kapoor
3611,2024-10-12,Google Ads,Mumbai,15700000,Villa,Palm Towers,Aman Sharma
3612,2024-05-24,Housing,Mumbai,12900000,Plot,Palm Towers,Riya Kapoor
3613,2024-02-20,Walk-in,Pune,10400000,Apartment,Green Valley,Viral Kohli
3614,2024-02-06,Housing,Mumbai,8300000,Villa,Palm Towers,Viral Kohli
3615,2024-09-22,Facebook,Bangalore,14100000,Villa,Green Valley,Neha Singh
3616,2024-11-12,Channel Partner,Bangalore,18000000,Villa,Urban Square,Priya Kapoor
3617,2024-09-29,Google Ads,Bangalore,10100000,Apartment,Urban Square,Neha Singh
3618,2024-10-03,Channel Partner,Gurgaon,5800000,Plot,Sky Residency,Rohit Sharma
3619,2024-09-24,Google Ads,Mumbai,17700000,Apartment,Sky Residency,Neha Singh
3620,2024-03-13,Walk-in,Bangalore,12200000,Apartment,Elite Heights,Viral Kohli
3621,2024-07-11,99acres,Mumbai,19200000,Apartment,Sky Residency,Aman Sharma
3622,2024-11-06,99acres,Bangalore,5400000,Apartment,Urban Square,Praveen Tambe
3623,2024-02-09,Google Ads,Mumbai,3100000,Apartment,Palm Towers,Neha Singh
3624,2024-04-17,Google Ads,Pune,15200000,Villa,Sky Residency,Viral Kohli
3625,2024-06-28,Walk-in,Hyderabad,9600000,Apartment,Green Valley,Shefali Mehta
3626,2024-08-28,99acres,Mumbai,15600000,Plot,Palm Towers,Neha Singh
3627,2024-05-11,Referral,Noida,15000000,Apartment,Palm Towers,Sachin Tendulkar
3628,2024-06-17,99acres,Noida,11600000,Apartment,Green Valley,Ravi Mehta
3629,2024-04-12,99acres,Gurgaon,16900000,Apartment,Palm Towers,Praveen Tambe
3630,2024-01-08,99acres,Noida,8600000,Apartment,Green Valley,Sachin Tendulkar
3631,2024-03-24,Facebook,Gurgaon,14100000,Plot,Palm Towers,Aman Sharma
3632,2024-08-14,Referral,Noida,3500000,Plot,Urban Square,Rohit Sharma
3633,2024-03-27,Google Ads,Gurgaon,8300000,Apartment,Sky Residency,Rohit Sharma
3634,2024-03-08,99acres,Mumbai,4300000,Villa,Elite Heights,Priya Kapoor
3635,2024-12-30,Referral,Pune,13800000,Apartment,Urban Square,Sachin Tendulkar
3636,2024-08-20,99acres,Gurgaon,11600000,Villa,Green Valley,Riya Kapoor
3637,2024-08-29,Walk-in,Noida,12700000,Apartment,Elite Heights,Rohit Sharma
3638,2024-08-30,Housing,Gurgaon,8800000,Apartment,Elite Heights,Neha Singh
3639,2024-10-09,Housing,Bangalore,11400000,Villa,Urban Square,Shefali Mehta
3640,2024-12-15,99acres,Mumbai,12300000,Apartment,Urban Square,Viral Kohli
3641,2024-02-27,Channel Partner,Gurgaon,7200000,Plot,Urban Square,Shefali Mehta
3642,2024-07-28,Google Ads,Bangalore,7600000,Apartment,Palm Towers,Ravi Mehta
3643,2024-11-22,Google Ads,Noida,9900000,Apartment,Urban Square,Shefali Mehta
3644,2024-12-03,Google Ads,Pune,12000000,Plot,Elite Heights,Sachin Tendulkar
3645,2024-12-07,Facebook,Hyderabad,7500000,Plot,Urban Square,Ravi Mehta
3646,2024-04-12,Google Ads,Mumbai,11900000,Apartment,Urban Square,Aman Sharma
3647,2024-01-27,Referral,Pune,5700000,Apartment,Palm Towers,Shefali Mehta
3648,2024-01-24,99acres,Gurgaon,4900000,Villa,Palm Towers,Riya Kapoor
3649,2024-07-16,Google Ads,Mumbai,3700000,Villa,Sky Residency,Rohit Sharma
3650,2024-04-08,Google Ads,Gurgaon,17000000,Plot,Palm Towers,Aman Sharma
3651,2024-04-29,Google Ads,Pune,15400000,Apartment,Sky Residency,Rohit Sharma
3652,2024-09-24,Channel Partner,Mumbai,13700000,Apartment,Green Valley,Praveen Tambe
3653,2024-02-17,Housing,Gurgaon,8300000,Plot,Urban Square,Shefali Mehta
3654,2024-11-10,Google Ads,Noida,17900000,Plot,Green Valley,Ravi Mehta
3655,2024-12-27,99acres,Bangalore,16000000,Apartment,Palm Towers,Riya Kapoor
3656,2024-07-09,99acres,Gurgaon,5200000,Apartment,Urban Square,Shefali Mehta
3657,2024-03-25,Google Ads,Noida,4200000,Villa,Elite Heights,Sachin Tendulkar
3658,2024-09-22,Google Ads,Noida,19900000,Villa,Sky Residency,Riya Kapoor
3659,2024-02-21,Housing,Noida,7400000,Plot,Urban Square,Ravi Mehta
3660,2024-06-26,Referral,Bangalore,18700000,Villa,Sky Residency,Shefali Mehta
3661,2024-04-28,99acres,Mumbai,14200000,Apartment,Green Valley,Sachin Tendulkar
3662,2024-03-31,Channel Partner,Gurgaon,3800000,Villa,Urban Square,Praveen Tambe
3663,2024-12-09,Google Ads,Noida,11200000,Apartment,Palm Towers,Viral Kohli
3664,2024-09-17,Housing,Noida,11900000,Plot,Elite Heights,Riya Kapoor
3665,2024-03-13,Google Ads,Mumbai,13100000,Plot,Palm Towers,Shefali Mehta
3666,2024-09-24,99acres,Pune,16000000,Villa,Sky Residency,Neha Singh
3667,2024-03-15,Facebook,Mumbai,11900000,Villa,Sky Residency,Rohit Sharma
3668,2024-03-20,Facebook,Pune,7300000,Villa,Urban Square,Ravi Mehta
3669,2024-10-15,Referral,Gurgaon,18900000,Villa,Green Valley,Rohit Sharma
3670,2024-08-25,99acres,Gurgaon,18300000,Villa,Palm Towers,Rohit Sharma
3671,2024-03-13,Housing,Noida,9900000,Apartment,Palm Towers,Shefali Mehta
3672,2024-06-06,Google Ads,Gurgaon,17900000,Plot,Palm Towers,Aman Sharma
3673,2024-05-22,Google Ads,Pune,17100000,Villa,Elite Heights,Riya Kapoor
3674,2024-04-11,Housing,Bangalore,4800000,Apartment,Green Valley,Rohit Sharma
3675,2024-12-23,Walk-in,Mumbai,12200000,Apartment,Elite Heights,Aman Sharma
3676,2024-08-07,Google Ads,Pune,15900000,Villa,Palm Towers,Praveen Tambe
3677,2024-03-17,Walk-in,Hyderabad,19800000,Plot,Green Valley,Ravi Mehta
3678,2024-12-06,Referral,Gurgaon,12300000,Villa,Green Valley,Riya Kapoor
3679,2024-09-06,Facebook,Pune,9300000,Apartment,Palm Towers,Shefali Mehta
3680,2024-01-20,Facebook,Pune,9800000,Plot,Elite Heights,Ravi Mehta
3681,2024-08-06,Channel Partner,Pune,5200000,Apartment,Green Valley,Praveen Tambe
3682,2024-04-28,Facebook,Mumbai,14500000,Apartment,Green Valley,Ravi Mehta
3683,2024-01-28,99acres,Noida,19900000,Plot,Elite Heights,Neha Singh
3684,2024-09-25,Channel Partner,Gurgaon,4000000,Apartment,Palm Towers,Viral Kohli
3685,2024-10-10,99acres,Noida,15200000,Apartment,Palm Towers,Shefali Mehta
3686,2024-05-18,Google Ads,Noida,10300000,Apartment,Elite Heights,Priya Kapoor
3687,2024-01-27,Google Ads,Bangalore,17300000,Plot,Urban Square,Praveen Tambe
3688,2024-01-14,Facebook,Noida,18600000,Plot,Elite Heights,Praveen Tambe
3689,2024-06-30,Facebook,Pune,7900000,Plot,Elite Heights,Riya Kapoor
3690,2024-12-01,Referral,Mumbai,13000000,Apartment,Urban Square,Praveen Tambe
3691,2024-07-18,Google Ads,Gurgaon,18300000,Plot,Palm Towers,Riya Kapoor
3692,2024-04-16,Housing,Pune,7000000,Plot,Green Valley,Sachin Tendulkar
3693,2024-10-10,Walk-in,Hyderabad,15700000,Villa,Elite Heights,Viral Kohli
3694,2024-08-02,Google Ads,Mumbai,10200000,Villa,Palm Towers,Sachin Tendulkar
3695,2024-09-25,Referral,Bangalore,17800000,Apartment,Palm Towers,Priya Kapoor
3696,2024-02-23,Housing,Hyderabad,4900000,Apartment,Sky Residency,Rohit Sharma
3697,2024-12-12,Google Ads,Hyderabad,10400000,Apartment,Elite Heights,Ravi Mehta
3698,2024-05-15,99acres,Pune,16300000,Apartment,Palm Towers,Praveen Tambe
3699,2024-11-30,Housing,Bangalore,9800000,Plot,Sky Residency,Shefali Mehta
3700,2024-06-26,Channel Partner,Noida,7200000,Villa,Elite Heights,Ravi Mehta
3701,2024-12-21,99acres,Hyderabad,11700000,Plot,Sky Residency,Ravi Mehta
3702,2024-10-14,Referral,Gurgaon,12600000,Villa,Green Valley,Aman Sharma
3703,2024-08-25,Channel Partner,Bangalore,5500000,Apartment,Elite Heights,Riya Kapoor
3704,2024-03-07,Facebook,Pune,15900000,Villa,Palm Towers,Viral Kohli
3705,2024-02-21,Channel Partner,Gurgaon,5300000,Apartment,Urban Square,Rohit Sharma
3706,2024-11-14,Channel Partner,Noida,6400000,Apartment,Urban Square,Sachin Tendulkar
3707,2024-05-23,Channel Partner,Noida,18100000,Apartment,Elite Heights,Viral Kohli
3708,2024-04-05,99acres,Gurgaon,19400000,Apartment,Palm Towers,Priya Kapoor
3709,2024-04-17,Housing,Mumbai,19200000,Plot,Palm Towers,Shefali Mehta
3710,2024-04-24,99acres,Noida,10000000,Apartment,Green Valley,Priya Kapoor
3711,2024-04-16,Facebook,Gurgaon,8800000,Apartment,Urban Square,Viral Kohli
3712,2024-05-02,Referral,Noida,10100000,Apartment,Palm Towers,Sachin Tendulkar
3713,2024-03-05,Channel Partner,Gurgaon,7500000,Villa,Elite Heights,Ravi Mehta
3714,2024-12-25,Channel Partner,Mumbai,5600000,Plot,Palm Towers,Ravi Mehta
3715,2024-05-10,99acres,Noida,6900000,Plot,Sky Residency,Riya Kapoor
3716,2024-01-31,99acres,Gurgaon,8500000,Plot,Sky Residency,Riya Kapoor
3717,2024-10-01,Referral,Noida,10400000,Apartment,Sky Residency,Sachin Tendulkar
3718,2024-06-12,Referral,Gurgaon,14000000,Apartment,Palm Towers,Riya Kapoor
3719,2024-08-21,Google Ads,Gurgaon,19700000,Plot,Sky Residency,Ravi Mehta
3720,2024-06-27,Channel Partner,Pune,14800000,Plot,Palm Towers,Sachin Tendulkar
3721,2024-05-14,Google Ads,Pune,12300000,Plot,Elite Heights,Rohit Sharma
3722,2024-06-02,Facebook,Hyderabad,10700000,Apartment,Palm Towers,Riya Kapoor
3723,2024-02-24,Google Ads,Pune,11400000,Villa,Sky Residency,Riya Kapoor
3724,2024-06-26,99acres,Gurgaon,15500000,Plot,Elite Heights,Viral Kohli
3725,2024-05-02,Housing,Noida,10300000,Apartment,Palm Towers,Aman Sharma
3726,2024-10-25,Google Ads,Pune,19300000,Plot,Urban Square,Riya Kapoor
3727,2024-10-31,Google Ads,Pune,16800000,Apartment,Elite Heights,Ravi Mehta
3728,2024-06-22,Referral,Hyderabad,7500000,Apartment,Green Valley,Priya Kapoor
3729,2024-09-11,Google Ads,Bangalore,4800000,Plot,Sky Residency,Ravi Mehta
3730,2024-10-11,Facebook,Gurgaon,12600000,Apartment,Urban Square,Viral Kohli
3731,2024-10-20,Channel Partner,Noida,7900000,Villa,Palm Towers,Praveen Tambe
3732,2024-05-16,Facebook,Bangalore,7300000,Plot,Urban Square,Aman Sharma
3733,2024-08-29,Facebook,Pune,12200000,Apartment,Green Valley,Praveen Tambe
3734,2024-09-05,Referral,Gurgaon,18000000,Plot,Palm Towers,Ravi Mehta
3735,2024-05-14,Channel Partner,Pune,18500000,Apartment,Elite Heights,Riya Kapoor
3736,2024-01-22,Housing,Bangalore,3400000,Plot,Elite Heights,Viral Kohli
3737,2024-09-15,Referral,Mumbai,17400000,Plot,Palm Towers,Priya Kapoor
3738,2024-04-05,Referral,Mumbai,17500000,Plot,Urban Square,Ravi Mehta
3739,2024-12-25,Google Ads,Noida,12700000,Apartment,Sky Residency,Riya Kapoor
3740,2024-05-11,Facebook,Noida,12100000,Apartment,Green Valley,Ravi Mehta
3741,2024-03-09,Housing,Gurgaon,5500000,Villa,Green Valley,Riya Kapoor
3742,2024-09-04,99acres,Pune,11100000,Apartment,Green Valley,Aman Sharma
3743,2024-08-05,Google Ads,Bangalore,19600000,Villa,Sky Residency,Neha Singh
3744,2024-02-10,Google Ads,Hyderabad,4700000,Plot,Urban Square,Riya Kapoor
3745,2024-11-06,99acres,Pune,16300000,Apartment,Sky Residency,Aman Sharma
3746,2024-12-17,Facebook,Hyderabad,12000000,Apartment,Urban Square,Viral Kohli
3747,2024-04-10,99acres,Hyderabad,16000000,Apartment,Green Valley,Rohit Sharma
3748,2024-05-27,Facebook,Mumbai,15800000,Apartment,Sky Residency,Riya Kapoor
3749,2024-01-08,Facebook,Pune,3600000,Villa,Sky Residency,Shefali Mehta
3750,2024-02-04,Referral,Noida,4900000,Apartment,Elite Heights,Neha Singh
3751,2024-08-05,Channel Partner,Pune,8600000,Villa,Green Valley,Shefali Mehta
3752,2024-04-05,Google Ads,Noida,12700000,Plot,Palm Towers,Riya Kapoor
3753,2024-10-10,Walk-in,Gurgaon,17100000,Plot,Elite Heights,Shefali Mehta
3754,2024-05-23,Channel Partner,Pune,5100000,Villa,Elite Heights,Ravi Mehta
3755,2024-07-22,Channel Partner,Noida,16200000,Plot,Green Valley,Viral Kohli
3756,2024-11-24,99acres,Bangalore,13200000,Plot,Green Valley,Rohit Sharma
3757,2024-02-23,Google Ads,Bangalore,15500000,Apartment,Sky Residency,Shefali Mehta
3758,2024-07-29,Google Ads,Mumbai,18300000,Plot,Green Valley,Riya Kapoor
3759,2024-11-08,99acres,Noida,19400000,Apartment,Sky Residency,Viral Kohli
3760,2024-01-21,Facebook,Bangalore,14900000,Plot,Green Valley,Shefali Mehta
3761,2024-04-21,Housing,Noida,10100000,Apartment,Green Valley,Priya Kapoor
3762,2024-02-23,Facebook,Hyderabad,4600000,Apartment,Palm Towers,Ravi Mehta
3763,2024-02-10,Google Ads,Pune,4200000,Plot,Elite Heights,Rohit Sharma
3764,2024-04-28,Google Ads,Gurgaon,10900000,Villa,Elite Heights,Praveen Tambe
3765,2024-09-22,Referral,Bangalore,12700000,Villa,Elite Heights,Neha Singh
3766,2024-03-30,99acres,Bangalore,19800000,Apartment,Palm Towers,Viral Kohli
3767,2024-01-08,99acres,Gurgaon,10700000,Plot,Urban Square,Priya Kapoor
3768,2024-05-16,Facebook,Gurgaon,14300000,Villa,Palm Towers,Shefali Mehta
3769,2024-01-09,Facebook,Gurgaon,3600000,Plot,Green Valley,Neha Singh
3770,2024-09-01,Housing,Noida,19400000,Plot,Sky Residency,Viral Kohli
3771,2024-01-19,99acres,Gurgaon,5600000,Apartment,Green Valley,Rohit Sharma
3772,2024-09-24,Housing,Pune,18800000,Apartment,Palm Towers,Priya Kapoor
3773,2024-06-05,Facebook,Bangalore,3400000,Plot,Elite Heights,Shefali Mehta
3774,2024-08-29,Referral,Gurgaon,12900000,Villa,Sky Residency,Shefali Mehta
3775,2024-07-09,Google Ads,Hyderabad,13900000,Villa,Sky Residency,Aman Sharma
3776,2024-03-05,Channel Partner,Hyderabad,14700000,Apartment,Urban Square,Rohit Sharma
3777,2024-05-28,Google Ads,Mumbai,7200000,Apartment,Elite Heights,Riya Kapoor
3778,2024-01-09,Housing,Bangalore,5000000,Apartment,Urban Square,Riya Kapoor
3779,2024-02-19,99acres,Noida,7100000,Villa,Urban Square,Neha Singh
3780,2024-02-11,Facebook,Pune,16000000,Apartment,Urban Square,Ravi Mehta
3781,2024-09-16,Google Ads,Gurgaon,8500000,Villa,Elite Heights,Aman Sharma
3782,2024-05-13,Facebook,Pune,5800000,Apartment,Elite Heights,Rohit Sharma
3783,2024-05-10,Facebook,Noida,14300000,Plot,Elite Heights,Shefali Mehta
3784,2024-03-04,99acres,Gurgaon,18400000,Plot,Sky Residency,Aman Sharma
3785,2024-04-03,Google Ads,Pune,9800000,Apartment,Elite Heights,Viral Kohli
3786,2024-12-08,Referral,Mumbai,3800000,Plot,Sky Residency,Shefali Mehta
3787,2024-03-02,Facebook,Gurgaon,14100000,Plot,Palm Towers,Ravi Mehta
3788,2024-01-16,Channel Partner,Bangalore,18900000,Villa,Sky Residency,Sachin Tendulkar
3789,2024-01-18,Walk-in,Mumbai,8400000,Villa,Sky Residency,Sachin Tendulkar
3790,2024-05-13,Housing,Pune,15700000,Villa,Palm Towers,Priya Kapoor
3791,2024-03-21,Walk-in,Bangalore,9600000,Apartment,Urban Square,Aman Sharma
3792,2024-12-03,Google Ads,Noida,15800000,Villa,Green Valley,Rohit Sharma
3793,2024-06-24,Google Ads,Gurgaon,14400000,Plot,Green Valley,Sachin Tendulkar
3794,2024-12-31,Facebook,Gurgaon,19100000,Apartment,Green Valley,Riya Kapoor
3795,2024-12-08,Facebook,Hyderabad,11400000,Villa,Urban Square,Shefali Mehta
3796,2024-11-24,Google Ads,Pune,5000000,Apartment,Green Valley,Viral Kohli
3797,2024-05-24,Channel Partner,Mumbai,5500000,Villa,Urban Square,Aman Sharma
3798,2024-01-19,Housing,Mumbai,13600000,Apartment,Urban Square,Sachin Tendulkar
3799,2024-05-15,Facebook,Pune,6700000,Plot,Palm Towers,Priya Kapoor
3800,2024-02-24,Referral,Gurgaon,15100000,Villa,Sky Residency,Ravi Mehta
3801,2024-07-31,Google Ads,Gurgaon,5900000,Villa,Elite Heights,Sachin Tendulkar
3802,2024-12-20,Channel Partner,Gurgaon,8200000,Villa,Palm Towers,Ravi Mehta
3803,2024-05-01,Channel Partner,Gurgaon,14500000,Villa,Green Valley,Neha Singh
3804,2024-12-25,Housing,Hyderabad,3900000,Apartment,Urban Square,Aman Sharma
3805,2024-12-13,Channel Partner,Noida,3500000,Apartment,Green Valley,Aman Sharma
3806,2024-02-02,Channel Partner,Gurgaon,14500000,Villa,Urban Square,Rohit Sharma
3807,2024-06-14,Google Ads,Mumbai,9500000,Apartment,Green Valley,Rohit Sharma
3808,2024-05-22,Google Ads,Mumbai,16700000,Apartment,Urban Square,Praveen Tambe
3809,2024-04-23,Google Ads,Gurgaon,14000000,Villa,Sky Residency,Viral Kohli
3810,2024-04-12,Facebook,Mumbai,6600000,Plot,Green Valley,Ravi Mehta
3811,2024-03-14,Google Ads,Mumbai,12000000,Plot,Elite Heights,Shefali Mehta
3812,2024-12-19,Referral,Mumbai,6200000,Villa,Sky Residency,Ravi Mehta
3813,2024-06-13,Housing,Gurgaon,9900000,Villa,Sky Residency,Rohit Sharma
3814,2024-04-05,Google Ads,Pune,8600000,Plot,Urban Square,Rohit Sharma
3815,2024-10-24,Walk-in,Bangalore,19300000,Plot,Urban Square,Neha Singh
3816,2024-08-16,99acres,Hyderabad,16900000,Villa,Elite Heights,Sachin Tendulkar
3817,2024-05-02,Facebook,Hyderabad,5200000,Plot,Sky Residency,Sachin Tendulkar
3818,2024-09-14,Facebook,Hyderabad,7400000,Villa,Palm Towers,Sachin Tendulkar
3819,2024-07-11,Channel Partner,Pune,6400000,Apartment,Elite Heights,Neha Singh
3820,2024-04-09,Google Ads,Bangalore,5900000,Villa,Sky Residency,Priya Kapoor
3821,2024-07-10,Google Ads,Pune,18900000,Plot,Sky Residency,Riya Kapoor
3822,2024-09-17,Facebook,Gurgaon,11500000,Villa,Urban Square,Riya Kapoor
3823,2024-11-02,Facebook,Pune,12400000,Apartment,Urban Square,Aman Sharma
3824,2024-07-28,99acres,Pune,12700000,Villa,Elite Heights,Rohit Sharma
3825,2024-11-15,99acres,Bangalore,19100000,Villa,Palm Towers,Priya Kapoor
3826,2024-07-16,99acres,Hyderabad,5600000,Villa,Urban Square,Viral Kohli
3827,2024-05-27,Google Ads,Gurgaon,15100000,Apartment,Green Valley,Riya Kapoor
3828,2024-08-16,Referral,Bangalore,18700000,Villa,Urban Square,Shefali Mehta
3829,2024-11-05,Facebook,Mumbai,4300000,Apartment,Green Valley,Viral Kohli
3830,2024-06-25,Google Ads,Mumbai,20000000,Apartment,Palm Towers,Shefali Mehta
3831,2024-09-19,Walk-in,Mumbai,18700000,Villa,Sky Residency,Shefali Mehta
3832,2024-11-14,Housing,Bangalore,7800000,Villa,Sky Residency,Ravi Mehta
3833,2024-11-25,99acres,Gurgaon,17800000,Plot,Green Valley,Neha Singh
3834,2024-03-12,99acres,Pune,7700000,Plot,Elite Heights,Priya Kapoor
3835,2024-02-10,Referral,Mumbai,10200000,Plot,Palm Towers,Shefali Mehta
3836,2024-11-09,Google Ads,Bangalore,8900000,Apartment,Urban Square,Neha Singh
3837,2024-08-05,Referral,Gurgaon,14300000,Apartment,Urban Square,Viral Kohli
3838,2024-03-18,Facebook,Pune,9400000,Apartment,Sky Residency,Praveen Tambe
3839,2024-09-26,Housing,Noida,9500000,Plot,Sky Residency,Sachin Tendulkar
3840,2024-05-23,99acres,Noida,10200000,Apartment,Elite Heights,Priya Kapoor
3841,2024-11-01,99acres,Bangalore,8000000,Apartment,Urban Square,Ravi Mehta
3842,2024-11-27,99acres,Pune,17100000,Plot,Elite Heights,Shefali Mehta
3843,2024-05-10,99acres,Gurgaon,13000000,Apartment,Palm Towers,Sachin Tendulkar
3844,2024-09-18,Google Ads,Mumbai,17500000,Apartment,Elite Heights,Riya Kapoor
3845,2024-03-25,Facebook,Noida,15400000,Plot,Palm Towers,Praveen Tambe
3846,2024-09-20,Facebook,Pune,14500000,Villa,Urban Square,Ravi Mehta
3847,2024-09-23,99acres,Mumbai,13800000,Villa,Urban Square,Priya Kapoor
3848,2024-01-05,Housing,Noida,12800000,Plot,Green Valley,Aman Sharma
3849,2024-10-24,Referral,Noida,13700000,Villa,Sky Residency,Praveen Tambe
3850,2024-08-10,Channel Partner,Mumbai,16600000,Villa,Urban Square,Praveen Tambe
3851,2024-11-12,Referral,Bangalore,7600000,Plot,Sky Residency,Aman Sharma
3852,2024-03-15,Facebook,Gurgaon,4500000,Villa,Palm Towers,Aman Sharma
3853,2024-07-05,Channel Partner,Gurgaon,9100000,Plot,Sky Residency,Priya Kapoor
3854,2024-04-30,Facebook,Hyderabad,9300000,Plot,Palm Towers,Riya Kapoor
3855,2024-08-16,Facebook,Mumbai,17400000,Plot,Palm Towers,Ravi Mehta
3856,2024-09-01,Walk-in,Mumbai,11500000,Apartment,Elite Heights,Shefali Mehta
3857,2024-03-04,Facebook,Pune,9100000,Plot,Palm Towers,Riya Kapoor
3858,2024-12-08,Housing,Gurgaon,18000000,Villa,Elite Heights,Neha Singh
3859,2024-12-28,Walk-in,Noida,14700000,Plot,Elite Heights,Sachin Tendulkar
3860,2024-09-25,Housing,Hyderabad,6600000,Plot,Sky Residency,Praveen Tambe
3861,2024-01-23,Channel Partner,Pune,14400000,Apartment,Elite Heights,Praveen Tambe
3862,2024-09-22,Channel Partner,Noida,4800000,Apartment,Sky Residency,Priya Kapoor
3863,2024-12-28,Facebook,Bangalore,11600000,Apartment,Palm Towers,Rohit Sharma
3864,2024-01-14,Facebook,Hyderabad,17700000,Villa,Green Valley,Aman Sharma
3865,2024-02-06,Facebook,Bangalore,4100000,Apartment,Green Valley,Ravi Mehta
3866,2024-02-23,Google Ads,Mumbai,17700000,Plot,Palm Towers,Shefali Mehta
3867,2024-09-08,Facebook,Gurgaon,18600000,Apartment,Palm Towers,Aman Sharma
3868,2024-09-11,Facebook,Noida,4300000,Villa,Elite Heights,Sachin Tendulkar
3869,2024-01-25,Facebook,Mumbai,7900000,Plot,Green Valley,Sachin Tendulkar
3870,2024-10-30,99acres,Bangalore,4500000,Apartment,Elite Heights,Priya Kapoor
3871,2024-02-24,Facebook,Noida,17900000,Villa,Sky Residency,Praveen Tambe
3872,2024-11-08,Google Ads,Bangalore,4700000,Apartment,Sky Residency,Rohit Sharma
3873,2024-03-09,Channel Partner,Mumbai,6500000,Apartment,Palm Towers,Ravi Mehta
3874,2024-12-06,Housing,Noida,17800000,Plot,Sky Residency,Shefali Mehta
3875,2024-09-05,Google Ads,Bangalore,5800000,Apartment,Green Valley,Rohit Sharma
3876,2024-03-02,99acres,Hyderabad,3700000,Plot,Urban Square,Praveen Tambe
3877,2024-03-15,Facebook,Hyderabad,14500000,Plot,Elite Heights,Viral Kohli
3878,2024-12-02,Facebook,Mumbai,4200000,Plot,Palm Towers,Sachin Tendulkar
3879,2024-10-11,99acres,Mumbai,6800000,Villa,Elite Heights,Praveen Tambe
3880,2024-04-09,99acres,Pune,3900000,Villa,Palm Towers,Sachin Tendulkar
3881,2024-06-29,Google Ads,Mumbai,9700000,Plot,Urban Square,Praveen Tambe
3882,2024-04-13,Google Ads,Gurgaon,5600000,Apartment,Elite Heights,Praveen Tambe
3883,2024-04-04,Facebook,Gurgaon,9100000,Plot,Palm Towers,Neha Singh
3884,2024-09-16,Referral,Pune,12100000,Villa,Sky Residency,Aman Sharma
3885,2024-07-08,Google Ads,Bangalore,10400000,Apartment,Palm Towers,Viral Kohli
3886,2024-05-18,Facebook,Gurgaon,15500000,Plot,Elite Heights,Riya Kapoor
3887,2024-06-18,Facebook,Gurgaon,8800000,Plot,Green Valley,Rohit Sharma
3888,2024-06-28,Google Ads,Pune,9500000,Plot,Palm Towers,Aman Sharma
3889,2024-10-08,Google Ads,Bangalore,17200000,Villa,Urban Square,Rohit Sharma
3890,2024-11-22,Housing,Gurgaon,6500000,Villa,Urban Square,Rohit Sharma
3891,2024-07-18,Google Ads,Gurgaon,6300000,Villa,Sky Residency,Sachin Tendulkar
3892,2024-02-20,Facebook,Noida,12100000,Plot,Palm Towers,Shefali Mehta
3893,2024-06-12,Google Ads,Gurgaon,10900000,Apartment,Palm Towers,Shefali Mehta
3894,2024-02-11,99acres,Noida,8700000,Apartment,Palm Towers,Sachin Tendulkar
3895,2024-10-23,Housing,Noida,14800000,Plot,Sky Residency,Shefali Mehta
3896,2024-12-30,Housing,Pune,17900000,Apartment,Elite Heights,Riya Kapoor
3897,2024-08-26,Google Ads,Bangalore,15200000,Apartment,Palm Towers,Priya Kapoor
3898,2024-01-19,99acres,Pune,9200000,Plot,Sky Residency,Ravi Mehta
3899,2024-04-13,Walk-in,Gurgaon,7600000,Plot,Green Valley,Sachin Tendulkar
3900,2024-08-05,Google Ads,Pune,11000000,Apartment,Sky Residency,Shefali Mehta
3901,2024-04-12,Housing,Pune,3600000,Villa,Elite Heights,Priya Kapoor
3902,2024-05-08,99acres,Mumbai,5100000,Plot,Green Valley,Neha Singh
3903,2024-11-10,Google Ads,Mumbai,16200000,Villa,Elite Heights,Aman Sharma
3904,2024-02-01,Google Ads,Noida,18800000,Villa,Sky Residency,Neha Singh
3905,2024-04-22,Channel Partner,Hyderabad,19500000,Apartment,Palm Towers,Neha Singh
3906,2024-07-29,Channel Partner,Bangalore,16700000,Apartment,Palm Towers,Ravi Mehta
3907,2024-04-14,Housing,Pune,9700000,Villa,Urban Square,Praveen Tambe
3908,2024-08-30,99acres,Pune,18100000,Villa,Green Valley,Neha Singh
3909,2024-05-24,99acres,Gurgaon,15400000,Plot,Urban Square,Viral Kohli
3910,2024-06-30,Facebook,Pune,17600000,Apartment,Green Valley,Sachin Tendulkar
3911,2024-11-29,Google Ads,Bangalore,7000000,Apartment,Urban Square,Ravi Mehta
3912,2024-03-08,Google Ads,Mumbai,6400000,Plot,Sky Residency,Priya Kapoor
3913,2024-11-27,99acres,Noida,8100000,Plot,Urban Square,Rohit Sharma
3914,2024-02-26,Google Ads,Noida,12000000,Plot,Palm Towers,Neha Singh
3915,2024-03-30,Facebook,Mumbai,7800000,Plot,Urban Square,Praveen Tambe
3916,2024-11-18,Facebook,Noida,12800000,Apartment,Green Valley,Sachin Tendulkar
3917,2024-05-04,Facebook,Gurgaon,18400000,Apartment,Elite Heights,Sachin Tendulkar
3918,2024-01-21,99acres,Gurgaon,15700000,Villa,Urban Square,Ravi Mehta
3919,2024-06-05,Referral,Pune,13100000,Plot,Green Valley,Sachin Tendulkar
3920,2024-10-30,Google Ads,Gurgaon,4900000,Apartment,Sky Residency,Neha Singh
3921,2024-08-24,Facebook,Gurgaon,15000000,Plot,Sky Residency,Aman Sharma
3922,2024-02-26,99acres,Mumbai,18600000,Villa,Elite Heights,Viral Kohli
3923,2024-02-20,Google Ads,Hyderabad,18100000,Plot,Green Valley,Rohit Sharma
3924,2024-07-10,Referral,Bangalore,4800000,Plot,Palm Towers,Rohit Sharma
3925,2024-08-13,99acres,Noida,14800000,Apartment,Green Valley,Shefali Mehta
3926,2024-12-08,Google Ads,Bangalore,12500000,Apartment,Sky Residency,Ravi Mehta
3927,2024-03-22,Walk-in,Noida,18500000,Plot,Urban Square,Riya Kapoor
3928,2024-01-10,Housing,Hyderabad,10900000,Villa,Sky Residency,Aman Sharma
3929,2024-03-01,Facebook,Gurgaon,15900000,Plot,Green Valley,Ravi Mehta
3930,2024-05-01,Facebook,Pune,17000000,Villa,Elite Heights,Ravi Mehta
3931,2024-07-03,Referral,Hyderabad,19900000,Plot,Elite Heights,Praveen Tambe
3932,2024-04-01,Google Ads,Noida,14900000,Apartment,Palm Towers,Neha Singh
3933,2024-06-03,99acres,Pune,18700000,Apartment,Elite Heights,Riya Kapoor
3934,2024-11-18,Referral,Hyderabad,16400000,Villa,Elite Heights,Priya Kapoor
3935,2024-09-03,99acres,Gurgaon,4500000,Apartment,Elite Heights,Neha Singh
3936,2024-05-08,Facebook,Noida,19900000,Plot,Green Valley,Sachin Tendulkar
3937,2024-05-04,Facebook,Gurgaon,11100000,Plot,Palm Towers,Praveen Tambe
3938,2024-03-24,Referral,Gurgaon,7300000,Plot,Elite Heights,Shefali Mehta
3939,2024-10-11,Google Ads,Mumbai,8200000,Plot,Green Valley,Viral Kohli
3940,2024-02-02,Facebook,Noida,9500000,Villa,Urban Square,Priya Kapoor
3941,2024-06-03,Referral,Bangalore,6100000,Apartment,Elite Heights,Priya Kapoor
3942,2024-09-03,99acres,Pune,12100000,Plot,Urban Square,Viral Kohli
3943,2024-08-16,Referral,Pune,14100000,Villa,Urban Square,Riya Kapoor
3944,2024-05-20,Google Ads,Pune,18100000,Villa,Green Valley,Neha Singh
3945,2024-04-27,Google Ads,Gurgaon,16600000,Plot,Urban Square,Praveen Tambe
3946,2024-09-20,Walk-in,Mumbai,16900000,Apartment,Elite Heights,Neha Singh
3947,2024-07-27,Facebook,Bangalore,15500000,Apartment,Urban Square,Ravi Mehta
3948,2024-12-14,99acres,Noida,11300000,Villa,Palm Towers,Priya Kapoor
3949,2024-01-14,99acres,Gurgaon,17000000,Plot,Urban Square,Ravi Mehta
3950,2024-09-03,Channel Partner,Noida,9000000,Villa,Elite Heights,Rohit Sharma
3951,2024-02-17,Facebook,Gurgaon,10200000,Apartment,Palm Towers,Aman Sharma
3952,2024-11-16,Google Ads,Noida,12400000,Villa,Palm Towers,Rohit Sharma
3953,2024-03-01,Housing,Pune,11000000,Villa,Urban Square,Sachin Tendulkar
3954,2024-08-15,Housing,Noida,5500000,Apartment,Urban Square,Priya Kapoor
3955,2024-03-19,99acres,Gurgaon,14700000,Villa,Palm Towers,Neha Singh
3956,2024-04-07,Google Ads,Pune,8400000,Plot,Urban Square,Aman Sharma
3957,2024-11-01,Facebook,Bangalore,12500000,Apartment,Sky Residency,Riya Kapoor
3958,2024-04-30,Walk-in,Gurgaon,13100000,Plot,Sky Residency,Aman Sharma
3959,2024-10-12,Facebook,Gurgaon,15600000,Villa,Palm Towers,Praveen Tambe
3960,2024-01-05,Channel Partner,Pune,16400000,Plot,Elite Heights,Ravi Mehta
3961,2024-03-05,Google Ads,Pune,12600000,Plot,Urban Square,Rohit Sharma
3962,2024-07-08,99acres,Mumbai,19200000,Plot,Elite Heights,Sachin Tendulkar
3963,2024-01-11,Facebook,Bangalore,19300000,Villa,Elite Heights,Neha Singh
3964,2024-09-25,Facebook,Gurgaon,4800000,Plot,Elite Heights,Riya Kapoor
3965,2024-07-19,99acres,Noida,13400000,Apartment,Elite Heights,Rohit Sharma
3966,2024-02-21,Housing,Gurgaon,9500000,Apartment,Green Valley,Priya Kapoor
3967,2024-12-09,Facebook,Hyderabad,12400000,Plot,Sky Residency,Aman Sharma
3968,2024-01-29,Google Ads,Pune,13400000,Apartment,Palm Towers,Viral Kohli
3969,2024-10-18,Channel Partner,Noida,19800000,Villa,Palm Towers,Viral Kohli
3970,2024-08-08,Google Ads,Noida,9300000,Plot,Green Valley,Shefali Mehta
3971,2024-10-07,Channel Partner,Noida,15600000,Plot,Sky Residency,Rohit Sharma
3972,2024-08-19,99acres,Noida,7400000,Apartment,Palm Towers,Priya Kapoor
3973,2024-12-10,Housing,Pune,11500000,Villa,Urban Square,Neha Singh
3974,2024-06-10,Google Ads,Gurgaon,16800000,Plot,Urban Square,Ravi Mehta
3975,2024-12-14,Facebook,Pune,13300000,Apartment,Elite Heights,Ravi Mehta
3976,2024-06-12,Walk-in,Gurgaon,18500000,Apartment,Green Valley,Praveen Tambe
3977,2024-05-17,Google Ads,Mumbai,18400000,Villa,Green Valley,Viral Kohli
3978,2024-06-10,Google Ads,Noida,17300000,Villa,Sky Residency,Priya Kapoor
3979,2024-01-25,Google Ads,Gurgaon,7000000,Plot,Palm Towers,Sachin Tendulkar
3980,2024-05-24,Facebook,Pune,17800000,Villa,Urban Square,Sachin Tendulkar
3981,2024-04-30,Facebook,Noida,3900000,Villa,Elite Heights,Shefali Mehta
3982,2024-06-08,Facebook,Gurgaon,16500000,Villa,Urban Square,Praveen Tambe
3983,2024-05-08,Housing,Bangalore,18500000,Villa,Urban Square,Riya Kapoor
3984,2024-02-20,Channel Partner,Pune,12000000,Villa,Green Valley,Priya Kapoor
3985,2024-02-21,Referral,Gurgaon,8600000,Plot,Green Valley,Sachin Tendulkar
3986,2024-07-05,Housing,Noida,10700000,Plot,Palm Towers,Aman Sharma
3987,2024-07-01,Google Ads,Noida,18300000,Apartment,Elite Heights,Sachin Tendulkar
3988,2024-06-15,99acres,Pune,15200000,Apartment,Palm Towers,Shefali Mehta
3989,2024-04-16,Referral,Gurgaon,15100000,Plot,Palm Towers,Praveen Tambe
3990,2024-04-01,99acres,Gurgaon,19500000,Villa,Urban Square,Shefali Mehta
3991,2024-11-20,Google Ads,Gurgaon,9400000,Plot,Palm Towers,Aman Sharma
3992,2024-09-14,99acres,Noida,16100000,Plot,Sky Residency,Rohit Sharma
3993,2024-03-31,Walk-in,Hyderabad,10500000,Villa,Elite Heights,Praveen Tambe
3994,2024-01-03,Channel Partner,Bangalore,20000000,Villa,Green Valley,Riya Kapoor
3995,2024-02-06,99acres,Bangalore,10200000,Apartment,Green Valley,Aman Sharma
3996,2024-01-06,Facebook,Gurgaon,6300000,Plot,Green Valley,Shefali Mehta
3997,2024-07-19,Walk-in,Bangalore,8200000,Apartment,Palm Towers,Priya Kapoor
3998,2024-09-23,Referral,Noida,15300000,Apartment,Urban Square,Ravi Mehta
3999,2024-09-24,Facebook,Gurgaon,4200000,Plot,Urban Square,Riya Kapoor
4000,2024-09-26,Google Ads,Gurgaon,19300000,Plot,Palm Towers,Ravi Mehta
4001,2024-01-07,Referral,Hyderabad,7900000,Villa,Sky Residency,Aman Sharma
4002,2024-02-25,Referral,Bangalore,6000000,Apartment,Palm Towers,Riya Kapoor
4003,2024-08-01,Google Ads,Bangalore,3500000,Villa,Urban Square,Neha Singh
4004,2024-03-10,Channel Partner,Pune,13800000,Villa,Sky Residency,Shefali Mehta
4005,2024-11-22,Google Ads,Mumbai,8400000,Apartment,Palm Towers,Aman Sharma
4006,2024-08-25,Google Ads,Bangalore,4700000,Plot,Palm Towers,Neha Singh
4007,2024-10-05,Google Ads,Bangalore,13000000,Villa,Palm Towers,Shefali Mehta
4008,2024-02-24,Referral,Bangalore,8500000,Plot,Green Valley,Riya Kapoor
4009,2024-06-01,Walk-in,Bangalore,13500000,Apartment,Palm Towers,Aman Sharma
4010,2024-12-28,Google Ads,Pune,4400000,Plot,Palm Towers,Priya Kapoor
4011,2024-11-08,Google Ads,Gurgaon,15300000,Apartment,Elite Heights,Riya Kapoor
4012,2024-05-11,99acres,Gurgaon,9100000,Villa,Green Valley,Priya Kapoor
4013,2024-03-26,Facebook,Mumbai,17700000,Plot,Palm Towers,Aman Sharma
4014,2024-05-06,Channel Partner,Noida,16900000,Villa,Elite Heights,Viral Kohli
4015,2024-10-20,Google Ads,Bangalore,4600000,Apartment,Sky Residency,Praveen Tambe
4016,2024-08-30,99acres,Hyderabad,14200000,Villa,Sky Residency,Neha Singh
4017,2024-10-05,99acres,Mumbai,10700000,Apartment,Elite Heights,Aman Sharma
4018,2024-01-04,99acres,Mumbai,10000000,Plot,Green Valley,Viral Kohli
4019,2024-12-13,Referral,Pune,14200000,Villa,Green Valley,Rohit Sharma
4020,2024-12-19,Walk-in,Noida,20000000,Apartment,Sky Residency,Rohit Sharma
4021,2024-03-30,Google Ads,Bangalore,3100000,Apartment,Palm Towers,Riya Kapoor
4022,2024-11-20,99acres,Bangalore,6400000,Plot,Elite Heights,Shefali Mehta
4023,2024-10-28,Google Ads,Bangalore,20000000,Villa,Elite Heights,Aman Sharma
4024,2024-03-09,99acres,Hyderabad,9100000,Plot,Palm Towers,Shefali Mehta
4025,2024-10-07,Housing,Pune,3300000,Plot,Palm Towers,Ravi Mehta
4026,2024-01-15,Channel Partner,Hyderabad,16300000,Plot,Urban Square,Praveen Tambe
4027,2024-07-29,Facebook,Noida,9700000,Villa,Elite Heights,Shefali Mehta
4028,2024-09-02,Channel Partner,Mumbai,15900000,Apartment,Urban Square,Priya Kapoor
4029,2024-04-30,99acres,Gurgaon,11100000,Plot,Palm Towers,Aman Sharma
4030,2024-01-24,Google Ads,Noida,14700000,Apartment,Sky Residency,Sachin Tendulkar
4031,2024-11-25,Google Ads,Mumbai,7500000,Apartment,Sky Residency,Ravi Mehta
4032,2024-12-13,99acres,Gurgaon,18600000,Apartment,Green Valley,Praveen Tambe
4033,2024-01-12,Google Ads,Hyderabad,14500000,Apartment,Green Valley,Neha Singh
4034,2024-12-19,99acres,Bangalore,17200000,Apartment,Sky Residency,Ravi Mehta
4035,2024-05-19,Facebook,Gurgaon,10600000,Apartment,Green Valley,Neha Singh
4036,2024-11-09,Google Ads,Pune,3100000,Plot,Elite Heights,Ravi Mehta
4037,2024-11-24,Channel Partner,Mumbai,13100000,Plot,Green Valley,Priya Kapoor
4038,2024-12-21,Walk-in,Gurgaon,11700000,Plot,Urban Square,Viral Kohli
4039,2024-11-01,Google Ads,Noida,6900000,Apartment,Palm Towers,Rohit Sharma
4040,2024-06-10,Google Ads,Pune,11700000,Apartment,Urban Square,Rohit Sharma
4041,2024-07-01,99acres,Gurgaon,13000000,Villa,Urban Square,Neha Singh
4042,2024-02-16,Referral,Pune,5200000,Plot,Sky Residency,Neha Singh
4043,2024-12-08,Google Ads,Gurgaon,3600000,Villa,Sky Residency,Priya Kapoor
4044,2024-06-07,Facebook,Gurgaon,14200000,Villa,Green Valley,Aman Sharma
4045,2024-08-14,Google Ads,Mumbai,5100000,Villa,Urban Square,Aman Sharma
4046,2024-12-23,99acres,Noida,17700000,Plot,Elite Heights,Praveen Tambe
4047,2024-03-18,Referral,Noida,4500000,Villa,Elite Heights,Riya Kapoor
4048,2024-06-24,Google Ads,Bangalore,5200000,Plot,Urban Square,Sachin Tendulkar
4049,2024-12-20,Housing,Pune,4900000,Plot,Palm Towers,Riya Kapoor
4050,2024-03-19,Facebook,Pune,19900000,Apartment,Palm Towers,Sachin Tendulkar
4051,2024-07-20,Channel Partner,Bangalore,15700000,Plot,Green Valley,Priya Kapoor
4052,2024-06-24,Facebook,Noida,17600000,Plot,Urban Square,Aman Sharma
4053,2024-12-23,Referral,Noida,19200000,Villa,Sky Residency,Rohit Sharma
4054,2024-03-16,Facebook,Pune,7600000,Plot,Palm Towers,Praveen Tambe
4055,2024-12-11,99acres,Bangalore,19200000,Plot,Sky Residency,Sachin Tendulkar
4056,2024-09-30,Facebook,Gurgaon,4000000,Apartment,Green Valley,Ravi Mehta
4057,2024-05-24,Housing,Bangalore,9700000,Villa,Palm Towers,Rohit Sharma
4058,2024-10-13,Referral,Pune,6900000,Plot,Urban Square,Shefali Mehta
4059,2024-12-25,Housing,Noida,12300000,Villa,Sky Residency,Riya Kapoor
4060,2024-03-01,Facebook,Pune,7200000,Plot,Elite Heights,Aman Sharma
4061,2024-12-04,Facebook,Gurgaon,6200000,Apartment,Palm Towers,Aman Sharma
4062,2024-01-21,Facebook,Noida,17500000,Plot,Green Valley,Sachin Tendulkar
4063,2024-01-26,Google Ads,Noida,13300000,Apartment,Palm Towers,Rohit Sharma
4064,2024-05-18,Facebook,Hyderabad,8500000,Plot,Palm Towers,Ravi Mehta
4065,2024-07-11,Housing,Bangalore,19800000,Apartment,Urban Square,Neha Singh
4066,2024-08-21,Housing,Pune,16800000,Villa,Sky Residency,Sachin Tendulkar
4067,2024-01-06,99acres,Gurgaon,9500000,Plot,Urban Square,Viral Kohli
4068,2024-08-31,Referral,Noida,8500000,Apartment,Palm Towers,Shefali Mehta
4069,2024-12-21,99acres,Mumbai,4600000,Villa,Green Valley,Priya Kapoor
4070,2024-10-31,99acres,Noida,12500000,Plot,Elite Heights,Viral Kohli
4071,2024-06-04,Facebook,Gurgaon,6500000,Villa,Palm Towers,Priya Kapoor
4072,2024-05-20,99acres,Gurgaon,13000000,Plot,Palm Towers,Ravi Mehta
4073,2024-11-07,Facebook,Noida,12000000,Apartment,Sky Residency,Viral Kohli
4074,2024-10-15,Google Ads,Bangalore,3100000,Villa,Palm Towers,Shefali Mehta
4075,2024-08-17,Walk-in,Mumbai,11400000,Apartment,Palm Towers,Viral Kohli
4076,2024-08-29,Facebook,Pune,10800000,Apartment,Urban Square,Priya Kapoor
4077,2024-11-13,Housing,Gurgaon,19800000,Apartment,Elite Heights,Riya Kapoor
4078,2024-11-21,Google Ads,Bangalore,3000000,Apartment,Sky Residency,Riya Kapoor
4079,2024-05-15,Google Ads,Pune,17800000,Plot,Sky Residency,Aman Sharma
4080,2024-05-20,Referral,Noida,14600000,Apartment,Sky Residency,Aman Sharma
4081,2024-05-28,Facebook,Gurgaon,7100000,Apartment,Elite Heights,Praveen Tambe
4082,2024-08-10,99acres,Pune,16300000,Apartment,Urban Square,Viral Kohli
4083,2024-12-09,Walk-in,Pune,13600000,Villa,Palm Towers,Ravi Mehta
4084,2024-08-22,Google Ads,Mumbai,16500000,Apartment,Palm Towers,Viral Kohli
4085,2024-03-10,Channel Partner,Noida,18400000,Villa,Elite Heights,Aman Sharma
4086,2024-02-17,Google Ads,Noida,8200000,Apartment,Green Valley,Priya Kapoor
4087,2024-08-02,Google Ads,Hyderabad,6500000,Plot,Green Valley,Riya Kapoor
4088,2024-09-07,Facebook,Bangalore,10800000,Plot,Sky Residency,Ravi Mehta
4089,2024-03-16,Google Ads,Gurgaon,16700000,Villa,Sky Residency,Viral Kohli
4090,2024-10-31,99acres,Bangalore,16700000,Apartment,Urban Square,Shefali Mehta
4091,2024-06-15,Housing,Mumbai,9800000,Apartment,Elite Heights,Praveen Tambe
4092,2024-03-11,Facebook,Mumbai,9500000,Apartment,Green Valley,Priya Kapoor
4093,2024-11-04,Google Ads,Hyderabad,14400000,Plot,Urban Square,Sachin Tendulkar
4094,2024-12-27,Housing,Gurgaon,7300000,Villa,Elite Heights,Sachin Tendulkar
4095,2024-04-22,Walk-in,Gurgaon,19900000,Villa,Urban Square,Aman Sharma
4096,2024-06-25,Google Ads,Gurgaon,14300000,Apartment,Green Valley,Neha Singh
4097,2024-01-21,99acres,Gurgaon,8200000,Apartment,Green Valley,Ravi Mehta
4098,2024-08-08,Referral,Gurgaon,19400000,Villa,Elite Heights,Shefali Mehta
4099,2024-04-02,Google Ads,Pune,14400000,Plot,Green Valley,Ravi Mehta
4100,2024-06-27,Housing,Noida,9300000,Apartment,Palm Towers,Aman Sharma
4101,2024-01-18,Google Ads,Bangalore,12000000,Villa,Green Valley,Riya Kapoor
4102,2024-12-12,99acres,Noida,18600000,Villa,Sky Residency,Shefali Mehta
4103,2024-10-28,Referral,Gurgaon,11100000,Villa,Urban Square,Ravi Mehta
4104,2024-05-01,99acres,Gurgaon,13500000,Villa,Palm Towers,Aman Sharma
4105,2024-11-08,Google Ads,Noida,10500000,Apartment,Sky Residency,Rohit Sharma
4106,2024-09-24,Google Ads,Noida,17600000,Plot,Sky Residency,Shefali Mehta
4107,2024-09-23,99acres,Noida,11100000,Plot,Green Valley,Sachin Tendulkar
4108,2024-08-08,Google Ads,Noida,10800000,Apartment,Urban Square,Neha Singh
4109,2024-09-15,Channel Partner,Noida,8400000,Villa,Elite Heights,Priya Kapoor
4110,2024-10-16,Google Ads,Hyderabad,12600000,Apartment,Urban Square,Riya Kapoor
4111,2024-05-28,99acres,Noida,19200000,Plot,Green Valley,Praveen Tambe
4112,2024-03-04,Walk-in,Noida,7900000,Apartment,Green Valley,Riya Kapoor
4113,2024-04-01,Google Ads,Gurgaon,12500000,Villa,Sky Residency,Priya Kapoor
4114,2024-04-24,Google Ads,Bangalore,12700000,Apartment,Urban Square,Shefali Mehta
4115,2024-08-18,Google Ads,Gurgaon,5400000,Apartment,Sky Residency,Viral Kohli
4116,2024-05-31,Google Ads,Pune,19300000,Villa,Elite Heights,Sachin Tendulkar
4117,2024-03-03,Google Ads,Noida,9000000,Villa,Urban Square,Riya Kapoor
4118,2024-09-19,Facebook,Mumbai,12300000,Apartment,Sky Residency,Riya Kapoor
4119,2024-08-16,Housing,Mumbai,5500000,Plot,Green Valley,Praveen Tambe
4120,2024-06-08,Channel Partner,Mumbai,16700000,Plot,Green Valley,Shefali Mehta
4121,2024-01-22,Channel Partner,Mumbai,5700000,Apartment,Sky Residency,Priya Kapoor
4122,2024-04-20,Referral,Hyderabad,15700000,Apartment,Green Valley,Neha Singh
4123,2024-04-21,Google Ads,Noida,4400000,Plot,Urban Square,Praveen Tambe
4124,2024-07-15,Facebook,Noida,5100000,Plot,Elite Heights,Viral Kohli
4125,2024-06-23,99acres,Bangalore,12000000,Apartment,Palm Towers,Viral Kohli
4126,2024-08-17,Channel Partner,Noida,19100000,Villa,Palm Towers,Shefali Mehta
4127,2024-12-01,99acres,Bangalore,11300000,Villa,Palm Towers,Praveen Tambe
4128,2024-01-31,99acres,Gurgaon,10400000,Apartment,Elite Heights,Aman Sharma
4129,2024-07-04,Channel Partner,Bangalore,7900000,Plot,Green Valley,Praveen Tambe
4130,2024-10-28,Facebook,Pune,4400000,Villa,Green Valley,Aman Sharma
4131,2024-08-20,Walk-in,Pune,4500000,Apartment,Palm Towers,Sachin Tendulkar
4132,2024-04-01,Walk-in,Noida,3200000,Plot,Urban Square,Shefali Mehta
4133,2024-10-22,Channel Partner,Pune,19400000,Villa,Sky Residency,Priya Kapoor
4134,2024-07-16,Google Ads,Gurgaon,18500000,Plot,Elite Heights,Aman Sharma
4135,2024-04-07,Google Ads,Noida,17000000,Plot,Sky Residency,Rohit Sharma
4136,2024-12-19,Housing,Mumbai,16900000,Apartment,Elite Heights,Riya Kapoor
4137,2024-08-15,Referral,Pune,11900000,Apartment,Urban Square,Rohit Sharma
4138,2024-11-01,Google Ads,Gurgaon,5200000,Apartment,Urban Square,Ravi Mehta
4139,2024-01-31,Google Ads,Bangalore,20000000,Apartment,Urban Square,Rohit Sharma
4140,2024-05-27,Facebook,Gurgaon,15200000,Apartment,Green Valley,Riya Kapoor
4141,2024-05-28,Housing,Gurgaon,4300000,Apartment,Sky Residency,Praveen Tambe
4142,2024-06-04,Google Ads,Mumbai,13200000,Villa,Elite Heights,Sachin Tendulkar
4143,2024-04-21,99acres,Pune,3500000,Apartment,Palm Towers,Viral Kohli
4144,2024-04-15,Google Ads,Gurgaon,14100000,Apartment,Urban Square,Neha Singh
4145,2024-02-17,Google Ads,Gurgaon,4800000,Apartment,Palm Towers,Priya Kapoor
4146,2024-10-18,Housing,Pune,18200000,Villa,Green Valley,Shefali Mehta
4147,2024-11-13,Facebook,Pune,17500000,Villa,Palm Towers,Riya Kapoor
4148,2024-03-17,Google Ads,Gurgaon,15800000,Apartment,Urban Square,Aman Sharma
4149,2024-06-25,99acres,Bangalore,13600000,Villa,Sky Residency,Sachin Tendulkar
4150,2024-05-09,99acres,Noida,10200000,Apartment,Green Valley,Riya Kapoor
4151,2024-10-06,Google Ads,Noida,8700000,Villa,Sky Residency,Ravi Mehta
4152,2024-12-16,Channel Partner,Hyderabad,4700000,Apartment,Palm Towers,Neha Singh
4153,2024-11-26,Walk-in,Noida,7500000,Villa,Sky Residency,Viral Kohli
4154,2024-06-11,Facebook,Noida,15100000,Apartment,Urban Square,Praveen Tambe
4155,2024-03-04,Google Ads,Gurgaon,9600000,Plot,Green Valley,Shefali Mehta
4156,2024-08-09,99acres,Gurgaon,10900000,Plot,Elite Heights,Shefali Mehta
4157,2024-07-01,Facebook,Gurgaon,13100000,Plot,Green Valley,Riya Kapoor
4158,2024-02-03,Facebook,Gurgaon,4400000,Apartment,Palm Towers,Rohit Sharma
4159,2024-02-25,Facebook,Pune,7900000,Apartment,Sky Residency,Sachin Tendulkar
4160,2024-07-17,Facebook,Gurgaon,19500000,Plot,Green Valley,Neha Singh
4161,2024-06-24,99acres,Mumbai,8800000,Villa,Urban Square,Shefali Mehta
4162,2024-07-23,Referral,Noida,16000000,Plot,Palm Towers,Viral Kohli
4163,2024-10-14,Facebook,Gurgaon,14300000,Villa,Sky Residency,Praveen Tambe
4164,2024-01-28,Facebook,Gurgaon,9400000,Plot,Urban Square,Shefali Mehta
4165,2024-10-19,Facebook,Bangalore,3300000,Plot,Urban Square,Viral Kohli
4166,2024-01-26,Google Ads,Noida,8200000,Plot,Green Valley,Viral Kohli
4167,2024-01-27,Housing,Noida,14900000,Villa,Sky Residency,Neha Singh
4168,2024-10-31,Walk-in,Noida,6500000,Plot,Sky Residency,Viral Kohli
4169,2024-08-17,Facebook,Mumbai,4300000,Plot,Green Valley,Neha Singh
4170,2024-10-30,Google Ads,Mumbai,13700000,Villa,Sky Residency,Praveen Tambe
4171,2024-04-09,Walk-in,Noida,4700000,Villa,Green Valley,Sachin Tendulkar
4172,2024-01-29,Housing,Bangalore,7800000,Apartment,Elite Heights,Ravi Mehta
4173,2024-02-12,Facebook,Gurgaon,12300000,Plot,Palm Towers,Rohit Sharma
4174,2024-02-11,Facebook,Gurgaon,12000000,Villa,Palm Towers,Aman Sharma
4175,2024-04-08,Channel Partner,Mumbai,4700000,Villa,Urban Square,Priya Kapoor
4176,2024-08-08,99acres,Mumbai,9800000,Apartment,Palm Towers,Neha Singh
4177,2024-06-15,Google Ads,Gurgaon,13500000,Apartment,Green Valley,Aman Sharma
4178,2024-12-04,Channel Partner,Hyderabad,10400000,Plot,Elite Heights,Priya Kapoor
4179,2024-10-22,99acres,Noida,14800000,Villa,Green Valley,Praveen Tambe
4180,2024-06-20,Google Ads,Gurgaon,9600000,Apartment,Elite Heights,Priya Kapoor
4181,2024-05-19,99acres,Pune,8200000,Apartment,Elite Heights,Shefali Mehta
4182,2024-05-28,Referral,Mumbai,16200000,Villa,Elite Heights,Riya Kapoor
4183,2024-11-07,Facebook,Noida,6000000,Villa,Urban Square,Rohit Sharma
4184,2024-11-27,Referral,Noida,14500000,Plot,Green Valley,Viral Kohli
4185,2024-01-08,99acres,Hyderabad,4300000,Plot,Green Valley,Viral Kohli
4186,2024-07-26,99acres,Bangalore,6200000,Villa,Urban Square,Aman Sharma
4187,2024-03-14,Facebook,Mumbai,19600000,Plot,Urban Square,Praveen Tambe
4188,2024-04-30,99acres,Gurgaon,4700000,Plot,Green Valley,Viral Kohli
4189,2024-05-29,Google Ads,Hyderabad,13700000,Apartment,Palm Towers,Priya Kapoor
4190,2024-01-26,Channel Partner,Mumbai,19800000,Villa,Elite Heights,Priya Kapoor
4191,2024-11-28,Channel Partner,Pune,16800000,Plot,Palm Towers,Sachin Tendulkar
4192,2024-01-02,Housing,Mumbai,5800000,Plot,Urban Square,Aman Sharma
4193,2024-09-27,Facebook,Noida,18500000,Villa,Sky Residency,Neha Singh
4194,2024-01-08,Google Ads,Pune,7700000,Plot,Sky Residency,Sachin Tendulkar
4195,2024-01-21,Google Ads,Bangalore,19500000,Villa,Sky Residency,Neha Singh
4196,2024-02-18,Google Ads,Bangalore,8700000,Apartment,Palm Towers,Riya Kapoor
4197,2024-03-17,Channel Partner,Mumbai,11100000,Villa,Urban Square,Rohit Sharma
4198,2024-12-19,Referral,Noida,7300000,Villa,Palm Towers,Aman Sharma
4199,2024-06-12,Referral,Pune,15700000,Plot,Elite Heights,Priya Kapoor
4200,2024-07-10,Channel Partner,Noida,11800000,Villa,Green Valley,Rohit Sharma
4201,2024-03-06,Housing,Gurgaon,10400000,Plot,Elite Heights,Shefali Mehta
4202,2024-07-17,Google Ads,Gurgaon,7500000,Plot,Palm Towers,Rohit Sharma
4203,2024-06-23,Facebook,Bangalore,16000000,Villa,Elite Heights,Riya Kapoor
4204,2024-10-08,Walk-in,Noida,16500000,Villa,Green Valley,Priya Kapoor
4205,2024-02-14,Channel Partner,Mumbai,15300000,Plot,Palm Towers,Praveen Tambe
4206,2024-11-13,Google Ads,Noida,10300000,Plot,Palm Towers,Riya Kapoor
4207,2024-01-20,Channel Partner,Mumbai,5500000,Plot,Urban Square,Riya Kapoor
4208,2024-08-20,Housing,Noida,4500000,Villa,Urban Square,Sachin Tendulkar
4209,2024-10-15,Google Ads,Mumbai,7700000,Plot,Sky Residency,Praveen Tambe
4210,2024-12-09,Facebook,Gurgaon,8900000,Apartment,Green Valley,Priya Kapoor
4211,2024-03-19,Google Ads,Gurgaon,11300000,Apartment,Palm Towers,Ravi Mehta
4212,2024-05-16,Walk-in,Noida,19900000,Villa,Green Valley,Sachin Tendulkar
4213,2024-03-20,Walk-in,Noida,19400000,Villa,Urban Square,Shefali Mehta
4214,2024-05-06,Referral,Bangalore,15400000,Villa,Elite Heights,Ravi Mehta
4215,2024-11-08,Walk-in,Hyderabad,17300000,Plot,Elite Heights,Viral Kohli
4216,2024-07-26,Facebook,Hyderabad,16500000,Apartment,Elite Heights,Riya Kapoor
4217,2024-10-29,Channel Partner,Gurgaon,17500000,Plot,Green Valley,Rohit Sharma
4218,2024-05-06,Google Ads,Noida,5800000,Apartment,Sky Residency,Sachin Tendulkar
4219,2024-11-02,Google Ads,Gurgaon,18400000,Plot,Sky Residency,Ravi Mehta
4220,2024-05-24,99acres,Pune,12500000,Plot,Sky Residency,Riya Kapoor
4221,2024-01-20,Facebook,Bangalore,3200000,Apartment,Palm Towers,Shefali Mehta
4222,2024-07-29,Channel Partner,Mumbai,10200000,Villa,Elite Heights,Viral Kohli
4223,2024-07-20,99acres,Gurgaon,17700000,Apartment,Palm Towers,Viral Kohli
4224,2024-07-15,Google Ads,Mumbai,18300000,Villa,Palm Towers,Shefali Mehta
4225,2024-10-02,Google Ads,Noida,5300000,Plot,Green Valley,Priya Kapoor
4226,2024-05-23,Channel Partner,Gurgaon,5000000,Plot,Elite Heights,Riya Kapoor
4227,2024-09-11,99acres,Pune,15400000,Villa,Green Valley,Shefali Mehta
4228,2024-10-29,Referral,Noida,4600000,Plot,Green Valley,Priya Kapoor
4229,2024-12-08,99acres,Noida,3900000,Plot,Green Valley,Sachin Tendulkar
4230,2024-05-15,Housing,Pune,8000000,Villa,Green Valley,Aman Sharma
4231,2024-01-21,Referral,Mumbai,13100000,Apartment,Urban Square,Aman Sharma
4232,2024-01-14,Walk-in,Hyderabad,8900000,Plot,Green Valley,Shefali Mehta
4233,2024-02-25,Referral,Noida,10600000,Villa,Green Valley,Ravi Mehta
4234,2024-02-24,Referral,Gurgaon,10800000,Villa,Elite Heights,Aman Sharma
4235,2024-09-10,Referral,Noida,16600000,Plot,Elite Heights,Sachin Tendulkar
4236,2024-02-10,99acres,Gurgaon,17200000,Apartment,Urban Square,Sachin Tendulkar
4237,2024-05-27,Channel Partner,Pune,5600000,Plot,Palm Towers,Sachin Tendulkar
4238,2024-07-13,Channel Partner,Gurgaon,18100000,Villa,Elite Heights,Priya Kapoor
4239,2024-03-10,Facebook,Noida,8400000,Plot,Green Valley,Rohit Sharma
4240,2024-07-13,99acres,Gurgaon,14400000,Plot,Urban Square,Neha Singh
4241,2024-09-12,Housing,Gurgaon,15200000,Villa,Urban Square,Riya Kapoor
4242,2024-06-15,Google Ads,Hyderabad,12100000,Villa,Palm Towers,Ravi Mehta
4243,2024-11-17,Housing,Bangalore,16300000,Plot,Urban Square,Sachin Tendulkar
4244,2024-01-30,Facebook,Gurgaon,11100000,Villa,Sky Residency,Neha Singh
4245,2024-01-18,Google Ads,Gurgaon,17600000,Villa,Urban Square,Ravi Mehta
4246,2024-08-10,Referral,Mumbai,15500000,Plot,Urban Square,Praveen Tambe
4247,2024-12-04,Google Ads,Gurgaon,13100000,Villa,Sky Residency,Rohit Sharma
4248,2024-11-09,Walk-in,Noida,18900000,Apartment,Elite Heights,Shefali Mehta
4249,2024-12-03,Walk-in,Gurgaon,3500000,Villa,Palm Towers,Neha Singh
4250,2024-07-25,Google Ads,Noida,3500000,Plot,Sky Residency,Praveen Tambe
4251,2024-08-05,Walk-in,Gurgaon,10700000,Villa,Elite Heights,Viral Kohli
4252,2024-11-06,Google Ads,Gurgaon,7100000,Villa,Elite Heights,Praveen Tambe
4253,2024-09-25,Walk-in,Gurgaon,18800000,Plot,Palm Towers,Riya Kapoor
4254,2024-04-04,Facebook,Gurgaon,15700000,Villa,Elite Heights,Praveen Tambe
4255,2024-02-26,Referral,Gurgaon,6400000,Apartment,Elite Heights,Rohit Sharma
4256,2024-09-28,Google Ads,Mumbai,15800000,Apartment,Sky Residency,Aman Sharma
4257,2024-10-18,Channel Partner,Gurgaon,16400000,Villa,Palm Towers,Rohit Sharma
4258,2024-12-08,Channel Partner,Gurgaon,4300000,Villa,Elite Heights,Rohit Sharma
4259,2024-07-07,Facebook,Bangalore,10900000,Villa,Elite Heights,Neha Singh
4260,2024-05-05,99acres,Noida,18800000,Apartment,Sky Residency,Priya Kapoor
4261,2024-02-10,Google Ads,Gurgaon,17900000,Apartment,Elite Heights,Shefali Mehta
4262,2024-06-18,Channel Partner,Noida,17200000,Apartment,Elite Heights,Priya Kapoor
4263,2024-01-11,Google Ads,Gurgaon,3400000,Apartment,Palm Towers,Priya Kapoor
4264,2024-12-18,Walk-in,Hyderabad,17800000,Plot,Green Valley,Praveen Tambe
4265,2024-09-08,99acres,Hyderabad,20000000,Plot,Urban Square,Praveen Tambe
4266,2024-04-01,Referral,Bangalore,7300000,Apartment,Urban Square,Aman Sharma
4267,2024-11-23,Google Ads,Pune,10000000,Villa,Sky Residency,Neha Singh
4268,2024-10-04,Walk-in,Gurgaon,16000000,Apartment,Palm Towers,Rohit Sharma
4269,2024-01-28,99acres,Noida,8400000,Villa,Urban Square,Ravi Mehta
4270,2024-01-27,Facebook,Bangalore,15500000,Villa,Elite Heights,Ravi Mehta
4271,2024-11-27,Referral,Pune,12400000,Plot,Elite Heights,Riya Kapoor
4272,2024-01-04,99acres,Gurgaon,13000000,Plot,Elite Heights,Aman Sharma
4273,2024-01-20,Channel Partner,Pune,3500000,Apartment,Urban Square,Sachin Tendulkar
4274,2024-05-05,99acres,Gurgaon,15300000,Villa,Urban Square,Rohit Sharma
4275,2024-04-06,Google Ads,Noida,17100000,Plot,Green Valley,Shefali Mehta
4276,2024-03-14,Google Ads,Noida,10300000,Villa,Urban Square,Shefali Mehta
4277,2024-01-05,Facebook,Pune,14300000,Plot,Green Valley,Sachin Tendulkar
4278,2024-06-21,Google Ads,Noida,17800000,Plot,Urban Square,Ravi Mehta
4279,2024-10-13,Google Ads,Noida,10500000,Plot,Elite Heights,Viral Kohli
4280,2024-05-10,Housing,Pune,4900000,Villa,Urban Square,Rohit Sharma
4281,2024-05-09,Channel Partner,Pune,15200000,Villa,Palm Towers,Aman Sharma
4282,2024-05-12,Google Ads,Noida,12000000,Apartment,Urban Square,Riya Kapoor
4283,2024-07-30,Housing,Mumbai,18300000,Apartment,Green Valley,Riya Kapoor
4284,2024-01-24,Google Ads,Noida,14600000,Villa,Urban Square,Rohit Sharma
4285,2024-08-24,Facebook,Mumbai,19600000,Plot,Urban Square,Riya Kapoor
4286,2024-05-24,Google Ads,Gurgaon,5200000,Plot,Sky Residency,Neha Singh
4287,2024-03-27,99acres,Gurgaon,4700000,Villa,Elite Heights,Priya Kapoor
4288,2024-06-15,Google Ads,Mumbai,14300000,Plot,Sky Residency,Sachin Tendulkar
4289,2024-03-23,Google Ads,Pune,10400000,Apartment,Urban Square,Priya Kapoor
4290,2024-12-08,Google Ads,Pune,19900000,Plot,Green Valley,Riya Kapoor
4291,2024-05-17,Google Ads,Noida,9100000,Apartment,Green Valley,Praveen Tambe
4292,2024-01-21,Walk-in,Gurgaon,11100000,Villa,Green Valley,Neha Singh
4293,2024-12-06,Google Ads,Bangalore,16200000,Apartment,Green Valley,Viral Kohli
4294,2024-09-06,Facebook,Mumbai,4600000,Plot,Green Valley,Shefali Mehta
4295,2024-07-14,Google Ads,Noida,15800000,Villa,Palm Towers,Riya Kapoor
4296,2024-10-06,Walk-in,Mumbai,13900000,Plot,Green Valley,Ravi Mehta
4297,2024-06-28,Facebook,Gurgaon,6900000,Apartment,Elite Heights,Sachin Tendulkar
4298,2024-02-02,Google Ads,Pune,15500000,Villa,Sky Residency,Sachin Tendulkar
4299,2024-02-22,Housing,Pune,5700000,Plot,Elite Heights,Ravi Mehta
4300,2024-03-22,Google Ads,Gurgaon,13200000,Villa,Palm Towers,Aman Sharma
4301,2024-04-26,Channel Partner,Bangalore,16100000,Plot,Palm Towers,Riya Kapoor
4302,2024-11-04,Referral,Mumbai,5800000,Villa,Urban Square,Shefali Mehta
4303,2024-07-22,Housing,Gurgaon,9100000,Apartment,Elite Heights,Rohit Sharma
4304,2024-08-04,Walk-in,Gurgaon,5600000,Villa,Urban Square,Rohit Sharma
4305,2024-02-22,99acres,Bangalore,19700000,Plot,Elite Heights,Ravi Mehta
4306,2024-08-16,Housing,Bangalore,11400000,Apartment,Green Valley,Viral Kohli
4307,2024-09-08,Housing,Noida,8300000,Villa,Palm Towers,Aman Sharma
4308,2024-06-11,Google Ads,Noida,8100000,Apartment,Green Valley,Shefali Mehta
4309,2024-08-06,Google Ads,Bangalore,19100000,Plot,Elite Heights,Rohit Sharma
4310,2024-05-17,Housing,Noida,16400000,Plot,Sky Residency,Shefali Mehta
4311,2024-09-15,Google Ads,Pune,14900000,Apartment,Sky Residency,Priya Kapoor
4312,2024-07-12,Facebook,Pune,6200000,Plot,Sky Residency,Shefali Mehta
4313,2024-11-19,99acres,Hyderabad,12800000,Villa,Urban Square,Shefali Mehta
4314,2024-03-12,Facebook,Mumbai,8700000,Apartment,Sky Residency,Priya Kapoor
4315,2024-03-18,Channel Partner,Noida,11400000,Apartment,Elite Heights,Rohit Sharma
4316,2024-04-02,Google Ads,Noida,10100000,Plot,Palm Towers,Priya Kapoor
4317,2024-07-02,Channel Partner,Bangalore,19000000,Villa,Green Valley,Sachin Tendulkar
4318,2024-10-07,Facebook,Mumbai,19800000,Plot,Urban Square,Rohit Sharma
4319,2024-06-16,99acres,Gurgaon,14600000,Plot,Palm Towers,Neha Singh
4320,2024-10-11,Channel Partner,Pune,4200000,Plot,Green Valley,Riya Kapoor
4321,2024-08-02,99acres,Gurgaon,12000000,Villa,Urban Square,Sachin Tendulkar
4322,2024-05-16,Channel Partner,Gurgaon,17600000,Apartment,Urban Square,Viral Kohli
4323,2024-07-31,99acres,Gurgaon,14500000,Villa,Urban Square,Viral Kohli
4324,2024-05-12,Walk-in,Mumbai,18300000,Villa,Sky Residency,Praveen Tambe
4325,2024-02-14,99acres,Mumbai,16300000,Villa,Elite Heights,Sachin Tendulkar
4326,2024-09-15,Google Ads,Gurgaon,13700000,Apartment,Palm Towers,Riya Kapoor
4327,2024-05-22,Google Ads,Noida,17000000,Apartment,Urban Square,Aman Sharma
4328,2024-09-13,Google Ads,Mumbai,9100000,Apartment,Elite Heights,Riya Kapoor
4329,2024-02-29,Housing,Gurgaon,12800000,Plot,Palm Towers,Aman Sharma
4330,2024-09-13,Facebook,Noida,11600000,Apartment,Sky Residency,Priya Kapoor
4331,2024-05-18,Walk-in,Bangalore,11200000,Plot,Elite Heights,Aman Sharma
4332,2024-10-25,Google Ads,Bangalore,5000000,Plot,Urban Square,Priya Kapoor
4333,2024-01-06,Facebook,Noida,16700000,Villa,Green Valley,Rohit Sharma
4334,2024-12-06,Facebook,Mumbai,20000000,Villa,Elite Heights,Aman Sharma
4335,2024-02-25,Google Ads,Hyderabad,7200000,Villa,Sky Residency,Sachin Tendulkar
4336,2024-06-22,Housing,Mumbai,4600000,Plot,Green Valley,Rohit Sharma
4337,2024-04-13,Housing,Gurgaon,3500000,Plot,Sky Residency,Priya Kapoor
4338,2024-11-28,Referral,Mumbai,4900000,Plot,Palm Towers,Riya Kapoor
4339,2024-02-14,Channel Partner,Gurgaon,17900000,Plot,Green Valley,Ravi Mehta
4340,2024-10-17,Google Ads,Mumbai,13600000,Apartment,Green Valley,Viral Kohli
4341,2024-04-30,Walk-in,Mumbai,3700000,Plot,Sky Residency,Neha Singh
4342,2024-06-11,Google Ads,Gurgaon,4200000,Apartment,Urban Square,Rohit Sharma
4343,2024-04-30,Walk-in,Bangalore,8100000,Villa,Elite Heights,Neha Singh
4344,2024-03-05,Google Ads,Bangalore,3400000,Villa,Urban Square,Riya Kapoor
4345,2024-04-28,Google Ads,Bangalore,5700000,Plot,Palm Towers,Sachin Tendulkar
4346,2024-10-12,Facebook,Gurgaon,6000000,Villa,Sky Residency,Ravi Mehta
4347,2024-04-10,Google Ads,Bangalore,9400000,Plot,Green Valley,Praveen Tambe
4348,2024-06-28,Referral,Gurgaon,8800000,Villa,Palm Towers,Rohit Sharma
4349,2024-08-04,99acres,Noida,18500000,Villa,Green Valley,Shefali Mehta
4350,2024-01-10,Google Ads,Gurgaon,19200000,Plot,Palm Towers,Shefali Mehta
4351,2024-03-14,Facebook,Mumbai,3500000,Villa,Urban Square,Neha Singh
4352,2024-04-11,Channel Partner,Noida,9200000,Apartment,Sky Residency,Aman Sharma
4353,2024-09-02,Channel Partner,Noida,12600000,Plot,Palm Towers,Ravi Mehta
4354,2024-06-02,Google Ads,Gurgaon,6400000,Villa,Elite Heights,Rohit Sharma
4355,2024-07-03,99acres,Pune,15600000,Villa,Urban Square,Ravi Mehta
4356,2024-09-30,Google Ads,Hyderabad,9900000,Plot,Elite Heights,Ravi Mehta
4357,2024-10-19,Facebook,Hyderabad,17500000,Plot,Elite Heights,Ravi Mehta
4358,2024-08-28,99acres,Pune,19600000,Villa,Sky Residency,Priya Kapoor
4359,2024-05-09,Google Ads,Mumbai,18300000,Plot,Green Valley,Sachin Tendulkar
4360,2024-09-19,99acres,Mumbai,3100000,Apartment,Green Valley,Viral Kohli
4361,2024-07-17,Housing,Noida,4400000,Apartment,Urban Square,Aman Sharma
4362,2024-01-15,99acres,Gurgaon,8200000,Apartment,Sky Residency,Ravi Mehta
4363,2024-11-15,Google Ads,Noida,12100000,Plot,Urban Square,Neha Singh
4364,2024-01-16,Google Ads,Noida,7600000,Apartment,Sky Residency,Viral Kohli
4365,2024-10-15,99acres,Gurgaon,4800000,Plot,Elite Heights,Aman Sharma
4366,2024-09-20,Referral,Pune,15800000,Plot,Sky Residency,Riya Kapoor
4367,2024-02-27,Facebook,Pune,12700000,Plot,Urban Square,Priya Kapoor
4368,2024-11-16,Channel Partner,Hyderabad,4700000,Plot,Urban Square,Praveen Tambe
4369,2024-09-08,Facebook,Noida,18000000,Apartment,Palm Towers,Riya Kapoor
4370,2024-03-22,Facebook,Hyderabad,10300000,Apartment,Sky Residency,Sachin Tendulkar
4371,2024-01-28,Walk-in,Bangalore,10200000,Plot,Sky Residency,Aman Sharma
4372,2024-07-17,99acres,Noida,13000000,Villa,Green Valley,Ravi Mehta
4373,2024-08-03,Google Ads,Hyderabad,13700000,Apartment,Palm Towers,Rohit Sharma
4374,2024-07-11,Referral,Noida,14100000,Apartment,Sky Residency,Viral Kohli
4375,2024-01-05,Facebook,Noida,9600000,Plot,Green Valley,Priya Kapoor
4376,2024-08-24,Facebook,Gurgaon,8400000,Apartment,Green Valley,Rohit Sharma
4377,2024-01-21,99acres,Noida,5400000,Plot,Sky Residency,Neha Singh
4378,2024-02-24,Facebook,Hyderabad,15200000,Villa,Palm Towers,Ravi Mehta
4379,2024-02-20,Channel Partner,Gurgaon,17900000,Villa,Urban Square,Shefali Mehta
4380,2024-06-26,Facebook,Pune,10700000,Apartment,Palm Towers,Sachin Tendulkar
4381,2024-06-02,Google Ads,Mumbai,3500000,Villa,Elite Heights,Rohit Sharma
4382,2024-03-31,Facebook,Hyderabad,15200000,Plot,Elite Heights,Neha Singh
4383,2024-12-27,Walk-in,Hyderabad,15400000,Plot,Palm Towers,Aman Sharma
4384,2024-08-26,Google Ads,Mumbai,14900000,Villa,Palm Towers,Neha Singh
4385,2024-05-16,Google Ads,Gurgaon,15500000,Apartment,Urban Square,Riya Kapoor
4386,2024-12-24,Google Ads,Gurgaon,5000000,Villa,Green Valley,Sachin Tendulkar
4387,2024-07-19,Walk-in,Bangalore,6300000,Apartment,Palm Towers,Praveen Tambe
4388,2024-02-25,Google Ads,Pune,12100000,Plot,Sky Residency,Shefali Mehta
4389,2024-02-20,Housing,Gurgaon,9000000,Plot,Palm Towers,Shefali Mehta
4390,2024-08-23,Walk-in,Bangalore,7100000,Apartment,Green Valley,Aman Sharma
4391,2024-07-14,Facebook,Bangalore,15600000,Villa,Urban Square,Priya Kapoor
4392,2024-02-05,Walk-in,Noida,18100000,Plot,Elite Heights,Neha Singh
4393,2024-11-19,99acres,Pune,17000000,Villa,Sky Residency,Praveen Tambe
4394,2024-02-26,Google Ads,Pune,19800000,Apartment,Palm Towers,Rohit Sharma
4395,2024-12-09,Google Ads,Mumbai,18300000,Villa,Green Valley,Ravi Mehta
4396,2024-09-02,Google Ads,Mumbai,12000000,Apartment,Green Valley,Neha Singh
4397,2024-04-24,Walk-in,Mumbai,6600000,Plot,Elite Heights,Riya Kapoor
4398,2024-09-26,Housing,Noida,19900000,Plot,Palm Towers,Ravi Mehta
4399,2024-03-18,Facebook,Mumbai,4700000,Villa,Elite Heights,Shefali Mehta
4400,2024-03-11,Housing,Gurgaon,15300000,Plot,Palm Towers,Aman Sharma
4401,2024-03-31,99acres,Pune,11900000,Villa,Urban Square,Aman Sharma
4402,2024-01-25,Google Ads,Hyderabad,7500000,Plot,Elite Heights,Aman Sharma
4403,2024-04-17,Google Ads,Gurgaon,3100000,Apartment,Green Valley,Shefali Mehta
4404,2024-08-08,Facebook,Gurgaon,5500000,Villa,Elite Heights,Aman Sharma
4405,2024-07-11,Housing,Gurgaon,18100000,Apartment,Urban Square,Aman Sharma
4406,2024-03-26,Facebook,Noida,9300000,Villa,Elite Heights,Riya Kapoor
4407,2024-02-16,Google Ads,Bangalore,16700000,Villa,Sky Residency,Riya Kapoor
4408,2024-12-12,Channel Partner,Noida,7800000,Apartment,Green Valley,Viral Kohli
4409,2024-09-11,Referral,Mumbai,8100000,Apartment,Urban Square,Neha Singh
4410,2024-09-28,Housing,Noida,11900000,Plot,Sky Residency,Neha Singh
4411,2024-01-07,Housing,Pune,12900000,Apartment,Sky Residency,Priya Kapoor
4412,2024-06-24,Google Ads,Hyderabad,9900000,Villa,Palm Towers,Aman Sharma
4413,2024-02-25,Walk-in,Gurgaon,6400000,Plot,Elite Heights,Priya Kapoor
4414,2024-05-02,Facebook,Gurgaon,8500000,Apartment,Green Valley,Sachin Tendulkar
4415,2024-06-15,Google Ads,Hyderabad,11900000,Apartment,Sky Residency,Riya Kapoor
4416,2024-07-08,Facebook,Bangalore,15200000,Villa,Urban Square,Aman Sharma
4417,2024-01-03,Housing,Noida,6000000,Plot,Green Valley,Riya Kapoor
4418,2024-09-04,Walk-in,Mumbai,11400000,Plot,Elite Heights,Sachin Tendulkar
4419,2024-11-24,Facebook,Hyderabad,10700000,Villa,Green Valley,Ravi Mehta
4420,2024-01-19,Google Ads,Noida,12700000,Plot,Elite Heights,Rohit Sharma
4421,2024-04-10,99acres,Pune,9700000,Villa,Green Valley,Viral Kohli
4422,2024-11-29,Facebook,Pune,14500000,Apartment,Sky Residency,Rohit Sharma
4423,2024-06-04,Facebook,Gurgaon,15500000,Apartment,Green Valley,Praveen Tambe
4424,2024-07-21,Referral,Noida,9100000,Plot,Palm Towers,Riya Kapoor
4425,2024-08-27,Google Ads,Gurgaon,16100000,Plot,Palm Towers,Priya Kapoor
4426,2024-08-22,Referral,Pune,3300000,Plot,Urban Square,Viral Kohli
4427,2024-08-20,Housing,Gurgaon,4900000,Plot,Palm Towers,Priya Kapoor
4428,2024-11-29,Google Ads,Gurgaon,5200000,Plot,Sky Residency,Rohit Sharma
4429,2024-02-11,Facebook,Pune,11600000,Apartment,Urban Square,Rohit Sharma
4430,2024-02-20,Walk-in,Hyderabad,12200000,Apartment,Green Valley,Riya Kapoor
4431,2024-12-11,Walk-in,Pune,6400000,Villa,Sky Residency,Sachin Tendulkar
4432,2024-09-13,Housing,Mumbai,14500000,Plot,Palm Towers,Riya Kapoor
4433,2024-10-07,99acres,Hyderabad,8800000,Plot,Sky Residency,Neha Singh
4434,2024-07-07,99acres,Noida,13200000,Villa,Urban Square,Praveen Tambe
4435,2024-04-04,Facebook,Mumbai,19100000,Plot,Green Valley,Rohit Sharma
4436,2024-09-09,Google Ads,Pune,4900000,Apartment,Sky Residency,Sachin Tendulkar
4437,2024-07-08,Referral,Mumbai,8300000,Plot,Urban Square,Shefali Mehta
4438,2024-05-24,Google Ads,Hyderabad,3000000,Apartment,Green Valley,Neha Singh
4439,2024-06-28,Channel Partner,Pune,16200000,Plot,Sky Residency,Viral Kohli
4440,2024-04-04,99acres,Gurgaon,9800000,Villa,Sky Residency,Shefali Mehta
4441,2024-06-30,Google Ads,Gurgaon,4100000,Plot,Green Valley,Viral Kohli
4442,2024-02-03,Channel Partner,Bangalore,4500000,Apartment,Sky Residency,Praveen Tambe
4443,2024-02-04,Facebook,Mumbai,7000000,Apartment,Urban Square,Viral Kohli
4444,2024-12-31,Facebook,Mumbai,17000000,Plot,Sky Residency,Sachin Tendulkar
4445,2024-03-12,Facebook,Bangalore,11700000,Apartment,Elite Heights,Neha Singh
4446,2024-11-07,Google Ads,Mumbai,5600000,Villa,Elite Heights,Priya Kapoor
4447,2024-12-05,Channel Partner,Gurgaon,15700000,Apartment,Sky Residency,Ravi Mehta
4448,2024-09-04,Facebook,Hyderabad,5100000,Apartment,Elite Heights,Aman Sharma
4449,2024-05-06,Walk-in,Pune,6800000,Plot,Palm Towers,Aman Sharma
4450,2024-04-20,Google Ads,Pune,6900000,Apartment,Green Valley,Rohit Sharma
4451,2024-09-02,Channel Partner,Hyderabad,17700000,Plot,Green Valley,Shefali Mehta
4452,2024-05-09,Google Ads,Noida,15300000,Apartment,Urban Square,Sachin Tendulkar
4453,2024-03-08,Google Ads,Gurgaon,12900000,Plot,Elite Heights,Shefali Mehta
4454,2024-11-13,Channel Partner,Bangalore,9900000,Apartment,Sky Residency,Shefali Mehta
4455,2024-11-11,99acres,Noida,6500000,Apartment,Elite Heights,Viral Kohli
4456,2024-11-29,Referral,Gurgaon,3100000,Apartment,Elite Heights,Sachin Tendulkar
4457,2024-11-28,Facebook,Hyderabad,3900000,Apartment,Urban Square,Sachin Tendulkar
4458,2024-11-09,Google Ads,Hyderabad,15100000,Plot,Palm Towers,Neha Singh
4459,2024-02-27,99acres,Noida,6400000,Apartment,Green Valley,Praveen Tambe
4460,2024-06-24,Facebook,Gurgaon,8900000,Villa,Sky Residency,Shefali Mehta
4461,2024-08-26,Walk-in,Gurgaon,14400000,Plot,Sky Residency,Ravi Mehta
4462,2024-12-04,Housing,Pune,9200000,Plot,Green Valley,Shefali Mehta
4463,2024-10-09,Google Ads,Pune,7800000,Apartment,Elite Heights,Viral Kohli
4464,2024-09-20,Google Ads,Pune,7000000,Apartment,Sky Residency,Aman Sharma
4465,2024-10-10,Channel Partner,Bangalore,9600000,Plot,Urban Square,Neha Singh
4466,2024-01-08,Channel Partner,Noida,3300000,Villa,Palm Towers,Rohit Sharma
4467,2024-12-03,99acres,Bangalore,14000000,Plot,Sky Residency,Riya Kapoor
4468,2024-06-10,Facebook,Gurgaon,12400000,Apartment,Urban Square,Rohit Sharma
4469,2024-09-16,Google Ads,Gurgaon,12000000,Apartment,Sky Residency,Viral Kohli
4470,2024-05-14,Google Ads,Bangalore,12600000,Apartment,Palm Towers,Aman Sharma
4471,2024-05-27,Facebook,Mumbai,5300000,Villa,Green Valley,Praveen Tambe
4472,2024-01-11,Google Ads,Mumbai,14800000,Villa,Palm Towers,Rohit Sharma
4473,2024-04-18,Channel Partner,Noida,13700000,Apartment,Green Valley,Ravi Mehta
4474,2024-12-17,Channel Partner,Noida,5300000,Apartment,Palm Towers,Sachin Tendulkar
4475,2024-07-21,Channel Partner,Hyderabad,15500000,Apartment,Sky Residency,Viral Kohli
4476,2024-10-14,Facebook,Hyderabad,13800000,Villa,Urban Square,Aman Sharma
4477,2024-03-08,Facebook,Gurgaon,14500000,Plot,Palm Towers,Rohit Sharma
4478,2024-06-19,Google Ads,Pune,8300000,Plot,Palm Towers,Aman Sharma
4479,2024-08-16,Referral,Gurgaon,4900000,Villa,Sky Residency,Priya Kapoor
4480,2024-05-18,99acres,Noida,12800000,Plot,Elite Heights,Aman Sharma
4481,2024-08-21,99acres,Gurgaon,13600000,Apartment,Palm Towers,Viral Kohli
4482,2024-06-09,Google Ads,Gurgaon,4400000,Apartment,Elite Heights,Sachin Tendulkar
4483,2024-10-04,Google Ads,Mumbai,4800000,Apartment,Urban Square,Shefali Mehta
4484,2024-11-14,Housing,Gurgaon,8700000,Plot,Sky Residency,Praveen Tambe
4485,2024-08-06,Channel Partner,Noida,8500000,Villa,Elite Heights,Neha Singh
4486,2024-02-28,Google Ads,Pune,17700000,Plot,Urban Square,Riya Kapoor
4487,2024-07-22,Referral,Pune,4300000,Plot,Palm Towers,Viral Kohli
4488,2024-03-20,Referral,Mumbai,7300000,Apartment,Green Valley,Aman Sharma
4489,2024-01-23,Housing,Mumbai,10100000,Plot,Green Valley,Neha Singh
4490,2024-09-21,Housing,Pune,8900000,Apartment,Palm Towers,Praveen Tambe
4491,2024-11-12,Facebook,Noida,16400000,Apartment,Sky Residency,Aman Sharma
4492,2024-06-07,Facebook,Gurgaon,5200000,Apartment,Sky Residency,Riya Kapoor
4493,2024-09-04,Housing,Pune,12500000,Plot,Sky Residency,Neha Singh
4494,2024-09-29,Housing,Hyderabad,11800000,Plot,Palm Towers,Viral Kohli
4495,2024-02-25,Google Ads,Hyderabad,3900000,Plot,Elite Heights,Priya Kapoor
4496,2024-08-26,99acres,Noida,12900000,Apartment,Elite Heights,Priya Kapoor
4497,2024-12-13,Walk-in,Gurgaon,20000000,Plot,Palm Towers,Sachin Tendulkar
4498,2024-01-27,Google Ads,Pune,18300000,Plot,Elite Heights,Shefali Mehta
4499,2024-02-07,99acres,Bangalore,5600000,Plot,Green Valley,Sachin Tendulkar
4500,2024-02-11,Google Ads,Mumbai,13700000,Apartment,Elite Heights,Sachin Tendulkar
4501,2024-01-15,99acres,Noida,11000000,Plot,Urban Square,Aman Sharma
4502,2024-06-04,Facebook,Gurgaon,18300000,Villa,Sky Residency,Ravi Mehta
4503,2024-03-29,99acres,Pune,16900000,Plot,Urban Square,Praveen Tambe
4504,2024-01-12,99acres,Pune,18700000,Apartment,Sky Residency,Ravi Mehta
4505,2024-07-21,99acres,Pune,18400000,Villa,Green Valley,Rohit Sharma
4506,2024-06-20,Google Ads,Noida,11500000,Plot,Sky Residency,Riya Kapoor
4507,2024-06-18,Google Ads,Noida,15800000,Plot,Palm Towers,Neha Singh
4508,2024-03-28,Facebook,Gurgaon,13900000,Apartment,Palm Towers,Neha Singh
4509,2024-02-07,Facebook,Bangalore,9600000,Villa,Urban Square,Viral Kohli
4510,2024-09-16,99acres,Noida,15300000,Plot,Urban Square,Neha Singh
4511,2024-06-28,99acres,Noida,7800000,Apartment,Green Valley,Sachin Tendulkar
4512,2024-04-03,Google Ads,Gurgaon,19000000,Plot,Urban Square,Shefali Mehta
4513,2024-06-20,Google Ads,Noida,6200000,Plot,Elite Heights,Aman Sharma
4514,2024-01-28,Facebook,Pune,3800000,Apartment,Urban Square,Aman Sharma
4515,2024-04-26,Google Ads,Pune,13100000,Apartment,Palm Towers,Priya Kapoor
4516,2024-12-13,Google Ads,Hyderabad,13300000,Plot,Elite Heights,Ravi Mehta
4517,2024-07-03,Google Ads,Pune,18600000,Villa,Palm Towers,Sachin Tendulkar
4518,2024-01-25,Google Ads,Mumbai,17300000,Villa,Urban Square,Shefali Mehta
4519,2024-09-05,Facebook,Pune,19500000,Villa,Palm Towers,Rohit Sharma
4520,2024-05-09,Walk-in,Bangalore,4600000,Apartment,Elite Heights,Ravi Mehta
4521,2024-06-23,Google Ads,Gurgaon,15800000,Apartment,Palm Towers,Priya Kapoor
4522,2024-08-13,Referral,Gurgaon,9100000,Villa,Palm Towers,Viral Kohli
4523,2024-07-23,Google Ads,Pune,17600000,Villa,Elite Heights,Praveen Tambe
4524,2024-11-30,99acres,Mumbai,16600000,Apartment,Green Valley,Shefali Mehta
4525,2024-03-31,Channel Partner,Mumbai,9700000,Villa,Green Valley,Sachin Tendulkar
4526,2024-05-13,Google Ads,Gurgaon,4100000,Apartment,Green Valley,Neha Singh
4527,2024-09-25,99acres,Bangalore,10100000,Plot,Elite Heights,Viral Kohli
4528,2024-02-02,Referral,Bangalore,13500000,Apartment,Palm Towers,Praveen Tambe
4529,2024-03-20,Google Ads,Pune,14800000,Villa,Palm Towers,Riya Kapoor
4530,2024-09-26,Walk-in,Noida,10900000,Villa,Urban Square,Shefali Mehta
4531,2024-03-20,Channel Partner,Mumbai,14600000,Villa,Sky Residency,Praveen Tambe
4532,2024-12-24,Google Ads,Noida,10100000,Plot,Sky Residency,Shefali Mehta
4533,2024-05-29,Google Ads,Mumbai,12400000,Apartment,Elite Heights,Neha Singh
4534,2024-10-01,Housing,Bangalore,12200000,Villa,Palm Towers,Shefali Mehta
4535,2024-10-03,99acres,Gurgaon,8000000,Apartment,Green Valley,Praveen Tambe
4536,2024-07-22,Referral,Hyderabad,4500000,Villa,Elite Heights,Rohit Sharma
4537,2024-08-10,99acres,Bangalore,18400000,Villa,Sky Residency,Shefali Mehta
4538,2024-09-19,99acres,Noida,9200000,Plot,Urban Square,Rohit Sharma
4539,2024-07-13,Facebook,Mumbai,10600000,Apartment,Sky Residency,Viral Kohli
4540,2024-03-11,Google Ads,Noida,13600000,Plot,Urban Square,Praveen Tambe
4541,2024-05-29,Referral,Gurgaon,10600000,Plot,Palm Towers,Riya Kapoor
4542,2024-06-05,Housing,Mumbai,10800000,Plot,Sky Residency,Neha Singh
4543,2024-10-31,Facebook,Noida,18000000,Apartment,Sky Residency,Riya Kapoor
4544,2024-01-02,Facebook,Bangalore,18300000,Plot,Palm Towers,Rohit Sharma
4545,2024-01-08,Google Ads,Gurgaon,17000000,Villa,Sky Residency,Priya Kapoor
4546,2024-03-22,Google Ads,Pune,6400000,Plot,Urban Square,Rohit Sharma
4547,2024-03-05,Housing,Hyderabad,10400000,Apartment,Green Valley,Priya Kapoor
4548,2024-01-26,99acres,Noida,3700000,Plot,Urban Square,Sachin Tendulkar
4549,2024-03-31,99acres,Pune,7900000,Villa,Palm Towers,Praveen Tambe
4550,2024-10-29,Google Ads,Pune,11600000,Villa,Palm Towers,Sachin Tendulkar
4551,2024-05-31,Google Ads,Bangalore,10800000,Villa,Sky Residency,Neha Singh
4552,2024-03-24,Google Ads,Mumbai,6500000,Apartment,Urban Square,Riya Kapoor
4553,2024-08-24,Google Ads,Pune,11400000,Villa,Sky Residency,Viral Kohli
4554,2024-10-04,Referral,Mumbai,12400000,Plot,Palm Towers,Viral Kohli
4555,2024-06-29,Google Ads,Gurgaon,15200000,Plot,Urban Square,Shefali Mehta
4556,2024-05-19,Housing,Pune,17000000,Plot,Palm Towers,Rohit Sharma
4557,2024-11-15,Facebook,Gurgaon,12900000,Apartment,Sky Residency,Neha Singh
4558,2024-11-26,Facebook,Pune,17500000,Apartment,Green Valley,Neha Singh
4559,2024-06-03,Referral,Bangalore,15700000,Plot,Palm Towers,Aman Sharma
4560,2024-08-11,99acres,Mumbai,5100000,Villa,Palm Towers,Praveen Tambe
4561,2024-01-21,Referral,Pune,7700000,Apartment,Elite Heights,Aman Sharma
4562,2024-04-06,Housing,Mumbai,10800000,Villa,Elite Heights,Ravi Mehta
4563,2024-09-14,Google Ads,Noida,19500000,Plot,Sky Residency,Priya Kapoor
4564,2024-12-28,Referral,Mumbai,14600000,Apartment,Sky Residency,Rohit Sharma
4565,2024-04-12,Google Ads,Noida,3200000,Plot,Elite Heights,Ravi Mehta
4566,2024-06-09,Channel Partner,Pune,18300000,Plot,Sky Residency,Riya Kapoor
4567,2024-07-16,Google Ads,Mumbai,11700000,Villa,Elite Heights,Neha Singh
4568,2024-02-21,Facebook,Bangalore,16900000,Apartment,Green Valley,Ravi Mehta
4569,2024-05-01,Google Ads,Mumbai,13600000,Plot,Palm Towers,Aman Sharma
4570,2024-01-18,Facebook,Mumbai,7700000,Villa,Elite Heights,Aman Sharma
4571,2024-05-24,99acres,Gurgaon,5100000,Apartment,Urban Square,Praveen Tambe
4572,2024-09-30,Referral,Pune,3300000,Plot,Palm Towers,Riya Kapoor
4573,2024-09-04,99acres,Noida,16400000,Plot,Sky Residency,Rohit Sharma
4574,2024-10-11,Facebook,Gurgaon,19500000,Apartment,Elite Heights,Viral Kohli
4575,2024-02-08,Google Ads,Noida,17500000,Apartment,Elite Heights,Riya Kapoor
4576,2024-03-25,Housing,Gurgaon,11200000,Plot,Palm Towers,Neha Singh
4577,2024-08-19,Housing,Bangalore,6000000,Apartment,Sky Residency,Ravi Mehta
4578,2024-10-07,Channel Partner,Gurgaon,18900000,Plot,Green Valley,Shefali Mehta
4579,2024-02-05,Google Ads,Gurgaon,4600000,Villa,Palm Towers,Neha Singh
4580,2024-12-27,Referral,Gurgaon,14500000,Villa,Sky Residency,Priya Kapoor
4581,2024-10-23,Google Ads,Noida,19400000,Plot,Green Valley,Praveen Tambe
4582,2024-03-24,Channel Partner,Mumbai,13500000,Apartment,Green Valley,Ravi Mehta
4583,2024-12-28,Referral,Hyderabad,3500000,Villa,Palm Towers,Shefali Mehta
4584,2024-11-18,Facebook,Bangalore,17800000,Apartment,Urban Square,Neha Singh
4585,2024-02-27,Facebook,Pune,11900000,Apartment,Urban Square,Viral Kohli
4586,2024-04-16,Referral,Mumbai,11200000,Plot,Palm Towers,Aman Sharma
4587,2024-05-25,Facebook,Bangalore,10000000,Plot,Elite Heights,Viral Kohli
4588,2024-10-06,Google Ads,Gurgaon,4000000,Villa,Green Valley,Shefali Mehta
4589,2024-01-23,Facebook,Gurgaon,3100000,Apartment,Palm Towers,Priya Kapoor
4590,2024-04-24,99acres,Mumbai,17900000,Plot,Green Valley,Viral Kohli
4591,2024-01-25,Facebook,Mumbai,16900000,Plot,Sky Residency,Aman Sharma
4592,2024-07-31,Google Ads,Pune,14300000,Villa,Palm Towers,Aman Sharma
4593,2024-06-27,Referral,Pune,4400000,Apartment,Sky Residency,Priya Kapoor
4594,2024-12-10,Referral,Noida,16300000,Plot,Palm Towers,Viral Kohli
4595,2024-10-22,Facebook,Noida,14700000,Villa,Elite Heights,Sachin Tendulkar
4596,2024-07-02,Channel Partner,Pune,17700000,Villa,Urban Square,Ravi Mehta
4597,2024-08-13,Facebook,Pune,16500000,Villa,Palm Towers,Priya Kapoor
4598,2024-12-29,Google Ads,Pune,5700000,Villa,Palm Towers,Sachin Tendulkar
4599,2024-03-05,Google Ads,Pune,9900000,Villa,Elite Heights,Rohit Sharma
4600,2024-11-07,Referral,Mumbai,17600000,Plot,Urban Square,Rohit Sharma
4601,2024-02-06,Google Ads,Pune,18000000,Plot,Palm Towers,Sachin Tendulkar
4602,2024-05-10,Facebook,Pune,10700000,Apartment,Elite Heights,Rohit Sharma
4603,2024-07-19,Facebook,Bangalore,14800000,Plot,Urban Square,Neha Singh
4604,2024-02-26,Housing,Gurgaon,17000000,Plot,Elite Heights,Viral Kohli
4605,2024-01-10,Walk-in,Pune,10400000,Plot,Green Valley,Neha Singh
4606,2024-04-04,99acres,Hyderabad,18300000,Apartment,Elite Heights,Rohit Sharma
4607,2024-05-10,99acres,Gurgaon,14600000,Apartment,Elite Heights,Shefali Mehta
4608,2024-06-13,99acres,Pune,19800000,Apartment,Green Valley,Viral Kohli
4609,2024-02-29,Facebook,Noida,9400000,Plot,Green Valley,Ravi Mehta
4610,2024-07-27,Facebook,Gurgaon,15400000,Villa,Green Valley,Rohit Sharma
4611,2024-09-30,Google Ads,Gurgaon,3200000,Plot,Palm Towers,Sachin Tendulkar
4612,2024-04-20,99acres,Noida,7300000,Apartment,Palm Towers,Riya Kapoor
4613,2024-04-11,Housing,Pune,3300000,Apartment,Urban Square,Praveen Tambe
4614,2024-11-04,99acres,Hyderabad,8900000,Villa,Palm Towers,Rohit Sharma
4615,2024-11-22,Google Ads,Bangalore,19400000,Villa,Palm Towers,Neha Singh
4616,2024-06-03,Housing,Gurgaon,6100000,Apartment,Urban Square,Riya Kapoor
4617,2024-10-20,Facebook,Gurgaon,7400000,Apartment,Sky Residency,Rohit Sharma
4618,2024-04-07,99acres,Pune,5000000,Villa,Sky Residency,Neha Singh
4619,2024-03-19,Google Ads,Pune,8000000,Plot,Elite Heights,Shefali Mehta
4620,2024-05-24,Facebook,Hyderabad,13900000,Apartment,Sky Residency,Sachin Tendulkar
4621,2024-06-02,Housing,Noida,9500000,Plot,Sky Residency,Aman Sharma
4622,2024-09-13,Referral,Hyderabad,7000000,Villa,Urban Square,Riya Kapoor
4623,2024-12-16,Facebook,Mumbai,10900000,Villa,Sky Residency,Sachin Tendulkar
4624,2024-08-03,Channel Partner,Hyderabad,15100000,Villa,Sky Residency,Viral Kohli
4625,2024-02-13,99acres,Noida,15100000,Plot,Urban Square,Rohit Sharma
4626,2024-05-29,Google Ads,Gurgaon,10300000,Villa,Palm Towers,Ravi Mehta
4627,2024-05-01,Channel Partner,Hyderabad,10200000,Plot,Urban Square,Praveen Tambe
4628,2024-09-03,99acres,Gurgaon,9100000,Villa,Sky Residency,Riya Kapoor
4629,2024-02-27,Google Ads,Gurgaon,13600000,Villa,Urban Square,Riya Kapoor
4630,2024-10-05,Google Ads,Mumbai,6700000,Plot,Green Valley,Shefali Mehta
4631,2024-02-16,99acres,Noida,17700000,Villa,Elite Heights,Praveen Tambe
4632,2024-01-04,Walk-in,Pune,7600000,Plot,Elite Heights,Ravi Mehta
4633,2024-11-16,Facebook,Mumbai,17000000,Apartment,Elite Heights,Neha Singh
4634,2024-05-22,Google Ads,Noida,16000000,Apartment,Urban Square,Ravi Mehta
4635,2024-10-10,Google Ads,Noida,9300000,Plot,Elite Heights,Aman Sharma
4636,2024-04-16,Housing,Noida,8600000,Apartment,Sky Residency,Viral Kohli
4637,2024-06-28,Google Ads,Gurgaon,16300000,Plot,Palm Towers,Sachin Tendulkar
4638,2024-02-24,Channel Partner,Pune,5600000,Plot,Palm Towers,Ravi Mehta
4639,2024-08-03,Housing,Gurgaon,13000000,Apartment,Urban Square,Praveen Tambe
4640,2024-01-31,Google Ads,Gurgaon,11600000,Apartment,Urban Square,Aman Sharma
4641,2024-02-03,99acres,Pune,10100000,Villa,Sky Residency,Ravi Mehta
4642,2024-08-21,Facebook,Bangalore,12300000,Villa,Palm Towers,Ravi Mehta
4643,2024-11-20,Channel Partner,Gurgaon,14300000,Plot,Urban Square,Priya Kapoor
4644,2024-07-12,Facebook,Bangalore,4800000,Plot,Green Valley,Praveen Tambe
4645,2024-01-11,Google Ads,Bangalore,6400000,Plot,Elite Heights,Praveen Tambe
4646,2024-01-26,99acres,Hyderabad,17600000,Apartment,Elite Heights,Sachin Tendulkar
4647,2024-07-08,Facebook,Bangalore,19600000,Apartment,Urban Square,Praveen Tambe
4648,2024-03-03,Google Ads,Noida,7000000,Villa,Palm Towers,Priya Kapoor
4649,2024-01-06,Google Ads,Pune,5900000,Villa,Palm Towers,Neha Singh
4650,2024-10-16,Referral,Pune,9200000,Apartment,Elite Heights,Neha Singh
4651,2024-06-27,Google Ads,Hyderabad,4900000,Apartment,Palm Towers,Neha Singh
4652,2024-02-11,Google Ads,Bangalore,4400000,Plot,Palm Towers,Praveen Tambe
4653,2024-08-22,99acres,Gurgaon,7700000,Plot,Palm Towers,Riya Kapoor
4654,2024-08-08,Google Ads,Noida,5200000,Apartment,Sky Residency,Riya Kapoor
4655,2024-11-27,99acres,Gurgaon,5800000,Plot,Sky Residency,Viral Kohli
4656,2024-02-24,Facebook,Mumbai,10400000,Villa,Sky Residency,Ravi Mehta
4657,2024-03-27,Facebook,Hyderabad,10100000,Villa,Palm Towers,Ravi Mehta
4658,2024-11-02,Google Ads,Bangalore,15400000,Apartment,Sky Residency,Praveen Tambe
4659,2024-08-18,Facebook,Pune,3900000,Apartment,Palm Towers,Shefali Mehta
4660,2024-12-07,Referral,Gurgaon,15700000,Villa,Sky Residency,Priya Kapoor
4661,2024-06-12,Referral,Gurgaon,17900000,Apartment,Elite Heights,Sachin Tendulkar
4662,2024-09-27,Google Ads,Hyderabad,6900000,Plot,Sky Residency,Ravi Mehta
4663,2024-07-13,Facebook,Gurgaon,4600000,Apartment,Urban Square,Praveen Tambe
4664,2024-12-24,Channel Partner,Mumbai,9300000,Apartment,Urban Square,Sachin Tendulkar
4665,2024-03-23,Housing,Hyderabad,8000000,Apartment,Green Valley,Sachin Tendulkar
4666,2024-07-21,99acres,Pune,20000000,Apartment,Urban Square,Ravi Mehta
4667,2024-10-07,Google Ads,Gurgaon,9700000,Plot,Green Valley,Praveen Tambe
4668,2024-01-08,Google Ads,Gurgaon,13600000,Apartment,Elite Heights,Ravi Mehta
4669,2024-03-10,99acres,Pune,14200000,Plot,Elite Heights,Priya Kapoor
4670,2024-06-15,Google Ads,Pune,13600000,Apartment,Elite Heights,Rohit Sharma
4671,2024-02-05,99acres,Noida,7400000,Villa,Elite Heights,Aman Sharma
4672,2024-06-28,99acres,Mumbai,8000000,Villa,Palm Towers,Aman Sharma
4673,2024-04-02,Google Ads,Noida,6000000,Apartment,Sky Residency,Ravi Mehta
4674,2024-09-30,Google Ads,Bangalore,9100000,Villa,Urban Square,Neha Singh
4675,2024-04-12,Google Ads,Mumbai,5200000,Plot,Sky Residency,Neha Singh
4676,2024-10-19,Channel Partner,Noida,12700000,Plot,Elite Heights,Shefali Mehta
4677,2024-04-05,Facebook,Bangalore,15500000,Plot,Palm Towers,Shefali Mehta
4678,2024-09-25,99acres,Pune,17900000,Villa,Palm Towers,Rohit Sharma
4679,2024-02-09,Google Ads,Noida,4600000,Plot,Elite Heights,Sachin Tendulkar
4680,2024-02-15,Google Ads,Bangalore,12100000,Villa,Green Valley,Neha Singh
4681,2024-08-24,Google Ads,Gurgaon,11300000,Villa,Elite Heights,Praveen Tambe
4682,2024-10-05,Google Ads,Bangalore,5000000,Plot,Elite Heights,Rohit Sharma
4683,2024-04-17,Google Ads,Bangalore,16200000,Apartment,Sky Residency,Sachin Tendulkar
4684,2024-02-12,Housing,Bangalore,14300000,Plot,Elite Heights,Riya Kapoor
4685,2024-05-06,Housing,Pune,8600000,Plot,Sky Residency,Riya Kapoor
4686,2024-12-03,Channel Partner,Gurgaon,11900000,Plot,Urban Square,Priya Kapoor
4687,2024-04-03,Facebook,Bangalore,15700000,Plot,Elite Heights,Aman Sharma
4688,2024-02-21,Facebook,Hyderabad,12700000,Villa,Green Valley,Viral Kohli
4689,2024-07-19,Google Ads,Mumbai,17700000,Villa,Green Valley,Shefali Mehta
4690,2024-09-06,Walk-in,Mumbai,4900000,Plot,Green Valley,Praveen Tambe
4691,2024-11-15,Facebook,Mumbai,18800000,Villa,Palm Towers,Aman Sharma
4692,2024-01-23,99acres,Gurgaon,19000000,Apartment,Elite Heights,Riya Kapoor
4693,2024-06-28,Facebook,Noida,11700000,Villa,Sky Residency,Riya Kapoor
4694,2024-05-07,Facebook,Noida,10800000,Apartment,Urban Square,Riya Kapoor
4695,2024-09-25,99acres,Noida,3100000,Apartment,Urban Square,Sachin Tendulkar
4696,2024-08-17,Facebook,Gurgaon,5000000,Apartment,Palm Towers,Aman Sharma
4697,2024-02-14,Google Ads,Hyderabad,16500000,Villa,Sky Residency,Priya Kapoor
4698,2024-03-16,Walk-in,Noida,7300000,Apartment,Urban Square,Aman Sharma
4699,2024-10-06,Google Ads,Noida,19700000,Plot,Sky Residency,Neha Singh
4700,2024-06-26,Google Ads,Gurgaon,19100000,Villa,Elite Heights,Aman Sharma
4701,2024-02-09,Google Ads,Noida,11100000,Apartment,Sky Residency,Priya Kapoor
4702,2024-04-20,Referral,Pune,3200000,Plot,Elite Heights,Riya Kapoor
4703,2024-05-22,99acres,Noida,15800000,Apartment,Urban Square,Neha Singh
4704,2024-05-24,Google Ads,Gurgaon,16900000,Plot,Palm Towers,Riya Kapoor
4705,2024-08-13,99acres,Gurgaon,3700000,Villa,Sky Residency,Neha Singh
4706,2024-07-04,Referral,Noida,10900000,Apartment,Sky Residency,Viral Kohli
4707,2024-07-28,Google Ads,Noida,13900000,Villa,Palm Towers,Priya Kapoor
4708,2024-12-22,Channel Partner,Bangalore,3000000,Plot,Sky Residency,Riya Kapoor
4709,2024-01-23,Channel Partner,Noida,7200000,Plot,Urban Square,Shefali Mehta
4710,2024-03-29,Facebook,Bangalore,7000000,Apartment,Sky Residency,Priya Kapoor
4711,2024-05-20,Housing,Bangalore,6300000,Apartment,Palm Towers,Priya Kapoor
4712,2024-10-23,Google Ads,Mumbai,7300000,Villa,Sky Residency,Rohit Sharma
4713,2024-10-22,Facebook,Pune,18100000,Villa,Sky Residency,Praveen Tambe
4714,2024-03-06,Facebook,Mumbai,7600000,Villa,Sky Residency,Sachin Tendulkar
4715,2024-02-06,Facebook,Gurgaon,12100000,Plot,Elite Heights,Shefali Mehta
4716,2024-09-12,Facebook,Noida,11300000,Apartment,Elite Heights,Praveen Tambe
4717,2024-11-09,Google Ads,Mumbai,12400000,Villa,Palm Towers,Riya Kapoor
4718,2024-03-01,Google Ads,Noida,15100000,Apartment,Urban Square,Sachin Tendulkar
4719,2024-10-11,Google Ads,Hyderabad,4100000,Plot,Elite Heights,Shefali Mehta
4720,2024-04-19,Referral,Hyderabad,7300000,Apartment,Palm Towers,Ravi Mehta
4721,2024-09-21,99acres,Mumbai,9600000,Apartment,Elite Heights,Shefali Mehta
4722,2024-09-21,Channel Partner,Pune,19400000,Apartment,Urban Square,Riya Kapoor
4723,2024-08-21,Google Ads,Mumbai,7500000,Plot,Green Valley,Aman Sharma
4724,2024-12-16,Walk-in,Noida,14700000,Villa,Elite Heights,Neha Singh
4725,2024-03-19,Google Ads,Mumbai,8700000,Villa,Sky Residency,Sachin Tendulkar
4726,2024-03-12,Housing,Gurgaon,8700000,Apartment,Urban Square,Shefali Mehta
4727,2024-11-17,Referral,Hyderabad,15400000,Plot,Sky Residency,Ravi Mehta
4728,2024-05-15,Google Ads,Hyderabad,8200000,Plot,Palm Towers,Riya Kapoor
4729,2024-02-28,Referral,Noida,7300000,Apartment,Palm Towers,Sachin Tendulkar
4730,2024-05-09,Google Ads,Mumbai,19200000,Plot,Green Valley,Viral Kohli
4731,2024-08-30,Referral,Hyderabad,18400000,Villa,Urban Square,Priya Kapoor
4732,2024-05-10,Walk-in,Noida,6200000,Villa,Green Valley,Neha Singh
4733,2024-03-14,Housing,Noida,10600000,Villa,Palm Towers,Shefali Mehta
4734,2024-06-07,Channel Partner,Bangalore,9600000,Plot,Elite Heights,Neha Singh
4735,2024-02-06,Facebook,Noida,17300000,Villa,Urban Square,Shefali Mehta
4736,2024-03-15,Facebook,Gurgaon,12200000,Villa,Green Valley,Aman Sharma
4737,2024-12-15,Channel Partner,Bangalore,18100000,Villa,Green Valley,Shefali Mehta
4738,2024-06-10,Channel Partner,Hyderabad,15500000,Villa,Sky Residency,Praveen Tambe
4739,2024-12-25,99acres,Hyderabad,15400000,Apartment,Sky Residency,Praveen Tambe
4740,2024-02-15,Facebook,Gurgaon,17800000,Plot,Green Valley,Rohit Sharma
4741,2024-05-06,Google Ads,Mumbai,15900000,Plot,Palm Towers,Rohit Sharma
4742,2024-03-10,Google Ads,Mumbai,3400000,Apartment,Elite Heights,Neha Singh
4743,2024-08-31,Google Ads,Noida,12600000,Villa,Green Valley,Aman Sharma
4744,2024-05-07,Facebook,Mumbai,13900000,Apartment,Palm Towers,Neha Singh
4745,2024-11-03,Google Ads,Gurgaon,17100000,Villa,Elite Heights,Neha Singh
4746,2024-09-17,Google Ads,Mumbai,19400000,Plot,Palm Towers,Riya Kapoor
4747,2024-05-23,Housing,Mumbai,6900000,Villa,Green Valley,Aman Sharma
4748,2024-05-31,99acres,Noida,15900000,Plot,Palm Towers,Ravi Mehta
4749,2024-11-07,Referral,Noida,6300000,Apartment,Green Valley,Riya Kapoor
4750,2024-10-28,Referral,Hyderabad,16000000,Apartment,Green Valley,Aman Sharma
4751,2024-09-22,Referral,Hyderabad,12400000,Villa,Urban Square,Sachin Tendulkar
4752,2024-12-06,Facebook,Pune,8600000,Villa,Sky Residency,Aman Sharma
4753,2024-05-05,99acres,Bangalore,10500000,Plot,Palm Towers,Riya Kapoor
4754,2024-12-01,Google Ads,Pune,16700000,Villa,Elite Heights,Sachin Tendulkar
4755,2024-01-06,99acres,Bangalore,19300000,Plot,Urban Square,Aman Sharma
4756,2024-07-28,Facebook,Bangalore,5300000,Apartment,Palm Towers,Priya Kapoor
4757,2024-02-23,99acres,Pune,19500000,Plot,Sky Residency,Ravi Mehta
4758,2024-12-03,Facebook,Pune,6900000,Apartment,Elite Heights,Riya Kapoor
4759,2024-09-13,Housing,Noida,4100000,Plot,Urban Square,Riya Kapoor
4760,2024-07-19,Google Ads,Pune,14000000,Villa,Sky Residency,Ravi Mehta
4761,2024-03-01,Google Ads,Noida,14300000,Apartment,Sky Residency,Aman Sharma
4762,2024-04-15,Google Ads,Gurgaon,11900000,Villa,Green Valley,Riya Kapoor
4763,2024-09-29,99acres,Gurgaon,12700000,Plot,Sky Residency,Neha Singh
4764,2024-01-23,Referral,Pune,10000000,Plot,Elite Heights,Neha Singh
4765,2024-08-10,Google Ads,Bangalore,10700000,Apartment,Elite Heights,Sachin Tendulkar
4766,2024-08-20,Facebook,Bangalore,7200000,Plot,Sky Residency,Shefali Mehta
4767,2024-02-24,Facebook,Bangalore,8700000,Plot,Sky Residency,Shefali Mehta
4768,2024-05-08,Facebook,Pune,4800000,Villa,Urban Square,Viral Kohli
4769,2024-02-17,Google Ads,Hyderabad,15000000,Apartment,Palm Towers,Ravi Mehta
4770,2024-10-16,Housing,Noida,12900000,Plot,Sky Residency,Viral Kohli
4771,2024-05-07,Walk-in,Noida,20000000,Apartment,Urban Square,Sachin Tendulkar
4772,2024-05-27,Google Ads,Bangalore,7600000,Plot,Urban Square,Neha Singh
4773,2024-02-07,Referral,Noida,12600000,Villa,Green Valley,Aman Sharma
4774,2024-12-28,Google Ads,Pune,16600000,Apartment,Elite Heights,Sachin Tendulkar
4775,2024-07-16,99acres,Mumbai,10500000,Villa,Palm Towers,Praveen Tambe
4776,2024-08-24,Google Ads,Noida,8700000,Apartment,Palm Towers,Praveen Tambe
4777,2024-01-04,Facebook,Mumbai,6600000,Plot,Palm Towers,Rohit Sharma
4778,2024-01-07,Google Ads,Bangalore,8700000,Villa,Sky Residency,Sachin Tendulkar
4779,2024-03-19,Housing,Gurgaon,4400000,Plot,Palm Towers,Rohit Sharma
4780,2024-07-05,Facebook,Noida,18100000,Apartment,Palm Towers,Ravi Mehta
4781,2024-03-25,Google Ads,Pune,19500000,Plot,Elite Heights,Sachin Tendulkar
4782,2024-03-25,99acres,Pune,11900000,Villa,Green Valley,Sachin Tendulkar
4783,2024-07-24,99acres,Mumbai,3300000,Villa,Elite Heights,Riya Kapoor
4784,2024-05-12,Housing,Hyderabad,6700000,Apartment,Green Valley,Shefali Mehta
4785,2024-12-22,Housing,Hyderabad,12800000,Villa,Sky Residency,Priya Kapoor
4786,2024-03-06,99acres,Gurgaon,11600000,Apartment,Green Valley,Neha Singh
4787,2024-03-01,Facebook,Bangalore,4400000,Plot,Green Valley,Praveen Tambe
4788,2024-06-11,Channel Partner,Noida,14300000,Plot,Palm Towers,Shefali Mehta
4789,2024-10-25,99acres,Gurgaon,19000000,Plot,Urban Square,Priya Kapoor
4790,2024-06-03,Channel Partner,Hyderabad,4300000,Apartment,Sky Residency,Rohit Sharma
4791,2024-10-03,Google Ads,Noida,4900000,Plot,Urban Square,Neha Singh
4792,2024-04-06,Google Ads,Mumbai,19600000,Plot,Sky Residency,Praveen Tambe
4793,2024-05-26,Facebook,Gurgaon,19800000,Plot,Urban Square,Rohit Sharma
4794,2024-08-02,Housing,Mumbai,7600000,Apartment,Urban Square,Shefali Mehta
4795,2024-08-18,Channel Partner,Noida,11500000,Villa,Urban Square,Aman Sharma
4796,2024-01-05,Facebook,Hyderabad,4800000,Plot,Sky Residency,Sachin Tendulkar
4797,2024-07-23,Google Ads,Gurgaon,17100000,Villa,Green Valley,Viral Kohli
4798,2024-01-31,Google Ads,Pune,10600000,Villa,Urban Square,Rohit Sharma
4799,2024-11-20,Google Ads,Pune,9300000,Villa,Elite Heights,Viral Kohli
4800,2024-12-14,99acres,Bangalore,12800000,Apartment,Green Valley,Priya Kapoor
4801,2024-11-06,Google Ads,Noida,5100000,Plot,Urban Square,Riya Kapoor
4802,2024-03-24,Housing,Bangalore,9300000,Plot,Urban Square,Neha Singh
4803,2024-09-12,99acres,Hyderabad,17200000,Villa,Elite Heights,Ravi Mehta
4804,2024-06-09,Facebook,Gurgaon,14400000,Plot,Sky Residency,Riya Kapoor
4805,2024-03-09,99acres,Noida,15600000,Villa,Elite Heights,Aman Sharma
4806,2024-02-15,Google Ads,Gurgaon,13800000,Villa,Green Valley,Sachin Tendulkar
4807,2024-03-02,Facebook,Gurgaon,10500000,Villa,Green Valley,Priya Kapoor
4808,2024-07-09,Walk-in,Gurgaon,19000000,Apartment,Palm Towers,Riya Kapoor
4809,2024-05-30,Referral,Pune,19800000,Apartment,Green Valley,Rohit Sharma
4810,2024-05-10,Referral,Pune,9800000,Apartment,Sky Residency,Neha Singh
4811,2024-01-22,99acres,Mumbai,10000000,Villa,Elite Heights,Shefali Mehta
4812,2024-12-15,Housing,Pune,12000000,Apartment,Green Valley,Riya Kapoor
4813,2024-03-13,99acres,Bangalore,3200000,Villa,Sky Residency,Priya Kapoor
4814,2024-07-06,Facebook,Mumbai,16700000,Plot,Green Valley,Rohit Sharma
4815,2024-11-29,Referral,Gurgaon,10100000,Villa,Palm Towers,Shefali Mehta
4816,2024-05-19,Housing,Pune,10400000,Apartment,Urban Square,Aman Sharma
4817,2024-10-30,Google Ads,Gurgaon,15900000,Villa,Elite Heights,Praveen Tambe
4818,2024-07-27,Google Ads,Mumbai,7400000,Villa,Sky Residency,Riya Kapoor
4819,2024-05-14,Facebook,Bangalore,6500000,Plot,Palm Towers,Riya Kapoor
4820,2024-04-18,99acres,Noida,16200000,Apartment,Urban Square,Riya Kapoor
4821,2024-10-19,Facebook,Noida,5400000,Apartment,Palm Towers,Praveen Tambe
4822,2024-03-15,99acres,Noida,11400000,Villa,Elite Heights,Neha Singh
4823,2024-12-19,Housing,Noida,15800000,Plot,Sky Residency,Praveen Tambe
4824,2024-04-26,Channel Partner,Noida,7200000,Villa,Sky Residency,Shefali Mehta
4825,2024-11-11,Google Ads,Pune,10500000,Villa,Green Valley,Shefali Mehta
4826,2024-04-18,99acres,Bangalore,14400000,Villa,Palm Towers,Neha Singh
4827,2024-08-21,Google Ads,Mumbai,9600000,Apartment,Sky Residency,Shefali Mehta
4828,2024-04-07,Google Ads,Hyderabad,16900000,Plot,Urban Square,Priya Kapoor
4829,2024-11-21,Facebook,Mumbai,15500000,Villa,Palm Towers,Aman Sharma
4830,2024-12-27,Referral,Bangalore,10200000,Plot,Elite Heights,Rohit Sharma
4831,2024-07-29,Facebook,Noida,15900000,Plot,Palm Towers,Shefali Mehta
4832,2024-05-22,Channel Partner,Gurgaon,5600000,Apartment,Elite Heights,Praveen Tambe
4833,2024-11-29,Google Ads,Noida,10000000,Villa,Elite Heights,Praveen Tambe
4834,2024-11-02,Google Ads,Gurgaon,13000000,Apartment,Sky Residency,Ravi Mehta
4835,2024-05-29,Facebook,Gurgaon,4800000,Apartment,Green Valley,Viral Kohli
4836,2024-08-25,Google Ads,Hyderabad,17000000,Apartment,Elite Heights,Praveen Tambe
4837,2024-02-25,Google Ads,Mumbai,10300000,Villa,Urban Square,Priya Kapoor
4838,2024-09-09,Google Ads,Noida,4400000,Villa,Palm Towers,Aman Sharma
4839,2024-03-17,Referral,Bangalore,12000000,Apartment,Urban Square,Shefali Mehta
4840,2024-05-14,Google Ads,Hyderabad,7700000,Apartment,Urban Square,Priya Kapoor
4841,2024-01-11,Google Ads,Hyderabad,9300000,Plot,Green Valley,Rohit Sharma
4842,2024-12-02,Channel Partner,Gurgaon,6600000,Apartment,Elite Heights,Riya Kapoor
4843,2024-02-19,Google Ads,Gurgaon,5500000,Plot,Urban Square,Neha Singh
4844,2024-10-06,Facebook,Pune,3100000,Villa,Elite Heights,Sachin Tendulkar
4845,2024-03-25,Referral,Mumbai,12000000,Apartment,Urban Square,Neha Singh
4846,2024-07-06,99acres,Gurgaon,7600000,Plot,Urban Square,Priya Kapoor
4847,2024-02-06,Google Ads,Gurgaon,5900000,Apartment,Urban Square,Sachin Tendulkar
4848,2024-01-30,Google Ads,Pune,4200000,Plot,Elite Heights,Aman Sharma
4849,2024-10-24,Google Ads,Noida,14200000,Villa,Elite Heights,Riya Kapoor
4850,2024-09-17,Google Ads,Gurgaon,16700000,Plot,Sky Residency,Riya Kapoor
4851,2024-12-08,Channel Partner,Bangalore,12300000,Plot,Sky Residency,Priya Kapoor
4852,2024-07-21,Google Ads,Gurgaon,17700000,Plot,Elite Heights,Riya Kapoor
4853,2024-01-14,Facebook,Gurgaon,12000000,Plot,Palm Towers,Shefali Mehta
4854,2024-11-30,Walk-in,Noida,13500000,Plot,Urban Square,Aman Sharma
4855,2024-08-16,99acres,Bangalore,14800000,Villa,Palm Towers,Priya Kapoor
4856,2024-05-30,Google Ads,Gurgaon,9500000,Villa,Elite Heights,Aman Sharma
4857,2024-08-09,99acres,Bangalore,7900000,Apartment,Elite Heights,Sachin Tendulkar
4858,2024-03-18,Walk-in,Pune,4900000,Plot,Palm Towers,Sachin Tendulkar
4859,2024-01-16,Google Ads,Bangalore,7200000,Apartment,Sky Residency,Neha Singh
4860,2024-01-26,Facebook,Noida,10400000,Apartment,Palm Towers,Aman Sharma
4861,2024-01-27,99acres,Mumbai,6100000,Villa,Palm Towers,Priya Kapoor
4862,2024-12-30,Google Ads,Gurgaon,9200000,Plot,Urban Square,Ravi Mehta
4863,2024-01-28,Housing,Gurgaon,5900000,Plot,Elite Heights,Rohit Sharma
4864,2024-11-23,Facebook,Gurgaon,15000000,Villa,Sky Residency,Sachin Tendulkar
4865,2024-10-28,99acres,Bangalore,7900000,Plot,Palm Towers,Riya Kapoor
4866,2024-12-27,Google Ads,Hyderabad,8000000,Plot,Palm Towers,Praveen Tambe
4867,2024-06-02,Housing,Bangalore,15800000,Plot,Palm Towers,Shefali Mehta
4868,2024-11-07,Google Ads,Hyderabad,9900000,Plot,Palm Towers,Aman Sharma
4869,2024-05-05,Google Ads,Bangalore,9800000,Villa,Elite Heights,Aman Sharma
4870,2024-11-04,Facebook,Pune,14400000,Plot,Sky Residency,Aman Sharma
4871,2024-03-06,Referral,Bangalore,11500000,Apartment,Elite Heights,Rohit Sharma
4872,2024-05-08,Google Ads,Gurgaon,14300000,Apartment,Elite Heights,Ravi Mehta
4873,2024-11-05,Housing,Bangalore,17800000,Villa,Urban Square,Priya Kapoor
4874,2024-04-14,Facebook,Gurgaon,16400000,Plot,Urban Square,Riya Kapoor
4875,2024-07-31,99acres,Pune,19200000,Plot,Palm Towers,Riya Kapoor
4876,2024-03-05,Housing,Mumbai,15800000,Villa,Urban Square,Priya Kapoor
4877,2024-01-08,Walk-in,Pune,13500000,Villa,Urban Square,Aman Sharma
4878,2024-06-15,Google Ads,Gurgaon,18500000,Villa,Sky Residency,Ravi Mehta
4879,2024-01-25,Facebook,Noida,17700000,Plot,Palm Towers,Ravi Mehta
4880,2024-02-26,Google Ads,Pune,8200000,Apartment,Sky Residency,Priya Kapoor
4881,2024-10-07,Google Ads,Gurgaon,11000000,Apartment,Palm Towers,Shefali Mehta
4882,2024-07-08,99acres,Pune,12000000,Villa,Palm Towers,Viral Kohli
4883,2024-02-07,Housing,Pune,7100000,Villa,Palm Towers,Aman Sharma
4884,2024-02-25,Facebook,Noida,7700000,Plot,Green Valley,Ravi Mehta
4885,2024-10-22,Facebook,Pune,6000000,Villa,Urban Square,Viral Kohli
4886,2024-05-13,Housing,Bangalore,3200000,Villa,Elite Heights,Praveen Tambe
4887,2024-05-29,99acres,Gurgaon,8000000,Plot,Sky Residency,Praveen Tambe
4888,2024-04-10,99acres,Hyderabad,15500000,Plot,Palm Towers,Priya Kapoor
4889,2024-07-30,Google Ads,Bangalore,4000000,Villa,Urban Square,Aman Sharma
4890,2024-01-10,Google Ads,Hyderabad,12000000,Apartment,Green Valley,Neha Singh
4891,2024-06-10,Facebook,Hyderabad,12500000,Villa,Green Valley,Priya Kapoor
4892,2024-05-28,Referral,Noida,9800000,Plot,Green Valley,Praveen Tambe
4893,2024-11-08,Channel Partner,Gurgaon,4100000,Apartment,Elite Heights,Ravi Mehta
4894,2024-03-15,Housing,Noida,8300000,Villa,Sky Residency,Sachin Tendulkar
4895,2024-09-15,Google Ads,Pune,6100000,Plot,Elite Heights,Aman Sharma
4896,2024-01-12,Channel Partner,Gurgaon,11200000,Villa,Sky Residency,Shefali Mehta
4897,2024-07-24,Referral,Hyderabad,12700000,Villa,Urban Square,Neha Singh
4898,2024-10-19,Channel Partner,Pune,3200000,Plot,Sky Residency,Neha Singh
4899,2024-05-19,Walk-in,Mumbai,15800000,Plot,Green Valley,Riya Kapoor
4900,2024-04-26,Google Ads,Hyderabad,4500000,Villa,Green Valley,Neha Singh
4901,2024-02-28,Google Ads,Gurgaon,7600000,Apartment,Palm Towers,Neha Singh
4902,2024-10-01,Google Ads,Gurgaon,4500000,Plot,Palm Towers,Ravi Mehta
4903,2024-04-24,99acres,Mumbai,8400000,Plot,Palm Towers,Neha Singh
4904,2024-06-27,99acres,Gurgaon,10700000,Apartment,Sky Residency,Riya Kapoor
4905,2024-02-14,Channel Partner,Bangalore,7000000,Apartment,Urban Square,Rohit Sharma
4906,2024-10-08,Channel Partner,Pune,11700000,Plot,Urban Square,Priya Kapoor
4907,2024-11-24,Referral,Gurgaon,19100000,Villa,Urban Square,Riya Kapoor
4908,2024-05-29,Google Ads,Hyderabad,18800000,Plot,Urban Square,Priya Kapoor
4909,2024-08-23,Channel Partner,Gurgaon,10200000,Apartment,Urban Square,Priya Kapoor
4910,2024-05-18,Walk-in,Pune,7100000,Plot,Elite Heights,Aman Sharma
4911,2024-01-06,Google Ads,Pune,11700000,Apartment,Palm Towers,Viral Kohli
4912,2024-06-13,Google Ads,Mumbai,4800000,Plot,Elite Heights,Ravi Mehta
4913,2024-07-06,Housing,Pune,6300000,Villa,Green Valley,Riya Kapoor
4914,2024-11-25,Google Ads,Noida,13500000,Plot,Urban Square,Ravi Mehta
4915,2024-12-11,99acres,Pune,18200000,Apartment,Sky Residency,Rohit Sharma
4916,2024-02-18,Channel Partner,Hyderabad,7100000,Plot,Sky Residency,Praveen Tambe
4917,2024-09-06,Walk-in,Mumbai,17200000,Apartment,Sky Residency,Praveen Tambe
4918,2024-02-18,Facebook,Pune,6800000,Villa,Urban Square,Praveen Tambe
4919,2024-09-26,Channel Partner,Gurgaon,6000000,Villa,Green Valley,Neha Singh
4920,2024-03-09,Facebook,Bangalore,17400000,Apartment,Sky Residency,Neha Singh
4921,2024-08-02,Google Ads,Hyderabad,10200000,Apartment,Urban Square,Shefali Mehta
4922,2024-06-02,Housing,Pune,5600000,Plot,Palm Towers,Priya Kapoor
4923,2024-10-23,Walk-in,Mumbai,18800000,Apartment,Sky Residency,Aman Sharma
4924,2024-11-10,Housing,Noida,3500000,Apartment,Palm Towers,Riya Kapoor
4925,2024-09-11,Google Ads,Bangalore,10500000,Apartment,Urban Square,Priya Kapoor
4926,2024-09-25,Walk-in,Gurgaon,13300000,Plot,Elite Heights,Neha Singh
4927,2024-07-17,Facebook,Noida,15900000,Plot,Palm Towers,Neha Singh
4928,2024-11-21,Facebook,Gurgaon,12000000,Villa,Green Valley,Neha Singh
4929,2024-09-07,Google Ads,Bangalore,3400000,Plot,Green Valley,Shefali Mehta
4930,2024-04-27,Housing,Noida,12400000,Villa,Urban Square,Riya Kapoor
4931,2024-03-10,Housing,Gurgaon,17000000,Villa,Green Valley,Sachin Tendulkar
4932,2024-10-28,Channel Partner,Gurgaon,3100000,Plot,Urban Square,Priya Kapoor
4933,2024-09-27,99acres,Hyderabad,12200000,Villa,Urban Square,Priya Kapoor
4934,2024-02-05,Google Ads,Pune,14300000,Apartment,Palm Towers,Priya Kapoor
4935,2024-09-01,Housing,Pune,8800000,Apartment,Elite Heights,Viral Kohli
4936,2024-03-20,Google Ads,Pune,19000000,Apartment,Sky Residency,Rohit Sharma
4937,2024-09-13,Housing,Noida,18600000,Villa,Elite Heights,Riya Kapoor
4938,2024-08-17,Referral,Gurgaon,15300000,Villa,Elite Heights,Shefali Mehta
4939,2024-07-15,Google Ads,Pune,19300000,Plot,Elite Heights,Rohit Sharma
4940,2024-12-31,Referral,Hyderabad,13800000,Apartment,Palm Towers,Viral Kohli
4941,2024-05-13,Facebook,Gurgaon,3200000,Plot,Urban Square,Aman Sharma
4942,2024-09-08,Walk-in,Mumbai,19300000,Villa,Green Valley,Praveen Tambe
4943,2024-08-22,Google Ads,Hyderabad,16800000,Plot,Urban Square,Aman Sharma
4944,2024-04-02,Channel Partner,Bangalore,16600000,Apartment,Palm Towers,Priya Kapoor
4945,2024-01-13,Google Ads,Mumbai,4500000,Apartment,Elite Heights,Ravi Mehta
4946,2024-11-22,Google Ads,Mumbai,8800000,Villa,Elite Heights,Viral Kohli
4947,2024-06-25,Walk-in,Pune,12200000,Villa,Urban Square,Praveen Tambe
4948,2024-04-03,Channel Partner,Gurgaon,15300000,Villa,Urban Square,Viral Kohli
4949,2024-01-20,Facebook,Bangalore,14300000,Villa,Urban Square,Priya Kapoor
4950,2024-08-06,Facebook,Mumbai,11500000,Plot,Palm Towers,Aman Sharma
4951,2024-04-24,Google Ads,Gurgaon,5400000,Villa,Elite Heights,Ravi Mehta
4952,2024-12-28,99acres,Mumbai,8800000,Plot,Sky Residency,Shefali Mehta
4953,2024-11-03,Facebook,Gurgaon,15400000,Villa,Elite Heights,Sachin Tendulkar
4954,2024-12-14,Facebook,Noida,12500000,Villa,Elite Heights,Aman Sharma
4955,2024-03-02,Facebook,Noida,15500000,Apartment,Palm Towers,Shefali Mehta
4956,2024-09-10,Referral,Hyderabad,15100000,Apartment,Green Valley,Viral Kohli
4957,2024-07-13,Referral,Noida,4200000,Plot,Elite Heights,Riya Kapoor
4958,2024-04-11,99acres,Gurgaon,15100000,Apartment,Green Valley,Viral Kohli
4959,2024-11-24,Referral,Gurgaon,19800000,Plot,Elite Heights,Priya Kapoor
4960,2024-01-10,Google Ads,Bangalore,11700000,Villa,Elite Heights,Rohit Sharma
4961,2024-06-21,Housing,Gurgaon,8300000,Plot,Elite Heights,Neha Singh
4962,2024-02-21,Google Ads,Mumbai,4700000,Apartment,Urban Square,Priya Kapoor
4963,2024-06-11,99acres,Gurgaon,13200000,Plot,Palm Towers,Riya Kapoor
4964,2024-11-21,Google Ads,Mumbai,5300000,Plot,Urban Square,Ravi Mehta
4965,2024-10-20,Housing,Hyderabad,14000000,Villa,Green Valley,Rohit Sharma
4966,2024-04-22,99acres,Gurgaon,12400000,Villa,Sky Residency,Riya Kapoor
4967,2024-08-14,Google Ads,Pune,6600000,Plot,Sky Residency,Neha Singh
4968,2024-05-31,Housing,Bangalore,13900000,Apartment,Green Valley,Rohit Sharma
4969,2024-06-28,99acres,Mumbai,15100000,Villa,Elite Heights,Rohit Sharma
4970,2024-10-17,Channel Partner,Pune,9000000,Villa,Urban Square,Ravi Mehta
4971,2024-08-23,Housing,Bangalore,3100000,Apartment,Sky Residency,Sachin Tendulkar
4972,2024-04-15,Housing,Pune,3400000,Villa,Green Valley,Praveen Tambe
4973,2024-04-07,99acres,Gurgaon,18400000,Villa,Sky Residency,Ravi Mehta
4974,2024-08-28,Facebook,Hyderabad,13400000,Plot,Sky Residency,Priya Kapoor
4975,2024-02-19,Google Ads,Noida,13800000,Apartment,Sky Residency,Neha Singh
4976,2024-10-22,Facebook,Hyderabad,8200000,Villa,Sky Residency,Priya Kapoor
4977,2024-02-27,Walk-in,Noida,4200000,Villa,Sky Residency,Shefali Mehta
4978,2024-09-14,Google Ads,Hyderabad,3900000,Apartment,Elite Heights,Priya Kapoor
4979,2024-06-16,Facebook,Mumbai,10700000,Apartment,Palm Towers,Shefali Mehta
4980,2024-01-30,Google Ads,Noida,7300000,Villa,Green Valley,Shefali Mehta
4981,2024-08-13,Housing,Gurgaon,12900000,Villa,Elite Heights,Rohit Sharma
4982,2024-01-15,Facebook,Mumbai,3000000,Villa,Urban Square,Ravi Mehta
4983,2024-07-22,Walk-in,Hyderabad,12800000,Plot,Elite Heights,Ravi Mehta
4984,2024-05-14,Google Ads,Bangalore,14700000,Plot,Green Valley,Riya Kapoor
4985,2024-04-30,Housing,Noida,3300000,Apartment,Elite Heights,Praveen Tambe
4986,2024-03-11,Housing,Gurgaon,12100000,Apartment,Urban Square,Praveen Tambe
4987,2024-03-02,Channel Partner,Gurgaon,19000000,Plot,Sky Residency,Riya Kapoor
4988,2024-09-26,Google Ads,Bangalore,13700000,Villa,Urban Square,Rohit Sharma
4989,2024-06-26,99acres,Noida,3200000,Plot,Elite Heights,Viral Kohli
4990,2024-06-24,Google Ads,Bangalore,10900000,Plot,Green Valley,Shefali Mehta
4991,2024-07-20,99acres,Bangalore,9100000,Plot,Palm Towers,Rohit Sharma
4992,2024-04-18,Walk-in,Hyderabad,19700000,Apartment,Elite Heights,Shefali Mehta
4993,2024-10-24,99acres,Gurgaon,10700000,Apartment,Sky Residency,Priya Kapoor
4994,2024-10-10,Google Ads,Pune,8400000,Plot,Sky Residency,Priya Kapoor
4995,2024-10-11,Google Ads,Gurgaon,19000000,Apartment,Elite Heights,Ravi Mehta
4996,2024-11-17,Walk-in,Bangalore,3400000,Apartment,Palm Towers,Ravi Mehta
4997,2024-08-20,Housing,Mumbai,7100000,Plot,Sky Residency,Sachin Tendulkar
4998,2024-03-05,Housing,Mumbai,19700000,Villa,Sky Residency,Viral Kohli
4999,2024-08-07,Google Ads,Pune,16100000,Plot,Green Valley,Aman Sharma
5000,2024-12-05,Google Ads,Mumbai,7000000,Villa,Sky Residency,Aman Sharma
5001,2024-03-06,Google Ads,Mumbai,18000000,Villa,Elite Heights,Priya Kapoor
5002,2024-06-14,99acres,Noida,3300000,Apartment,Green Valley,Rohit Sharma
5003,2024-01-07,Facebook,Gurgaon,11300000,Plot,Urban Square,Viral Kohli
5004,2024-11-17,Google Ads,Gurgaon,7300000,Apartment,Elite Heights,Viral Kohli
5005,2024-08-28,99acres,Gurgaon,12100000,Plot,Palm Towers,Sachin Tendulkar
5006,2024-06-13,Google Ads,Bangalore,16400000,Villa,Green Valley,Sachin Tendulkar
5007,2024-01-05,99acres,Noida,8200000,Plot,Elite Heights,Shefali Mehta
5008,2024-08-01,Google Ads,Gurgaon,18200000,Plot,Sky Residency,Aman Sharma
5009,2024-07-18,Facebook,Noida,9300000,Villa,Palm Towers,Ravi Mehta
5010,2024-04-16,Google Ads,Pune,7100000,Villa,Sky Residency,Sachin Tendulkar
5011,2024-05-07,Google Ads,Gurgaon,12600000,Plot,Urban Square,Neha Singh
5012,2024-12-13,Facebook,Bangalore,16100000,Apartment,Palm Towers,Aman Sharma
5013,2024-02-11,Google Ads,Gurgaon,3200000,Plot,Elite Heights,Shefali Mehta
5014,2024-05-04,Facebook,Noida,4900000,Villa,Green Valley,Shefali Mehta
5015,2024-09-11,Facebook,Pune,7400000,Apartment,Elite Heights,Sachin Tendulkar
5016,2024-08-05,Google Ads,Gurgaon,15500000,Plot,Sky Residency,Praveen Tambe
5017,2024-11-03,99acres,Mumbai,7900000,Plot,Sky Residency,Ravi Mehta
5018,2024-05-09,Facebook,Noida,4400000,Villa,Palm Towers,Ravi Mehta
5019,2024-11-23,Google Ads,Noida,11500000,Villa,Sky Residency,Ravi Mehta
5020,2024-09-17,Facebook,Mumbai,17000000,Villa,Green Valley,Rohit Sharma
5021,2024-05-27,99acres,Noida,4700000,Plot,Urban Square,Viral Kohli
5022,2024-01-09,Walk-in,Pune,18200000,Plot,Green Valley,Shefali Mehta
5023,2024-08-08,Facebook,Hyderabad,17500000,Villa,Urban Square,Priya Kapoor
5024,2024-08-12,Walk-in,Gurgaon,19500000,Plot,Sky Residency,Praveen Tambe
5025,2024-06-11,Google Ads,Mumbai,18800000,Plot,Urban Square,Rohit Sharma
5026,2024-11-01,Channel Partner,Noida,4200000,Villa,Sky Residency,Ravi Mehta
5027,2024-12-12,Facebook,Bangalore,17500000,Villa,Urban Square,Viral Kohli
5028,2024-10-04,Google Ads,Mumbai,13600000,Plot,Palm Towers,Rohit Sharma
5029,2024-03-24,99acres,Gurgaon,19400000,Plot,Green Valley,Aman Sharma
5030,2024-07-12,Google Ads,Mumbai,13400000,Apartment,Sky Residency,Priya Kapoor
5031,2024-07-28,Channel Partner,Mumbai,18800000,Villa,Urban Square,Neha Singh
5032,2024-05-31,Google Ads,Mumbai,10300000,Villa,Sky Residency,Rohit Sharma
5033,2024-04-19,Facebook,Pune,10200000,Plot,Elite Heights,Ravi Mehta
5034,2024-06-18,Facebook,Bangalore,3700000,Villa,Sky Residency,Riya Kapoor
5035,2024-03-17,Facebook,Gurgaon,5500000,Villa,Urban Square,Viral Kohli
5036,2024-01-04,Referral,Hyderabad,4100000,Villa,Green Valley,Priya Kapoor
5037,2024-02-14,Channel Partner,Hyderabad,5800000,Plot,Elite Heights,Neha Singh
5038,2024-08-28,99acres,Bangalore,10000000,Apartment,Urban Square,Neha Singh
5039,2024-06-27,Walk-in,Noida,7800000,Plot,Palm Towers,Aman Sharma
5040,2024-08-14,Channel Partner,Gurgaon,4200000,Apartment,Green Valley,Sachin Tendulkar
5041,2024-05-18,Facebook,Noida,10700000,Villa,Green Valley,Aman Sharma
5042,2024-04-17,Google Ads,Hyderabad,12800000,Apartment,Urban Square,Priya Kapoor
5043,2024-08-10,Referral,Hyderabad,15500000,Apartment,Urban Square,Neha Singh
5044,2024-05-25,Channel Partner,Gurgaon,16400000,Apartment,Urban Square,Viral Kohli
5045,2024-02-10,Walk-in,Hyderabad,17100000,Apartment,Sky Residency,Riya Kapoor
5046,2024-05-23,Facebook,Mumbai,13000000,Apartment,Elite Heights,Shefali Mehta
5047,2024-06-18,Google Ads,Mumbai,17200000,Villa,Urban Square,Aman Sharma
5048,2024-02-26,Google Ads,Gurgaon,15800000,Apartment,Palm Towers,Praveen Tambe
5049,2024-02-24,Google Ads,Bangalore,7300000,Plot,Sky Residency,Neha Singh
5050,2024-06-15,Facebook,Hyderabad,12200000,Villa,Elite Heights,Neha Singh
5051,2024-02-13,Walk-in,Gurgaon,7200000,Plot,Urban Square,Riya Kapoor
5052,2024-01-29,Facebook,Pune,16000000,Villa,Elite Heights,Aman Sharma
5053,2024-12-24,Google Ads,Gurgaon,3400000,Villa,Elite Heights,Shefali Mehta
5054,2024-05-08,Facebook,Hyderabad,5100000,Plot,Sky Residency,Shefali Mehta
5055,2024-06-22,Housing,Gurgaon,14900000,Apartment,Elite Heights,Ravi Mehta
5056,2024-11-25,Facebook,Mumbai,16400000,Apartment,Sky Residency,Neha Singh
5057,2024-05-31,Google Ads,Gurgaon,7300000,Villa,Urban Square,Riya Kapoor
5058,2024-02-13,Referral,Mumbai,15300000,Plot,Palm Towers,Riya Kapoor
5059,2024-11-26,Facebook,Gurgaon,15300000,Apartment,Palm Towers,Neha Singh
5060,2024-07-23,Channel Partner,Bangalore,9600000,Plot,Palm Towers,Aman Sharma
5061,2024-04-30,99acres,Mumbai,19900000,Villa,Palm Towers,Praveen Tambe
5062,2024-02-23,Housing,Mumbai,11500000,Plot,Palm Towers,Priya Kapoor
5063,2024-07-09,Google Ads,Gurgaon,17800000,Apartment,Palm Towers,Praveen Tambe
5064,2024-02-26,99acres,Gurgaon,15100000,Villa,Urban Square,Ravi Mehta
5065,2024-09-29,Housing,Pune,19100000,Plot,Elite Heights,Priya Kapoor
5066,2024-01-16,Channel Partner,Bangalore,7500000,Villa,Green Valley,Riya Kapoor
5067,2024-11-13,Facebook,Pune,5000000,Apartment,Urban Square,Aman Sharma
5068,2024-02-07,Referral,Pune,18400000,Apartment,Elite Heights,Ravi Mehta
5069,2024-11-25,Google Ads,Noida,12000000,Plot,Green Valley,Priya Kapoor
5070,2024-11-08,Google Ads,Pune,13600000,Villa,Palm Towers,Ravi Mehta
5071,2024-10-28,Housing,Pune,17500000,Villa,Sky Residency,Rohit Sharma
5072,2024-06-09,Facebook,Noida,3200000,Plot,Urban Square,Riya Kapoor
5073,2024-07-28,Google Ads,Pune,8300000,Villa,Elite Heights,Viral Kohli
5074,2024-03-18,Housing,Gurgaon,12400000,Villa,Elite Heights,Aman Sharma
5075,2024-09-15,Channel Partner,Gurgaon,6300000,Villa,Sky Residency,Priya Kapoor
5076,2024-05-23,Google Ads,Gurgaon,18300000,Villa,Green Valley,Priya Kapoor
5077,2024-01-16,99acres,Pune,12900000,Plot,Green Valley,Riya Kapoor
5078,2024-03-26,Google Ads,Mumbai,19900000,Apartment,Green Valley,Riya Kapoor
5079,2024-02-29,Walk-in,Pune,18200000,Villa,Palm Towers,Riya Kapoor
5080,2024-10-09,99acres,Gurgaon,14900000,Villa,Sky Residency,Riya Kapoor
5081,2024-12-28,Google Ads,Bangalore,4900000,Plot,Sky Residency,Riya Kapoor
5082,2024-01-08,99acres,Mumbai,13600000,Plot,Elite Heights,Rohit Sharma
5083,2024-02-28,Housing,Noida,14800000,Apartment,Elite Heights,Viral Kohli
5084,2024-08-25,Google Ads,Hyderabad,19700000,Villa,Elite Heights,Viral Kohli
5085,2024-04-27,99acres,Pune,19800000,Villa,Urban Square,Riya Kapoor
5086,2024-08-04,Walk-in,Pune,3200000,Apartment,Elite Heights,Ravi Mehta
5087,2024-05-23,Google Ads,Gurgaon,8700000,Villa,Sky Residency,Viral Kohli
5088,2024-08-14,Channel Partner,Gurgaon,5600000,Apartment,Urban Square,Ravi Mehta
5089,2024-08-30,Google Ads,Mumbai,7900000,Plot,Green Valley,Aman Sharma
5090,2024-07-28,99acres,Pune,8400000,Plot,Green Valley,Ravi Mehta
5091,2024-07-09,Walk-in,Gurgaon,15400000,Villa,Green Valley,Riya Kapoor
5092,2024-03-10,Google Ads,Noida,13400000,Villa,Sky Residency,Praveen Tambe
5093,2024-04-13,Google Ads,Mumbai,6300000,Apartment,Palm Towers,Shefali Mehta
5094,2024-05-22,Facebook,Gurgaon,16400000,Villa,Urban Square,Shefali Mehta
5095,2024-05-04,Google Ads,Mumbai,12700000,Plot,Green Valley,Neha Singh
5096,2024-08-25,Housing,Gurgaon,4800000,Apartment,Urban Square,Sachin Tendulkar
5097,2024-04-21,Referral,Mumbai,17800000,Apartment,Elite Heights,Aman Sharma
5098,2024-08-22,99acres,Bangalore,11300000,Apartment,Urban Square,Shefali Mehta
5099,2024-11-07,99acres,Gurgaon,4200000,Apartment,Sky Residency,Riya Kapoor
5100,2024-04-15,Google Ads,Mumbai,19600000,Plot,Sky Residency,Rohit Sharma
5101,2024-08-09,Channel Partner,Bangalore,11500000,Plot,Sky Residency,Riya Kapoor
5102,2024-06-15,Google Ads,Mumbai,5900000,Apartment,Elite Heights,Neha Singh
5103,2024-12-01,Referral,Mumbai,13100000,Villa,Green Valley,Rohit Sharma
5104,2024-03-31,99acres,Pune,12000000,Apartment,Elite Heights,Praveen Tambe
5105,2024-05-05,Facebook,Pune,16700000,Plot,Palm Towers,Sachin Tendulkar
5106,2024-10-30,Referral,Noida,15700000,Plot,Sky Residency,Sachin Tendulkar
5107,2024-09-16,Channel Partner,Bangalore,17000000,Apartment,Elite Heights,Riya Kapoor
5108,2024-01-05,Channel Partner,Hyderabad,15600000,Villa,Elite Heights,Priya Kapoor
5109,2024-07-22,Facebook,Gurgaon,11000000,Plot,Elite Heights,Aman Sharma
5110,2024-06-22,99acres,Noida,7400000,Villa,Green Valley,Rohit Sharma
5111,2024-10-31,Google Ads,Gurgaon,17300000,Villa,Urban Square,Shefali Mehta
5112,2024-04-10,99acres,Hyderabad,19900000,Villa,Elite Heights,Praveen Tambe
5113,2024-08-12,Facebook,Noida,17700000,Plot,Green Valley,Neha Singh
5114,2024-06-09,Walk-in,Hyderabad,14400000,Apartment,Green Valley,Neha Singh
5115,2024-10-02,Referral,Mumbai,9600000,Villa,Green Valley,Praveen Tambe
5116,2024-08-12,Housing,Hyderabad,10700000,Villa,Palm Towers,Rohit Sharma
5117,2024-11-26,99acres,Mumbai,7800000,Plot,Urban Square,Praveen Tambe
5118,2024-02-22,Facebook,Bangalore,19600000,Villa,Green Valley,Ravi Mehta
5119,2024-03-25,Housing,Bangalore,6100000,Villa,Elite Heights,Ravi Mehta
5120,2024-02-07,Housing,Bangalore,13100000,Villa,Green Valley,Riya Kapoor
5121,2024-04-09,99acres,Hyderabad,14100000,Plot,Elite Heights,Ravi Mehta
5122,2024-02-08,Google Ads,Noida,3400000,Plot,Sky Residency,Priya Kapoor
5123,2024-02-24,Facebook,Hyderabad,3600000,Villa,Green Valley,Shefali Mehta
5124,2024-06-27,Walk-in,Gurgaon,7500000,Plot,Green Valley,Viral Kohli
5125,2024-07-04,99acres,Noida,8500000,Apartment,Sky Residency,Rohit Sharma
5126,2024-02-23,Referral,Hyderabad,4300000,Apartment,Sky Residency,Praveen Tambe
5127,2024-05-01,Facebook,Gurgaon,14400000,Plot,Urban Square,Shefali Mehta
5128,2024-06-18,99acres,Noida,5900000,Villa,Sky Residency,Ravi Mehta
5129,2024-11-08,Referral,Bangalore,6400000,Plot,Sky Residency,Neha Singh
5130,2024-04-14,Channel Partner,Noida,17300000,Villa,Palm Towers,Aman Sharma
5131,2024-07-15,Referral,Pune,16900000,Plot,Green Valley,Riya Kapoor
5132,2024-07-24,99acres,Gurgaon,19600000,Villa,Elite Heights,Priya Kapoor
5133,2024-01-07,99acres,Gurgaon,18600000,Apartment,Urban Square,Ravi Mehta
5134,2024-04-11,Google Ads,Pune,10200000,Villa,Green Valley,Sachin Tendulkar
5135,2024-04-05,Facebook,Gurgaon,3400000,Apartment,Palm Towers,Priya Kapoor
5136,2024-02-24,Google Ads,Mumbai,7500000,Apartment,Urban Square,Viral Kohli
5137,2024-11-30,Walk-in,Mumbai,18600000,Apartment,Elite Heights,Ravi Mehta
5138,2024-06-28,Facebook,Noida,9400000,Villa,Elite Heights,Shefali Mehta
5139,2024-07-24,Channel Partner,Mumbai,14500000,Villa,Elite Heights,Praveen Tambe
5140,2024-04-07,Housing,Pune,4200000,Villa,Sky Residency,Viral Kohli
5141,2024-12-03,Referral,Mumbai,20000000,Villa,Urban Square,Neha Singh
5142,2024-10-28,Google Ads,Hyderabad,10200000,Villa,Green Valley,Riya Kapoor
5143,2024-07-13,Google Ads,Hyderabad,10400000,Apartment,Palm Towers,Ravi Mehta
5144,2024-09-29,Google Ads,Noida,5500000,Apartment,Urban Square,Neha Singh
5145,2024-07-29,99acres,Mumbai,12700000,Plot,Elite Heights,Ravi Mehta
5146,2024-09-04,Google Ads,Hyderabad,8500000,Apartment,Sky Residency,Aman Sharma
5147,2024-10-15,99acres,Mumbai,17000000,Apartment,Green Valley,Shefali Mehta
5148,2024-12-23,Facebook,Noida,6400000,Villa,Palm Towers,Shefali Mehta
5149,2024-12-07,99acres,Noida,17000000,Villa,Sky Residency,Shefali Mehta
5150,2024-02-08,Referral,Mumbai,6200000,Villa,Sky Residency,Shefali Mehta
5151,2024-06-30,Channel Partner,Noida,11300000,Villa,Elite Heights,Ravi Mehta
5152,2024-06-20,Referral,Mumbai,3000000,Villa,Green Valley,Aman Sharma
5153,2024-09-02,Facebook,Gurgaon,18800000,Villa,Urban Square,Riya Kapoor
5154,2024-04-03,Facebook,Noida,6700000,Plot,Green Valley,Riya Kapoor
5155,2024-10-21,Google Ads,Bangalore,13700000,Apartment,Palm Towers,Priya Kapoor
5156,2024-11-16,Housing,Gurgaon,10200000,Plot,Elite Heights,Rohit Sharma
5157,2024-01-08,Housing,Bangalore,16900000,Villa,Elite Heights,Ravi Mehta
5158,2024-07-26,Google Ads,Mumbai,16600000,Apartment,Elite Heights,Viral Kohli
5159,2024-09-16,Facebook,Gurgaon,18200000,Villa,Palm Towers,Rohit Sharma
5160,2024-08-05,Google Ads,Mumbai,8700000,Apartment,Elite Heights,Praveen Tambe
5161,2024-03-11,Facebook,Mumbai,9300000,Apartment,Elite Heights,Ravi Mehta
5162,2024-08-23,Google Ads,Noida,3100000,Apartment,Elite Heights,Sachin Tendulkar
5163,2024-03-19,Google Ads,Mumbai,10200000,Plot,Palm Towers,Sachin Tendulkar
5164,2024-03-12,Channel Partner,Noida,11600000,Apartment,Green Valley,Praveen Tambe
5165,2024-03-28,Google Ads,Mumbai,3300000,Apartment,Sky Residency,Priya Kapoor
5166,2024-06-22,Google Ads,Pune,19000000,Plot,Green Valley,Riya Kapoor
5167,2024-02-21,Channel Partner,Bangalore,9400000,Plot,Palm Towers,Ravi Mehta
5168,2024-01-19,Facebook,Noida,11800000,Apartment,Urban Square,Neha Singh
5169,2024-10-30,Google Ads,Noida,7900000,Apartment,Palm Towers,Shefali Mehta
5170,2024-01-17,Housing,Hyderabad,9700000,Villa,Sky Residency,Sachin Tendulkar
5171,2024-09-27,Walk-in,Mumbai,5700000,Plot,Urban Square,Priya Kapoor
5172,2024-01-02,Housing,Bangalore,18800000,Plot,Palm Towers,Aman Sharma
5173,2024-07-13,Housing,Pune,11800000,Plot,Palm Towers,Viral Kohli
5174,2024-04-19,Channel Partner,Bangalore,19000000,Apartment,Sky Residency,Rohit Sharma
5175,2024-03-14,99acres,Noida,16900000,Plot,Urban Square,Ravi Mehta
5176,2024-11-02,Google Ads,Gurgaon,7800000,Villa,Urban Square,Sachin Tendulkar
5177,2024-04-28,Google Ads,Hyderabad,13500000,Plot,Elite Heights,Neha Singh
5178,2024-02-01,Channel Partner,Gurgaon,12200000,Villa,Sky Residency,Shefali Mehta
5179,2024-11-05,Referral,Noida,17100000,Villa,Elite Heights,Neha Singh
5180,2024-04-27,Referral,Gurgaon,5800000,Villa,Elite Heights,Shefali Mehta
5181,2024-11-13,Google Ads,Mumbai,3000000,Villa,Urban Square,Neha Singh
5182,2024-10-23,Housing,Gurgaon,3700000,Apartment,Elite Heights,Rohit Sharma
5183,2024-04-09,Facebook,Bangalore,17100000,Apartment,Urban Square,Praveen Tambe
5184,2024-02-14,Google Ads,Bangalore,3600000,Apartment,Green Valley,Rohit Sharma
5185,2024-01-17,Channel Partner,Noida,16900000,Plot,Palm Towers,Neha Singh
5186,2024-10-02,99acres,Gurgaon,12300000,Plot,Urban Square,Sachin Tendulkar
5187,2024-08-28,Housing,Noida,14000000,Apartment,Elite Heights,Rohit Sharma
5188,2024-01-06,Google Ads,Mumbai,19200000,Villa,Palm Towers,Neha Singh
5189,2024-11-19,Facebook,Mumbai,6500000,Villa,Urban Square,Priya Kapoor
5190,2024-02-13,Facebook,Bangalore,3400000,Plot,Urban Square,Ravi Mehta
5191,2024-10-09,Facebook,Gurgaon,16900000,Apartment,Urban Square,Rohit Sharma
5192,2024-06-11,Facebook,Mumbai,3300000,Villa,Palm Towers,Priya Kapoor
5193,2024-03-09,Facebook,Pune,12700000,Apartment,Elite Heights,Ravi Mehta
5194,2024-03-30,Channel Partner,Gurgaon,17800000,Apartment,Urban Square,Shefali Mehta
5195,2024-10-07,99acres,Noida,11100000,Villa,Palm Towers,Sachin Tendulkar
5196,2024-01-07,Referral,Pune,16100000,Villa,Palm Towers,Priya Kapoor
5197,2024-07-21,Facebook,Pune,16300000,Apartment,Sky Residency,Ravi Mehta
5198,2024-12-11,Google Ads,Bangalore,9800000,Villa,Urban Square,Ravi Mehta
5199,2024-12-14,Google Ads,Mumbai,7300000,Apartment,Sky Residency,Shefali Mehta
5200,2024-02-08,Channel Partner,Pune,8600000,Apartment,Sky Residency,Ravi Mehta
5201,2024-02-24,99acres,Hyderabad,13300000,Villa,Green Valley,Priya Kapoor
5202,2024-07-16,Facebook,Mumbai,9200000,Plot,Elite Heights,Neha Singh
5203,2024-11-05,Walk-in,Noida,15700000,Villa,Sky Residency,Riya Kapoor
5204,2024-02-09,Google Ads,Gurgaon,19900000,Villa,Urban Square,Shefali Mehta
5205,2024-02-29,Walk-in,Bangalore,11100000,Plot,Green Valley,Sachin Tendulkar
5206,2024-10-30,Google Ads,Gurgaon,14500000,Villa,Sky Residency,Ravi Mehta
5207,2024-08-04,Facebook,Pune,9100000,Plot,Elite Heights,Shefali Mehta
5208,2024-05-17,Google Ads,Bangalore,14300000,Plot,Sky Residency,Ravi Mehta
5209,2024-03-24,Facebook,Mumbai,10700000,Villa,Palm Towers,Rohit Sharma
5210,2024-12-07,99acres,Bangalore,5900000,Apartment,Urban Square,Ravi Mehta
5211,2024-09-06,Channel Partner,Mumbai,10000000,Villa,Palm Towers,Riya Kapoor
5212,2024-11-08,Facebook,Mumbai,5500000,Plot,Palm Towers,Ravi Mehta
5213,2024-02-19,Facebook,Mumbai,6700000,Plot,Palm Towers,Neha Singh
5214,2024-03-25,Channel Partner,Gurgaon,12600000,Villa,Sky Residency,Neha Singh
5215,2024-10-07,Channel Partner,Pune,7600000,Plot,Elite Heights,Viral Kohli
5216,2024-02-04,Google Ads,Pune,16400000,Plot,Green Valley,Shefali Mehta
5217,2024-11-22,Referral,Noida,15000000,Apartment,Green Valley,Shefali Mehta
5218,2024-10-20,99acres,Gurgaon,19800000,Apartment,Green Valley,Viral Kohli
5219,2024-09-17,Google Ads,Hyderabad,5400000,Villa,Urban Square,Shefali Mehta
5220,2024-12-16,Housing,Gurgaon,16200000,Plot,Urban Square,Rohit Sharma
5221,2024-05-09,Facebook,Gurgaon,9200000,Apartment,Palm Towers,Priya Kapoor
5222,2024-04-04,99acres,Noida,7200000,Apartment,Urban Square,Rohit Sharma
5223,2024-09-06,Channel Partner,Pune,17500000,Villa,Green Valley,Viral Kohli
5224,2024-07-26,Google Ads,Mumbai,13900000,Villa,Urban Square,Shefali Mehta
5225,2024-10-18,Facebook,Pune,14600000,Plot,Sky Residency,Priya Kapoor
5226,2024-01-26,Housing,Hyderabad,20000000,Villa,Green Valley,Sachin Tendulkar
5227,2024-09-19,Google Ads,Pune,3600000,Plot,Elite Heights,Viral Kohli
5228,2024-08-29,Google Ads,Gurgaon,18700000,Villa,Palm Towers,Aman Sharma
5229,2024-02-06,99acres,Gurgaon,3500000,Apartment,Green Valley,Viral Kohli
5230,2024-02-15,99acres,Gurgaon,12400000,Villa,Green Valley,Aman Sharma
5231,2024-04-21,Facebook,Bangalore,10300000,Plot,Sky Residency,Aman Sharma
5232,2024-05-08,Google Ads,Bangalore,16200000,Plot,Sky Residency,Ravi Mehta
5233,2024-02-25,Google Ads,Pune,10100000,Plot,Green Valley,Sachin Tendulkar
5234,2024-07-15,99acres,Noida,15900000,Villa,Urban Square,Sachin Tendulkar
5235,2024-11-23,Housing,Noida,19100000,Villa,Urban Square,Shefali Mehta
5236,2024-07-03,Facebook,Noida,4800000,Villa,Urban Square,Ravi Mehta
5237,2024-12-10,99acres,Mumbai,7600000,Plot,Green Valley,Riya Kapoor
5238,2024-10-10,Housing,Bangalore,14500000,Villa,Palm Towers,Viral Kohli
5239,2024-02-26,Housing,Noida,11300000,Villa,Green Valley,Praveen Tambe
5240,2024-11-10,Channel Partner,Pune,3500000,Plot,Sky Residency,Priya Kapoor
5241,2024-03-17,Facebook,Hyderabad,5800000,Plot,Elite Heights,Ravi Mehta
5242,2024-05-14,Google Ads,Mumbai,14000000,Villa,Palm Towers,Ravi Mehta
5243,2024-01-24,Walk-in,Hyderabad,3100000,Apartment,Green Valley,Sachin Tendulkar
5244,2024-11-14,Facebook,Bangalore,4800000,Villa,Elite Heights,Aman Sharma
5245,2024-11-29,Referral,Noida,4800000,Villa,Green Valley,Sachin Tendulkar
5246,2024-06-01,99acres,Gurgaon,5300000,Apartment,Urban Square,Praveen Tambe
5247,2024-02-19,Google Ads,Pune,5200000,Apartment,Urban Square,Aman Sharma
5248,2024-03-02,Facebook,Mumbai,5900000,Plot,Sky Residency,Rohit Sharma
5249,2024-01-25,Housing,Pune,12800000,Villa,Sky Residency,Priya Kapoor
5250,2024-07-11,Google Ads,Gurgaon,8700000,Villa,Sky Residency,Rohit Sharma
5251,2024-04-16,Facebook,Hyderabad,12200000,Plot,Sky Residency,Aman Sharma
5252,2024-12-21,Google Ads,Gurgaon,9300000,Plot,Elite Heights,Sachin Tendulkar
5253,2024-09-17,Facebook,Mumbai,16800000,Apartment,Green Valley,Viral Kohli
5254,2024-04-20,Housing,Mumbai,18500000,Villa,Green Valley,Viral Kohli
5255,2024-02-24,Google Ads,Mumbai,12000000,Apartment,Sky Residency,Viral Kohli
5256,2024-01-21,Google Ads,Noida,15500000,Apartment,Urban Square,Ravi Mehta
5257,2024-11-06,Google Ads,Noida,6200000,Plot,Green Valley,Shefali Mehta
5258,2024-04-13,99acres,Noida,14800000,Apartment,Elite Heights,Neha Singh
5259,2024-12-20,Facebook,Gurgaon,18300000,Villa,Elite Heights,Priya Kapoor
5260,2024-04-01,Facebook,Gurgaon,4200000,Plot,Urban Square,Riya Kapoor
5261,2024-09-04,Housing,Noida,17300000,Apartment,Sky Residency,Ravi Mehta
5262,2024-09-12,Channel Partner,Hyderabad,7800000,Villa,Green Valley,Viral Kohli
5263,2024-07-16,Channel Partner,Mumbai,16700000,Villa,Sky Residency,Praveen Tambe
5264,2024-04-28,Facebook,Bangalore,5300000,Plot,Sky Residency,Priya Kapoor
5265,2024-01-23,Google Ads,Noida,12900000,Villa,Sky Residency,Praveen Tambe
5266,2024-08-10,Google Ads,Pune,6600000,Plot,Elite Heights,Viral Kohli
5267,2024-08-08,Google Ads,Noida,17300000,Apartment,Green Valley,Priya Kapoor
5268,2024-09-16,Facebook,Noida,13900000,Villa,Palm Towers,Aman Sharma
5269,2024-06-18,Channel Partner,Gurgaon,4400000,Villa,Sky Residency,Priya Kapoor
5270,2024-10-03,Google Ads,Gurgaon,13800000,Villa,Palm Towers,Rohit Sharma
5271,2024-02-08,Housing,Bangalore,11900000,Apartment,Urban Square,Praveen Tambe
5272,2024-06-25,Referral,Pune,4800000,Apartment,Urban Square,Praveen Tambe
5273,2024-05-13,99acres,Noida,17700000,Plot,Palm Towers,Viral Kohli
5274,2024-10-06,Facebook,Mumbai,8300000,Plot,Palm Towers,Shefali Mehta
5275,2024-07-21,Facebook,Bangalore,8900000,Villa,Sky Residency,Viral Kohli
5276,2024-07-09,Facebook,Noida,15600000,Villa,Palm Towers,Viral Kohli
5277,2024-01-31,Google Ads,Hyderabad,18000000,Villa,Elite Heights,Ravi Mehta
5278,2024-12-18,Google Ads,Mumbai,14300000,Villa,Palm Towers,Aman Sharma
5279,2024-02-26,Facebook,Noida,18200000,Apartment,Sky Residency,Viral Kohli
5280,2024-03-15,Housing,Gurgaon,7700000,Plot,Urban Square,Shefali Mehta
5281,2024-04-05,Google Ads,Hyderabad,12800000,Villa,Palm Towers,Shefali Mehta
5282,2024-06-04,99acres,Noida,13500000,Apartment,Sky Residency,Sachin Tendulkar
5283,2024-04-01,Facebook,Bangalore,16000000,Apartment,Palm Towers,Shefali Mehta
5284,2024-07-21,Facebook,Noida,12300000,Villa,Elite Heights,Praveen Tambe
5285,2024-06-15,99acres,Bangalore,3500000,Villa,Palm Towers,Sachin Tendulkar
5286,2024-07-29,Referral,Bangalore,3600000,Apartment,Urban Square,Neha Singh
5287,2024-09-18,Google Ads,Pune,9800000,Plot,Urban Square,Viral Kohli
5288,2024-06-04,Google Ads,Mumbai,19600000,Apartment,Palm Towers,Aman Sharma
5289,2024-07-10,Google Ads,Bangalore,7800000,Apartment,Green Valley,Rohit Sharma
5290,2024-02-16,Google Ads,Bangalore,11100000,Plot,Sky Residency,Aman Sharma
5291,2024-01-02,Facebook,Gurgaon,11200000,Villa,Elite Heights,Rohit Sharma
5292,2024-09-02,Google Ads,Pune,9600000,Plot,Urban Square,Rohit Sharma
5293,2024-10-11,Facebook,Pune,8900000,Villa,Urban Square,Praveen Tambe
5294,2024-01-25,Housing,Hyderabad,17000000,Villa,Urban Square,Rohit Sharma
5295,2024-05-21,Facebook,Pune,13800000,Villa,Green Valley,Praveen Tambe
5296,2024-11-14,Google Ads,Mumbai,17600000,Plot,Urban Square,Praveen Tambe
5297,2024-09-19,Channel Partner,Bangalore,13900000,Plot,Green Valley,Priya Kapoor
5298,2024-08-01,Google Ads,Noida,14000000,Villa,Palm Towers,Rohit Sharma
5299,2024-04-15,99acres,Bangalore,11100000,Villa,Elite Heights,Praveen Tambe
5300,2024-07-11,99acres,Noida,19400000,Apartment,Palm Towers,Ravi Mehta
5301,2024-10-14,Facebook,Bangalore,15600000,Plot,Palm Towers,Praveen Tambe
5302,2024-10-28,Channel Partner,Mumbai,17000000,Villa,Urban Square,Riya Kapoor
5303,2024-07-28,Facebook,Gurgaon,10600000,Villa,Sky Residency,Priya Kapoor
5304,2024-09-07,Housing,Mumbai,7300000,Plot,Sky Residency,Neha Singh
5305,2024-08-08,Channel Partner,Gurgaon,7900000,Villa,Green Valley,Praveen Tambe
5306,2024-07-18,99acres,Bangalore,19000000,Villa,Urban Square,Praveen Tambe
5307,2024-09-04,99acres,Noida,18000000,Villa,Urban Square,Shefali Mehta
5308,2024-03-17,Housing,Pune,16500000,Apartment,Elite Heights,Priya Kapoor
5309,2024-06-10,Google Ads,Pune,4700000,Villa,Elite Heights,Viral Kohli
5310,2024-05-10,Walk-in,Gurgaon,16500000,Villa,Sky Residency,Viral Kohli
5311,2024-10-18,Facebook,Bangalore,8300000,Villa,Green Valley,Sachin Tendulkar
5312,2024-05-16,Walk-in,Noida,5500000,Apartment,Palm Towers,Ravi Mehta
5313,2024-09-21,Google Ads,Gurgaon,19900000,Plot,Urban Square,Rohit Sharma
5314,2024-11-01,Google Ads,Bangalore,7700000,Apartment,Sky Residency,Sachin Tendulkar
5315,2024-10-21,Google Ads,Gurgaon,17200000,Villa,Green Valley,Viral Kohli
5316,2024-10-19,Walk-in,Noida,5200000,Villa,Palm Towers,Viral Kohli
5317,2024-12-26,Facebook,Hyderabad,16800000,Plot,Sky Residency,Aman Sharma
5318,2024-12-24,Housing,Mumbai,16200000,Plot,Green Valley,Priya Kapoor
5319,2024-04-08,Google Ads,Bangalore,11200000,Apartment,Palm Towers,Praveen Tambe
5320,2024-06-28,Walk-in,Gurgaon,7600000,Villa,Palm Towers,Viral Kohli
5321,2024-01-09,Google Ads,Noida,19600000,Apartment,Elite Heights,Rohit Sharma
5322,2024-01-08,Referral,Gurgaon,6700000,Plot,Elite Heights,Praveen Tambe
5323,2024-03-25,Google Ads,Mumbai,9300000,Plot,Green Valley,Sachin Tendulkar
5324,2024-05-16,99acres,Mumbai,15700000,Plot,Green Valley,Sachin Tendulkar
5325,2024-10-07,Google Ads,Noida,7600000,Apartment,Urban Square,Sachin Tendulkar
5326,2024-05-03,Walk-in,Hyderabad,5200000,Plot,Elite Heights,Ravi Mehta
5327,2024-01-01,Walk-in,Gurgaon,13100000,Villa,Palm Towers,Priya Kapoor
5328,2024-05-11,Facebook,Hyderabad,12700000,Plot,Urban Square,Viral Kohli
5329,2024-12-16,Referral,Bangalore,11600000,Apartment,Green Valley,Aman Sharma
5330,2024-04-27,99acres,Pune,10100000,Villa,Palm Towers,Rohit Sharma
5331,2024-05-14,Referral,Mumbai,16500000,Villa,Palm Towers,Viral Kohli
5332,2024-06-23,Referral,Bangalore,11700000,Villa,Green Valley,Neha Singh
5333,2024-09-29,Google Ads,Noida,19700000,Plot,Urban Square,Aman Sharma
5334,2024-07-18,Google Ads,Hyderabad,7800000,Apartment,Sky Residency,Praveen Tambe
5335,2024-09-13,Google Ads,Bangalore,4600000,Villa,Elite Heights,Rohit Sharma
5336,2024-03-27,Facebook,Pune,11900000,Plot,Palm Towers,Ravi Mehta
5337,2024-10-21,Facebook,Pune,9600000,Apartment,Palm Towers,Priya Kapoor
5338,2024-04-17,Facebook,Mumbai,4900000,Plot,Palm Towers,Shefali Mehta
5339,2024-08-14,Walk-in,Pune,6300000,Plot,Sky Residency,Neha Singh
5340,2024-11-02,Referral,Noida,3100000,Villa,Sky Residency,Praveen Tambe
5341,2024-05-05,Channel Partner,Noida,19300000,Apartment,Sky Residency,Priya Kapoor
5342,2024-08-21,Google Ads,Mumbai,7900000,Villa,Urban Square,Praveen Tambe
5343,2024-01-08,Facebook,Noida,18400000,Apartment,Urban Square,Aman Sharma
5344,2024-11-11,Google Ads,Pune,13800000,Apartment,Palm Towers,Praveen Tambe
5345,2024-02-15,Channel Partner,Pune,7200000,Villa,Urban Square,Priya Kapoor
5346,2024-06-16,Google Ads,Noida,16700000,Villa,Elite Heights,Viral Kohli
5347,2024-02-23,99acres,Gurgaon,12400000,Plot,Elite Heights,Riya Kapoor
5348,2024-12-12,Google Ads,Gurgaon,7200000,Plot,Elite Heights,Shefali Mehta
5349,2024-04-22,99acres,Bangalore,16700000,Plot,Urban Square,Priya Kapoor
5350,2024-04-22,Google Ads,Gurgaon,18900000,Plot,Urban Square,Riya Kapoor
5351,2024-08-02,Facebook,Noida,13900000,Villa,Green Valley,Rohit Sharma
5352,2024-03-27,Facebook,Gurgaon,4800000,Villa,Palm Towers,Sachin Tendulkar
5353,2024-10-29,Housing,Bangalore,19700000,Plot,Green Valley,Sachin Tendulkar
5354,2024-11-29,Housing,Mumbai,14400000,Apartment,Green Valley,Viral Kohli
5355,2024-01-26,Housing,Gurgaon,4000000,Plot,Sky Residency,Praveen Tambe
5356,2024-01-05,Walk-in,Bangalore,16200000,Apartment,Elite Heights,Aman Sharma
5357,2024-12-29,Channel Partner,Gurgaon,15300000,Villa,Elite Heights,Praveen Tambe
5358,2024-09-10,Facebook,Mumbai,17000000,Plot,Green Valley,Shefali Mehta
5359,2024-04-13,Google Ads,Bangalore,19300000,Villa,Palm Towers,Ravi Mehta
5360,2024-10-08,Channel Partner,Pune,15700000,Apartment,Sky Residency,Priya Kapoor
5361,2024-01-07,Google Ads,Noida,6700000,Apartment,Elite Heights,Priya Kapoor
5362,2024-09-22,Google Ads,Gurgaon,7600000,Apartment,Green Valley,Rohit Sharma
5363,2024-06-05,Google Ads,Noida,3900000,Villa,Palm Towers,Viral Kohli
5364,2024-02-08,Referral,Pune,9200000,Plot,Elite Heights,Riya Kapoor
5365,2024-10-21,Housing,Noida,9900000,Plot,Sky Residency,Ravi Mehta
5366,2024-02-23,Walk-in,Bangalore,8000000,Villa,Green Valley,Ravi Mehta
5367,2024-05-06,Google Ads,Noida,9900000,Villa,Elite Heights,Rohit Sharma
5368,2024-08-06,99acres,Gurgaon,3000000,Apartment,Urban Square,Aman Sharma
5369,2024-05-11,Housing,Mumbai,12100000,Plot,Green Valley,Ravi Mehta
5370,2024-03-20,Housing,Noida,7700000,Villa,Palm Towers,Ravi Mehta
5371,2024-07-20,Google Ads,Pune,19200000,Plot,Palm Towers,Neha Singh
5372,2024-07-16,99acres,Noida,3900000,Villa,Green Valley,Viral Kohli
5373,2024-10-02,99acres,Noida,4600000,Plot,Green Valley,Riya Kapoor
5374,2024-01-23,Facebook,Pune,7300000,Apartment,Elite Heights,Aman Sharma
5375,2024-12-05,Channel Partner,Gurgaon,19900000,Plot,Green Valley,Shefali Mehta
5376,2024-10-03,Referral,Mumbai,5500000,Plot,Palm Towers,Priya Kapoor
5377,2024-03-05,Walk-in,Mumbai,16400000,Apartment,Green Valley,Priya Kapoor
5378,2024-08-04,Channel Partner,Gurgaon,9100000,Villa,Urban Square,Neha Singh
5379,2024-12-10,Housing,Mumbai,6000000,Apartment,Sky Residency,Sachin Tendulkar
5380,2024-09-16,Facebook,Hyderabad,12700000,Apartment,Elite Heights,Shefali Mehta
5381,2024-11-18,Walk-in,Bangalore,8500000,Plot,Palm Towers,Shefali Mehta
5382,2024-08-11,Google Ads,Mumbai,17700000,Apartment,Urban Square,Rohit Sharma
5383,2024-09-21,Google Ads,Noida,19100000,Plot,Urban Square,Aman Sharma
5384,2024-08-17,Google Ads,Gurgaon,14300000,Villa,Sky Residency,Sachin Tendulkar
5385,2024-07-15,Google Ads,Mumbai,11200000,Plot,Palm Towers,Priya Kapoor
5386,2024-06-28,Google Ads,Mumbai,12800000,Apartment,Sky Residency,Neha Singh
5387,2024-07-08,Channel Partner,Gurgaon,19800000,Villa,Urban Square,Neha Singh
5388,2024-03-06,99acres,Pune,4200000,Apartment,Sky Residency,Shefali Mehta
5389,2024-04-03,Referral,Noida,10300000,Villa,Urban Square,Neha Singh
5390,2024-07-14,Google Ads,Gurgaon,18700000,Villa,Elite Heights,Ravi Mehta
5391,2024-02-01,Housing,Pune,20000000,Villa,Elite Heights,Priya Kapoor
5392,2024-11-01,Channel Partner,Gurgaon,14000000,Apartment,Elite Heights,Aman Sharma
5393,2024-04-13,Housing,Noida,11000000,Apartment,Urban Square,Riya Kapoor
5394,2024-06-10,Google Ads,Gurgaon,8600000,Villa,Sky Residency,Shefali Mehta
5395,2024-08-27,Facebook,Bangalore,12000000,Plot,Urban Square,Praveen Tambe
5396,2024-05-29,Google Ads,Hyderabad,19200000,Plot,Elite Heights,Neha Singh
5397,2024-02-29,Facebook,Pune,7400000,Villa,Green Valley,Neha Singh
5398,2024-04-01,Google Ads,Hyderabad,3300000,Plot,Green Valley,Riya Kapoor
5399,2024-08-28,Housing,Gurgaon,14600000,Plot,Green Valley,Aman Sharma
5400,2024-11-10,Google Ads,Noida,7600000,Apartment,Green Valley,Viral Kohli
5401,2024-01-23,Google Ads,Mumbai,15100000,Plot,Sky Residency,Shefali Mehta
5402,2024-05-08,Google Ads,Pune,7400000,Plot,Urban Square,Ravi Mehta
5403,2024-11-11,Google Ads,Gurgaon,18000000,Apartment,Urban Square,Priya Kapoor
5404,2024-06-16,Facebook,Gurgaon,15900000,Plot,Green Valley,Riya Kapoor
5405,2024-06-12,99acres,Hyderabad,8100000,Apartment,Palm Towers,Sachin Tendulkar
5406,2024-10-01,Google Ads,Gurgaon,12100000,Apartment,Elite Heights,Rohit Sharma
5407,2024-07-31,Google Ads,Gurgaon,9100000,Plot,Green Valley,Shefali Mehta
5408,2024-07-14,Housing,Gurgaon,9800000,Plot,Elite Heights,Neha Singh
5409,2024-05-15,99acres,Mumbai,18400000,Apartment,Sky Residency,Aman Sharma
5410,2024-10-18,Facebook,Mumbai,4600000,Plot,Elite Heights,Ravi Mehta
5411,2024-10-11,Google Ads,Bangalore,11000000,Apartment,Urban Square,Praveen Tambe
5412,2024-08-24,99acres,Noida,12100000,Plot,Urban Square,Riya Kapoor
5413,2024-06-21,Google Ads,Mumbai,6900000,Villa,Sky Residency,Shefali Mehta
5414,2024-10-13,Walk-in,Noida,7800000,Plot,Urban Square,Priya Kapoor
5415,2024-01-08,Google Ads,Mumbai,9800000,Villa,Sky Residency,Rohit Sharma
5416,2024-01-07,Facebook,Noida,9200000,Villa,Green Valley,Shefali Mehta
5417,2024-03-25,Facebook,Mumbai,13000000,Plot,Elite Heights,Viral Kohli
5418,2024-04-10,Facebook,Noida,9800000,Plot,Elite Heights,Praveen Tambe
5419,2024-03-28,Google Ads,Bangalore,8000000,Apartment,Palm Towers,Neha Singh
5420,2024-04-23,Google Ads,Mumbai,7700000,Apartment,Elite Heights,Ravi Mehta
5421,2024-03-17,Walk-in,Bangalore,4900000,Villa,Palm Towers,Shefali Mehta
5422,2024-02-29,Facebook,Mumbai,9500000,Apartment,Sky Residency,Priya Kapoor
5423,2024-04-11,Channel Partner,Bangalore,15700000,Villa,Palm Towers,Priya Kapoor
5424,2024-12-27,Google Ads,Hyderabad,17000000,Apartment,Elite Heights,Riya Kapoor
5425,2024-04-18,99acres,Noida,7800000,Villa,Elite Heights,Priya Kapoor
5426,2024-05-19,99acres,Gurgaon,19900000,Apartment,Urban Square,Praveen Tambe
5427,2024-04-16,Facebook,Noida,3100000,Plot,Green Valley,Aman Sharma
5428,2024-04-03,99acres,Gurgaon,3000000,Villa,Palm Towers,Viral Kohli
5429,2024-08-23,Walk-in,Mumbai,14400000,Villa,Urban Square,Priya Kapoor
5430,2024-12-18,Google Ads,Hyderabad,7200000,Apartment,Palm Towers,Viral Kohli
5431,2024-01-09,Referral,Hyderabad,19000000,Apartment,Sky Residency,Praveen Tambe
5432,2024-02-07,Facebook,Gurgaon,4600000,Plot,Elite Heights,Aman Sharma
5433,2024-10-16,Google Ads,Gurgaon,19300000,Apartment,Elite Heights,Ravi Mehta
5434,2024-06-26,Walk-in,Pune,18500000,Apartment,Sky Residency,Praveen Tambe
5435,2024-02-14,Referral,Mumbai,12500000,Apartment,Urban Square,Shefali Mehta
5436,2024-04-15,Google Ads,Pune,8500000,Apartment,Urban Square,Shefali Mehta
5437,2024-03-23,Walk-in,Gurgaon,12700000,Villa,Sky Residency,Neha Singh
5438,2024-06-09,Referral,Mumbai,9800000,Plot,Sky Residency,Praveen Tambe
5439,2024-11-01,Housing,Gurgaon,10800000,Villa,Sky Residency,Priya Kapoor
5440,2024-11-21,Google Ads,Gurgaon,6200000,Villa,Green Valley,Praveen Tambe
5441,2024-10-28,Channel Partner,Noida,11300000,Plot,Palm Towers,Shefali Mehta
5442,2024-04-22,99acres,Bangalore,13000000,Villa,Palm Towers,Sachin Tendulkar
5443,2024-03-31,Referral,Pune,5100000,Villa,Green Valley,Viral Kohli
5444,2024-01-03,Google Ads,Bangalore,19800000,Villa,Palm Towers,Riya Kapoor
5445,2024-07-31,Referral,Noida,17900000,Villa,Palm Towers,Shefali Mehta
5446,2024-11-07,Housing,Mumbai,7600000,Villa,Green Valley,Aman Sharma
5447,2024-08-08,99acres,Hyderabad,8700000,Villa,Sky Residency,Riya Kapoor
5448,2024-08-02,Walk-in,Hyderabad,4700000,Villa,Urban Square,Aman Sharma
5449,2024-04-25,99acres,Gurgaon,10500000,Villa,Elite Heights,Priya Kapoor
5450,2024-10-22,99acres,Mumbai,13300000,Apartment,Palm Towers,Ravi Mehta
5451,2024-06-24,99acres,Noida,3800000,Apartment,Sky Residency,Viral Kohli
5452,2024-03-16,Google Ads,Gurgaon,3400000,Apartment,Palm Towers,Riya Kapoor
5453,2024-09-03,Google Ads,Pune,18100000,Apartment,Palm Towers,Shefali Mehta
5454,2024-03-07,Walk-in,Mumbai,9700000,Villa,Palm Towers,Riya Kapoor
5455,2024-05-29,Google Ads,Noida,4200000,Villa,Elite Heights,Viral Kohli
5456,2024-01-27,99acres,Gurgaon,13400000,Apartment,Green Valley,Sachin Tendulkar
5457,2024-04-16,Facebook,Mumbai,14700000,Plot,Sky Residency,Priya Kapoor
5458,2024-04-29,Google Ads,Hyderabad,16900000,Plot,Sky Residency,Rohit Sharma
5459,2024-08-21,Walk-in,Gurgaon,19100000,Villa,Elite Heights,Priya Kapoor
5460,2024-10-05,Referral,Bangalore,18100000,Villa,Sky Residency,Rohit Sharma
5461,2024-08-08,Facebook,Mumbai,17400000,Apartment,Elite Heights,Rohit Sharma
5462,2024-06-24,Google Ads,Pune,5200000,Plot,Green Valley,Neha Singh
5463,2024-09-02,Referral,Gurgaon,7000000,Plot,Palm Towers,Praveen Tambe
5464,2024-08-17,99acres,Gurgaon,10100000,Apartment,Green Valley,Neha Singh
5465,2024-11-27,Facebook,Mumbai,8500000,Plot,Palm Towers,Sachin Tendulkar
5466,2024-03-16,Google Ads,Bangalore,12200000,Villa,Sky Residency,Neha Singh
5467,2024-05-14,Referral,Pune,7500000,Plot,Green Valley,Neha Singh
5468,2024-08-30,Channel Partner,Noida,16200000,Plot,Green Valley,Priya Kapoor
5469,2024-08-05,Google Ads,Gurgaon,7300000,Villa,Elite Heights,Aman Sharma
5470,2024-05-26,Walk-in,Hyderabad,6500000,Plot,Sky Residency,Ravi Mehta
5471,2024-06-30,Walk-in,Gurgaon,15300000,Villa,Green Valley,Priya Kapoor
5472,2024-07-06,Facebook,Pune,5800000,Plot,Urban Square,Rohit Sharma
5473,2024-10-01,Google Ads,Gurgaon,13600000,Apartment,Elite Heights,Neha Singh
5474,2024-12-29,Facebook,Hyderabad,17000000,Apartment,Sky Residency,Praveen Tambe
5475,2024-10-11,Walk-in,Gurgaon,18400000,Apartment,Palm Towers,Viral Kohli
5476,2024-12-22,Facebook,Hyderabad,5600000,Villa,Urban Square,Praveen Tambe
5477,2024-10-10,Google Ads,Pune,13600000,Plot,Sky Residency,Rohit Sharma
5478,2024-12-28,Google Ads,Pune,11800000,Villa,Sky Residency,Priya Kapoor
5479,2024-05-23,Facebook,Noida,11000000,Plot,Urban Square,Riya Kapoor
5480,2024-10-05,99acres,Gurgaon,13000000,Apartment,Sky Residency,Praveen Tambe
5481,2024-05-14,Facebook,Bangalore,3900000,Plot,Green Valley,Rohit Sharma
5482,2024-02-18,Google Ads,Noida,13600000,Plot,Elite Heights,Riya Kapoor
5483,2024-09-14,Facebook,Gurgaon,17900000,Plot,Green Valley,Praveen Tambe
5484,2024-01-17,Facebook,Mumbai,8900000,Villa,Palm Towers,Priya Kapoor
5485,2024-08-31,99acres,Noida,8800000,Apartment,Green Valley,Sachin Tendulkar
5486,2024-04-28,Housing,Gurgaon,3900000,Villa,Green Valley,Ravi Mehta
5487,2024-07-31,99acres,Hyderabad,12700000,Villa,Sky Residency,Sachin Tendulkar
5488,2024-06-29,Facebook,Noida,12100000,Plot,Palm Towers,Viral Kohli
5489,2024-07-29,Channel Partner,Noida,19600000,Apartment,Urban Square,Aman Sharma
5490,2024-08-18,Google Ads,Mumbai,4600000,Plot,Elite Heights,Viral Kohli
5491,2024-10-20,Housing,Bangalore,18800000,Apartment,Urban Square,Praveen Tambe
5492,2024-08-07,Google Ads,Mumbai,12800000,Apartment,Urban Square,Rohit Sharma
5493,2024-10-01,Google Ads,Pune,16800000,Villa,Urban Square,Ravi Mehta
5494,2024-09-07,Channel Partner,Noida,15000000,Villa,Green Valley,Riya Kapoor
5495,2024-03-22,Facebook,Bangalore,14000000,Villa,Green Valley,Praveen Tambe
5496,2024-12-04,99acres,Noida,8300000,Apartment,Urban Square,Neha Singh
5497,2024-03-05,99acres,Pune,17300000,Plot,Palm Towers,Riya Kapoor
5498,2024-02-23,Facebook,Gurgaon,8600000,Apartment,Urban Square,Sachin Tendulkar
5499,2024-07-09,Google Ads,Pune,19400000,Plot,Urban Square,Neha Singh
5500,2024-08-11,Channel Partner,Bangalore,12200000,Apartment,Sky Residency,Viral Kohli
5501,2024-08-05,Google Ads,Bangalore,5400000,Villa,Elite Heights,Priya Kapoor
5502,2024-07-02,Google Ads,Bangalore,16800000,Plot,Green Valley,Praveen Tambe
5503,2024-11-30,Facebook,Bangalore,11700000,Villa,Palm Towers,Rohit Sharma
5504,2024-06-26,Housing,Bangalore,6300000,Apartment,Sky Residency,Priya Kapoor
5505,2024-10-30,Channel Partner,Hyderabad,13800000,Apartment,Green Valley,Viral Kohli
5506,2024-06-21,Google Ads,Bangalore,10000000,Plot,Palm Towers,Riya Kapoor
5507,2024-08-13,99acres,Noida,15100000,Villa,Sky Residency,Viral Kohli
5508,2024-02-07,99acres,Pune,17600000,Villa,Green Valley,Aman Sharma
5509,2024-01-03,Google Ads,Bangalore,15100000,Plot,Urban Square,Neha Singh
5510,2024-04-27,Google Ads,Noida,17100000,Apartment,Elite Heights,Riya Kapoor
5511,2024-03-19,99acres,Noida,15200000,Apartment,Green Valley,Praveen Tambe
5512,2024-01-15,Channel Partner,Bangalore,3500000,Villa,Green Valley,Shefali Mehta
5513,2024-09-26,Facebook,Mumbai,3500000,Apartment,Urban Square,Ravi Mehta
5514,2024-10-17,Google Ads,Bangalore,3500000,Apartment,Urban Square,Ravi Mehta
5515,2024-11-30,Referral,Noida,10000000,Villa,Elite Heights,Viral Kohli
5516,2024-09-01,Channel Partner,Gurgaon,14900000,Villa,Sky Residency,Sachin Tendulkar
5517,2024-04-20,99acres,Noida,8200000,Plot,Green Valley,Aman Sharma
5518,2024-06-30,Housing,Bangalore,16700000,Villa,Green Valley,Praveen Tambe
5519,2024-09-09,Channel Partner,Bangalore,18600000,Villa,Palm Towers,Riya Kapoor
5520,2024-04-15,Facebook,Hyderabad,5200000,Plot,Elite Heights,Rohit Sharma
5521,2024-09-08,Channel Partner,Pune,5100000,Apartment,Green Valley,Neha Singh
5522,2024-07-29,Channel Partner,Mumbai,12800000,Apartment,Urban Square,Neha Singh
5523,2024-05-02,Google Ads,Hyderabad,19800000,Plot,Palm Towers,Sachin Tendulkar
5524,2024-03-08,Google Ads,Pune,16400000,Plot,Urban Square,Praveen Tambe
5525,2024-08-10,Facebook,Gurgaon,20000000,Villa,Green Valley,Sachin Tendulkar
5526,2024-07-13,Facebook,Hyderabad,5300000,Apartment,Sky Residency,Shefali Mehta
5527,2024-01-20,Housing,Noida,17300000,Apartment,Urban Square,Praveen Tambe
5528,2024-07-01,Google Ads,Pune,13100000,Apartment,Sky Residency,Shefali Mehta
5529,2024-07-26,Google Ads,Bangalore,3300000,Apartment,Palm Towers,Rohit Sharma
5530,2024-12-15,Google Ads,Mumbai,16300000,Apartment,Sky Residency,Neha Singh
5531,2024-11-02,Google Ads,Bangalore,19300000,Plot,Palm Towers,Viral Kohli
5532,2024-03-24,Facebook,Gurgaon,14300000,Villa,Elite Heights,Riya Kapoor
5533,2024-04-27,Google Ads,Pune,14600000,Plot,Urban Square,Shefali Mehta
5534,2024-02-27,Google Ads,Noida,16200000,Plot,Green Valley,Ravi Mehta
5535,2024-09-13,Facebook,Gurgaon,5400000,Apartment,Urban Square,Viral Kohli
5536,2024-09-02,Google Ads,Bangalore,17600000,Apartment,Elite Heights,Ravi Mehta
5537,2024-05-28,Channel Partner,Hyderabad,11100000,Apartment,Sky Residency,Aman Sharma
5538,2024-11-01,Google Ads,Gurgaon,19700000,Plot,Urban Square,Neha Singh
5539,2024-02-08,Facebook,Pune,11700000,Plot,Green Valley,Priya Kapoor
5540,2024-08-12,99acres,Bangalore,6000000,Plot,Palm Towers,Rohit Sharma
5541,2024-10-11,Housing,Noida,19000000,Villa,Green Valley,Neha Singh
5542,2024-01-19,Housing,Gurgaon,18700000,Plot,Green Valley,Riya Kapoor
5543,2024-01-14,Google Ads,Bangalore,13900000,Apartment,Urban Square,Priya Kapoor
5544,2024-01-02,Channel Partner,Bangalore,11100000,Plot,Palm Towers,Praveen Tambe
5545,2024-08-02,99acres,Gurgaon,19400000,Plot,Sky Residency,Praveen Tambe
5546,2024-02-17,Facebook,Noida,19400000,Plot,Green Valley,Priya Kapoor
5547,2024-06-13,Google Ads,Gurgaon,12500000,Plot,Urban Square,Priya Kapoor
5548,2024-01-12,Google Ads,Bangalore,9100000,Plot,Green Valley,Ravi Mehta
5549,2024-09-22,Housing,Gurgaon,5700000,Apartment,Elite Heights,Ravi Mehta
5550,2024-10-10,99acres,Noida,6600000,Plot,Green Valley,Rohit Sharma
5551,2024-12-04,Referral,Bangalore,19000000,Villa,Green Valley,Praveen Tambe
5552,2024-07-21,Facebook,Gurgaon,3500000,Villa,Green Valley,Viral Kohli
5553,2024-11-08,Facebook,Pune,5400000,Apartment,Elite Heights,Ravi Mehta
5554,2024-01-01,99acres,Mumbai,12600000,Apartment,Palm Towers,Viral Kohli
5555,2024-08-03,Referral,Gurgaon,7600000,Plot,Sky Residency,Priya Kapoor
5556,2024-01-08,Google Ads,Hyderabad,17000000,Plot,Green Valley,Neha Singh
5557,2024-12-10,Housing,Gurgaon,7200000,Villa,Urban Square,Shefali Mehta
5558,2024-04-12,Housing,Gurgaon,11800000,Villa,Elite Heights,Riya Kapoor
5559,2024-03-19,Facebook,Bangalore,12700000,Plot,Palm Towers,Praveen Tambe
5560,2024-11-06,Google Ads,Noida,4100000,Villa,Sky Residency,Priya Kapoor
5561,2024-01-01,Channel Partner,Mumbai,14700000,Villa,Urban Square,Sachin Tendulkar
5562,2024-10-03,Google Ads,Mumbai,3300000,Apartment,Palm Towers,Aman Sharma
5563,2024-06-07,Google Ads,Mumbai,16000000,Apartment,Green Valley,Praveen Tambe
5564,2024-08-30,Referral,Hyderabad,16800000,Plot,Green Valley,Rohit Sharma
5565,2024-08-04,Google Ads,Gurgaon,12400000,Apartment,Urban Square,Riya Kapoor
5566,2024-08-06,Referral,Gurgaon,10700000,Villa,Urban Square,Ravi Mehta
5567,2024-03-20,Google Ads,Pune,8200000,Villa,Elite Heights,Sachin Tendulkar
5568,2024-12-27,Google Ads,Noida,17300000,Apartment,Green Valley,Ravi Mehta
5569,2024-07-04,99acres,Bangalore,18600000,Apartment,Green Valley,Aman Sharma
5570,2024-03-02,Referral,Pune,17200000,Villa,Green Valley,Viral Kohli
5571,2024-07-10,Google Ads,Pune,8200000,Villa,Urban Square,Riya Kapoor
5572,2024-02-18,Housing,Pune,8300000,Plot,Elite Heights,Aman Sharma
5573,2024-04-15,Walk-in,Gurgaon,9700000,Apartment,Sky Residency,Ravi Mehta
5574,2024-04-22,Housing,Gurgaon,16400000,Villa,Sky Residency,Aman Sharma
5575,2024-06-05,99acres,Pune,4800000,Villa,Palm Towers,Shefali Mehta
5576,2024-07-18,Google Ads,Noida,3000000,Villa,Palm Towers,Shefali Mehta
5577,2024-02-28,99acres,Pune,3100000,Villa,Palm Towers,Aman Sharma
5578,2024-06-11,Google Ads,Hyderabad,9100000,Plot,Sky Residency,Neha Singh
5579,2024-04-14,Housing,Gurgaon,18800000,Plot,Elite Heights,Shefali Mehta
5580,2024-06-03,Facebook,Gurgaon,11100000,Apartment,Sky Residency,Viral Kohli
5581,2024-09-04,99acres,Noida,9500000,Plot,Green Valley,Priya Kapoor
5582,2024-11-20,Google Ads,Noida,5500000,Villa,Palm Towers,Rohit Sharma
5583,2024-07-11,Housing,Bangalore,15900000,Villa,Palm Towers,Riya Kapoor
5584,2024-09-04,99acres,Hyderabad,5300000,Plot,Sky Residency,Viral Kohli
5585,2024-05-07,Google Ads,Noida,6400000,Villa,Urban Square,Ravi Mehta
5586,2024-05-08,99acres,Pune,7300000,Apartment,Sky Residency,Aman Sharma
5587,2024-03-08,Facebook,Hyderabad,5600000,Villa,Palm Towers,Neha Singh
5588,2024-07-31,Housing,Mumbai,11900000,Plot,Sky Residency,Priya Kapoor
5589,2024-05-28,Google Ads,Gurgaon,15000000,Villa,Sky Residency,Praveen Tambe
5590,2024-03-10,Google Ads,Mumbai,12000000,Apartment,Elite Heights,Sachin Tendulkar
5591,2024-03-03,Channel Partner,Bangalore,12000000,Plot,Sky Residency,Aman Sharma
5592,2024-08-25,99acres,Hyderabad,8200000,Plot,Elite Heights,Aman Sharma
5593,2024-12-20,Facebook,Mumbai,14000000,Plot,Elite Heights,Sachin Tendulkar
5594,2024-04-21,Google Ads,Pune,7100000,Plot,Sky Residency,Riya Kapoor
5595,2024-04-22,Google Ads,Bangalore,11300000,Villa,Sky Residency,Sachin Tendulkar
5596,2024-02-06,Housing,Hyderabad,13600000,Villa,Green Valley,Neha Singh
5597,2024-02-27,Google Ads,Bangalore,11500000,Apartment,Green Valley,Neha Singh
5598,2024-03-03,Channel Partner,Gurgaon,14900000,Apartment,Green Valley,Neha Singh
5599,2024-01-23,Housing,Pune,17800000,Plot,Palm Towers,Viral Kohli
5600,2024-05-14,99acres,Bangalore,13800000,Plot,Urban Square,Aman Sharma
5601,2024-05-20,Google Ads,Bangalore,14500000,Plot,Sky Residency,Praveen Tambe
5602,2024-06-09,99acres,Bangalore,18200000,Apartment,Elite Heights,Shefali Mehta
5603,2024-07-22,Facebook,Noida,12800000,Apartment,Elite Heights,Sachin Tendulkar
5604,2024-04-04,Housing,Gurgaon,18200000,Villa,Urban Square,Priya Kapoor
5605,2024-12-05,Google Ads,Gurgaon,16800000,Plot,Palm Towers,Rohit Sharma
5606,2024-04-17,Google Ads,Gurgaon,8000000,Plot,Urban Square,Sachin Tendulkar
5607,2024-01-12,Facebook,Gurgaon,7600000,Plot,Urban Square,Aman Sharma
5608,2024-07-13,Housing,Mumbai,9700000,Plot,Palm Towers,Viral Kohli
5609,2024-04-30,Facebook,Noida,6200000,Villa,Elite Heights,Riya Kapoor
5610,2024-06-02,Housing,Gurgaon,19400000,Plot,Urban Square,Neha Singh
5611,2024-01-10,Channel Partner,Bangalore,4500000,Villa,Sky Residency,Praveen Tambe
5612,2024-05-03,99acres,Hyderabad,13500000,Plot,Sky Residency,Praveen Tambe
5613,2024-05-10,Facebook,Gurgaon,4500000,Apartment,Elite Heights,Praveen Tambe
5614,2024-08-11,Facebook,Noida,13700000,Apartment,Urban Square,Praveen Tambe
5615,2024-01-13,Google Ads,Gurgaon,13400000,Plot,Urban Square,Priya Kapoor
5616,2024-08-12,99acres,Noida,13000000,Plot,Sky Residency,Neha Singh
5617,2024-04-28,Google Ads,Gurgaon,16200000,Plot,Sky Residency,Ravi Mehta
5618,2024-05-26,Google Ads,Noida,3200000,Plot,Elite Heights,Aman Sharma
5619,2024-08-09,Facebook,Hyderabad,3500000,Villa,Elite Heights,Aman Sharma
5620,2024-05-17,Facebook,Gurgaon,19800000,Apartment,Urban Square,Sachin Tendulkar
5621,2024-01-23,Google Ads,Bangalore,18200000,Villa,Green Valley,Aman Sharma
5622,2024-06-29,Channel Partner,Hyderabad,3100000,Apartment,Urban Square,Praveen Tambe
5623,2024-11-14,Facebook,Noida,14500000,Plot,Green Valley,Priya Kapoor
5624,2024-01-15,Facebook,Bangalore,3800000,Villa,Palm Towers,Aman Sharma
5625,2024-11-25,Channel Partner,Gurgaon,17600000,Apartment,Sky Residency,Neha Singh
5626,2024-07-01,Facebook,Noida,17800000,Plot,Elite Heights,Priya Kapoor
5627,2024-03-11,Housing,Hyderabad,15500000,Villa,Elite Heights,Aman Sharma
5628,2024-03-02,Housing,Noida,10500000,Apartment,Green Valley,Priya Kapoor
5629,2024-02-14,Google Ads,Noida,10700000,Apartment,Elite Heights,Priya Kapoor
5630,2024-10-15,Referral,Mumbai,12900000,Plot,Green Valley,Praveen Tambe
5631,2024-01-18,Facebook,Pune,8200000,Apartment,Palm Towers,Shefali Mehta
5632,2024-10-03,Google Ads,Noida,8400000,Apartment,Elite Heights,Ravi Mehta
5633,2024-06-11,Google Ads,Noida,5300000,Villa,Palm Towers,Aman Sharma
5634,2024-06-07,Google Ads,Noida,19700000,Villa,Palm Towers,Praveen Tambe
5635,2024-06-06,Facebook,Pune,13000000,Villa,Elite Heights,Neha Singh
5636,2024-07-25,Facebook,Pune,16800000,Plot,Palm Towers,Ravi Mehta
5637,2024-06-29,Channel Partner,Gurgaon,13100000,Apartment,Elite Heights,Priya Kapoor
5638,2024-11-08,Housing,Gurgaon,10700000,Plot,Urban Square,Aman Sharma
5639,2024-05-28,Housing,Noida,16700000,Villa,Sky Residency,Neha Singh
5640,2024-12-01,Facebook,Bangalore,5400000,Villa,Sky Residency,Priya Kapoor
5641,2024-09-05,Google Ads,Gurgaon,5300000,Apartment,Elite Heights,Ravi Mehta
5642,2024-08-28,Google Ads,Gurgaon,4400000,Apartment,Green Valley,Praveen Tambe
5643,2024-08-26,Google Ads,Noida,19400000,Apartment,Green Valley,Sachin Tendulkar
5644,2024-05-08,Google Ads,Mumbai,12400000,Plot,Sky Residency,Sachin Tendulkar
5645,2024-11-09,99acres,Gurgaon,15500000,Apartment,Sky Residency,Ravi Mehta
5646,2024-08-30,Housing,Hyderabad,12500000,Apartment,Elite Heights,Priya Kapoor
5647,2024-09-26,Facebook,Gurgaon,19000000,Plot,Elite Heights,Priya Kapoor
5648,2024-05-27,Google Ads,Mumbai,9900000,Villa,Elite Heights,Shefali Mehta
5649,2024-11-06,Google Ads,Bangalore,18600000,Apartment,Palm Towers,Priya Kapoor
5650,2024-06-15,Google Ads,Gurgaon,14100000,Apartment,Palm Towers,Sachin Tendulkar
5651,2024-04-03,Housing,Pune,11900000,Apartment,Palm Towers,Viral Kohli
5652,2024-08-01,Housing,Gurgaon,16300000,Plot,Urban Square,Rohit Sharma
5653,2024-07-04,Google Ads,Gurgaon,8600000,Apartment,Elite Heights,Sachin Tendulkar
5654,2024-01-06,Facebook,Gurgaon,13200000,Plot,Green Valley,Sachin Tendulkar
5655,2024-12-11,Channel Partner,Noida,3100000,Villa,Green Valley,Sachin Tendulkar
5656,2024-03-01,Google Ads,Gurgaon,4300000,Apartment,Palm Towers,Riya Kapoor
5657,2024-02-19,Housing,Hyderabad,14700000,Plot,Urban Square,Rohit Sharma
5658,2024-01-01,Google Ads,Bangalore,6800000,Villa,Green Valley,Viral Kohli
5659,2024-11-25,99acres,Bangalore,16200000,Villa,Green Valley,Praveen Tambe
5660,2024-08-07,Channel Partner,Noida,11900000,Plot,Palm Towers,Shefali Mehta
5661,2024-01-28,Referral,Gurgaon,20000000,Villa,Elite Heights,Viral Kohli
5662,2024-09-08,Google Ads,Bangalore,11600000,Villa,Green Valley,Sachin Tendulkar
5663,2024-05-15,Channel Partner,Bangalore,3700000,Villa,Sky Residency,Aman Sharma
5664,2024-05-13,Google Ads,Mumbai,17900000,Plot,Urban Square,Rohit Sharma
5665,2024-06-26,99acres,Pune,18100000,Villa,Elite Heights,Praveen Tambe
5666,2024-02-28,Walk-in,Bangalore,11100000,Plot,Sky Residency,Viral Kohli
5667,2024-02-26,Facebook,Gurgaon,19300000,Apartment,Urban Square,Rohit Sharma
5668,2024-09-07,Google Ads,Bangalore,10900000,Apartment,Green Valley,Aman Sharma
5669,2024-02-21,Facebook,Gurgaon,7300000,Apartment,Urban Square,Shefali Mehta
5670,2024-01-31,Channel Partner,Pune,10700000,Apartment,Elite Heights,Aman Sharma
5671,2024-09-24,Channel Partner,Gurgaon,8400000,Villa,Sky Residency,Ravi Mehta
5672,2024-06-15,Referral,Noida,18400000,Apartment,Green Valley,Viral Kohli
5673,2024-08-09,Referral,Noida,14900000,Villa,Palm Towers,Priya Kapoor
5674,2024-08-07,Referral,Hyderabad,3800000,Apartment,Urban Square,Shefali Mehta
5675,2024-01-05,Facebook,Gurgaon,19300000,Plot,Sky Residency,Rohit Sharma
5676,2024-04-15,99acres,Gurgaon,17600000,Plot,Sky Residency,Rohit Sharma
5677,2024-06-27,Referral,Pune,4700000,Plot,Sky Residency,Ravi Mehta
5678,2024-02-20,Facebook,Mumbai,16000000,Plot,Palm Towers,Aman Sharma
5679,2024-12-16,Walk-in,Bangalore,9700000,Plot,Elite Heights,Aman Sharma
5680,2024-01-03,Housing,Bangalore,17400000,Villa,Sky Residency,Neha Singh
5681,2024-05-14,Housing,Gurgaon,19100000,Plot,Green Valley,Viral Kohli
5682,2024-07-03,Google Ads,Bangalore,4500000,Plot,Urban Square,Neha Singh
5683,2024-10-05,Google Ads,Bangalore,6100000,Villa,Palm Towers,Riya Kapoor
5684,2024-06-19,Facebook,Gurgaon,5900000,Plot,Palm Towers,Viral Kohli
5685,2024-06-26,Google Ads,Noida,11000000,Villa,Elite Heights,Viral Kohli
5686,2024-08-04,Google Ads,Noida,10600000,Villa,Urban Square,Rohit Sharma
5687,2024-06-21,99acres,Noida,6400000,Apartment,Green Valley,Priya Kapoor
5688,2024-08-13,Facebook,Noida,9200000,Apartment,Palm Towers,Praveen Tambe
5689,2024-08-04,Facebook,Noida,6300000,Villa,Elite Heights,Viral Kohli
5690,2024-06-05,99acres,Gurgaon,5300000,Apartment,Palm Towers,Priya Kapoor
5691,2024-06-11,Google Ads,Gurgaon,10500000,Apartment,Green Valley,Priya Kapoor
5692,2024-06-05,Facebook,Gurgaon,9000000,Apartment,Elite Heights,Viral Kohli
5693,2024-06-21,Google Ads,Hyderabad,9300000,Villa,Palm Towers,Ravi Mehta
5694,2024-10-01,Google Ads,Hyderabad,3600000,Apartment,Sky Residency,Shefali Mehta
5695,2024-04-25,Facebook,Hyderabad,6100000,Villa,Sky Residency,Praveen Tambe
5696,2024-03-19,Facebook,Gurgaon,11600000,Plot,Sky Residency,Aman Sharma
5697,2024-12-14,99acres,Bangalore,9700000,Apartment,Green Valley,Aman Sharma
5698,2024-10-07,Referral,Gurgaon,10100000,Villa,Sky Residency,Viral Kohli
5699,2024-11-10,Google Ads,Noida,17800000,Apartment,Sky Residency,Sachin Tendulkar
5700,2024-03-13,99acres,Mumbai,8300000,Plot,Urban Square,Sachin Tendulkar
5701,2024-12-24,Walk-in,Noida,3300000,Villa,Elite Heights,Ravi Mehta
5702,2024-05-14,Google Ads,Noida,14500000,Apartment,Elite Heights,Shefali Mehta
5703,2024-10-17,Walk-in,Gurgaon,5700000,Apartment,Palm Towers,Neha Singh
5704,2024-08-21,Housing,Noida,8300000,Plot,Palm Towers,Viral Kohli
5705,2024-07-16,Google Ads,Pune,12500000,Villa,Urban Square,Viral Kohli
5706,2024-06-08,Facebook,Hyderabad,10800000,Apartment,Sky Residency,Rohit Sharma
5707,2024-05-06,Walk-in,Pune,3800000,Villa,Palm Towers,Neha Singh
5708,2024-12-03,Google Ads,Mumbai,7100000,Villa,Green Valley,Ravi Mehta
5709,2024-07-21,Referral,Bangalore,16300000,Plot,Sky Residency,Praveen Tambe
5710,2024-04-05,Channel Partner,Gurgaon,10600000,Apartment,Palm Towers,Sachin Tendulkar
5711,2024-09-16,Google Ads,Mumbai,5200000,Villa,Elite Heights,Viral Kohli
5712,2024-12-20,Google Ads,Noida,17300000,Villa,Sky Residency,Priya Kapoor
5713,2024-09-25,99acres,Bangalore,13200000,Plot,Urban Square,Sachin Tendulkar
5714,2024-09-07,99acres,Bangalore,3200000,Plot,Sky Residency,Viral Kohli
5715,2024-11-25,Housing,Gurgaon,15600000,Plot,Green Valley,Neha Singh
5716,2024-07-15,Google Ads,Gurgaon,13900000,Plot,Palm Towers,Priya Kapoor
5717,2024-08-18,Housing,Mumbai,19100000,Villa,Elite Heights,Praveen Tambe
5718,2024-05-26,Facebook,Bangalore,6500000,Villa,Sky Residency,Viral Kohli
5719,2024-12-05,Google Ads,Bangalore,5300000,Apartment,Palm Towers,Aman Sharma
5720,2024-02-26,Google Ads,Noida,14700000,Apartment,Green Valley,Riya Kapoor
5721,2024-05-16,Facebook,Noida,15400000,Plot,Elite Heights,Ravi Mehta
5722,2024-07-09,99acres,Noida,7600000,Apartment,Elite Heights,Riya Kapoor
5723,2024-11-26,99acres,Bangalore,14400000,Plot,Palm Towers,Priya Kapoor
5724,2024-08-19,Housing,Mumbai,13200000,Plot,Sky Residency,Aman Sharma
5725,2024-08-18,Facebook,Gurgaon,4500000,Apartment,Urban Square,Praveen Tambe
5726,2024-06-03,99acres,Noida,11400000,Plot,Elite Heights,Riya Kapoor
5727,2024-12-05,Google Ads,Noida,5700000,Plot,Green Valley,Priya Kapoor
5728,2024-11-14,Google Ads,Noida,9400000,Plot,Elite Heights,Viral Kohli
5729,2024-08-01,Facebook,Mumbai,9900000,Villa,Green Valley,Priya Kapoor
5730,2024-07-16,Walk-in,Bangalore,11100000,Apartment,Green Valley,Aman Sharma
5731,2024-04-27,Facebook,Hyderabad,4800000,Villa,Elite Heights,Priya Kapoor
5732,2024-09-14,Facebook,Mumbai,19400000,Plot,Palm Towers,Riya Kapoor
5733,2024-11-26,Facebook,Noida,8700000,Villa,Green Valley,Shefali Mehta
5734,2024-11-29,Facebook,Mumbai,15300000,Villa,Green Valley,Sachin Tendulkar
5735,2024-08-08,99acres,Gurgaon,3500000,Plot,Sky Residency,Ravi Mehta
5736,2024-07-18,99acres,Bangalore,13900000,Apartment,Green Valley,Priya Kapoor
5737,2024-02-01,Google Ads,Bangalore,13700000,Villa,Elite Heights,Shefali Mehta
5738,2024-02-08,Walk-in,Gurgaon,12500000,Plot,Green Valley,Viral Kohli
5739,2024-04-04,Google Ads,Noida,17700000,Villa,Sky Residency,Priya Kapoor
5740,2024-07-02,Facebook,Noida,19500000,Villa,Palm Towers,Priya Kapoor
5741,2024-07-10,Housing,Noida,13400000,Plot,Sky Residency,Shefali Mehta
5742,2024-07-27,Referral,Noida,3600000,Plot,Sky Residency,Aman Sharma
5743,2024-01-18,Google Ads,Noida,19700000,Villa,Elite Heights,Aman Sharma
5744,2024-12-22,99acres,Hyderabad,3500000,Villa,Sky Residency,Riya Kapoor
5745,2024-06-02,Google Ads,Hyderabad,15600000,Apartment,Green Valley,Aman Sharma
5746,2024-09-09,Google Ads,Mumbai,17700000,Plot,Palm Towers,Aman Sharma
5747,2024-01-25,Housing,Gurgaon,15900000,Plot,Palm Towers,Sachin Tendulkar
5748,2024-01-09,Referral,Pune,4200000,Plot,Green Valley,Riya Kapoor
5749,2024-11-21,Channel Partner,Pune,4900000,Plot,Green Valley,Aman Sharma
5750,2024-06-14,Google Ads,Gurgaon,19300000,Villa,Urban Square,Shefali Mehta
5751,2024-01-16,Referral,Noida,15600000,Plot,Palm Towers,Neha Singh
5752,2024-03-19,Google Ads,Gurgaon,18500000,Apartment,Palm Towers,Sachin Tendulkar
5753,2024-03-20,Referral,Noida,6500000,Apartment,Sky Residency,Ravi Mehta
5754,2024-04-13,Google Ads,Gurgaon,20000000,Apartment,Elite Heights,Riya Kapoor
5755,2024-04-24,Facebook,Bangalore,11200000,Villa,Palm Towers,Neha Singh
5756,2024-09-01,Google Ads,Pune,10400000,Plot,Palm Towers,Praveen Tambe
5757,2024-10-25,Facebook,Bangalore,17800000,Apartment,Palm Towers,Praveen Tambe
5758,2024-03-28,Housing,Noida,13400000,Villa,Sky Residency,Shefali Mehta
5759,2024-06-17,Google Ads,Gurgaon,8300000,Plot,Green Valley,Neha Singh
5760,2024-03-03,Facebook,Noida,7200000,Apartment,Elite Heights,Rohit Sharma
5761,2024-10-14,Housing,Bangalore,19500000,Plot,Green Valley,Aman Sharma
5762,2024-01-03,Google Ads,Bangalore,8500000,Villa,Green Valley,Shefali Mehta
5763,2024-01-04,Facebook,Noida,17700000,Villa,Green Valley,Aman Sharma
5764,2024-10-28,Housing,Gurgaon,7500000,Plot,Green Valley,Shefali Mehta
5765,2024-12-15,Google Ads,Mumbai,5300000,Apartment,Sky Residency,Rohit Sharma
5766,2024-11-25,Channel Partner,Noida,16800000,Apartment,Green Valley,Priya Kapoor
5767,2024-11-08,Referral,Mumbai,7500000,Apartment,Urban Square,Viral Kohli
5768,2024-12-15,Google Ads,Pune,9100000,Plot,Palm Towers,Rohit Sharma
5769,2024-08-17,Google Ads,Gurgaon,19400000,Apartment,Urban Square,Rohit Sharma
5770,2024-08-13,Google Ads,Gurgaon,11500000,Apartment,Urban Square,Sachin Tendulkar
5771,2024-01-11,Walk-in,Noida,10200000,Plot,Urban Square,Viral Kohli
5772,2024-12-16,Walk-in,Pune,15700000,Apartment,Urban Square,Priya Kapoor
5773,2024-07-11,Referral,Mumbai,11100000,Plot,Urban Square,Praveen Tambe
5774,2024-09-29,Channel Partner,Pune,13300000,Villa,Sky Residency,Viral Kohli
5775,2024-12-20,Google Ads,Noida,12300000,Plot,Green Valley,Aman Sharma
5776,2024-10-22,Google Ads,Mumbai,6600000,Apartment,Urban Square,Priya Kapoor
5777,2024-04-17,Referral,Noida,14900000,Plot,Elite Heights,Shefali Mehta
5778,2024-03-24,Google Ads,Pune,13400000,Plot,Urban Square,Rohit Sharma
5779,2024-09-14,Referral,Mumbai,3100000,Plot,Palm Towers,Rohit Sharma
5780,2024-01-13,Facebook,Gurgaon,18800000,Apartment,Elite Heights,Rohit Sharma
5781,2024-05-17,99acres,Bangalore,5700000,Apartment,Urban Square,Priya Kapoor
5782,2024-01-14,Referral,Gurgaon,5200000,Plot,Sky Residency,Riya Kapoor
5783,2024-01-19,Channel Partner,Noida,5700000,Villa,Palm Towers,Aman Sharma
5784,2024-06-20,Facebook,Mumbai,6300000,Plot,Elite Heights,Shefali Mehta
5785,2024-09-01,Referral,Gurgaon,19700000,Plot,Palm Towers,Riya Kapoor
5786,2024-02-27,Housing,Noida,10400000,Plot,Palm Towers,Ravi Mehta
5787,2024-10-16,Housing,Bangalore,19200000,Plot,Sky Residency,Ravi Mehta
5788,2024-08-17,Google Ads,Noida,11000000,Villa,Urban Square,Praveen Tambe
5789,2024-11-07,Google Ads,Gurgaon,16200000,Plot,Green Valley,Aman Sharma
5790,2024-11-17,Referral,Hyderabad,13500000,Apartment,Elite Heights,Ravi Mehta
5791,2024-11-16,Housing,Noida,16800000,Apartment,Urban Square,Aman Sharma
5792,2024-12-01,Facebook,Noida,11300000,Apartment,Green Valley,Ravi Mehta
5793,2024-05-04,Google Ads,Hyderabad,12600000,Apartment,Urban Square,Shefali Mehta
5794,2024-04-17,Housing,Noida,14000000,Villa,Sky Residency,Shefali Mehta
5795,2024-02-23,Facebook,Gurgaon,18100000,Villa,Urban Square,Priya Kapoor
5796,2024-12-27,Google Ads,Gurgaon,9400000,Villa,Urban Square,Shefali Mehta
5797,2024-07-22,Google Ads,Gurgaon,14400000,Plot,Palm Towers,Riya Kapoor
5798,2024-02-06,Facebook,Noida,10000000,Apartment,Sky Residency,Ravi Mehta
5799,2024-09-25,99acres,Gurgaon,4500000,Plot,Elite Heights,Aman Sharma
5800,2024-04-18,99acres,Mumbai,3400000,Villa,Green Valley,Rohit Sharma
5801,2024-08-12,Housing,Bangalore,8100000,Plot,Elite Heights,Riya Kapoor
5802,2024-08-18,Facebook,Pune,15300000,Villa,Palm Towers,Riya Kapoor
5803,2024-09-17,Housing,Bangalore,12400000,Plot,Green Valley,Neha Singh
5804,2024-01-04,Facebook,Bangalore,11500000,Plot,Elite Heights,Rohit Sharma
5805,2024-04-03,Facebook,Bangalore,17100000,Plot,Green Valley,Praveen Tambe
5806,2024-09-17,99acres,Bangalore,20000000,Plot,Palm Towers,Priya Kapoor
5807,2024-11-21,Referral,Hyderabad,18100000,Plot,Green Valley,Neha Singh
5808,2024-01-04,Google Ads,Noida,19000000,Plot,Urban Square,Neha Singh
5809,2024-09-09,Google Ads,Hyderabad,10800000,Plot,Palm Towers,Sachin Tendulkar
5810,2024-04-29,99acres,Gurgaon,12500000,Apartment,Green Valley,Aman Sharma
5811,2024-11-28,Referral,Noida,8100000,Plot,Green Valley,Sachin Tendulkar
5812,2024-02-12,Google Ads,Hyderabad,6800000,Apartment,Urban Square,Praveen Tambe
5813,2024-04-30,Google Ads,Gurgaon,9600000,Villa,Elite Heights,Sachin Tendulkar
5814,2024-04-01,Facebook,Gurgaon,12700000,Villa,Green Valley,Shefali Mehta
5815,2024-10-19,Google Ads,Pune,18900000,Plot,Elite Heights,Shefali Mehta
5816,2024-01-15,Google Ads,Gurgaon,14300000,Plot,Sky Residency,Priya Kapoor
5817,2024-11-18,Google Ads,Bangalore,9100000,Villa,Urban Square,Shefali Mehta
5818,2024-05-30,Referral,Gurgaon,13600000,Apartment,Elite Heights,Shefali Mehta
5819,2024-01-21,Referral,Mumbai,15500000,Apartment,Sky Residency,Riya Kapoor
5820,2024-05-10,99acres,Pune,8800000,Villa,Green Valley,Priya Kapoor
5821,2024-10-18,99acres,Pune,16000000,Villa,Palm Towers,Aman Sharma
5822,2024-07-30,Facebook,Noida,3300000,Plot,Sky Residency,Viral Kohli
5823,2024-06-26,Housing,Mumbai,9100000,Apartment,Elite Heights,Rohit Sharma
5824,2024-10-05,Google Ads,Gurgaon,13400000,Villa,Green Valley,Sachin Tendulkar
5825,2024-11-27,99acres,Mumbai,7700000,Plot,Green Valley,Praveen Tambe
5826,2024-11-06,Walk-in,Gurgaon,16500000,Plot,Palm Towers,Aman Sharma
5827,2024-01-20,Channel Partner,Noida,18500000,Plot,Palm Towers,Neha Singh
5828,2024-11-25,Referral,Pune,4700000,Apartment,Green Valley,Ravi Mehta
5829,2024-05-30,99acres,Hyderabad,11300000,Villa,Sky Residency,Ravi Mehta
5830,2024-08-27,Google Ads,Pune,7400000,Apartment,Urban Square,Riya Kapoor
5831,2024-02-05,Referral,Mumbai,3600000,Apartment,Green Valley,Praveen Tambe
5832,2024-07-10,Google Ads,Gurgaon,8500000,Apartment,Green Valley,Priya Kapoor
5833,2024-03-19,Google Ads,Pune,18500000,Apartment,Green Valley,Aman Sharma
5834,2024-05-21,Google Ads,Pune,9300000,Villa,Palm Towers,Priya Kapoor
5835,2024-01-01,Channel Partner,Gurgaon,12200000,Apartment,Elite Heights,Riya Kapoor
5836,2024-03-31,99acres,Bangalore,11700000,Plot,Green Valley,Praveen Tambe
5837,2024-04-21,99acres,Mumbai,10600000,Villa,Sky Residency,Praveen Tambe
5838,2024-06-23,Google Ads,Noida,15400000,Villa,Sky Residency,Neha Singh
5839,2024-07-19,Referral,Noida,5500000,Villa,Green Valley,Priya Kapoor
5840,2024-08-20,Referral,Gurgaon,14900000,Apartment,Sky Residency,Ravi Mehta
5841,2024-12-02,Referral,Mumbai,13900000,Plot,Palm Towers,Viral Kohli
5842,2024-02-05,Channel Partner,Hyderabad,14700000,Villa,Green Valley,Priya Kapoor
5843,2024-10-24,Google Ads,Gurgaon,17700000,Villa,Green Valley,Aman Sharma
5844,2024-03-14,Google Ads,Mumbai,19900000,Plot,Elite Heights,Viral Kohli
5845,2024-11-10,Google Ads,Pune,7700000,Villa,Palm Towers,Ravi Mehta
5846,2024-08-17,Walk-in,Pune,13700000,Plot,Palm Towers,Sachin Tendulkar
5847,2024-06-22,Housing,Noida,11900000,Apartment,Urban Square,Riya Kapoor
5848,2024-11-16,99acres,Noida,16400000,Apartment,Green Valley,Ravi Mehta
5849,2024-08-12,Channel Partner,Pune,15700000,Plot,Elite Heights,Rohit Sharma
5850,2024-02-18,Google Ads,Pune,4800000,Plot,Sky Residency,Praveen Tambe
5851,2024-05-10,Housing,Bangalore,6400000,Villa,Urban Square,Sachin Tendulkar
5852,2024-09-24,Facebook,Noida,13500000,Villa,Sky Residency,Shefali Mehta
5853,2024-10-13,Google Ads,Mumbai,4200000,Villa,Palm Towers,Sachin Tendulkar
5854,2024-11-19,Google Ads,Hyderabad,15000000,Plot,Elite Heights,Praveen Tambe
5855,2024-06-04,Google Ads,Noida,19600000,Villa,Green Valley,Viral Kohli
5856,2024-07-03,Facebook,Hyderabad,10300000,Apartment,Elite Heights,Priya Kapoor
5857,2024-03-21,99acres,Mumbai,13400000,Apartment,Urban Square,Priya Kapoor
5858,2024-01-18,Referral,Gurgaon,15500000,Plot,Elite Heights,Neha Singh
5859,2024-12-22,99acres,Bangalore,5500000,Villa,Green Valley,Priya Kapoor
5860,2024-03-04,Google Ads,Bangalore,9500000,Plot,Green Valley,Priya Kapoor
5861,2024-02-29,Google Ads,Bangalore,6600000,Plot,Sky Residency,Riya Kapoor
5862,2024-07-23,Housing,Mumbai,15200000,Villa,Urban Square,Viral Kohli
5863,2024-02-08,Google Ads,Bangalore,13500000,Apartment,Palm Towers,Aman Sharma
5864,2024-06-05,Housing,Bangalore,11100000,Apartment,Palm Towers,Riya Kapoor
5865,2024-06-30,Google Ads,Mumbai,17200000,Plot,Urban Square,Viral Kohli
5866,2024-07-08,Google Ads,Mumbai,5800000,Villa,Green Valley,Viral Kohli
5867,2024-02-25,Facebook,Bangalore,5300000,Plot,Palm Towers,Priya Kapoor
5868,2024-02-14,Google Ads,Gurgaon,3400000,Plot,Green Valley,Rohit Sharma
5869,2024-05-14,Facebook,Mumbai,5600000,Plot,Palm Towers,Sachin Tendulkar
5870,2024-10-11,Housing,Noida,5600000,Plot,Elite Heights,Praveen Tambe
5871,2024-03-05,Google Ads,Pune,15800000,Villa,Urban Square,Viral Kohli
5872,2024-02-17,Housing,Noida,8900000,Plot,Green Valley,Aman Sharma
5873,2024-05-12,Facebook,Bangalore,16400000,Villa,Sky Residency,Rohit Sharma
5874,2024-10-15,Channel Partner,Hyderabad,4200000,Apartment,Palm Towers,Ravi Mehta
5875,2024-08-27,Facebook,Gurgaon,14800000,Villa,Elite Heights,Riya Kapoor
5876,2024-09-26,99acres,Gurgaon,13600000,Plot,Elite Heights,Ravi Mehta
5877,2024-06-18,Facebook,Noida,12200000,Plot,Elite Heights,Viral Kohli
5878,2024-01-11,Facebook,Gurgaon,8600000,Plot,Green Valley,Rohit Sharma
5879,2024-12-05,Google Ads,Bangalore,5500000,Plot,Green Valley,Shefali Mehta
5880,2024-12-20,Google Ads,Gurgaon,3700000,Apartment,Urban Square,Sachin Tendulkar
5881,2024-02-20,Housing,Pune,7800000,Villa,Green Valley,Shefali Mehta
5882,2024-11-18,Google Ads,Gurgaon,9200000,Apartment,Green Valley,Aman Sharma
5883,2024-11-01,Facebook,Hyderabad,11100000,Apartment,Green Valley,Sachin Tendulkar
5884,2024-05-12,Housing,Gurgaon,5500000,Villa,Sky Residency,Ravi Mehta
5885,2024-01-19,Google Ads,Gurgaon,3200000,Plot,Sky Residency,Riya Kapoor
5886,2024-03-22,Google Ads,Gurgaon,5800000,Villa,Sky Residency,Aman Sharma
5887,2024-09-05,99acres,Gurgaon,4500000,Apartment,Palm Towers,Ravi Mehta
5888,2024-11-06,Housing,Noida,10800000,Plot,Sky Residency,Sachin Tendulkar
5889,2024-08-21,Google Ads,Noida,16700000,Plot,Green Valley,Shefali Mehta
5890,2024-06-10,Walk-in,Gurgaon,4700000,Plot,Elite Heights,Sachin Tendulkar
5891,2024-11-13,Channel Partner,Mumbai,20000000,Villa,Green Valley,Ravi Mehta
5892,2024-08-10,Google Ads,Gurgaon,4300000,Plot,Urban Square,Priya Kapoor
5893,2024-04-07,99acres,Bangalore,16700000,Plot,Urban Square,Rohit Sharma
5894,2024-08-12,Housing,Noida,7700000,Villa,Sky Residency,Viral Kohli
5895,2024-08-11,Google Ads,Gurgaon,9600000,Plot,Palm Towers,Aman Sharma
5896,2024-06-05,Google Ads,Pune,3000000,Apartment,Sky Residency,Rohit Sharma
5897,2024-06-29,Facebook,Gurgaon,16300000,Apartment,Urban Square,Shefali Mehta
5898,2024-12-17,Google Ads,Bangalore,14600000,Villa,Sky Residency,Sachin Tendulkar
5899,2024-01-11,Google Ads,Pune,5800000,Plot,Elite Heights,Rohit Sharma
5900,2024-05-06,Channel Partner,Noida,18800000,Plot,Palm Towers,Aman Sharma
5901,2024-12-06,Facebook,Pune,9700000,Plot,Urban Square,Viral Kohli
5902,2024-01-28,Walk-in,Gurgaon,5900000,Plot,Green Valley,Rohit Sharma
5903,2024-05-26,Channel Partner,Pune,17900000,Apartment,Elite Heights,Rohit Sharma
5904,2024-03-17,Google Ads,Bangalore,17400000,Villa,Urban Square,Rohit Sharma
5905,2024-06-02,Channel Partner,Gurgaon,4900000,Apartment,Sky Residency,Rohit Sharma
5906,2024-04-25,Google Ads,Noida,15900000,Apartment,Elite Heights,Aman Sharma
5907,2024-06-10,99acres,Noida,13000000,Plot,Palm Towers,Sachin Tendulkar
5908,2024-10-02,Facebook,Noida,4700000,Villa,Urban Square,Rohit Sharma
5909,2024-03-01,Channel Partner,Gurgaon,6000000,Apartment,Urban Square,Neha Singh
5910,2024-08-16,Facebook,Noida,18200000,Villa,Green Valley,Aman Sharma
5911,2024-04-17,99acres,Gurgaon,7000000,Apartment,Sky Residency,Ravi Mehta
5912,2024-02-05,99acres,Pune,6300000,Plot,Green Valley,Priya Kapoor
5913,2024-05-22,Facebook,Noida,8700000,Villa,Palm Towers,Praveen Tambe
5914,2024-02-17,Google Ads,Hyderabad,14300000,Plot,Palm Towers,Neha Singh
5915,2024-01-24,Channel Partner,Pune,11700000,Apartment,Green Valley,Rohit Sharma
5916,2024-02-18,Facebook,Gurgaon,7500000,Plot,Elite Heights,Sachin Tendulkar
5917,2024-10-20,Housing,Bangalore,4400000,Apartment,Sky Residency,Riya Kapoor
5918,2024-12-28,99acres,Pune,7600000,Villa,Palm Towers,Riya Kapoor
5919,2024-03-29,Housing,Bangalore,3800000,Apartment,Palm Towers,Praveen Tambe
5920,2024-11-28,Facebook,Pune,19600000,Villa,Palm Towers,Viral Kohli
5921,2024-12-17,Facebook,Gurgaon,8000000,Plot,Green Valley,Aman Sharma
5922,2024-10-31,Google Ads,Hyderabad,9100000,Plot,Green Valley,Neha Singh
5923,2024-10-11,Google Ads,Pune,14000000,Apartment,Sky Residency,Sachin Tendulkar
5924,2024-04-26,Google Ads,Bangalore,8800000,Apartment,Elite Heights,Ravi Mehta
5925,2024-09-07,Referral,Noida,14500000,Plot,Sky Residency,Sachin Tendulkar
5926,2024-03-09,Housing,Gurgaon,9000000,Plot,Sky Residency,Neha Singh
5927,2024-01-26,Google Ads,Hyderabad,14900000,Villa,Palm Towers,Aman Sharma
5928,2024-04-19,Housing,Pune,16400000,Apartment,Palm Towers,Shefali Mehta
5929,2024-05-13,Facebook,Mumbai,3600000,Plot,Elite Heights,Viral Kohli
5930,2024-10-05,Google Ads,Mumbai,10100000,Villa,Elite Heights,Ravi Mehta
5931,2024-08-28,Google Ads,Gurgaon,17800000,Villa,Palm Towers,Praveen Tambe
5932,2024-01-08,Housing,Mumbai,3000000,Apartment,Elite Heights,Riya Kapoor
5933,2024-09-02,Facebook,Bangalore,14900000,Plot,Urban Square,Ravi Mehta
5934,2024-01-24,Google Ads,Noida,4600000,Plot,Palm Towers,Rohit Sharma
5935,2024-01-11,Referral,Noida,4200000,Villa,Sky Residency,Neha Singh
5936,2024-06-05,Facebook,Gurgaon,10300000,Villa,Palm Towers,Riya Kapoor
5937,2024-12-19,Google Ads,Gurgaon,6300000,Apartment,Green Valley,Ravi Mehta
5938,2024-09-08,Google Ads,Bangalore,8900000,Villa,Sky Residency,Riya Kapoor
5939,2024-12-25,Facebook,Hyderabad,9400000,Apartment,Green Valley,Neha Singh
5940,2024-10-17,99acres,Pune,13400000,Apartment,Sky Residency,Neha Singh
5941,2024-05-07,Housing,Mumbai,15800000,Apartment,Green Valley,Ravi Mehta
5942,2024-01-30,Housing,Gurgaon,11400000,Apartment,Elite Heights,Priya Kapoor
5943,2024-03-16,Walk-in,Pune,19700000,Villa,Palm Towers,Riya Kapoor
5944,2024-12-04,Channel Partner,Noida,9100000,Plot,Urban Square,Sachin Tendulkar
5945,2024-03-09,Housing,Noida,17000000,Apartment,Green Valley,Neha Singh
5946,2024-12-29,Channel Partner,Pune,14000000,Plot,Urban Square,Ravi Mehta
5947,2024-12-17,Referral,Gurgaon,12500000,Apartment,Elite Heights,Sachin Tendulkar
5948,2024-05-09,Facebook,Pune,12300000,Plot,Elite Heights,Riya Kapoor
5949,2024-05-26,Channel Partner,Pune,16900000,Villa,Sky Residency,Priya Kapoor
5950,2024-11-14,Housing,Bangalore,4700000,Plot,Elite Heights,Sachin Tendulkar
5951,2024-04-02,99acres,Gurgaon,6200000,Plot,Urban Square,Rohit Sharma
5952,2024-08-21,Google Ads,Hyderabad,7700000,Plot,Elite Heights,Aman Sharma
5953,2024-08-08,Facebook,Noida,19400000,Apartment,Sky Residency,Sachin Tendulkar
5954,2024-12-13,Referral,Bangalore,12300000,Plot,Urban Square,Ravi Mehta
5955,2024-06-29,99acres,Noida,16600000,Villa,Palm Towers,Viral Kohli
5956,2024-08-09,Housing,Gurgaon,15400000,Villa,Elite Heights,Praveen Tambe
5957,2024-12-18,99acres,Mumbai,7800000,Plot,Urban Square,Aman Sharma
5958,2024-02-04,Google Ads,Mumbai,8700000,Plot,Sky Residency,Sachin Tendulkar
5959,2024-04-24,Google Ads,Hyderabad,3400000,Plot,Sky Residency,Ravi Mehta
5960,2024-10-03,Referral,Gurgaon,6000000,Plot,Elite Heights,Viral Kohli
5961,2024-02-27,Channel Partner,Gurgaon,11400000,Apartment,Sky Residency,Riya Kapoor
5962,2024-08-01,Channel Partner,Noida,18200000,Apartment,Green Valley,Riya Kapoor
5963,2024-06-18,Referral,Hyderabad,18100000,Apartment,Elite Heights,Ravi Mehta
5964,2024-10-05,Facebook,Gurgaon,11900000,Villa,Sky Residency,Ravi Mehta
5965,2024-07-28,Google Ads,Gurgaon,18500000,Plot,Sky Residency,Shefali Mehta
5966,2024-10-28,Google Ads,Gurgaon,7100000,Apartment,Palm Towers,Riya Kapoor
5967,2024-11-13,Channel Partner,Noida,5700000,Plot,Elite Heights,Priya Kapoor
5968,2024-11-06,Channel Partner,Gurgaon,3600000,Plot,Urban Square,Viral Kohli
5969,2024-12-24,Channel Partner,Gurgaon,4600000,Villa,Sky Residency,Praveen Tambe
5970,2024-08-27,Google Ads,Pune,10100000,Villa,Urban Square,Ravi Mehta
5971,2024-03-29,Google Ads,Gurgaon,18100000,Villa,Palm Towers,Riya Kapoor
5972,2024-01-21,Facebook,Mumbai,16400000,Apartment,Green Valley,Priya Kapoor
5973,2024-04-05,Google Ads,Noida,15900000,Plot,Urban Square,Viral Kohli
5974,2024-11-27,Referral,Bangalore,10000000,Villa,Green Valley,Aman Sharma
5975,2024-11-15,Channel Partner,Pune,13100000,Plot,Sky Residency,Shefali Mehta
5976,2024-06-22,Google Ads,Pune,9300000,Apartment,Sky Residency,Neha Singh
5977,2024-12-22,Referral,Bangalore,6500000,Apartment,Sky Residency,Neha Singh
5978,2024-07-01,Facebook,Pune,15100000,Plot,Elite Heights,Sachin Tendulkar
5979,2024-08-24,Referral,Pune,15700000,Plot,Sky Residency,Ravi Mehta
5980,2024-05-28,Google Ads,Pune,15500000,Apartment,Green Valley,Neha Singh
5981,2024-06-01,Google Ads,Bangalore,18300000,Villa,Elite Heights,Shefali Mehta
5982,2024-05-30,Facebook,Noida,13900000,Villa,Urban Square,Aman Sharma
5983,2024-05-01,Google Ads,Noida,11900000,Plot,Sky Residency,Ravi Mehta
5984,2024-02-05,Google Ads,Noida,9100000,Villa,Sky Residency,Praveen Tambe
5985,2024-05-18,Referral,Mumbai,18900000,Plot,Palm Towers,Shefali Mehta
5986,2024-10-22,Facebook,Bangalore,16700000,Apartment,Green Valley,Rohit Sharma
5987,2024-06-16,Google Ads,Mumbai,18800000,Villa,Sky Residency,Viral Kohli
5988,2024-11-03,99acres,Gurgaon,7400000,Apartment,Urban Square,Shefali Mehta
5989,2024-11-16,Referral,Gurgaon,3700000,Plot,Green Valley,Ravi Mehta
5990,2024-03-09,Facebook,Hyderabad,6800000,Plot,Elite Heights,Viral Kohli
5991,2024-06-14,99acres,Hyderabad,4500000,Villa,Palm Towers,Ravi Mehta
5992,2024-09-29,Google Ads,Hyderabad,8000000,Villa,Sky Residency,Shefali Mehta
5993,2024-11-13,99acres,Bangalore,15600000,Plot,Urban Square,Shefali Mehta
5994,2024-07-11,Referral,Gurgaon,15800000,Villa,Elite Heights,Ravi Mehta
5995,2024-01-25,Housing,Mumbai,14700000,Villa,Palm Towers,Neha Singh
5996,2024-02-22,Facebook,Pune,14200000,Apartment,Sky Residency,Shefali Mehta
5997,2024-06-12,Walk-in,Gurgaon,19000000,Plot,Palm Towers,Sachin Tendulkar
5998,2024-04-09,Referral,Hyderabad,16900000,Apartment,Urban Square,Shefali Mehta
5999,2024-08-29,Facebook,Noida,9600000,Villa,Palm Towers,Praveen Tambe
6000,2024-12-14,Facebook,Mumbai,15000000,Plot,Sky Residency,Aman Sharma
6001,2024-12-26,99acres,Gurgaon,14300000,Plot,Elite Heights,Viral Kohli
6002,2024-08-02,Facebook,Noida,11900000,Villa,Sky Residency,Neha Singh
6003,2024-10-28,99acres,Bangalore,7200000,Villa,Sky Residency,Neha Singh
6004,2024-10-08,Housing,Bangalore,18300000,Apartment,Green Valley,Riya Kapoor
6005,2024-01-29,Google Ads,Mumbai,18800000,Villa,Urban Square,Viral Kohli
6006,2024-01-05,Housing,Noida,12500000,Plot,Palm Towers,Aman Sharma
6007,2024-12-13,Referral,Bangalore,13000000,Villa,Elite Heights,Praveen Tambe
6008,2024-09-11,99acres,Gurgaon,5500000,Apartment,Elite Heights,Neha Singh
6009,2024-08-22,99acres,Pune,10300000,Villa,Elite Heights,Sachin Tendulkar
6010,2024-09-08,99acres,Bangalore,9000000,Villa,Sky Residency,Rohit Sharma
6011,2024-08-27,Google Ads,Mumbai,11800000,Apartment,Green Valley,Shefali Mehta
6012,2024-02-11,Housing,Gurgaon,11500000,Apartment,Sky Residency,Sachin Tendulkar
6013,2024-10-09,Channel Partner,Gurgaon,11400000,Villa,Green Valley,Priya Kapoor
6014,2024-03-16,Google Ads,Noida,8200000,Apartment,Sky Residency,Priya Kapoor
6015,2024-07-09,99acres,Noida,10200000,Villa,Palm Towers,Ravi Mehta
6016,2024-04-07,Google Ads,Gurgaon,15200000,Plot,Palm Towers,Shefali Mehta
6017,2024-11-04,Facebook,Gurgaon,11600000,Villa,Green Valley,Sachin Tendulkar
6018,2024-06-24,Google Ads,Noida,4000000,Villa,Elite Heights,Shefali Mehta
6019,2024-05-01,Housing,Noida,8300000,Apartment,Urban Square,Neha Singh
6020,2024-12-30,Google Ads,Pune,15700000,Villa,Elite Heights,Ravi Mehta
6021,2024-09-22,Facebook,Bangalore,5100000,Plot,Sky Residency,Shefali Mehta
6022,2024-02-23,99acres,Gurgaon,18100000,Villa,Elite Heights,Ravi Mehta
6023,2024-03-02,Facebook,Bangalore,8500000,Plot,Palm Towers,Ravi Mehta
6024,2024-07-15,99acres,Mumbai,17700000,Apartment,Palm Towers,Priya Kapoor
6025,2024-08-29,99acres,Noida,3300000,Apartment,Sky Residency,Praveen Tambe
6026,2024-01-28,Google Ads,Pune,16100000,Plot,Elite Heights,Ravi Mehta
6027,2024-09-14,Google Ads,Noida,12500000,Plot,Palm Towers,Sachin Tendulkar
6028,2024-02-27,Walk-in,Bangalore,6700000,Villa,Elite Heights,Shefali Mehta
6029,2024-10-26,Facebook,Hyderabad,17100000,Plot,Urban Square,Neha Singh
6030,2024-08-01,Facebook,Bangalore,18100000,Villa,Green Valley,Riya Kapoor
6031,2024-02-15,Referral,Gurgaon,19900000,Apartment,Sky Residency,Ravi Mehta
6032,2024-05-12,99acres,Noida,19800000,Plot,Urban Square,Viral Kohli
6033,2024-08-04,Facebook,Mumbai,17200000,Plot,Elite Heights,Ravi Mehta
6034,2024-05-20,Facebook,Bangalore,17500000,Plot,Sky Residency,Riya Kapoor
6035,2024-07-01,Google Ads,Mumbai,8500000,Villa,Palm Towers,Priya Kapoor
6036,2024-09-05,Referral,Hyderabad,6500000,Villa,Urban Square,Ravi Mehta
6037,2024-06-18,Facebook,Pune,17400000,Villa,Elite Heights,Ravi Mehta
6038,2024-03-25,Facebook,Hyderabad,14500000,Plot,Sky Residency,Neha Singh
6039,2024-09-11,99acres,Bangalore,18600000,Apartment,Green Valley,Neha Singh
6040,2024-02-05,Housing,Gurgaon,6000000,Apartment,Palm Towers,Rohit Sharma
6041,2024-02-12,Channel Partner,Noida,6000000,Plot,Urban Square,Sachin Tendulkar
6042,2024-06-15,Facebook,Noida,13200000,Villa,Sky Residency,Priya Kapoor
6043,2024-12-04,Housing,Bangalore,4900000,Apartment,Green Valley,Viral Kohli
6044,2024-06-20,Channel Partner,Gurgaon,7300000,Apartment,Palm Towers,Neha Singh
6045,2024-10-23,Google Ads,Mumbai,10900000,Plot,Palm Towers,Riya Kapoor
6046,2024-04-05,99acres,Bangalore,9500000,Plot,Green Valley,Praveen Tambe
6047,2024-04-30,Referral,Bangalore,12800000,Plot,Urban Square,Aman Sharma
6048,2024-01-01,Channel Partner,Gurgaon,10000000,Villa,Urban Square,Praveen Tambe
6049,2024-01-07,Facebook,Pune,3800000,Villa,Green Valley,Ravi Mehta
6050,2024-06-06,Google Ads,Hyderabad,16900000,Villa,Elite Heights,Aman Sharma
6051,2024-05-28,Facebook,Bangalore,10300000,Villa,Palm Towers,Riya Kapoor
6052,2024-04-21,99acres,Gurgaon,13000000,Apartment,Green Valley,Riya Kapoor
6053,2024-01-25,Facebook,Gurgaon,19100000,Plot,Sky Residency,Shefali Mehta
6054,2024-10-16,Google Ads,Noida,4000000,Plot,Sky Residency,Viral Kohli
6055,2024-09-02,Housing,Mumbai,16300000,Villa,Urban Square,Neha Singh
6056,2024-02-13,Google Ads,Bangalore,17000000,Villa,Elite Heights,Aman Sharma
6057,2024-02-11,Facebook,Mumbai,18000000,Plot,Urban Square,Sachin Tendulkar
6058,2024-05-04,Referral,Noida,5800000,Plot,Palm Towers,Viral Kohli
6059,2024-09-07,Facebook,Pune,9700000,Apartment,Palm Towers,Sachin Tendulkar
6060,2024-09-03,Walk-in,Gurgaon,9000000,Plot,Palm Towers,Neha Singh
6061,2024-05-13,Facebook,Pune,20000000,Plot,Palm Towers,Sachin Tendulkar
6062,2024-01-13,Google Ads,Mumbai,5300000,Apartment,Palm Towers,Praveen Tambe
6063,2024-01-05,Facebook,Hyderabad,12300000,Plot,Elite Heights,Riya Kapoor
6064,2024-03-24,99acres,Bangalore,3500000,Villa,Elite Heights,Praveen Tambe
6065,2024-08-15,99acres,Bangalore,17900000,Plot,Green Valley,Shefali Mehta
6066,2024-09-27,Referral,Gurgaon,15800000,Villa,Elite Heights,Praveen Tambe
6067,2024-04-02,Housing,Pune,10600000,Plot,Urban Square,Viral Kohli
6068,2024-05-25,Housing,Mumbai,16500000,Plot,Palm Towers,Rohit Sharma
6069,2024-05-04,Facebook,Mumbai,6200000,Plot,Green Valley,Sachin Tendulkar
6070,2024-05-03,Google Ads,Gurgaon,12300000,Apartment,Elite Heights,Sachin Tendulkar
6071,2024-01-22,99acres,Noida,18300000,Apartment,Urban Square,Viral Kohli
6072,2024-10-23,Google Ads,Hyderabad,19700000,Plot,Urban Square,Ravi Mehta
6073,2024-12-23,Channel Partner,Hyderabad,9000000,Plot,Palm Towers,Praveen Tambe
6074,2024-10-24,Google Ads,Bangalore,19000000,Apartment,Urban Square,Praveen Tambe
6075,2024-05-01,Referral,Gurgaon,7100000,Villa,Sky Residency,Priya Kapoor
6076,2024-06-29,Google Ads,Noida,7900000,Villa,Urban Square,Riya Kapoor
6077,2024-08-13,Channel Partner,Gurgaon,3700000,Plot,Green Valley,Ravi Mehta
6078,2024-01-14,Google Ads,Pune,10400000,Villa,Palm Towers,Shefali Mehta
6079,2024-05-19,Facebook,Mumbai,15700000,Plot,Palm Towers,Priya Kapoor
6080,2024-03-10,Facebook,Noida,12700000,Villa,Green Valley,Ravi Mehta
6081,2024-04-01,Facebook,Pune,13600000,Apartment,Palm Towers,Priya Kapoor
6082,2024-11-28,Google Ads,Gurgaon,18700000,Villa,Green Valley,Praveen Tambe
6083,2024-08-30,Referral,Gurgaon,6600000,Villa,Urban Square,Shefali Mehta
6084,2024-09-23,Google Ads,Mumbai,4000000,Villa,Sky Residency,Rohit Sharma
6085,2024-05-04,Referral,Noida,14300000,Villa,Sky Residency,Praveen Tambe
6086,2024-10-21,Google Ads,Hyderabad,19700000,Plot,Sky Residency,Ravi Mehta
6087,2024-12-09,Facebook,Bangalore,11900000,Villa,Sky Residency,Rohit Sharma
6088,2024-05-14,Channel Partner,Noida,11300000,Villa,Green Valley,Ravi Mehta
6089,2024-11-06,Housing,Gurgaon,8200000,Plot,Urban Square,Praveen Tambe
6090,2024-07-21,99acres,Gurgaon,17100000,Villa,Elite Heights,Shefali Mehta
6091,2024-05-27,Referral,Pune,15800000,Villa,Urban Square,Viral Kohli
6092,2024-05-30,Google Ads,Gurgaon,19700000,Apartment,Palm Towers,Aman Sharma
6093,2024-10-02,Channel Partner,Bangalore,13900000,Apartment,Elite Heights,Rohit Sharma
6094,2024-08-10,Google Ads,Gurgaon,15700000,Apartment,Sky Residency,Aman Sharma
6095,2024-04-13,99acres,Gurgaon,17500000,Villa,Sky Residency,Shefali Mehta
6096,2024-10-09,Google Ads,Pune,5200000,Apartment,Green Valley,Aman Sharma
6097,2024-02-19,Housing,Hyderabad,14900000,Apartment,Sky Residency,Shefali Mehta
6098,2024-12-09,Facebook,Noida,16900000,Villa,Elite Heights,Viral Kohli
6099,2024-02-16,Housing,Pune,16700000,Plot,Urban Square,Aman Sharma
6100,2024-04-17,Facebook,Bangalore,14800000,Villa,Palm Towers,Priya Kapoor
6101,2024-12-16,Facebook,Pune,6700000,Plot,Palm Towers,Riya Kapoor
6102,2024-12-25,Housing,Gurgaon,18100000,Villa,Elite Heights,Neha Singh
6103,2024-03-13,Google Ads,Bangalore,15400000,Apartment,Elite Heights,Priya Kapoor
6104,2024-07-12,Google Ads,Bangalore,9800000,Plot,Urban Square,Praveen Tambe
6105,2024-06-01,Walk-in,Hyderabad,6100000,Plot,Sky Residency,Aman Sharma
6106,2024-12-21,Housing,Pune,19900000,Apartment,Palm Towers,Viral Kohli
6107,2024-10-01,Housing,Pune,12800000,Apartment,Sky Residency,Viral Kohli
6108,2024-08-12,Google Ads,Gurgaon,11200000,Plot,Palm Towers,Viral Kohli
6109,2024-04-15,Walk-in,Noida,3600000,Plot,Elite Heights,Viral Kohli
6110,2024-12-31,Google Ads,Pune,18500000,Apartment,Sky Residency,Praveen Tambe
6111,2024-11-30,Facebook,Pune,11100000,Apartment,Green Valley,Sachin Tendulkar
6112,2024-07-17,99acres,Gurgaon,6200000,Villa,Palm Towers,Neha Singh
6113,2024-06-06,Referral,Bangalore,8400000,Plot,Green Valley,Riya Kapoor
6114,2024-02-24,Facebook,Gurgaon,16500000,Apartment,Urban Square,Aman Sharma
6115,2024-12-24,Housing,Pune,7200000,Apartment,Palm Towers,Sachin Tendulkar
6116,2024-03-14,Facebook,Pune,12400000,Plot,Urban Square,Sachin Tendulkar
6117,2024-07-23,Channel Partner,Hyderabad,14000000,Villa,Palm Towers,Ravi Mehta
6118,2024-05-03,Facebook,Hyderabad,9500000,Apartment,Urban Square,Praveen Tambe
6119,2024-11-27,Referral,Noida,7000000,Apartment,Palm Towers,Rohit Sharma
6120,2024-05-19,Google Ads,Gurgaon,16900000,Apartment,Green Valley,Praveen Tambe
6121,2024-12-25,Google Ads,Mumbai,19900000,Villa,Urban Square,Rohit Sharma
6122,2024-04-08,Facebook,Gurgaon,8000000,Apartment,Urban Square,Praveen Tambe
6123,2024-04-22,Google Ads,Noida,10500000,Villa,Sky Residency,Aman Sharma
6124,2024-07-28,Facebook,Bangalore,14900000,Villa,Sky Residency,Riya Kapoor
6125,2024-03-09,Facebook,Pune,11500000,Villa,Urban Square,Priya Kapoor
6126,2024-03-23,Referral,Bangalore,11300000,Villa,Urban Square,Viral Kohli
6127,2024-06-14,Google Ads,Mumbai,7800000,Villa,Elite Heights,Riya Kapoor
6128,2024-09-24,Referral,Noida,5600000,Villa,Green Valley,Riya Kapoor
6129,2024-11-13,Facebook,Gurgaon,10700000,Villa,Elite Heights,Riya Kapoor
6130,2024-06-11,Housing,Mumbai,10900000,Villa,Palm Towers,Aman Sharma
6131,2024-06-13,Walk-in,Mumbai,15300000,Villa,Green Valley,Viral Kohli
6132,2024-02-06,Google Ads,Gurgaon,13500000,Plot,Green Valley,Rohit Sharma
6133,2024-06-04,Google Ads,Pune,3700000,Apartment,Urban Square,Sachin Tendulkar
6134,2024-11-01,Housing,Bangalore,14400000,Apartment,Sky Residency,Riya Kapoor
6135,2024-11-11,99acres,Mumbai,12700000,Villa,Sky Residency,Shefali Mehta
6136,2024-12-21,Google Ads,Mumbai,6500000,Apartment,Green Valley,Ravi Mehta
6137,2024-06-23,Referral,Bangalore,17200000,Apartment,Urban Square,Viral Kohli
6138,2024-07-11,Housing,Noida,4400000,Plot,Palm Towers,Viral Kohli
6139,2024-05-10,99acres,Pune,19400000,Villa,Elite Heights,Viral Kohli
6140,2024-04-15,Google Ads,Mumbai,11400000,Plot,Sky Residency,Rohit Sharma
6141,2024-10-10,Facebook,Gurgaon,10000000,Apartment,Sky Residency,Ravi Mehta
6142,2024-09-30,Channel Partner,Bangalore,7100000,Apartment,Elite Heights,Rohit Sharma
6143,2024-05-19,Facebook,Gurgaon,7700000,Apartment,Elite Heights,Sachin Tendulkar
6144,2024-06-28,Referral,Gurgaon,10500000,Plot,Sky Residency,Viral Kohli
6145,2024-11-22,Referral,Bangalore,13600000,Plot,Green Valley,Viral Kohli
6146,2024-04-29,Walk-in,Gurgaon,18000000,Plot,Elite Heights,Neha Singh
6147,2024-09-20,Google Ads,Mumbai,7000000,Villa,Green Valley,Neha Singh
6148,2024-12-29,Google Ads,Gurgaon,14300000,Apartment,Sky Residency,Ravi Mehta
6149,2024-09-14,Referral,Bangalore,5400000,Apartment,Sky Residency,Praveen Tambe
6150,2024-07-27,Facebook,Mumbai,14600000,Plot,Urban Square,Rohit Sharma
6151,2024-10-12,Google Ads,Noida,12200000,Villa,Urban Square,Sachin Tendulkar
6152,2024-10-12,Facebook,Gurgaon,8100000,Villa,Urban Square,Neha Singh
6153,2024-07-16,Google Ads,Noida,15000000,Villa,Urban Square,Shefali Mehta
6154,2024-10-07,Referral,Mumbai,12300000,Villa,Green Valley,Priya Kapoor
6155,2024-02-13,Google Ads,Bangalore,6300000,Apartment,Green Valley,Ravi Mehta
6156,2024-11-23,Google Ads,Gurgaon,7800000,Plot,Green Valley,Neha Singh
6157,2024-07-22,99acres,Pune,12300000,Apartment,Urban Square,Sachin Tendulkar
6158,2024-10-20,Facebook,Gurgaon,9400000,Plot,Elite Heights,Rohit Sharma
6159,2024-05-24,Referral,Noida,17900000,Apartment,Green Valley,Viral Kohli
6160,2024-01-07,Google Ads,Mumbai,14200000,Plot,Green Valley,Riya Kapoor
6161,2024-04-26,Facebook,Noida,3100000,Plot,Elite Heights,Viral Kohli
6162,2024-04-04,Google Ads,Gurgaon,3300000,Villa,Sky Residency,Sachin Tendulkar
6163,2024-12-25,Google Ads,Hyderabad,12800000,Villa,Palm Towers,Riya Kapoor
6164,2024-12-13,Housing,Bangalore,13200000,Villa,Urban Square,Shefali Mehta
6165,2024-05-14,Facebook,Gurgaon,6800000,Apartment,Palm Towers,Shefali Mehta
6166,2024-07-23,Google Ads,Mumbai,10600000,Apartment,Palm Towers,Neha Singh
6167,2024-10-14,Google Ads,Gurgaon,3100000,Apartment,Green Valley,Aman Sharma
6168,2024-04-28,Facebook,Pune,14000000,Apartment,Urban Square,Riya Kapoor
6169,2024-07-15,Housing,Hyderabad,9700000,Apartment,Urban Square,Sachin Tendulkar
6170,2024-06-25,Channel Partner,Bangalore,7800000,Villa,Elite Heights,Priya Kapoor
6171,2024-11-26,Referral,Gurgaon,17800000,Apartment,Elite Heights,Viral Kohli
6172,2024-04-02,Google Ads,Bangalore,14000000,Apartment,Urban Square,Viral Kohli
6173,2024-04-21,Google Ads,Pune,6000000,Villa,Green Valley,Sachin Tendulkar
6174,2024-10-27,Facebook,Pune,10600000,Apartment,Green Valley,Aman Sharma
6175,2024-09-16,Housing,Hyderabad,13300000,Villa,Elite Heights,Shefali Mehta
6176,2024-05-29,99acres,Noida,13600000,Plot,Elite Heights,Priya Kapoor
6177,2024-12-13,Google Ads,Mumbai,19200000,Villa,Green Valley,Priya Kapoor
6178,2024-10-23,Housing,Noida,10200000,Villa,Elite Heights,Viral Kohli
6179,2024-11-13,Google Ads,Mumbai,11400000,Villa,Elite Heights,Ravi Mehta
6180,2024-05-03,99acres,Pune,18000000,Villa,Elite Heights,Sachin Tendulkar
6181,2024-02-13,Google Ads,Noida,19600000,Apartment,Palm Towers,Viral Kohli
6182,2024-10-15,Google Ads,Mumbai,5800000,Apartment,Palm Towers,Priya Kapoor
6183,2024-06-05,Google Ads,Gurgaon,4400000,Villa,Sky Residency,Praveen Tambe
6184,2024-01-15,Housing,Bangalore,18700000,Plot,Green Valley,Praveen Tambe
6185,2024-01-18,Google Ads,Mumbai,8700000,Villa,Elite Heights,Shefali Mehta
6186,2024-08-21,Google Ads,Gurgaon,7900000,Villa,Palm Towers,Praveen Tambe
6187,2024-11-03,Google Ads,Noida,5600000,Plot,Elite Heights,Ravi Mehta
6188,2024-03-03,Facebook,Gurgaon,4600000,Apartment,Urban Square,Aman Sharma
6189,2024-09-13,Google Ads,Mumbai,17900000,Apartment,Palm Towers,Shefali Mehta
6190,2024-12-22,Referral,Noida,7500000,Plot,Green Valley,Sachin Tendulkar
6191,2024-09-02,Facebook,Mumbai,5400000,Villa,Urban Square,Aman Sharma
6192,2024-03-08,Facebook,Noida,11400000,Villa,Urban Square,Rohit Sharma
6193,2024-03-25,Facebook,Mumbai,3800000,Plot,Elite Heights,Sachin Tendulkar
6194,2024-07-13,Facebook,Gurgaon,4600000,Plot,Green Valley,Ravi Mehta
6195,2024-08-25,Referral,Gurgaon,15800000,Plot,Green Valley,Ravi Mehta
6196,2024-05-15,Google Ads,Hyderabad,4200000,Villa,Urban Square,Rohit Sharma
6197,2024-10-17,Walk-in,Gurgaon,9100000,Villa,Urban Square,Shefali Mehta
6198,2024-09-30,99acres,Gurgaon,11600000,Plot,Sky Residency,Ravi Mehta
6199,2024-02-16,Housing,Pune,7300000,Plot,Green Valley,Sachin Tendulkar
6200,2024-10-20,Google Ads,Noida,15700000,Villa,Elite Heights,Viral Kohli
6201,2024-05-31,99acres,Noida,10100000,Apartment,Palm Towers,Viral Kohli
6202,2024-09-23,Google Ads,Gurgaon,6700000,Plot,Green Valley,Riya Kapoor
6203,2024-04-13,Google Ads,Pune,8500000,Villa,Palm Towers,Rohit Sharma
6204,2024-01-24,99acres,Hyderabad,19600000,Plot,Palm Towers,Rohit Sharma
6205,2024-08-16,Facebook,Mumbai,16600000,Plot,Palm Towers,Ravi Mehta
6206,2024-05-13,Housing,Bangalore,10400000,Villa,Elite Heights,Ravi Mehta
6207,2024-05-18,99acres,Bangalore,17400000,Apartment,Elite Heights,Neha Singh
6208,2024-01-07,Housing,Pune,8700000,Plot,Elite Heights,Ravi Mehta
6209,2024-12-29,Referral,Noida,5800000,Plot,Elite Heights,Shefali Mehta
6210,2024-07-05,Channel Partner,Bangalore,18900000,Apartment,Elite Heights,Praveen Tambe
6211,2024-02-10,Facebook,Bangalore,5500000,Plot,Elite Heights,Priya Kapoor
6212,2024-07-25,Facebook,Noida,10600000,Apartment,Green Valley,Ravi Mehta
6213,2024-04-27,Facebook,Bangalore,8300000,Villa,Elite Heights,Viral Kohli
6214,2024-04-20,99acres,Pune,12100000,Plot,Elite Heights,Neha Singh
6215,2024-01-27,Channel Partner,Bangalore,9600000,Villa,Urban Square,Riya Kapoor
6216,2024-05-11,99acres,Mumbai,15400000,Plot,Palm Towers,Aman Sharma
6217,2024-06-06,Facebook,Gurgaon,19000000,Villa,Sky Residency,Praveen Tambe
6218,2024-05-23,99acres,Mumbai,13400000,Plot,Elite Heights,Priya Kapoor
6219,2024-02-27,Google Ads,Pune,15100000,Villa,Palm Towers,Shefali Mehta
6220,2024-06-15,Google Ads,Pune,9900000,Apartment,Elite Heights,Viral Kohli
6221,2024-10-18,Google Ads,Gurgaon,16400000,Apartment,Green Valley,Praveen Tambe
6222,2024-08-09,Housing,Gurgaon,8300000,Plot,Sky Residency,Rohit Sharma
6223,2024-01-24,Google Ads,Hyderabad,17100000,Apartment,Elite Heights,Riya Kapoor
6224,2024-12-20,99acres,Mumbai,4000000,Villa,Palm Towers,Shefali Mehta
6225,2024-05-08,Google Ads,Gurgaon,10100000,Villa,Elite Heights,Sachin Tendulkar
6226,2024-02-13,Google Ads,Noida,18600000,Villa,Palm Towers,Sachin Tendulkar
6227,2024-03-17,Channel Partner,Mumbai,4000000,Apartment,Sky Residency,Viral Kohli
6228,2024-11-06,Housing,Pune,19700000,Villa,Elite Heights,Neha Singh
6229,2024-01-19,Facebook,Pune,6500000,Plot,Palm Towers,Rohit Sharma
6230,2024-08-03,Facebook,Hyderabad,3000000,Apartment,Palm Towers,Aman Sharma
6231,2024-03-19,Google Ads,Mumbai,12900000,Apartment,Sky Residency,Riya Kapoor
6232,2024-05-26,Google Ads,Pune,17800000,Apartment,Urban Square,Ravi Mehta
6233,2024-03-26,Facebook,Bangalore,13900000,Apartment,Palm Towers,Neha Singh
6234,2024-12-15,Google Ads,Gurgaon,8900000,Plot,Sky Residency,Viral Kohli
6235,2024-01-20,99acres,Noida,17600000,Villa,Palm Towers,Neha Singh
6236,2024-02-11,Google Ads,Gurgaon,7200000,Apartment,Urban Square,Viral Kohli
6237,2024-05-14,Channel Partner,Noida,9300000,Apartment,Sky Residency,Shefali Mehta
6238,2024-05-02,Google Ads,Gurgaon,7200000,Plot,Sky Residency,Ravi Mehta
6239,2024-11-09,Google Ads,Pune,4800000,Apartment,Palm Towers,Rohit Sharma
6240,2024-06-13,Walk-in,Noida,15600000,Villa,Palm Towers,Rohit Sharma
6241,2024-11-20,Channel Partner,Mumbai,10900000,Plot,Elite Heights,Aman Sharma
6242,2024-04-15,Housing,Pune,14000000,Villa,Elite Heights,Sachin Tendulkar
6243,2024-05-16,Google Ads,Hyderabad,6000000,Plot,Sky Residency,Rohit Sharma
6244,2024-12-01,Google Ads,Gurgaon,15200000,Plot,Elite Heights,Ravi Mehta
6245,2024-01-24,Facebook,Gurgaon,9500000,Plot,Urban Square,Shefali Mehta
6246,2024-09-13,Housing,Noida,7100000,Plot,Palm Towers,Rohit Sharma
6247,2024-08-18,Referral,Bangalore,6900000,Plot,Green Valley,Praveen Tambe
6248,2024-11-22,Walk-in,Pune,7400000,Plot,Elite Heights,Praveen Tambe
6249,2024-03-20,Google Ads,Hyderabad,8000000,Apartment,Palm Towers,Priya Kapoor
6250,2024-09-28,99acres,Noida,9000000,Apartment,Elite Heights,Rohit Sharma
6251,2024-05-22,Referral,Gurgaon,3700000,Apartment,Sky Residency,Riya Kapoor
6252,2024-10-23,99acres,Pune,12000000,Plot,Palm Towers,Priya Kapoor
6253,2024-01-06,Google Ads,Gurgaon,18600000,Plot,Sky Residency,Sachin Tendulkar
6254,2024-12-12,Google Ads,Pune,7500000,Apartment,Green Valley,Shefali Mehta
6255,2024-11-26,Housing,Hyderabad,12200000,Apartment,Green Valley,Praveen Tambe
6256,2024-07-19,Google Ads,Noida,5700000,Villa,Sky Residency,Neha Singh
6257,2024-03-11,Housing,Gurgaon,7500000,Villa,Green Valley,Ravi Mehta
6258,2024-02-09,Google Ads,Gurgaon,16000000,Plot,Palm Towers,Rohit Sharma
6259,2024-01-11,Walk-in,Gurgaon,17100000,Villa,Sky Residency,Sachin Tendulkar
6260,2024-06-04,Google Ads,Noida,16300000,Apartment,Palm Towers,Ravi Mehta
6261,2024-01-30,Referral,Mumbai,17200000,Plot,Palm Towers,Viral Kohli
6262,2024-11-25,Google Ads,Noida,8800000,Apartment,Palm Towers,Ravi Mehta
6263,2024-08-11,Google Ads,Noida,13800000,Apartment,Sky Residency,Ravi Mehta
6264,2024-01-05,Google Ads,Gurgaon,6300000,Plot,Urban Square,Sachin Tendulkar
6265,2024-03-15,Channel Partner,Gurgaon,18300000,Apartment,Palm Towers,Shefali Mehta
6266,2024-09-11,Channel Partner,Noida,18600000,Apartment,Urban Square,Sachin Tendulkar
6267,2024-07-12,Google Ads,Mumbai,19300000,Plot,Elite Heights,Rohit Sharma
6268,2024-10-03,Google Ads,Hyderabad,14200000,Villa,Urban Square,Praveen Tambe
6269,2024-05-24,99acres,Pune,19500000,Apartment,Sky Residency,Priya Kapoor
6270,2024-12-18,Channel Partner,Hyderabad,18000000,Apartment,Urban Square,Ravi Mehta
6271,2024-07-13,99acres,Noida,15500000,Plot,Palm Towers,Neha Singh
6272,2024-04-16,Facebook,Hyderabad,19400000,Villa,Urban Square,Ravi Mehta
6273,2024-11-29,Facebook,Mumbai,16900000,Apartment,Elite Heights,Rohit Sharma
6274,2024-03-14,99acres,Gurgaon,13600000,Apartment,Sky Residency,Sachin Tendulkar
6275,2024-08-11,Google Ads,Gurgaon,18200000,Plot,Palm Towers,Priya Kapoor
6276,2024-07-04,99acres,Hyderabad,9800000,Plot,Palm Towers,Praveen Tambe
6277,2024-08-23,Housing,Mumbai,10300000,Plot,Sky Residency,Riya Kapoor
6278,2024-06-03,Walk-in,Hyderabad,16800000,Plot,Urban Square,Rohit Sharma
6279,2024-11-06,Google Ads,Gurgaon,12300000,Plot,Elite Heights,Ravi Mehta
6280,2024-01-05,99acres,Noida,11500000,Plot,Urban Square,Viral Kohli
6281,2024-09-28,Housing,Gurgaon,7200000,Apartment,Urban Square,Aman Sharma
6282,2024-01-31,Facebook,Mumbai,16800000,Apartment,Sky Residency,Sachin Tendulkar
6283,2024-10-21,Channel Partner,Noida,8700000,Apartment,Green Valley,Viral Kohli
6284,2024-12-14,Google Ads,Bangalore,13500000,Apartment,Palm Towers,Priya Kapoor
6285,2024-02-11,Channel Partner,Bangalore,18500000,Apartment,Palm Towers,Shefali Mehta
6286,2024-11-12,Facebook,Mumbai,18500000,Apartment,Palm Towers,Sachin Tendulkar
6287,2024-06-28,Google Ads,Gurgaon,17200000,Villa,Palm Towers,Sachin Tendulkar
6288,2024-09-07,Channel Partner,Bangalore,15900000,Apartment,Green Valley,Priya Kapoor
6289,2024-09-02,99acres,Gurgaon,6400000,Plot,Palm Towers,Rohit Sharma
6290,2024-12-14,Walk-in,Noida,13300000,Villa,Green Valley,Shefali Mehta
6291,2024-01-06,Referral,Hyderabad,19000000,Villa,Sky Residency,Riya Kapoor
6292,2024-10-18,Facebook,Pune,13000000,Plot,Sky Residency,Aman Sharma
6293,2024-12-03,99acres,Bangalore,5400000,Villa,Palm Towers,Aman Sharma
6294,2024-04-30,Housing,Hyderabad,19300000,Plot,Palm Towers,Sachin Tendulkar
6295,2024-01-01,Walk-in,Gurgaon,11300000,Plot,Urban Square,Rohit Sharma
6296,2024-02-02,Google Ads,Noida,15600000,Plot,Urban Square,Priya Kapoor
6297,2024-02-28,Housing,Pune,5600000,Villa,Urban Square,Ravi Mehta
6298,2024-01-27,99acres,Noida,5500000,Apartment,Green Valley,Riya Kapoor
6299,2024-01-07,99acres,Mumbai,9700000,Apartment,Urban Square,Priya Kapoor
6300,2024-04-28,Channel Partner,Noida,3800000,Villa,Sky Residency,Aman Sharma
6301,2024-03-30,Walk-in,Gurgaon,13600000,Plot,Palm Towers,Shefali Mehta
6302,2024-06-11,Channel Partner,Gurgaon,3500000,Apartment,Elite Heights,Riya Kapoor
6303,2024-11-26,Facebook,Gurgaon,11200000,Apartment,Urban Square,Ravi Mehta
6304,2024-06-12,Google Ads,Noida,13700000,Apartment,Palm Towers,Rohit Sharma
6305,2024-07-13,Walk-in,Hyderabad,18400000,Apartment,Green Valley,Riya Kapoor
6306,2024-04-03,Channel Partner,Noida,10000000,Plot,Elite Heights,Aman Sharma
6307,2024-04-27,Facebook,Bangalore,5500000,Villa,Urban Square,Sachin Tendulkar
6308,2024-02-24,99acres,Pune,3600000,Apartment,Urban Square,Shefali Mehta
6309,2024-06-29,Referral,Pune,17000000,Apartment,Green Valley,Ravi Mehta
6310,2024-08-03,99acres,Bangalore,3600000,Apartment,Sky Residency,Rohit Sharma
6311,2024-09-02,Housing,Noida,9600000,Plot,Green Valley,Priya Kapoor
6312,2024-08-12,99acres,Bangalore,5000000,Apartment,Palm Towers,Neha Singh
6313,2024-10-28,Facebook,Noida,10700000,Apartment,Sky Residency,Ravi Mehta
6314,2024-12-25,Housing,Bangalore,19700000,Plot,Elite Heights,Shefali Mehta
6315,2024-12-29,Housing,Gurgaon,19300000,Plot,Green Valley,Neha Singh
6316,2024-12-08,Google Ads,Mumbai,16800000,Apartment,Urban Square,Priya Kapoor
6317,2024-12-26,Facebook,Gurgaon,13600000,Villa,Green Valley,Praveen Tambe
6318,2024-01-25,Facebook,Mumbai,12500000,Villa,Palm Towers,Riya Kapoor
6319,2024-10-05,Housing,Noida,11200000,Plot,Sky Residency,Neha Singh
6320,2024-08-06,Google Ads,Noida,13100000,Apartment,Elite Heights,Riya Kapoor
6321,2024-05-03,Google Ads,Hyderabad,19500000,Villa,Urban Square,Shefali Mehta
6322,2024-04-14,Google Ads,Gurgaon,18500000,Apartment,Urban Square,Aman Sharma
6323,2024-10-10,Google Ads,Gurgaon,12000000,Apartment,Sky Residency,Praveen Tambe
6324,2024-03-31,Google Ads,Bangalore,4400000,Plot,Palm Towers,Riya Kapoor
6325,2024-12-02,Facebook,Noida,16600000,Villa,Urban Square,Riya Kapoor
6326,2024-03-12,Referral,Mumbai,9100000,Villa,Urban Square,Neha Singh
6327,2024-09-29,Facebook,Noida,13200000,Apartment,Urban Square,Neha Singh
6328,2024-09-19,Google Ads,Mumbai,16300000,Plot,Urban Square,Neha Singh
6329,2024-09-24,99acres,Bangalore,19300000,Apartment,Elite Heights,Viral Kohli
6330,2024-04-16,Walk-in,Pune,17400000,Apartment,Sky Residency,Ravi Mehta
6331,2024-02-05,Google Ads,Gurgaon,6500000,Villa,Sky Residency,Neha Singh
6332,2024-05-19,Google Ads,Mumbai,7400000,Plot,Elite Heights,Priya Kapoor
6333,2024-07-31,Google Ads,Bangalore,8000000,Apartment,Elite Heights,Neha Singh
6334,2024-02-23,Facebook,Gurgaon,3800000,Apartment,Green Valley,Aman Sharma
6335,2024-04-23,99acres,Gurgaon,20000000,Plot,Urban Square,Neha Singh
6336,2024-04-21,Facebook,Pune,19700000,Villa,Palm Towers,Ravi Mehta
6337,2024-05-10,Google Ads,Mumbai,17800000,Apartment,Sky Residency,Viral Kohli
6338,2024-08-18,Referral,Pune,17100000,Plot,Urban Square,Ravi Mehta
6339,2024-04-20,Google Ads,Gurgaon,17300000,Villa,Urban Square,Viral Kohli
6340,2024-02-25,99acres,Pune,13200000,Apartment,Green Valley,Viral Kohli
6341,2024-12-05,Channel Partner,Noida,3100000,Plot,Elite Heights,Sachin Tendulkar
6342,2024-08-07,Facebook,Pune,15500000,Apartment,Urban Square,Sachin Tendulkar
6343,2024-06-06,Walk-in,Hyderabad,19800000,Villa,Elite Heights,Priya Kapoor
6344,2024-01-31,99acres,Mumbai,13300000,Plot,Elite Heights,Praveen Tambe
6345,2024-12-09,Channel Partner,Noida,17100000,Villa,Elite Heights,Neha Singh
6346,2024-11-25,99acres,Gurgaon,4300000,Apartment,Urban Square,Praveen Tambe
6347,2024-04-05,Google Ads,Noida,17200000,Plot,Elite Heights,Priya Kapoor
6348,2024-12-11,Google Ads,Noida,10400000,Apartment,Elite Heights,Sachin Tendulkar
6349,2024-08-30,Referral,Noida,17200000,Apartment,Green Valley,Praveen Tambe
6350,2024-11-26,Housing,Bangalore,17900000,Apartment,Urban Square,Viral Kohli
6351,2024-05-12,Referral,Hyderabad,8200000,Villa,Elite Heights,Ravi Mehta
6352,2024-08-17,99acres,Bangalore,7500000,Plot,Urban Square,Neha Singh
6353,2024-09-25,Facebook,Gurgaon,3900000,Villa,Green Valley,Priya Kapoor
6354,2024-12-11,Google Ads,Hyderabad,10900000,Plot,Green Valley,Ravi Mehta
6355,2024-08-06,Google Ads,Noida,5400000,Apartment,Sky Residency,Sachin Tendulkar
6356,2024-07-17,Google Ads,Noida,14700000,Villa,Green Valley,Shefali Mehta
6357,2024-07-23,99acres,Gurgaon,18900000,Apartment,Elite Heights,Ravi Mehta
6358,2024-10-21,Channel Partner,Mumbai,9400000,Plot,Urban Square,Rohit Sharma
6359,2024-09-26,Google Ads,Mumbai,9800000,Villa,Elite Heights,Riya Kapoor
6360,2024-09-08,Facebook,Bangalore,18600000,Apartment,Urban Square,Shefali Mehta
6361,2024-08-05,Google Ads,Bangalore,16500000,Apartment,Urban Square,Aman Sharma
6362,2024-10-14,Channel Partner,Bangalore,3500000,Apartment,Green Valley,Sachin Tendulkar
6363,2024-04-06,Google Ads,Bangalore,14100000,Villa,Urban Square,Praveen Tambe
6364,2024-05-29,Google Ads,Noida,13200000,Villa,Sky Residency,Priya Kapoor
6365,2024-09-13,Housing,Gurgaon,13500000,Plot,Sky Residency,Neha Singh
6366,2024-02-27,Google Ads,Pune,10300000,Plot,Green Valley,Rohit Sharma
6367,2024-03-18,Google Ads,Bangalore,12100000,Villa,Sky Residency,Priya Kapoor
6368,2024-05-14,Housing,Noida,10500000,Apartment,Urban Square,Priya Kapoor
6369,2024-02-28,Google Ads,Noida,5500000,Plot,Elite Heights,Viral Kohli
6370,2024-03-11,Referral,Noida,11300000,Apartment,Palm Towers,Sachin Tendulkar
6371,2024-09-01,Google Ads,Bangalore,9100000,Villa,Sky Residency,Ravi Mehta
6372,2024-09-13,Referral,Gurgaon,15600000,Plot,Palm Towers,Shefali Mehta
6373,2024-11-26,Channel Partner,Hyderabad,18000000,Apartment,Palm Towers,Praveen Tambe
6374,2024-02-03,Google Ads,Hyderabad,18500000,Villa,Palm Towers,Priya Kapoor
6375,2024-01-11,Google Ads,Gurgaon,4700000,Apartment,Sky Residency,Viral Kohli
6376,2024-11-27,99acres,Gurgaon,3300000,Plot,Green Valley,Neha Singh
6377,2024-02-29,99acres,Gurgaon,13200000,Apartment,Elite Heights,Rohit Sharma
6378,2024-04-26,Referral,Noida,4200000,Plot,Palm Towers,Praveen Tambe
6379,2024-03-15,99acres,Mumbai,7700000,Apartment,Sky Residency,Rohit Sharma
6380,2024-04-01,Referral,Mumbai,5100000,Plot,Green Valley,Rohit Sharma
6381,2024-10-04,Facebook,Gurgaon,9100000,Plot,Sky Residency,Shefali Mehta
6382,2024-04-18,Referral,Hyderabad,8600000,Villa,Green Valley,Viral Kohli
6383,2024-10-28,Channel Partner,Pune,12300000,Villa,Palm Towers,Priya Kapoor
6384,2024-07-21,Facebook,Pune,18600000,Apartment,Green Valley,Sachin Tendulkar
6385,2024-12-23,99acres,Mumbai,3500000,Apartment,Green Valley,Ravi Mehta
6386,2024-03-31,Walk-in,Mumbai,15000000,Plot,Elite Heights,Rohit Sharma
6387,2024-10-30,Referral,Pune,7900000,Villa,Elite Heights,Viral Kohli
6388,2024-05-03,Referral,Gurgaon,6200000,Apartment,Urban Square,Ravi Mehta
6389,2024-09-01,Facebook,Mumbai,10200000,Apartment,Palm Towers,Sachin Tendulkar
6390,2024-08-26,Referral,Hyderabad,10700000,Villa,Palm Towers,Sachin Tendulkar
6391,2024-02-09,Facebook,Hyderabad,4900000,Villa,Sky Residency,Shefali Mehta
6392,2024-09-12,Channel Partner,Noida,12100000,Apartment,Green Valley,Viral Kohli
6393,2024-12-09,Facebook,Pune,19500000,Villa,Green Valley,Sachin Tendulkar
6394,2024-03-25,Housing,Bangalore,11000000,Apartment,Green Valley,Rohit Sharma
6395,2024-01-08,Google Ads,Pune,19200000,Apartment,Green Valley,Priya Kapoor
6396,2024-07-28,Housing,Bangalore,9800000,Apartment,Elite Heights,Viral Kohli
6397,2024-01-20,Facebook,Pune,17600000,Villa,Palm Towers,Priya Kapoor
6398,2024-04-02,Google Ads,Hyderabad,3200000,Plot,Elite Heights,Priya Kapoor
6399,2024-03-21,99acres,Noida,11100000,Villa,Green Valley,Rohit Sharma
6400,2024-07-26,Facebook,Gurgaon,17300000,Villa,Green Valley,Neha Singh
6401,2024-06-03,Referral,Pune,19000000,Plot,Palm Towers,Praveen Tambe
6402,2024-02-02,Facebook,Pune,10900000,Apartment,Elite Heights,Sachin Tendulkar
6403,2024-08-14,Google Ads,Pune,6000000,Villa,Green Valley,Sachin Tendulkar
6404,2024-07-21,99acres,Noida,6200000,Villa,Sky Residency,Aman Sharma
6405,2024-01-13,Facebook,Mumbai,10900000,Apartment,Palm Towers,Shefali Mehta
6406,2024-04-15,Walk-in,Noida,18300000,Apartment,Urban Square,Aman Sharma
6407,2024-09-30,Google Ads,Noida,15900000,Villa,Urban Square,Riya Kapoor
6408,2024-09-08,Google Ads,Bangalore,12400000,Villa,Elite Heights,Praveen Tambe
6409,2024-06-12,Google Ads,Pune,16800000,Apartment,Elite Heights,Neha Singh
6410,2024-08-29,Channel Partner,Noida,8900000,Plot,Green Valley,Sachin Tendulkar
6411,2024-06-13,Google Ads,Mumbai,11400000,Villa,Elite Heights,Ravi Mehta
6412,2024-12-10,Referral,Hyderabad,17400000,Apartment,Green Valley,Neha Singh
6413,2024-12-01,Walk-in,Bangalore,9400000,Plot,Elite Heights,Praveen Tambe
6414,2024-04-30,Google Ads,Noida,14200000,Plot,Palm Towers,Sachin Tendulkar
6415,2024-06-20,Referral,Gurgaon,19500000,Plot,Palm Towers,Rohit Sharma
6416,2024-12-26,Referral,Noida,7800000,Apartment,Elite Heights,Neha Singh
6417,2024-05-09,Google Ads,Mumbai,5700000,Villa,Elite Heights,Priya Kapoor
6418,2024-07-26,Google Ads,Noida,18900000,Villa,Sky Residency,Praveen Tambe
6419,2024-01-30,Referral,Pune,5500000,Apartment,Elite Heights,Sachin Tendulkar
6420,2024-01-15,Referral,Noida,5900000,Villa,Urban Square,Ravi Mehta
6421,2024-10-14,Housing,Mumbai,12100000,Apartment,Urban Square,Rohit Sharma
6422,2024-04-09,Channel Partner,Gurgaon,14500000,Apartment,Sky Residency,Aman Sharma
6423,2024-02-07,Housing,Gurgaon,3300000,Villa,Palm Towers,Riya Kapoor
6424,2024-10-20,Facebook,Hyderabad,8700000,Plot,Elite Heights,Rohit Sharma
6425,2024-06-17,Referral,Noida,11100000,Apartment,Urban Square,Shefali Mehta
6426,2024-03-03,Channel Partner,Gurgaon,9800000,Villa,Elite Heights,Shefali Mehta
6427,2024-08-17,Referral,Gurgaon,10300000,Villa,Green Valley,Neha Singh
6428,2024-01-09,Facebook,Hyderabad,9300000,Plot,Sky Residency,Praveen Tambe
6429,2024-07-01,Google Ads,Hyderabad,8700000,Apartment,Sky Residency,Priya Kapoor
6430,2024-09-29,Google Ads,Gurgaon,18600000,Plot,Green Valley,Priya Kapoor
6431,2024-03-13,Google Ads,Mumbai,5800000,Apartment,Palm Towers,Priya Kapoor
6432,2024-09-08,Facebook,Noida,13400000,Villa,Sky Residency,Viral Kohli
6433,2024-07-18,Walk-in,Noida,17100000,Villa,Palm Towers,Rohit Sharma
6434,2024-12-28,Facebook,Hyderabad,10000000,Villa,Elite Heights,Praveen Tambe
6435,2024-10-06,Google Ads,Pune,11100000,Plot,Urban Square,Shefali Mehta
6436,2024-12-25,99acres,Noida,14000000,Apartment,Palm Towers,Aman Sharma
6437,2024-11-05,Facebook,Pune,18800000,Plot,Palm Towers,Viral Kohli
6438,2024-12-08,Housing,Pune,15900000,Villa,Sky Residency,Shefali Mehta
6439,2024-07-05,Google Ads,Noida,6700000,Plot,Elite Heights,Priya Kapoor
6440,2024-12-29,99acres,Noida,15800000,Plot,Palm Towers,Viral Kohli
6441,2024-08-05,Channel Partner,Bangalore,13000000,Apartment,Sky Residency,Praveen Tambe
6442,2024-04-22,Referral,Noida,4900000,Plot,Urban Square,Sachin Tendulkar
6443,2024-11-07,Google Ads,Gurgaon,10300000,Apartment,Elite Heights,Sachin Tendulkar
6444,2024-09-30,Google Ads,Bangalore,16400000,Apartment,Sky Residency,Neha Singh
6445,2024-01-13,Facebook,Gurgaon,12300000,Villa,Green Valley,Sachin Tendulkar
6446,2024-01-05,Facebook,Pune,4300000,Plot,Elite Heights,Priya Kapoor
6447,2024-10-29,99acres,Bangalore,11100000,Apartment,Elite Heights,Praveen Tambe
6448,2024-12-08,99acres,Pune,13400000,Plot,Urban Square,Rohit Sharma
6449,2024-03-28,Facebook,Noida,10100000,Villa,Sky Residency,Shefali Mehta
6450,2024-02-24,Channel Partner,Noida,16700000,Plot,Palm Towers,Shefali Mehta
6451,2024-09-02,99acres,Mumbai,18300000,Apartment,Elite Heights,Aman Sharma
6452,2024-12-02,Facebook,Mumbai,16100000,Plot,Sky Residency,Neha Singh
6453,2024-12-29,Referral,Gurgaon,16200000,Apartment,Palm Towers,Aman Sharma
6454,2024-01-12,Facebook,Mumbai,19600000,Apartment,Sky Residency,Viral Kohli
6455,2024-01-08,99acres,Bangalore,5700000,Apartment,Elite Heights,Aman Sharma
6456,2024-01-29,Facebook,Bangalore,17900000,Plot,Elite Heights,Neha Singh
6457,2024-04-14,99acres,Gurgaon,7000000,Plot,Sky Residency,Aman Sharma
6458,2024-05-03,Channel Partner,Pune,8900000,Villa,Palm Towers,Priya Kapoor
6459,2024-12-09,99acres,Noida,6700000,Apartment,Green Valley,Ravi Mehta
6460,2024-07-20,Facebook,Noida,4100000,Villa,Green Valley,Rohit Sharma
6461,2024-08-08,Housing,Gurgaon,5300000,Villa,Elite Heights,Priya Kapoor
6462,2024-01-06,Facebook,Gurgaon,15900000,Villa,Elite Heights,Viral Kohli
6463,2024-04-21,Google Ads,Gurgaon,8700000,Apartment,Green Valley,Praveen Tambe
6464,2024-08-14,99acres,Mumbai,7400000,Apartment,Palm Towers,Sachin Tendulkar
6465,2024-12-15,Referral,Pune,13100000,Apartment,Green Valley,Priya Kapoor
6466,2024-07-28,Google Ads,Bangalore,4800000,Plot,Elite Heights,Riya Kapoor
6467,2024-02-07,Google Ads,Pune,5300000,Apartment,Green Valley,Sachin Tendulkar
6468,2024-04-20,Housing,Noida,12500000,Plot,Urban Square,Riya Kapoor
6469,2024-04-04,Google Ads,Bangalore,11300000,Apartment,Sky Residency,Aman Sharma
6470,2024-07-06,Channel Partner,Mumbai,9400000,Apartment,Urban Square,Neha Singh
6471,2024-10-11,Google Ads,Hyderabad,16400000,Villa,Elite Heights,Aman Sharma
6472,2024-06-29,99acres,Mumbai,5500000,Apartment,Elite Heights,Viral Kohli
6473,2024-12-11,99acres,Hyderabad,4800000,Plot,Urban Square,Viral Kohli
6474,2024-03-20,Referral,Gurgaon,11200000,Apartment,Green Valley,Aman Sharma
6475,2024-07-02,Facebook,Noida,3800000,Plot,Urban Square,Ravi Mehta
6476,2024-09-11,Walk-in,Pune,6300000,Villa,Urban Square,Praveen Tambe
6477,2024-10-31,99acres,Noida,17900000,Villa,Palm Towers,Neha Singh
6478,2024-07-07,Referral,Mumbai,16900000,Plot,Sky Residency,Priya Kapoor
6479,2024-07-15,Google Ads,Pune,9400000,Villa,Elite Heights,Praveen Tambe
6480,2024-05-15,Facebook,Gurgaon,10900000,Plot,Elite Heights,Rohit Sharma
6481,2024-10-14,Walk-in,Gurgaon,17500000,Villa,Palm Towers,Riya Kapoor
6482,2024-02-20,Channel Partner,Pune,16700000,Apartment,Palm Towers,Praveen Tambe
6483,2024-03-29,Google Ads,Gurgaon,6700000,Apartment,Urban Square,Shefali Mehta
6484,2024-10-20,Channel Partner,Noida,19100000,Plot,Green Valley,Shefali Mehta
6485,2024-08-31,Referral,Hyderabad,10200000,Plot,Urban Square,Priya Kapoor
6486,2024-02-25,Facebook,Noida,18400000,Plot,Green Valley,Priya Kapoor
6487,2024-01-04,Housing,Noida,7100000,Apartment,Palm Towers,Aman Sharma
6488,2024-05-04,Google Ads,Pune,15200000,Apartment,Palm Towers,Viral Kohli
6489,2024-12-04,Referral,Pune,16700000,Villa,Urban Square,Priya Kapoor
6490,2024-07-02,Facebook,Gurgaon,6200000,Villa,Elite Heights,Rohit Sharma
6491,2024-09-17,Google Ads,Noida,14000000,Villa,Sky Residency,Neha Singh
6492,2024-10-03,Facebook,Noida,4000000,Villa,Urban Square,Aman Sharma
6493,2024-07-15,Housing,Gurgaon,5200000,Apartment,Green Valley,Neha Singh
6494,2024-06-11,Google Ads,Gurgaon,9000000,Plot,Palm Towers,Aman Sharma
6495,2024-07-25,Google Ads,Gurgaon,8600000,Villa,Urban Square,Aman Sharma
6496,2024-12-28,Walk-in,Noida,16900000,Villa,Elite Heights,Rohit Sharma
6497,2024-02-19,Channel Partner,Pune,6400000,Plot,Sky Residency,Rohit Sharma
6498,2024-08-23,Channel Partner,Gurgaon,12600000,Plot,Green Valley,Priya Kapoor
6499,2024-08-26,Facebook,Pune,17600000,Villa,Urban Square,Praveen Tambe
6500,2024-03-21,Google Ads,Mumbai,6500000,Villa,Palm Towers,Rohit Sharma
6501,2024-06-30,Google Ads,Noida,18300000,Villa,Elite Heights,Priya Kapoor
6502,2024-05-30,Google Ads,Bangalore,17700000,Apartment,Green Valley,Viral Kohli
6503,2024-03-02,Channel Partner,Noida,17900000,Villa,Green Valley,Viral Kohli
6504,2024-04-30,Facebook,Bangalore,6100000,Apartment,Sky Residency,Shefali Mehta
6505,2024-06-29,Google Ads,Mumbai,13500000,Villa,Urban Square,Rohit Sharma
6506,2024-07-14,Google Ads,Mumbai,6000000,Plot,Urban Square,Neha Singh
6507,2024-10-26,99acres,Noida,5300000,Apartment,Urban Square,Sachin Tendulkar
6508,2024-10-01,Google Ads,Noida,6100000,Apartment,Sky Residency,Riya Kapoor
6509,2024-04-11,Facebook,Noida,15900000,Plot,Elite Heights,Shefali Mehta
6510,2024-05-25,Google Ads,Hyderabad,12200000,Apartment,Green Valley,Riya Kapoor
6511,2024-03-20,Google Ads,Mumbai,9000000,Apartment,Sky Residency,Aman Sharma
6512,2024-07-17,Google Ads,Bangalore,16500000,Plot,Elite Heights,Praveen Tambe
6513,2024-10-05,Google Ads,Gurgaon,15300000,Villa,Elite Heights,Priya Kapoor
6514,2024-05-21,Facebook,Noida,11200000,Villa,Sky Residency,Rohit Sharma
6515,2024-10-20,Referral,Pune,7000000,Plot,Sky Residency,Praveen Tambe
6516,2024-09-07,Walk-in,Bangalore,8100000,Villa,Urban Square,Neha Singh
6517,2024-04-06,Google Ads,Bangalore,15700000,Plot,Palm Towers,Riya Kapoor
6518,2024-08-18,Google Ads,Bangalore,5500000,Villa,Elite Heights,Viral Kohli
6519,2024-06-16,Channel Partner,Hyderabad,11800000,Apartment,Urban Square,Viral Kohli
6520,2024-05-18,Facebook,Mumbai,17200000,Villa,Green Valley,Rohit Sharma
6521,2024-04-04,Google Ads,Mumbai,15000000,Plot,Urban Square,Aman Sharma
6522,2024-03-05,Referral,Pune,9600000,Plot,Green Valley,Neha Singh
6523,2024-02-10,Referral,Noida,13000000,Apartment,Green Valley,Neha Singh
6524,2024-01-01,Google Ads,Gurgaon,5600000,Villa,Green Valley,Shefali Mehta
6525,2024-11-18,Facebook,Gurgaon,18500000,Plot,Urban Square,Aman Sharma
6526,2024-11-12,Walk-in,Gurgaon,18500000,Apartment,Elite Heights,Aman Sharma
6527,2024-02-01,Google Ads,Gurgaon,15900000,Apartment,Palm Towers,Aman Sharma
6528,2024-09-26,Walk-in,Bangalore,15300000,Villa,Urban Square,Praveen Tambe
6529,2024-12-06,Google Ads,Gurgaon,11400000,Plot,Palm Towers,Praveen Tambe
6530,2024-07-25,Housing,Mumbai,8000000,Plot,Sky Residency,Riya Kapoor
6531,2024-03-25,99acres,Hyderabad,17300000,Apartment,Elite Heights,Rohit Sharma
6532,2024-01-29,Walk-in,Bangalore,5800000,Plot,Urban Square,Sachin Tendulkar
6533,2024-01-18,99acres,Noida,10300000,Villa,Sky Residency,Priya Kapoor
6534,2024-05-06,Housing,Hyderabad,18200000,Villa,Green Valley,Aman Sharma
6535,2024-03-12,Channel Partner,Pune,3800000,Plot,Elite Heights,Viral Kohli
6536,2024-09-12,Facebook,Pune,5300000,Villa,Urban Square,Priya Kapoor
6537,2024-05-06,99acres,Noida,9200000,Plot,Elite Heights,Neha Singh
6538,2024-07-24,99acres,Noida,18800000,Plot,Elite Heights,Aman Sharma
6539,2024-02-09,99acres,Mumbai,14200000,Apartment,Elite Heights,Priya Kapoor
6540,2024-11-03,Google Ads,Pune,15200000,Villa,Green Valley,Ravi Mehta
6541,2024-12-01,Housing,Hyderabad,5400000,Villa,Sky Residency,Viral Kohli
6542,2024-05-08,Referral,Gurgaon,16300000,Plot,Green Valley,Praveen Tambe
6543,2024-06-04,Channel Partner,Hyderabad,4500000,Plot,Elite Heights,Shefali Mehta
6544,2024-10-01,99acres,Bangalore,18300000,Apartment,Palm Towers,Ravi Mehta
6545,2024-03-26,Google Ads,Bangalore,19900000,Villa,Green Valley,Riya Kapoor
6546,2024-09-28,Google Ads,Hyderabad,19900000,Villa,Urban Square,Priya Kapoor
6547,2024-05-29,Google Ads,Mumbai,12700000,Villa,Urban Square,Rohit Sharma
6548,2024-05-03,Google Ads,Noida,19600000,Villa,Sky Residency,Sachin Tendulkar
6549,2024-03-04,99acres,Noida,7700000,Villa,Sky Residency,Rohit Sharma
6550,2024-06-22,Channel Partner,Hyderabad,18900000,Plot,Green Valley,Riya Kapoor
6551,2024-10-23,Google Ads,Hyderabad,9000000,Plot,Sky Residency,Neha Singh
6552,2024-08-27,Facebook,Pune,15100000,Plot,Sky Residency,Riya Kapoor
6553,2024-09-28,99acres,Gurgaon,9000000,Apartment,Sky Residency,Riya Kapoor
6554,2024-09-07,99acres,Bangalore,17600000,Apartment,Green Valley,Rohit Sharma
6555,2024-02-14,Referral,Noida,14200000,Plot,Elite Heights,Sachin Tendulkar
6556,2024-11-07,Google Ads,Pune,16100000,Villa,Palm Towers,Aman Sharma
6557,2024-09-16,Google Ads,Mumbai,4500000,Apartment,Urban Square,Viral Kohli
6558,2024-03-08,Google Ads,Bangalore,9600000,Apartment,Sky Residency,Ravi Mehta
6559,2024-12-28,99acres,Bangalore,12000000,Villa,Elite Heights,Aman Sharma
6560,2024-03-31,Facebook,Hyderabad,7400000,Villa,Sky Residency,Rohit Sharma
6561,2024-02-09,Housing,Gurgaon,10000000,Plot,Green Valley,Priya Kapoor
6562,2024-05-23,Channel Partner,Gurgaon,10500000,Plot,Elite Heights,Shefali Mehta
6563,2024-04-18,Referral,Gurgaon,9000000,Plot,Urban Square,Priya Kapoor
6564,2024-09-16,Google Ads,Noida,17500000,Plot,Sky Residency,Praveen Tambe
6565,2024-11-11,Google Ads,Bangalore,12200000,Villa,Urban Square,Viral Kohli
6566,2024-12-18,Referral,Gurgaon,10100000,Plot,Green Valley,Praveen Tambe
6567,2024-03-31,Housing,Noida,18300000,Villa,Sky Residency,Praveen Tambe
6568,2024-04-20,Facebook,Pune,8600000,Villa,Green Valley,Sachin Tendulkar
6569,2024-02-13,Facebook,Gurgaon,8600000,Villa,Elite Heights,Praveen Tambe
6570,2024-10-31,Referral,Mumbai,11400000,Apartment,Palm Towers,Aman Sharma
6571,2024-03-18,Facebook,Gurgaon,11300000,Villa,Elite Heights,Shefali Mehta
6572,2024-12-06,99acres,Bangalore,9000000,Villa,Elite Heights,Sachin Tendulkar
6573,2024-06-22,Google Ads,Bangalore,5000000,Plot,Green Valley,Riya Kapoor
6574,2024-08-21,Facebook,Gurgaon,16100000,Apartment,Elite Heights,Priya Kapoor
6575,2024-08-12,Referral,Noida,12100000,Apartment,Urban Square,Praveen Tambe
6576,2024-03-25,Referral,Bangalore,8600000,Apartment,Sky Residency,Riya Kapoor
6577,2024-01-13,Channel Partner,Noida,6200000,Villa,Elite Heights,Rohit Sharma
6578,2024-06-09,Walk-in,Mumbai,8600000,Apartment,Urban Square,Aman Sharma
6579,2024-10-28,Google Ads,Pune,5600000,Apartment,Green Valley,Viral Kohli
6580,2024-09-03,99acres,Gurgaon,4200000,Plot,Sky Residency,Sachin Tendulkar
6581,2024-09-17,Referral,Noida,5200000,Apartment,Sky Residency,Ravi Mehta
6582,2024-06-27,Referral,Mumbai,15900000,Plot,Sky Residency,Shefali Mehta
6583,2024-05-27,Referral,Gurgaon,4900000,Plot,Sky Residency,Sachin Tendulkar
6584,2024-01-27,Google Ads,Gurgaon,16300000,Apartment,Palm Towers,Praveen Tambe
6585,2024-02-15,Housing,Mumbai,8500000,Plot,Elite Heights,Viral Kohli
6586,2024-08-29,Facebook,Gurgaon,4000000,Villa,Elite Heights,Praveen Tambe
6587,2024-03-14,99acres,Gurgaon,5400000,Villa,Green Valley,Viral Kohli
6588,2024-01-12,Google Ads,Hyderabad,14100000,Plot,Palm Towers,Viral Kohli
6589,2024-12-13,Google Ads,Bangalore,12500000,Villa,Elite Heights,Neha Singh
6590,2024-05-05,Channel Partner,Gurgaon,17700000,Apartment,Urban Square,Rohit Sharma
6591,2024-09-17,Walk-in,Mumbai,7000000,Plot,Palm Towers,Viral Kohli
6592,2024-02-15,Housing,Gurgaon,15700000,Villa,Palm Towers,Rohit Sharma
6593,2024-11-27,Google Ads,Noida,12000000,Plot,Elite Heights,Shefali Mehta
6594,2024-05-12,Google Ads,Noida,5500000,Villa,Palm Towers,Ravi Mehta
6595,2024-09-29,99acres,Bangalore,5700000,Apartment,Sky Residency,Rohit Sharma
6596,2024-09-20,Google Ads,Pune,15500000,Villa,Sky Residency,Shefali Mehta
6597,2024-02-23,Google Ads,Bangalore,19400000,Villa,Palm Towers,Viral Kohli
6598,2024-08-17,Google Ads,Noida,5100000,Apartment,Elite Heights,Ravi Mehta
6599,2024-02-26,Google Ads,Hyderabad,7400000,Plot,Palm Towers,Sachin Tendulkar
6600,2024-06-04,Google Ads,Bangalore,7800000,Plot,Green Valley,Shefali Mehta
6601,2024-11-18,Google Ads,Hyderabad,18100000,Apartment,Green Valley,Ravi Mehta
6602,2024-05-08,99acres,Gurgaon,18800000,Villa,Palm Towers,Praveen Tambe
6603,2024-02-07,Google Ads,Mumbai,18000000,Apartment,Elite Heights,Sachin Tendulkar
6604,2024-04-07,Google Ads,Pune,4300000,Villa,Green Valley,Sachin Tendulkar
6605,2024-02-22,99acres,Mumbai,16200000,Apartment,Elite Heights,Riya Kapoor
6606,2024-09-07,99acres,Pune,12800000,Plot,Green Valley,Shefali Mehta
6607,2024-10-03,Facebook,Mumbai,17200000,Villa,Green Valley,Viral Kohli
6608,2024-12-23,Google Ads,Hyderabad,19800000,Apartment,Palm Towers,Sachin Tendulkar
6609,2024-12-31,Housing,Mumbai,18400000,Apartment,Urban Square,Neha Singh
6610,2024-10-12,Channel Partner,Mumbai,14700000,Plot,Palm Towers,Riya Kapoor
6611,2024-06-28,Channel Partner,Mumbai,7400000,Villa,Green Valley,Ravi Mehta
6612,2024-01-15,Channel Partner,Mumbai,6800000,Villa,Sky Residency,Neha Singh
6613,2024-11-09,99acres,Noida,9500000,Plot,Sky Residency,Riya Kapoor
6614,2024-12-14,Channel Partner,Mumbai,13700000,Apartment,Palm Towers,Neha Singh
6615,2024-11-18,Housing,Bangalore,19200000,Apartment,Elite Heights,Sachin Tendulkar
6616,2024-08-20,Google Ads,Gurgaon,9800000,Plot,Urban Square,Sachin Tendulkar
6617,2024-04-08,Walk-in,Mumbai,13600000,Apartment,Palm Towers,Viral Kohli
6618,2024-11-21,99acres,Noida,8700000,Plot,Urban Square,Praveen Tambe
6619,2024-09-06,Facebook,Mumbai,4700000,Apartment,Elite Heights,Shefali Mehta
6620,2024-07-13,Google Ads,Noida,7100000,Villa,Green Valley,Rohit Sharma
6621,2024-11-06,Google Ads,Noida,4300000,Villa,Urban Square,Shefali Mehta
6622,2024-10-26,Housing,Pune,6300000,Villa,Green Valley,Rohit Sharma
6623,2024-07-02,Referral,Noida,3300000,Apartment,Palm Towers,Ravi Mehta
6624,2024-08-01,Google Ads,Bangalore,13400000,Plot,Sky Residency,Shefali Mehta
6625,2024-10-25,Housing,Bangalore,5700000,Apartment,Palm Towers,Praveen Tambe
6626,2024-05-06,Facebook,Bangalore,17500000,Apartment,Palm Towers,Ravi Mehta
6627,2024-03-27,Referral,Bangalore,13800000,Apartment,Sky Residency,Aman Sharma
6628,2024-09-20,Google Ads,Noida,4500000,Apartment,Urban Square,Priya Kapoor
6629,2024-03-01,Housing,Noida,7500000,Plot,Sky Residency,Shefali Mehta
6630,2024-10-24,Facebook,Bangalore,14600000,Apartment,Elite Heights,Shefali Mehta
6631,2024-11-09,Channel Partner,Mumbai,15800000,Plot,Sky Residency,Riya Kapoor
6632,2024-10-21,99acres,Gurgaon,18800000,Villa,Urban Square,Shefali Mehta
6633,2024-11-04,Housing,Noida,19800000,Villa,Elite Heights,Shefali Mehta
6634,2024-02-10,Google Ads,Bangalore,13300000,Villa,Urban Square,Rohit Sharma
6635,2024-01-05,Facebook,Gurgaon,15700000,Plot,Palm Towers,Priya Kapoor
6636,2024-01-31,Google Ads,Pune,11500000,Villa,Elite Heights,Shefali Mehta
6637,2024-02-15,Channel Partner,Gurgaon,13300000,Apartment,Sky Residency,Sachin Tendulkar
6638,2024-02-24,Facebook,Hyderabad,11900000,Villa,Urban Square,Viral Kohli
6639,2024-07-02,Facebook,Hyderabad,11900000,Villa,Green Valley,Shefali Mehta
6640,2024-09-20,Facebook,Mumbai,6300000,Apartment,Elite Heights,Aman Sharma
6641,2024-03-19,Google Ads,Noida,8300000,Villa,Palm Towers,Viral Kohli
6642,2024-08-30,Channel Partner,Gurgaon,11800000,Apartment,Elite Heights,Neha Singh
6643,2024-09-21,Google Ads,Gurgaon,3400000,Apartment,Urban Square,Viral Kohli
6644,2024-09-25,Google Ads,Noida,14300000,Apartment,Elite Heights,Priya Kapoor
6645,2024-09-10,Housing,Gurgaon,13600000,Apartment,Green Valley,Viral Kohli
6646,2024-04-19,Referral,Noida,7400000,Villa,Palm Towers,Praveen Tambe
6647,2024-06-27,Housing,Mumbai,13800000,Apartment,Sky Residency,Priya Kapoor
6648,2024-12-16,Google Ads,Bangalore,8700000,Villa,Sky Residency,Priya Kapoor
6649,2024-09-01,Housing,Gurgaon,11900000,Villa,Sky Residency,Priya Kapoor
6650,2024-03-17,99acres,Noida,18100000,Apartment,Green Valley,Aman Sharma
6651,2024-06-18,Google Ads,Gurgaon,9500000,Apartment,Green Valley,Rohit Sharma
6652,2024-12-14,Referral,Noida,10800000,Apartment,Palm Towers,Ravi Mehta
6653,2024-08-23,Referral,Pune,13500000,Plot,Elite Heights,Neha Singh
6654,2024-06-04,Facebook,Bangalore,15300000,Plot,Sky Residency,Shefali Mehta
6655,2024-10-17,Google Ads,Gurgaon,16000000,Plot,Palm Towers,Rohit Sharma
6656,2024-12-23,Google Ads,Noida,7400000,Apartment,Palm Towers,Shefali Mehta
6657,2024-08-08,Walk-in,Pune,5300000,Apartment,Green Valley,Shefali Mehta
6658,2024-04-28,99acres,Noida,9900000,Plot,Palm Towers,Viral Kohli
6659,2024-07-21,Google Ads,Noida,14700000,Villa,Green Valley,Sachin Tendulkar
6660,2024-01-16,Google Ads,Gurgaon,15300000,Villa,Palm Towers,Riya Kapoor
6661,2024-01-01,Facebook,Noida,7900000,Plot,Palm Towers,Viral Kohli
6662,2024-03-23,Channel Partner,Noida,16700000,Plot,Palm Towers,Ravi Mehta
6663,2024-04-23,Facebook,Bangalore,4600000,Villa,Palm Towers,Sachin Tendulkar
6664,2024-12-05,Housing,Mumbai,6400000,Villa,Urban Square,Rohit Sharma
6665,2024-02-15,Channel Partner,Gurgaon,15500000,Plot,Palm Towers,Sachin Tendulkar
6666,2024-09-18,Walk-in,Mumbai,11200000,Plot,Urban Square,Aman Sharma
6667,2024-04-03,Referral,Pune,9600000,Apartment,Urban Square,Neha Singh
6668,2024-12-10,Channel Partner,Gurgaon,7000000,Apartment,Urban Square,Shefali Mehta
6669,2024-09-12,Google Ads,Hyderabad,15600000,Villa,Urban Square,Riya Kapoor
6670,2024-11-19,Channel Partner,Bangalore,19800000,Villa,Green Valley,Viral Kohli
6671,2024-11-26,Google Ads,Hyderabad,12000000,Plot,Green Valley,Aman Sharma
6672,2024-12-24,Channel Partner,Pune,14800000,Apartment,Elite Heights,Priya Kapoor
6673,2024-10-28,Google Ads,Hyderabad,11700000,Villa,Palm Towers,Shefali Mehta
6674,2024-01-24,99acres,Bangalore,16400000,Villa,Elite Heights,Neha Singh
6675,2024-10-25,Google Ads,Bangalore,5200000,Apartment,Palm Towers,Viral Kohli
6676,2024-08-06,99acres,Gurgaon,13000000,Plot,Green Valley,Priya Kapoor
6677,2024-10-05,Referral,Hyderabad,20000000,Plot,Green Valley,Aman Sharma
6678,2024-06-08,Google Ads,Hyderabad,13000000,Apartment,Green Valley,Riya Kapoor
6679,2024-03-31,Google Ads,Mumbai,3200000,Plot,Sky Residency,Praveen Tambe
6680,2024-05-03,Channel Partner,Pune,19600000,Apartment,Sky Residency,Priya Kapoor
6681,2024-11-08,Walk-in,Pune,10300000,Plot,Palm Towers,Praveen Tambe
6682,2024-04-10,Google Ads,Mumbai,12200000,Apartment,Urban Square,Aman Sharma
6683,2024-05-14,99acres,Pune,12800000,Villa,Green Valley,Aman Sharma
6684,2024-06-24,Google Ads,Gurgaon,17500000,Villa,Palm Towers,Aman Sharma
6685,2024-08-01,Housing,Mumbai,9900000,Plot,Elite Heights,Priya Kapoor
6686,2024-11-15,Google Ads,Bangalore,15900000,Plot,Urban Square,Neha Singh
6687,2024-01-06,Facebook,Gurgaon,11900000,Villa,Elite Heights,Ravi Mehta
6688,2024-01-07,Channel Partner,Bangalore,19200000,Plot,Elite Heights,Sachin Tendulkar
6689,2024-11-13,Google Ads,Pune,14100000,Villa,Elite Heights,Priya Kapoor
6690,2024-01-08,99acres,Hyderabad,11800000,Plot,Palm Towers,Sachin Tendulkar
6691,2024-07-27,Facebook,Pune,8600000,Villa,Urban Square,Viral Kohli
6692,2024-04-10,Facebook,Hyderabad,17100000,Apartment,Urban Square,Aman Sharma
6693,2024-02-25,99acres,Pune,5100000,Apartment,Elite Heights,Sachin Tendulkar
6694,2024-03-08,Housing,Hyderabad,6400000,Villa,Green Valley,Riya Kapoor
6695,2024-06-01,Google Ads,Bangalore,16900000,Plot,Green Valley,Shefali Mehta
6696,2024-08-13,99acres,Pune,6800000,Plot,Green Valley,Praveen Tambe
6697,2024-02-16,Housing,Noida,6600000,Villa,Elite Heights,Priya Kapoor
6698,2024-02-07,99acres,Bangalore,12800000,Plot,Urban Square,Sachin Tendulkar
6699,2024-05-28,Referral,Mumbai,12500000,Plot,Elite Heights,Shefali Mehta
6700,2024-11-05,Channel Partner,Bangalore,14100000,Plot,Elite Heights,Ravi Mehta
6701,2024-05-20,Google Ads,Pune,4800000,Apartment,Sky Residency,Riya Kapoor
6702,2024-08-19,Referral,Pune,16500000,Villa,Elite Heights,Aman Sharma
6703,2024-12-26,Referral,Pune,17200000,Villa,Urban Square,Rohit Sharma
6704,2024-01-29,Google Ads,Mumbai,3200000,Plot,Sky Residency,Viral Kohli
6705,2024-01-09,Google Ads,Noida,3200000,Apartment,Elite Heights,Praveen Tambe
6706,2024-05-24,Google Ads,Hyderabad,9900000,Villa,Sky Residency,Priya Kapoor
6707,2024-08-15,Google Ads,Gurgaon,10500000,Plot,Urban Square,Sachin Tendulkar
6708,2024-01-28,Channel Partner,Noida,12300000,Villa,Urban Square,Aman Sharma
6709,2024-12-25,Channel Partner,Noida,6300000,Apartment,Green Valley,Sachin Tendulkar
6710,2024-02-11,Google Ads,Mumbai,20000000,Plot,Green Valley,Ravi Mehta
6711,2024-01-30,Facebook,Pune,5900000,Plot,Elite Heights,Shefali Mehta
6712,2024-08-14,Referral,Bangalore,14200000,Villa,Green Valley,Viral Kohli
6713,2024-04-26,Housing,Noida,3700000,Villa,Urban Square,Priya Kapoor
6714,2024-08-23,99acres,Hyderabad,12600000,Apartment,Green Valley,Neha Singh
6715,2024-08-27,99acres,Bangalore,12300000,Villa,Sky Residency,Ravi Mehta
6716,2024-01-26,Housing,Noida,6100000,Villa,Palm Towers,Viral Kohli
6717,2024-04-10,Google Ads,Pune,9300000,Apartment,Palm Towers,Praveen Tambe
6718,2024-03-12,Facebook,Noida,5000000,Plot,Palm Towers,Rohit Sharma
6719,2024-08-10,Google Ads,Pune,8200000,Villa,Sky Residency,Viral Kohli
6720,2024-03-15,99acres,Gurgaon,19900000,Plot,Elite Heights,Viral Kohli
6721,2024-10-02,Facebook,Hyderabad,8700000,Plot,Green Valley,Ravi Mehta
6722,2024-05-28,Facebook,Bangalore,4900000,Plot,Sky Residency,Praveen Tambe
6723,2024-02-03,Google Ads,Gurgaon,3100000,Apartment,Palm Towers,Riya Kapoor
6724,2024-02-24,99acres,Noida,14200000,Plot,Palm Towers,Aman Sharma
6725,2024-12-28,Google Ads,Bangalore,12900000,Apartment,Elite Heights,Riya Kapoor
6726,2024-03-12,Google Ads,Gurgaon,14100000,Apartment,Palm Towers,Neha Singh
6727,2024-09-05,Channel Partner,Pune,5600000,Villa,Elite Heights,Viral Kohli
6728,2024-03-28,Facebook,Pune,10300000,Villa,Elite Heights,Aman Sharma
6729,2024-09-16,Channel Partner,Hyderabad,14300000,Villa,Palm Towers,Neha Singh
6730,2024-07-07,Facebook,Gurgaon,18200000,Plot,Palm Towers,Aman Sharma
6731,2024-12-05,Google Ads,Noida,16900000,Apartment,Urban Square,Neha Singh
6732,2024-02-09,Google Ads,Gurgaon,16100000,Villa,Sky Residency,Neha Singh
6733,2024-10-25,99acres,Gurgaon,15200000,Villa,Urban Square,Priya Kapoor
6734,2024-06-10,Google Ads,Gurgaon,19100000,Apartment,Urban Square,Neha Singh
6735,2024-01-27,Google Ads,Pune,13700000,Plot,Urban Square,Sachin Tendulkar
6736,2024-08-30,Google Ads,Gurgaon,14900000,Villa,Sky Residency,Viral Kohli
6737,2024-03-16,Channel Partner,Pune,3500000,Villa,Palm Towers,Riya Kapoor
6738,2024-01-30,Referral,Gurgaon,6100000,Apartment,Green Valley,Rohit Sharma
6739,2024-07-14,Google Ads,Gurgaon,11600000,Apartment,Urban Square,Rohit Sharma
6740,2024-03-27,Referral,Hyderabad,18300000,Apartment,Palm Towers,Aman Sharma
6741,2024-10-04,Referral,Gurgaon,11600000,Villa,Urban Square,Neha Singh
6742,2024-05-27,Facebook,Pune,5400000,Apartment,Sky Residency,Praveen Tambe
6743,2024-02-14,Referral,Gurgaon,18200000,Plot,Green Valley,Riya Kapoor
6744,2024-08-14,Facebook,Gurgaon,4000000,Apartment,Urban Square,Shefali Mehta
6745,2024-06-24,99acres,Noida,17600000,Villa,Urban Square,Viral Kohli
6746,2024-06-23,Google Ads,Gurgaon,16600000,Apartment,Green Valley,Praveen Tambe
6747,2024-12-10,Google Ads,Gurgaon,4200000,Villa,Urban Square,Shefali Mehta
6748,2024-08-21,Housing,Noida,15200000,Villa,Sky Residency,Praveen Tambe
6749,2024-11-30,Facebook,Noida,10100000,Plot,Sky Residency,Neha Singh
6750,2024-08-04,Facebook,Mumbai,10800000,Apartment,Sky Residency,Shefali Mehta
6751,2024-01-16,Channel Partner,Bangalore,4600000,Apartment,Urban Square,Aman Sharma
6752,2024-11-04,Facebook,Pune,12600000,Apartment,Urban Square,Shefali Mehta
6753,2024-04-22,Housing,Gurgaon,11000000,Villa,Urban Square,Shefali Mehta
6754,2024-08-07,99acres,Mumbai,8800000,Plot,Palm Towers,Sachin Tendulkar
6755,2024-07-08,Google Ads,Pune,14400000,Apartment,Urban Square,Praveen Tambe
6756,2024-01-12,Google Ads,Gurgaon,19700000,Apartment,Elite Heights,Riya Kapoor
6757,2024-01-10,Channel Partner,Noida,4800000,Villa,Urban Square,Priya Kapoor
6758,2024-04-21,Housing,Pune,11500000,Plot,Urban Square,Aman Sharma
6759,2024-04-10,Referral,Gurgaon,16100000,Villa,Palm Towers,Sachin Tendulkar
6760,2024-09-13,Facebook,Noida,14500000,Plot,Green Valley,Riya Kapoor
6761,2024-05-15,Housing,Pune,9700000,Plot,Urban Square,Shefali Mehta
6762,2024-05-09,Google Ads,Pune,12500000,Villa,Green Valley,Rohit Sharma
6763,2024-11-14,99acres,Noida,10500000,Apartment,Palm Towers,Sachin Tendulkar
6764,2024-07-09,Google Ads,Bangalore,6200000,Plot,Urban Square,Viral Kohli
6765,2024-01-01,Google Ads,Bangalore,5800000,Villa,Green Valley,Priya Kapoor
6766,2024-03-02,99acres,Gurgaon,11800000,Villa,Green Valley,Riya Kapoor
6767,2024-01-02,Referral,Noida,7700000,Villa,Palm Towers,Praveen Tambe
6768,2024-06-29,Referral,Noida,18300000,Apartment,Urban Square,Priya Kapoor
6769,2024-09-09,Walk-in,Pune,12800000,Apartment,Urban Square,Sachin Tendulkar
6770,2024-04-16,Facebook,Pune,12000000,Villa,Urban Square,Riya Kapoor
6771,2024-01-28,99acres,Gurgaon,10900000,Apartment,Sky Residency,Viral Kohli
6772,2024-01-15,Facebook,Pune,16600000,Villa,Elite Heights,Priya Kapoor
6773,2024-08-25,Channel Partner,Gurgaon,6900000,Plot,Palm Towers,Aman Sharma
6774,2024-02-11,Facebook,Mumbai,4400000,Villa,Urban Square,Sachin Tendulkar
6775,2024-04-07,Facebook,Bangalore,17600000,Villa,Green Valley,Rohit Sharma
6776,2024-02-25,Google Ads,Gurgaon,6500000,Plot,Green Valley,Rohit Sharma
6777,2024-11-10,Walk-in,Gurgaon,17600000,Villa,Palm Towers,Sachin Tendulkar
6778,2024-11-20,Housing,Mumbai,19200000,Villa,Elite Heights,Sachin Tendulkar
6779,2024-09-06,Walk-in,Gurgaon,13300000,Apartment,Green Valley,Priya Kapoor
6780,2024-01-29,99acres,Pune,18200000,Plot,Urban Square,Rohit Sharma
6781,2024-09-06,Facebook,Hyderabad,3900000,Apartment,Elite Heights,Rohit Sharma
6782,2024-01-11,Referral,Gurgaon,17200000,Apartment,Elite Heights,Riya Kapoor
6783,2024-09-13,Google Ads,Pune,4300000,Villa,Green Valley,Shefali Mehta
6784,2024-07-29,Housing,Pune,13200000,Apartment,Green Valley,Praveen Tambe
6785,2024-05-16,Google Ads,Mumbai,6900000,Plot,Sky Residency,Viral Kohli
6786,2024-12-17,Housing,Mumbai,3400000,Villa,Sky Residency,Sachin Tendulkar
6787,2024-05-09,Referral,Mumbai,17200000,Apartment,Green Valley,Riya Kapoor
6788,2024-08-31,Housing,Pune,12400000,Plot,Sky Residency,Sachin Tendulkar
6789,2024-01-06,Walk-in,Hyderabad,7800000,Apartment,Palm Towers,Praveen Tambe
6790,2024-02-09,Google Ads,Pune,13200000,Plot,Sky Residency,Sachin Tendulkar
6791,2024-04-21,Walk-in,Noida,8700000,Apartment,Green Valley,Sachin Tendulkar
6792,2024-04-03,Google Ads,Bangalore,18000000,Villa,Palm Towers,Priya Kapoor
6793,2024-03-08,Channel Partner,Mumbai,6700000,Plot,Urban Square,Ravi Mehta
6794,2024-03-06,Google Ads,Gurgaon,12100000,Apartment,Urban Square,Rohit Sharma
6795,2024-08-18,Google Ads,Noida,3100000,Apartment,Palm Towers,Sachin Tendulkar
6796,2024-03-15,Facebook,Gurgaon,9600000,Villa,Elite Heights,Viral Kohli
6797,2024-10-20,Housing,Gurgaon,18000000,Apartment,Palm Towers,Sachin Tendulkar
6798,2024-08-20,Facebook,Gurgaon,18300000,Plot,Sky Residency,Sachin Tendulkar
6799,2024-10-31,99acres,Noida,3200000,Apartment,Green Valley,Shefali Mehta
6800,2024-08-18,99acres,Pune,12600000,Villa,Elite Heights,Sachin Tendulkar
6801,2024-02-15,Google Ads,Mumbai,13300000,Plot,Urban Square,Shefali Mehta
6802,2024-07-28,Facebook,Noida,16800000,Apartment,Urban Square,Priya Kapoor
6803,2024-06-19,Facebook,Bangalore,15500000,Plot,Urban Square,Neha Singh
6804,2024-09-27,Walk-in,Pune,16100000,Plot,Elite Heights,Sachin Tendulkar
6805,2024-01-10,Referral,Mumbai,4900000,Plot,Urban Square,Ravi Mehta
6806,2024-08-20,Housing,Gurgaon,16400000,Villa,Urban Square,Rohit Sharma
6807,2024-04-10,Housing,Bangalore,13800000,Apartment,Sky Residency,Viral Kohli
6808,2024-09-08,Google Ads,Gurgaon,12700000,Plot,Sky Residency,Riya Kapoor
6809,2024-08-22,Facebook,Noida,15400000,Plot,Palm Towers,Riya Kapoor
6810,2024-08-25,Google Ads,Hyderabad,14100000,Villa,Urban Square,Aman Sharma
6811,2024-02-08,99acres,Gurgaon,16700000,Plot,Palm Towers,Sachin Tendulkar
6812,2024-02-10,Facebook,Mumbai,9400000,Plot,Sky Residency,Viral Kohli
6813,2024-10-30,Housing,Gurgaon,5100000,Villa,Urban Square,Aman Sharma
6814,2024-10-10,Google Ads,Noida,5000000,Villa,Palm Towers,Praveen Tambe
6815,2024-07-30,99acres,Pune,16900000,Apartment,Elite Heights,Shefali Mehta
6816,2024-01-12,Facebook,Gurgaon,11200000,Apartment,Urban Square,Praveen Tambe
6817,2024-03-22,Housing,Gurgaon,10700000,Apartment,Elite Heights,Viral Kohli
6818,2024-11-05,Facebook,Noida,16000000,Apartment,Palm Towers,Viral Kohli
6819,2024-08-31,Housing,Noida,5100000,Plot,Sky Residency,Praveen Tambe
6820,2024-08-17,99acres,Gurgaon,4300000,Plot,Sky Residency,Rohit Sharma
6821,2024-12-26,Google Ads,Gurgaon,18200000,Plot,Green Valley,Shefali Mehta
6822,2024-12-28,Channel Partner,Noida,7100000,Villa,Green Valley,Riya Kapoor
6823,2024-10-08,Channel Partner,Gurgaon,8300000,Apartment,Sky Residency,Priya Kapoor
6824,2024-01-14,Facebook,Gurgaon,11300000,Villa,Elite Heights,Priya Kapoor
6825,2024-05-27,Facebook,Bangalore,6000000,Villa,Elite Heights,Riya Kapoor
6826,2024-04-11,Google Ads,Pune,9200000,Plot,Sky Residency,Neha Singh
6827,2024-09-18,Google Ads,Mumbai,11200000,Apartment,Green Valley,Riya Kapoor
6828,2024-03-15,99acres,Pune,3300000,Plot,Sky Residency,Neha Singh
6829,2024-11-09,Housing,Hyderabad,13700000,Villa,Palm Towers,Viral Kohli
6830,2024-12-02,Google Ads,Gurgaon,11300000,Plot,Elite Heights,Rohit Sharma
6831,2024-05-06,Housing,Hyderabad,12500000,Plot,Green Valley,Neha Singh
6832,2024-02-25,Facebook,Gurgaon,5700000,Apartment,Palm Towers,Rohit Sharma
6833,2024-07-16,Google Ads,Gurgaon,3100000,Apartment,Sky Residency,Shefali Mehta
6834,2024-09-20,Facebook,Noida,5000000,Villa,Elite Heights,Sachin Tendulkar
6835,2024-11-11,99acres,Noida,13400000,Apartment,Palm Towers,Neha Singh
6836,2024-07-22,Channel Partner,Gurgaon,6400000,Plot,Palm Towers,Riya Kapoor
6837,2024-11-05,Facebook,Noida,16900000,Plot,Urban Square,Sachin Tendulkar
6838,2024-08-29,Facebook,Bangalore,11500000,Apartment,Sky Residency,Riya Kapoor
6839,2024-01-03,Walk-in,Gurgaon,17200000,Villa,Urban Square,Praveen Tambe
6840,2024-10-01,Facebook,Noida,8500000,Apartment,Green Valley,Ravi Mehta
6841,2024-04-26,Walk-in,Pune,7100000,Villa,Urban Square,Neha Singh
6842,2024-10-25,Google Ads,Gurgaon,9100000,Plot,Urban Square,Sachin Tendulkar
6843,2024-07-12,Walk-in,Bangalore,18900000,Apartment,Sky Residency,Shefali Mehta
6844,2024-01-02,Referral,Pune,5700000,Villa,Sky Residency,Neha Singh
6845,2024-04-05,Facebook,Hyderabad,12400000,Apartment,Green Valley,Ravi Mehta
6846,2024-10-21,Housing,Hyderabad,7600000,Plot,Urban Square,Shefali Mehta
6847,2024-03-27,Google Ads,Bangalore,18400000,Plot,Elite Heights,Praveen Tambe
6848,2024-01-31,99acres,Noida,19100000,Villa,Elite Heights,Neha Singh
6849,2024-02-11,99acres,Mumbai,13000000,Apartment,Urban Square,Riya Kapoor
6850,2024-11-25,99acres,Hyderabad,19800000,Apartment,Urban Square,Neha Singh
6851,2024-07-21,Referral,Gurgaon,19600000,Apartment,Sky Residency,Priya Kapoor
6852,2024-12-11,Housing,Noida,5300000,Apartment,Palm Towers,Sachin Tendulkar
6853,2024-05-21,Facebook,Noida,16100000,Apartment,Sky Residency,Rohit Sharma
6854,2024-01-29,Google Ads,Bangalore,6900000,Villa,Sky Residency,Sachin Tendulkar
6855,2024-11-07,Google Ads,Hyderabad,11200000,Apartment,Sky Residency,Shefali Mehta
6856,2024-06-25,Facebook,Noida,20000000,Villa,Green Valley,Aman Sharma
6857,2024-02-18,Facebook,Pune,17600000,Plot,Urban Square,Neha Singh
6858,2024-07-12,Google Ads,Pune,8100000,Apartment,Green Valley,Shefali Mehta
6859,2024-11-14,Google Ads,Noida,17900000,Villa,Green Valley,Shefali Mehta
6860,2024-05-02,Google Ads,Hyderabad,13000000,Plot,Elite Heights,Aman Sharma
6861,2024-09-21,Google Ads,Mumbai,12100000,Apartment,Sky Residency,Neha Singh
6862,2024-11-02,99acres,Pune,18100000,Plot,Sky Residency,Riya Kapoor
6863,2024-01-16,Housing,Mumbai,7000000,Apartment,Green Valley,Riya Kapoor
6864,2024-12-09,99acres,Pune,13800000,Villa,Sky Residency,Riya Kapoor
6865,2024-08-30,Google Ads,Bangalore,19400000,Apartment,Sky Residency,Viral Kohli
6866,2024-01-09,Facebook,Mumbai,17600000,Plot,Urban Square,Riya Kapoor
6867,2024-01-30,99acres,Mumbai,6700000,Apartment,Urban Square,Viral Kohli
6868,2024-04-02,Google Ads,Pune,5000000,Villa,Urban Square,Aman Sharma
6869,2024-07-07,Google Ads,Bangalore,15400000,Plot,Green Valley,Shefali Mehta
6870,2024-01-02,Facebook,Gurgaon,11200000,Villa,Elite Heights,Aman Sharma
6871,2024-11-05,Facebook,Hyderabad,10400000,Apartment,Green Valley,Rohit Sharma
6872,2024-01-04,Facebook,Noida,9500000,Plot,Palm Towers,Shefali Mehta
6873,2024-10-04,Google Ads,Noida,3100000,Apartment,Green Valley,Rohit Sharma
6874,2024-05-17,Channel Partner,Hyderabad,19300000,Villa,Urban Square,Praveen Tambe
6875,2024-08-23,99acres,Gurgaon,10900000,Apartment,Urban Square,Riya Kapoor
6876,2024-11-28,Walk-in,Noida,17200000,Plot,Palm Towers,Priya Kapoor
6877,2024-03-13,Housing,Noida,11900000,Villa,Elite Heights,Neha Singh
6878,2024-10-15,Google Ads,Noida,8900000,Apartment,Green Valley,Viral Kohli
6879,2024-02-04,Channel Partner,Bangalore,9200000,Villa,Palm Towers,Riya Kapoor
6880,2024-03-14,99acres,Hyderabad,13700000,Apartment,Elite Heights,Praveen Tambe
6881,2024-04-05,Housing,Mumbai,15200000,Plot,Palm Towers,Shefali Mehta
6882,2024-07-17,Channel Partner,Bangalore,5100000,Plot,Urban Square,Praveen Tambe
6883,2024-05-13,Google Ads,Pune,5600000,Villa,Sky Residency,Priya Kapoor
6884,2024-02-14,Google Ads,Mumbai,13200000,Villa,Urban Square,Viral Kohli
6885,2024-06-14,Referral,Mumbai,13900000,Apartment,Elite Heights,Rohit Sharma
6886,2024-10-11,Google Ads,Noida,8500000,Villa,Elite Heights,Viral Kohli
6887,2024-05-13,Facebook,Bangalore,9900000,Apartment,Palm Towers,Sachin Tendulkar
6888,2024-07-16,Facebook,Hyderabad,19600000,Villa,Urban Square,Priya Kapoor
6889,2024-07-01,Google Ads,Gurgaon,16000000,Apartment,Urban Square,Rohit Sharma
6890,2024-07-16,Channel Partner,Noida,17200000,Apartment,Palm Towers,Rohit Sharma
6891,2024-11-26,Google Ads,Hyderabad,5800000,Apartment,Urban Square,Priya Kapoor
6892,2024-03-18,Referral,Hyderabad,4800000,Plot,Urban Square,Praveen Tambe
6893,2024-11-08,Housing,Gurgaon,10500000,Plot,Urban Square,Shefali Mehta
6894,2024-11-11,Google Ads,Gurgaon,8500000,Plot,Urban Square,Sachin Tendulkar
6895,2024-11-24,99acres,Pune,8500000,Apartment,Green Valley,Aman Sharma
6896,2024-05-14,Facebook,Noida,6400000,Plot,Green Valley,Shefali Mehta
6897,2024-09-10,Google Ads,Hyderabad,4000000,Villa,Urban Square,Rohit Sharma
6898,2024-12-19,Channel Partner,Noida,18900000,Plot,Palm Towers,Rohit Sharma
6899,2024-01-02,Google Ads,Bangalore,3300000,Apartment,Sky Residency,Sachin Tendulkar
6900,2024-12-27,Walk-in,Bangalore,13900000,Plot,Urban Square,Neha Singh
6901,2024-07-09,Google Ads,Pune,7400000,Apartment,Green Valley,Sachin Tendulkar
6902,2024-10-21,Facebook,Pune,16100000,Apartment,Palm Towers,Praveen Tambe
6903,2024-12-28,99acres,Gurgaon,11200000,Apartment,Urban Square,Priya Kapoor
6904,2024-05-12,Google Ads,Noida,18500000,Apartment,Green Valley,Viral Kohli
6905,2024-02-13,Facebook,Mumbai,15500000,Plot,Palm Towers,Riya Kapoor
6906,2024-09-19,Facebook,Hyderabad,16500000,Villa,Urban Square,Viral Kohli
6907,2024-09-21,Google Ads,Hyderabad,16700000,Villa,Sky Residency,Sachin Tendulkar
6908,2024-01-14,Facebook,Bangalore,15700000,Villa,Palm Towers,Ravi Mehta
6909,2024-09-09,Facebook,Gurgaon,11100000,Villa,Palm Towers,Praveen Tambe
6910,2024-11-26,Google Ads,Mumbai,13700000,Villa,Urban Square,Shefali Mehta
6911,2024-07-05,Google Ads,Pune,7500000,Plot,Sky Residency,Praveen Tambe
6912,2024-05-13,Facebook,Gurgaon,11300000,Villa,Elite Heights,Priya Kapoor
6913,2024-03-11,Housing,Noida,7000000,Apartment,Palm Towers,Riya Kapoor
6914,2024-09-27,Google Ads,Pune,9000000,Plot,Green Valley,Ravi Mehta
6915,2024-06-13,Google Ads,Hyderabad,8900000,Villa,Urban Square,Priya Kapoor
6916,2024-01-13,Google Ads,Pune,17200000,Plot,Sky Residency,Sachin Tendulkar
6917,2024-07-29,Facebook,Noida,4200000,Villa,Sky Residency,Sachin Tendulkar
6918,2024-06-30,99acres,Gurgaon,20000000,Apartment,Sky Residency,Neha Singh
6919,2024-05-09,Facebook,Gurgaon,4300000,Villa,Sky Residency,Priya Kapoor
6920,2024-08-11,Referral,Gurgaon,12200000,Apartment,Sky Residency,Shefali Mehta
6921,2024-08-23,Referral,Noida,17400000,Apartment,Elite Heights,Rohit Sharma
6922,2024-09-16,Channel Partner,Hyderabad,11700000,Plot,Green Valley,Aman Sharma
6923,2024-11-07,Google Ads,Pune,8600000,Plot,Sky Residency,Viral Kohli
6924,2024-12-18,Channel Partner,Noida,9400000,Apartment,Sky Residency,Praveen Tambe
6925,2024-10-17,99acres,Bangalore,4300000,Apartment,Palm Towers,Neha Singh
6926,2024-03-03,Referral,Hyderabad,17700000,Plot,Green Valley,Shefali Mehta
6927,2024-05-30,Referral,Gurgaon,10500000,Plot,Sky Residency,Shefali Mehta
6928,2024-04-19,Google Ads,Bangalore,7900000,Villa,Urban Square,Rohit Sharma
6929,2024-10-17,Facebook,Bangalore,9900000,Plot,Urban Square,Rohit Sharma
6930,2024-01-04,Housing,Noida,3900000,Apartment,Urban Square,Riya Kapoor
6931,2024-08-21,Walk-in,Noida,8000000,Villa,Green Valley,Aman Sharma
6932,2024-05-06,Google Ads,Bangalore,4100000,Villa,Green Valley,Ravi Mehta
6933,2024-01-27,Channel Partner,Mumbai,11300000,Apartment,Sky Residency,Sachin Tendulkar
6934,2024-11-08,Referral,Pune,17900000,Plot,Elite Heights,Viral Kohli
6935,2024-09-01,Google Ads,Mumbai,5700000,Villa,Green Valley,Praveen Tambe
6936,2024-10-30,Channel Partner,Pune,6000000,Villa,Palm Towers,Riya Kapoor
6937,2024-08-26,Referral,Gurgaon,17700000,Apartment,Green Valley,Viral Kohli
6938,2024-05-14,Channel Partner,Mumbai,5400000,Villa,Green Valley,Neha Singh
6939,2024-05-03,Facebook,Pune,14900000,Apartment,Palm Towers,Ravi Mehta
6940,2024-11-07,Housing,Mumbai,11300000,Villa,Sky Residency,Sachin Tendulkar
6941,2024-05-27,Housing,Hyderabad,4100000,Villa,Sky Residency,Ravi Mehta
6942,2024-10-24,Google Ads,Mumbai,18200000,Villa,Sky Residency,Sachin Tendulkar
6943,2024-04-11,Referral,Bangalore,16200000,Apartment,Green Valley,Neha Singh
6944,2024-12-18,Walk-in,Bangalore,13100000,Apartment,Green Valley,Praveen Tambe
6945,2024-07-15,Google Ads,Bangalore,15700000,Villa,Urban Square,Praveen Tambe
6946,2024-05-18,Facebook,Mumbai,5600000,Villa,Sky Residency,Viral Kohli
6947,2024-07-15,Walk-in,Noida,18400000,Villa,Sky Residency,Sachin Tendulkar
6948,2024-02-25,Google Ads,Pune,7100000,Apartment,Urban Square,Rohit Sharma
6949,2024-02-21,Google Ads,Noida,12300000,Villa,Green Valley,Rohit Sharma
6950,2024-12-22,Housing,Bangalore,16700000,Apartment,Green Valley,Aman Sharma
6951,2024-10-23,Referral,Hyderabad,3500000,Plot,Urban Square,Sachin Tendulkar
6952,2024-01-21,Housing,Noida,15900000,Apartment,Elite Heights,Aman Sharma
6953,2024-11-08,Referral,Gurgaon,8600000,Apartment,Green Valley,Aman Sharma
6954,2024-08-21,Facebook,Noida,4100000,Apartment,Sky Residency,Sachin Tendulkar
6955,2024-06-04,Channel Partner,Bangalore,14700000,Apartment,Elite Heights,Rohit Sharma
6956,2024-09-30,99acres,Mumbai,15400000,Villa,Urban Square,Viral Kohli
6957,2024-08-20,99acres,Hyderabad,10800000,Villa,Palm Towers,Riya Kapoor
6958,2024-12-09,Google Ads,Gurgaon,4400000,Villa,Sky Residency,Viral Kohli
6959,2024-01-19,Channel Partner,Noida,14200000,Plot,Sky Residency,Viral Kohli
6960,2024-08-03,Channel Partner,Gurgaon,17400000,Villa,Urban Square,Rohit Sharma
6961,2024-10-29,Housing,Gurgaon,4600000,Villa,Urban Square,Neha Singh
6962,2024-12-31,Facebook,Pune,4700000,Villa,Sky Residency,Praveen Tambe
6963,2024-09-20,Facebook,Mumbai,15700000,Apartment,Palm Towers,Aman Sharma
6964,2024-04-17,Google Ads,Pune,8200000,Villa,Sky Residency,Aman Sharma
6965,2024-06-23,Housing,Mumbai,4800000,Plot,Palm Towers,Rohit Sharma
6966,2024-01-22,Channel Partner,Pune,8800000,Villa,Sky Residency,Rohit Sharma
6967,2024-07-19,Housing,Gurgaon,6200000,Villa,Sky Residency,Viral Kohli
6968,2024-01-19,Channel Partner,Noida,8000000,Plot,Sky Residency,Riya Kapoor
6969,2024-10-01,Facebook,Pune,14700000,Villa,Green Valley,Aman Sharma
6970,2024-11-08,Facebook,Pune,5700000,Apartment,Sky Residency,Riya Kapoor
6971,2024-10-13,Facebook,Gurgaon,3100000,Plot,Sky Residency,Rohit Sharma
6972,2024-10-27,Google Ads,Pune,13700000,Plot,Palm Towers,Aman Sharma
6973,2024-11-20,Channel Partner,Gurgaon,15700000,Villa,Elite Heights,Priya Kapoor
6974,2024-01-13,Google Ads,Mumbai,20000000,Apartment,Sky Residency,Rohit Sharma
6975,2024-10-07,Walk-in,Noida,6900000,Villa,Elite Heights,Ravi Mehta
6976,2024-08-27,Referral,Noida,6800000,Villa,Palm Towers,Priya Kapoor
6977,2024-02-04,Walk-in,Hyderabad,14400000,Apartment,Sky Residency,Viral Kohli
6978,2024-07-24,Google Ads,Pune,18600000,Apartment,Palm Towers,Sachin Tendulkar
6979,2024-10-12,Referral,Gurgaon,4800000,Villa,Green Valley,Shefali Mehta
6980,2024-10-13,Google Ads,Noida,11600000,Villa,Palm Towers,Shefali Mehta
6981,2024-11-06,Housing,Noida,4900000,Apartment,Elite Heights,Praveen Tambe
6982,2024-02-24,Google Ads,Noida,4400000,Plot,Urban Square,Sachin Tendulkar
6983,2024-06-05,Google Ads,Mumbai,8900000,Apartment,Elite Heights,Ravi Mehta
6984,2024-10-11,Google Ads,Mumbai,18700000,Plot,Palm Towers,Neha Singh
6985,2024-12-13,Google Ads,Hyderabad,14500000,Apartment,Urban Square,Aman Sharma
6986,2024-06-11,Walk-in,Bangalore,19700000,Plot,Palm Towers,Rohit Sharma
6987,2024-01-05,Google Ads,Gurgaon,14700000,Villa,Urban Square,Shefali Mehta
6988,2024-11-20,99acres,Pune,16800000,Villa,Palm Towers,Sachin Tendulkar
6989,2024-02-25,Referral,Bangalore,9200000,Plot,Green Valley,Rohit Sharma
6990,2024-02-22,Facebook,Gurgaon,13100000,Apartment,Sky Residency,Riya Kapoor
6991,2024-06-14,Google Ads,Bangalore,16000000,Plot,Green Valley,Ravi Mehta
6992,2024-12-18,Google Ads,Bangalore,17300000,Apartment,Elite Heights,Priya Kapoor
6993,2024-04-28,Google Ads,Pune,13200000,Villa,Palm Towers,Riya Kapoor
6994,2024-11-14,Housing,Pune,10100000,Apartment,Green Valley,Rohit Sharma
6995,2024-02-11,99acres,Mumbai,4000000,Plot,Sky Residency,Ravi Mehta
6996,2024-05-26,99acres,Mumbai,20000000,Apartment,Elite Heights,Ravi Mehta
6997,2024-03-12,Google Ads,Mumbai,15200000,Apartment,Green Valley,Neha Singh
6998,2024-02-01,99acres,Mumbai,4900000,Apartment,Urban Square,Aman Sharma
6999,2024-09-21,Google Ads,Hyderabad,9100000,Plot,Elite Heights,Viral Kohli
7000,2024-03-08,Housing,Mumbai,4000000,Plot,Palm Towers,Praveen Tambe
7001,2024-02-05,Google Ads,Hyderabad,7900000,Villa,Sky Residency,Priya Kapoor
7002,2024-03-04,99acres,Noida,14600000,Plot,Elite Heights,Riya Kapoor
7003,2024-03-17,Facebook,Pune,4100000,Apartment,Sky Residency,Praveen Tambe
7004,2024-08-27,Channel Partner,Mumbai,4800000,Plot,Palm Towers,Praveen Tambe
7005,2024-12-31,Housing,Pune,15900000,Villa,Palm Towers,Viral Kohli
7006,2024-01-03,Google Ads,Pune,13300000,Plot,Elite Heights,Ravi Mehta
7007,2024-07-18,Referral,Gurgaon,4100000,Villa,Palm Towers,Rohit Sharma
7008,2024-10-16,Facebook,Pune,6200000,Plot,Elite Heights,Rohit Sharma
7009,2024-05-15,Referral,Bangalore,5800000,Villa,Sky Residency,Aman Sharma
7010,2024-12-30,Referral,Bangalore,18400000,Plot,Palm Towers,Viral Kohli
7011,2024-07-26,Facebook,Mumbai,10600000,Apartment,Elite Heights,Riya Kapoor
7012,2024-03-20,Google Ads,Noida,11400000,Plot,Palm Towers,Aman Sharma
7013,2024-05-21,Facebook,Gurgaon,13300000,Plot,Palm Towers,Viral Kohli
7014,2024-03-15,Facebook,Noida,8600000,Apartment,Elite Heights,Priya Kapoor
7015,2024-03-16,Walk-in,Noida,8100000,Villa,Green Valley,Rohit Sharma
7016,2024-06-20,99acres,Bangalore,19900000,Plot,Palm Towers,Viral Kohli
7017,2024-01-21,Facebook,Noida,10900000,Villa,Urban Square,Viral Kohli
7018,2024-02-24,99acres,Noida,6200000,Apartment,Elite Heights,Ravi Mehta
7019,2024-01-03,Facebook,Gurgaon,3500000,Villa,Green Valley,Ravi Mehta
7020,2024-04-30,Facebook,Mumbai,19500000,Apartment,Sky Residency,Rohit Sharma
7021,2024-12-09,Google Ads,Noida,6600000,Apartment,Urban Square,Aman Sharma
7022,2024-12-25,99acres,Gurgaon,5400000,Apartment,Elite Heights,Ravi Mehta
7023,2024-11-01,Facebook,Gurgaon,15100000,Plot,Green Valley,Sachin Tendulkar
7024,2024-02-08,Walk-in,Mumbai,4400000,Villa,Green Valley,Sachin Tendulkar
7025,2024-08-25,Referral,Hyderabad,4900000,Villa,Elite Heights,Shefali Mehta
7026,2024-08-07,Channel Partner,Pune,3000000,Apartment,Sky Residency,Riya Kapoor
7027,2024-09-05,Facebook,Noida,13800000,Plot,Urban Square,Aman Sharma
7028,2024-04-05,Facebook,Gurgaon,13000000,Plot,Palm Towers,Shefali Mehta
7029,2024-11-08,Housing,Hyderabad,17400000,Plot,Elite Heights,Riya Kapoor
7030,2024-05-31,Google Ads,Noida,19800000,Plot,Palm Towers,Shefali Mehta
7031,2024-07-04,Walk-in,Pune,18600000,Villa,Palm Towers,Praveen Tambe
7032,2024-03-20,Facebook,Gurgaon,17800000,Plot,Palm Towers,Priya Kapoor
7033,2024-01-28,99acres,Bangalore,6000000,Apartment,Elite Heights,Shefali Mehta
7034,2024-03-14,99acres,Mumbai,8300000,Apartment,Sky Residency,Ravi Mehta
7035,2024-12-05,99acres,Mumbai,12400000,Apartment,Palm Towers,Neha Singh
7036,2024-03-15,Google Ads,Bangalore,8400000,Apartment,Palm Towers,Praveen Tambe
7037,2024-06-28,Walk-in,Hyderabad,7400000,Apartment,Urban Square,Ravi Mehta
7038,2024-03-20,Google Ads,Bangalore,17100000,Villa,Green Valley,Rohit Sharma
7039,2024-02-10,Google Ads,Noida,9300000,Villa,Green Valley,Sachin Tendulkar
7040,2024-01-11,Google Ads,Gurgaon,12000000,Plot,Sky Residency,Neha Singh
7041,2024-01-18,Google Ads,Noida,5000000,Villa,Sky Residency,Ravi Mehta
7042,2024-11-05,Walk-in,Gurgaon,12800000,Plot,Urban Square,Viral Kohli
7043,2024-06-24,Housing,Mumbai,8300000,Plot,Green Valley,Sachin Tendulkar
7044,2024-11-30,Facebook,Noida,10500000,Villa,Elite Heights,Shefali Mehta
7045,2024-05-14,Channel Partner,Mumbai,13500000,Villa,Urban Square,Shefali Mehta
7046,2024-07-16,Google Ads,Bangalore,8900000,Villa,Green Valley,Shefali Mehta
7047,2024-12-12,99acres,Noida,18800000,Plot,Sky Residency,Ravi Mehta
7048,2024-08-08,Google Ads,Gurgaon,5200000,Plot,Elite Heights,Viral Kohli
7049,2024-03-29,Google Ads,Hyderabad,7900000,Villa,Palm Towers,Sachin Tendulkar
7050,2024-04-28,Facebook,Mumbai,15300000,Villa,Palm Towers,Viral Kohli
7051,2024-03-21,Channel Partner,Bangalore,16300000,Apartment,Elite Heights,Neha Singh
7052,2024-05-25,Google Ads,Gurgaon,17400000,Villa,Palm Towers,Ravi Mehta
7053,2024-07-19,Facebook,Bangalore,8900000,Plot,Elite Heights,Riya Kapoor
7054,2024-07-04,Housing,Mumbai,8700000,Plot,Sky Residency,Neha Singh
7055,2024-01-01,Facebook,Mumbai,17900000,Villa,Palm Towers,Viral Kohli
7056,2024-02-02,Google Ads,Pune,17300000,Villa,Urban Square,Shefali Mehta
7057,2024-09-02,Referral,Mumbai,11400000,Plot,Sky Residency,Riya Kapoor
7058,2024-10-21,Channel Partner,Gurgaon,3000000,Plot,Palm Towers,Ravi Mehta
7059,2024-01-20,Housing,Pune,16100000,Villa,Urban Square,Shefali Mehta
7060,2024-10-30,Housing,Mumbai,4900000,Villa,Urban Square,Rohit Sharma
7061,2024-05-24,Google Ads,Gurgaon,15000000,Villa,Sky Residency,Viral Kohli
7062,2024-12-22,99acres,Mumbai,7600000,Villa,Palm Towers,Neha Singh
7063,2024-02-17,Google Ads,Hyderabad,12400000,Villa,Green Valley,Neha Singh
7064,2024-09-15,Referral,Gurgaon,6200000,Villa,Green Valley,Shefali Mehta
7065,2024-02-07,Google Ads,Pune,18300000,Villa,Urban Square,Priya Kapoor
7066,2024-09-07,Channel Partner,Gurgaon,5600000,Apartment,Palm Towers,Praveen Tambe
7067,2024-09-21,Google Ads,Mumbai,19900000,Plot,Sky Residency,Priya Kapoor
7068,2024-01-30,99acres,Gurgaon,14700000,Apartment,Green Valley,Ravi Mehta
7069,2024-10-10,Google Ads,Mumbai,13700000,Apartment,Urban Square,Ravi Mehta
7070,2024-12-05,Facebook,Pune,16700000,Villa,Green Valley,Shefali Mehta
7071,2024-02-28,Facebook,Hyderabad,10600000,Villa,Palm Towers,Rohit Sharma
7072,2024-03-08,Google Ads,Pune,11500000,Plot,Green Valley,Neha Singh
7073,2024-12-07,Google Ads,Noida,15800000,Villa,Urban Square,Shefali Mehta
7074,2024-02-15,Facebook,Bangalore,6600000,Villa,Green Valley,Ravi Mehta
7075,2024-09-29,Referral,Noida,6100000,Apartment,Elite Heights,Rohit Sharma
7076,2024-01-09,Housing,Noida,6000000,Apartment,Palm Towers,Ravi Mehta
7077,2024-02-26,Google Ads,Gurgaon,13600000,Villa,Urban Square,Ravi Mehta
7078,2024-12-24,Channel Partner,Pune,9300000,Villa,Green Valley,Priya Kapoor
7079,2024-08-23,Referral,Mumbai,11600000,Villa,Sky Residency,Praveen Tambe
7080,2024-09-18,Google Ads,Pune,5900000,Plot,Elite Heights,Riya Kapoor
7081,2024-06-22,Google Ads,Mumbai,10600000,Apartment,Palm Towers,Viral Kohli
7082,2024-09-05,Google Ads,Noida,18100000,Plot,Green Valley,Riya Kapoor
7083,2024-03-02,Google Ads,Noida,8200000,Apartment,Palm Towers,Neha Singh
7084,2024-03-21,Google Ads,Noida,13200000,Villa,Palm Towers,Praveen Tambe
7085,2024-03-20,Google Ads,Noida,3300000,Plot,Palm Towers,Aman Sharma
7086,2024-07-10,Facebook,Pune,18400000,Villa,Palm Towers,Sachin Tendulkar
7087,2024-06-29,99acres,Gurgaon,3300000,Apartment,Palm Towers,Shefali Mehta
7088,2024-12-27,Google Ads,Noida,15400000,Apartment,Green Valley,Rohit Sharma
7089,2024-03-10,Facebook,Gurgaon,12100000,Villa,Urban Square,Rohit Sharma
7090,2024-10-26,Housing,Hyderabad,6300000,Plot,Urban Square,Riya Kapoor
7091,2024-06-01,99acres,Gurgaon,7400000,Villa,Urban Square,Riya Kapoor
7092,2024-06-23,99acres,Noida,16600000,Apartment,Palm Towers,Praveen Tambe
7093,2024-05-16,Google Ads,Hyderabad,14400000,Apartment,Palm Towers,Ravi Mehta
7094,2024-09-17,Housing,Noida,11600000,Apartment,Sky Residency,Neha Singh
7095,2024-07-14,Referral,Mumbai,3200000,Plot,Sky Residency,Riya Kapoor
7096,2024-12-08,99acres,Hyderabad,9000000,Apartment,Palm Towers,Praveen Tambe
7097,2024-05-08,Referral,Noida,16500000,Plot,Green Valley,Praveen Tambe
7098,2024-04-10,Google Ads,Noida,16300000,Villa,Green Valley,Riya Kapoor
7099,2024-03-26,99acres,Mumbai,13800000,Apartment,Elite Heights,Riya Kapoor
7100,2024-01-07,Google Ads,Gurgaon,14100000,Apartment,Palm Towers,Riya Kapoor
7101,2024-09-04,Facebook,Noida,10300000,Apartment,Elite Heights,Neha Singh
7102,2024-02-19,Referral,Gurgaon,17100000,Apartment,Urban Square,Sachin Tendulkar
7103,2024-03-10,Facebook,Mumbai,13400000,Apartment,Elite Heights,Shefali Mehta
7104,2024-02-02,Facebook,Bangalore,10500000,Apartment,Sky Residency,Aman Sharma
7105,2024-01-17,Google Ads,Bangalore,17600000,Plot,Green Valley,Priya Kapoor
7106,2024-06-21,99acres,Gurgaon,3200000,Villa,Palm Towers,Priya Kapoor
7107,2024-03-30,99acres,Gurgaon,11800000,Apartment,Elite Heights,Ravi Mehta
7108,2024-07-05,Facebook,Gurgaon,17300000,Apartment,Green Valley,Sachin Tendulkar
7109,2024-03-02,Housing,Hyderabad,17500000,Villa,Green Valley,Viral Kohli
7110,2024-10-30,Google Ads,Noida,4900000,Apartment,Sky Residency,Aman Sharma
7111,2024-01-13,Google Ads,Noida,8100000,Plot,Green Valley,Neha Singh
7112,2024-03-25,Google Ads,Noida,5100000,Apartment,Elite Heights,Sachin Tendulkar
7113,2024-01-07,Housing,Bangalore,12500000,Apartment,Sky Residency,Praveen Tambe
7114,2024-02-13,Google Ads,Gurgaon,16500000,Villa,Urban Square,Riya Kapoor
7115,2024-05-29,Google Ads,Pune,11300000,Villa,Urban Square,Aman Sharma
7116,2024-10-27,Google Ads,Mumbai,6500000,Plot,Urban Square,Ravi Mehta
7117,2024-12-05,Channel Partner,Pune,5500000,Apartment,Urban Square,Priya Kapoor
7118,2024-12-12,Facebook,Mumbai,6400000,Villa,Elite Heights,Neha Singh
7119,2024-07-22,Referral,Gurgaon,10100000,Apartment,Urban Square,Priya Kapoor
7120,2024-03-04,Referral,Pune,19500000,Villa,Urban Square,Viral Kohli
7121,2024-05-22,Referral,Bangalore,17900000,Apartment,Green Valley,Sachin Tendulkar
7122,2024-07-22,Facebook,Noida,9600000,Plot,Elite Heights,Praveen Tambe
7123,2024-09-23,Facebook,Gurgaon,14600000,Plot,Palm Towers,Priya Kapoor
7124,2024-10-20,Google Ads,Pune,4400000,Plot,Green Valley,Viral Kohli
7125,2024-01-26,Channel Partner,Gurgaon,14300000,Apartment,Green Valley,Sachin Tendulkar
7126,2024-04-10,Channel Partner,Gurgaon,5400000,Villa,Palm Towers,Neha Singh
7127,2024-05-21,Channel Partner,Bangalore,10500000,Plot,Sky Residency,Ravi Mehta
7128,2024-11-30,99acres,Noida,17700000,Apartment,Urban Square,Sachin Tendulkar
7129,2024-04-04,Facebook,Pune,19100000,Apartment,Green Valley,Rohit Sharma
7130,2024-08-17,Housing,Gurgaon,19100000,Plot,Green Valley,Riya Kapoor
7131,2024-02-07,Walk-in,Gurgaon,15700000,Plot,Green Valley,Rohit Sharma
7132,2024-06-26,Google Ads,Bangalore,8300000,Plot,Urban Square,Viral Kohli
7133,2024-04-20,99acres,Pune,15900000,Apartment,Palm Towers,Riya Kapoor
7134,2024-08-11,Referral,Pune,10500000,Apartment,Sky Residency,Ravi Mehta
7135,2024-09-16,Google Ads,Pune,10300000,Villa,Urban Square,Praveen Tambe
7136,2024-02-10,Facebook,Mumbai,6100000,Apartment,Urban Square,Viral Kohli
7137,2024-06-11,Google Ads,Hyderabad,17100000,Villa,Green Valley,Sachin Tendulkar
7138,2024-04-30,Referral,Gurgaon,6900000,Villa,Urban Square,Neha Singh
7139,2024-03-30,99acres,Pune,15900000,Plot,Elite Heights,Ravi Mehta
7140,2024-07-23,Walk-in,Bangalore,12000000,Plot,Elite Heights,Sachin Tendulkar
7141,2024-01-25,Facebook,Bangalore,18800000,Villa,Elite Heights,Viral Kohli
7142,2024-08-18,Channel Partner,Noida,10700000,Villa,Green Valley,Ravi Mehta
7143,2024-08-06,Housing,Pune,12800000,Apartment,Green Valley,Aman Sharma
7144,2024-10-24,Referral,Noida,3500000,Villa,Palm Towers,Praveen Tambe
7145,2024-12-06,Housing,Mumbai,18500000,Apartment,Urban Square,Sachin Tendulkar
7146,2024-12-09,Google Ads,Noida,3500000,Apartment,Urban Square,Shefali Mehta
7147,2024-03-19,Housing,Gurgaon,4800000,Plot,Elite Heights,Priya Kapoor
7148,2024-10-16,Channel Partner,Noida,19300000,Apartment,Elite Heights,Riya Kapoor
7149,2024-01-31,Google Ads,Noida,10100000,Apartment,Palm Towers,Priya Kapoor
7150,2024-06-17,Facebook,Hyderabad,17200000,Plot,Sky Residency,Riya Kapoor
7151,2024-06-16,99acres,Bangalore,5600000,Apartment,Sky Residency,Aman Sharma
7152,2024-12-17,99acres,Pune,15300000,Villa,Urban Square,Shefali Mehta
7153,2024-11-02,Google Ads,Noida,17600000,Apartment,Sky Residency,Aman Sharma
7154,2024-10-21,Facebook,Pune,17700000,Plot,Urban Square,Priya Kapoor
7155,2024-11-29,Channel Partner,Pune,10800000,Villa,Elite Heights,Viral Kohli
7156,2024-09-02,Referral,Noida,3900000,Plot,Green Valley,Riya Kapoor
7157,2024-03-26,Housing,Noida,15400000,Plot,Elite Heights,Shefali Mehta
7158,2024-03-10,Google Ads,Gurgaon,10400000,Villa,Urban Square,Aman Sharma
7159,2024-08-06,Facebook,Noida,18400000,Plot,Palm Towers,Shefali Mehta
7160,2024-05-06,Channel Partner,Bangalore,8100000,Villa,Sky Residency,Aman Sharma
7161,2024-06-14,Google Ads,Hyderabad,17700000,Plot,Palm Towers,Viral Kohli
7162,2024-06-12,Channel Partner,Bangalore,5200000,Apartment,Urban Square,Rohit Sharma
7163,2024-05-25,Housing,Bangalore,17400000,Villa,Urban Square,Rohit Sharma
7164,2024-07-20,Housing,Mumbai,15500000,Apartment,Palm Towers,Viral Kohli
7165,2024-02-11,Channel Partner,Noida,14400000,Plot,Palm Towers,Shefali Mehta
7166,2024-08-01,Google Ads,Bangalore,10300000,Apartment,Sky Residency,Viral Kohli
7167,2024-10-18,Housing,Gurgaon,14200000,Plot,Elite Heights,Neha Singh
7168,2024-04-12,99acres,Noida,3900000,Villa,Elite Heights,Ravi Mehta
7169,2024-08-19,Referral,Bangalore,5400000,Plot,Elite Heights,Priya Kapoor
7170,2024-11-11,99acres,Mumbai,5500000,Apartment,Elite Heights,Shefali Mehta
7171,2024-10-28,Walk-in,Pune,8900000,Plot,Green Valley,Ravi Mehta
7172,2024-07-28,Google Ads,Gurgaon,16900000,Apartment,Green Valley,Rohit Sharma
7173,2024-04-21,Housing,Gurgaon,15600000,Plot,Palm Towers,Shefali Mehta
7174,2024-04-02,Google Ads,Gurgaon,12900000,Villa,Palm Towers,Neha Singh
7175,2024-11-17,Google Ads,Gurgaon,8000000,Plot,Green Valley,Shefali Mehta
7176,2024-03-18,Housing,Bangalore,14700000,Plot,Elite Heights,Shefali Mehta
7177,2024-10-20,Facebook,Gurgaon,13700000,Plot,Elite Heights,Viral Kohli
7178,2024-06-03,Housing,Pune,4000000,Villa,Palm Towers,Rohit Sharma
7179,2024-08-25,Google Ads,Gurgaon,5000000,Villa,Palm Towers,Sachin Tendulkar
7180,2024-05-22,Facebook,Bangalore,10300000,Villa,Urban Square,Shefali Mehta
7181,2024-12-28,Housing,Noida,19300000,Villa,Elite Heights,Riya Kapoor
7182,2024-02-02,99acres,Gurgaon,4600000,Apartment,Urban Square,Shefali Mehta
7183,2024-01-07,Google Ads,Gurgaon,9700000,Villa,Elite Heights,Priya Kapoor
7184,2024-09-21,Google Ads,Bangalore,7400000,Villa,Urban Square,Ravi Mehta
7185,2024-10-05,Housing,Gurgaon,10000000,Villa,Urban Square,Sachin Tendulkar
7186,2024-09-11,99acres,Gurgaon,11600000,Villa,Green Valley,Ravi Mehta
7187,2024-08-21,Facebook,Pune,9800000,Plot,Palm Towers,Praveen Tambe
7188,2024-05-04,99acres,Mumbai,17000000,Plot,Palm Towers,Viral Kohli
7189,2024-07-13,Channel Partner,Mumbai,20000000,Plot,Sky Residency,Riya Kapoor
7190,2024-09-28,Google Ads,Noida,19200000,Villa,Sky Residency,Ravi Mehta
7191,2024-12-28,Google Ads,Bangalore,19100000,Villa,Sky Residency,Shefali Mehta
7192,2024-12-12,Google Ads,Noida,3500000,Apartment,Elite Heights,Ravi Mehta
7193,2024-11-28,Google Ads,Noida,8900000,Plot,Palm Towers,Ravi Mehta
7194,2024-12-10,Facebook,Bangalore,18400000,Villa,Elite Heights,Viral Kohli
7195,2024-02-27,Walk-in,Bangalore,13600000,Apartment,Urban Square,Priya Kapoor
7196,2024-09-28,Google Ads,Bangalore,8100000,Apartment,Palm Towers,Viral Kohli
7197,2024-04-22,Google Ads,Mumbai,17300000,Villa,Sky Residency,Praveen Tambe
7198,2024-06-07,99acres,Gurgaon,7300000,Plot,Green Valley,Ravi Mehta
7199,2024-11-27,Facebook,Gurgaon,15700000,Apartment,Palm Towers,Priya Kapoor
7200,2024-06-25,Referral,Gurgaon,9100000,Apartment,Green Valley,Sachin Tendulkar
7201,2024-11-25,Facebook,Mumbai,15700000,Villa,Elite Heights,Aman Sharma
7202,2024-09-16,Google Ads,Noida,19700000,Villa,Urban Square,Priya Kapoor
7203,2024-04-17,Google Ads,Gurgaon,17400000,Plot,Urban Square,Viral Kohli
7204,2024-05-05,Google Ads,Mumbai,6600000,Plot,Green Valley,Praveen Tambe
7205,2024-01-12,Facebook,Mumbai,16400000,Villa,Urban Square,Sachin Tendulkar
7206,2024-05-08,Facebook,Pune,11100000,Apartment,Green Valley,Shefali Mehta
7207,2024-08-08,Google Ads,Gurgaon,17500000,Plot,Palm Towers,Ravi Mehta
7208,2024-08-08,Google Ads,Gurgaon,5200000,Plot,Sky Residency,Ravi Mehta
7209,2024-09-06,Facebook,Gurgaon,14800000,Plot,Green Valley,Praveen Tambe
7210,2024-11-12,Facebook,Noida,13900000,Apartment,Urban Square,Sachin Tendulkar
7211,2024-06-05,Google Ads,Hyderabad,14900000,Plot,Green Valley,Shefali Mehta
7212,2024-04-29,Google Ads,Bangalore,5900000,Plot,Palm Towers,Ravi Mehta
7213,2024-01-24,Google Ads,Noida,6900000,Plot,Elite Heights,Rohit Sharma
7214,2024-09-20,Housing,Noida,12200000,Plot,Palm Towers,Rohit Sharma
7215,2024-01-13,Google Ads,Gurgaon,3800000,Plot,Green Valley,Praveen Tambe
7216,2024-03-31,99acres,Pune,9900000,Plot,Palm Towers,Rohit Sharma
7217,2024-12-11,Google Ads,Mumbai,15100000,Plot,Green Valley,Shefali Mehta
7218,2024-08-31,Housing,Noida,14900000,Plot,Sky Residency,Sachin Tendulkar
7219,2024-05-14,Housing,Hyderabad,3000000,Villa,Elite Heights,Viral Kohli
7220,2024-06-13,Facebook,Mumbai,13100000,Plot,Sky Residency,Shefali Mehta
7221,2024-10-22,Google Ads,Bangalore,10300000,Apartment,Sky Residency,Viral Kohli
7222,2024-02-09,99acres,Hyderabad,9700000,Villa,Elite Heights,Priya Kapoor
7223,2024-11-09,Facebook,Pune,17900000,Villa,Elite Heights,Sachin Tendulkar
7224,2024-08-23,Google Ads,Noida,15000000,Villa,Green Valley,Viral Kohli
7225,2024-01-24,Google Ads,Mumbai,12000000,Plot,Green Valley,Viral Kohli
7226,2024-01-22,Google Ads,Pune,14400000,Plot,Green Valley,Shefali Mehta
7227,2024-05-03,Google Ads,Mumbai,19700000,Villa,Urban Square,Aman Sharma
7228,2024-12-02,Referral,Hyderabad,5500000,Apartment,Palm Towers,Rohit Sharma
7229,2024-03-09,99acres,Noida,5500000,Apartment,Sky Residency,Aman Sharma
7230,2024-11-06,Channel Partner,Mumbai,3700000,Villa,Elite Heights,Praveen Tambe
7231,2024-06-03,Google Ads,Hyderabad,9700000,Villa,Palm Towers,Ravi Mehta
7232,2024-11-25,Facebook,Noida,10200000,Apartment,Urban Square,Rohit Sharma
7233,2024-12-16,Facebook,Pune,7600000,Apartment,Green Valley,Ravi Mehta
7234,2024-02-17,99acres,Pune,3300000,Plot,Palm Towers,Sachin Tendulkar
7235,2024-04-11,Channel Partner,Noida,17000000,Plot,Urban Square,Ravi Mehta
7236,2024-12-13,Facebook,Noida,12100000,Villa,Elite Heights,Neha Singh
7237,2024-08-04,Google Ads,Mumbai,14000000,Apartment,Green Valley,Neha Singh
7238,2024-12-12,Walk-in,Mumbai,9300000,Villa,Elite Heights,Rohit Sharma
7239,2024-12-30,99acres,Noida,10900000,Villa,Green Valley,Neha Singh
7240,2024-08-02,Housing,Gurgaon,3000000,Plot,Palm Towers,Riya Kapoor
7241,2024-10-17,Google Ads,Pune,19900000,Plot,Green Valley,Shefali Mehta
7242,2024-12-03,Google Ads,Gurgaon,18700000,Plot,Elite Heights,Aman Sharma
7243,2024-03-17,Google Ads,Pune,19800000,Apartment,Sky Residency,Sachin Tendulkar
7244,2024-03-07,Facebook,Gurgaon,5900000,Apartment,Urban Square,Neha Singh
7245,2024-12-31,Google Ads,Bangalore,13600000,Plot,Palm Towers,Neha Singh
7246,2024-03-19,Channel Partner,Gurgaon,13200000,Apartment,Sky Residency,Neha Singh
7247,2024-09-20,Referral,Bangalore,15900000,Villa,Elite Heights,Neha Singh
7248,2024-08-20,Referral,Bangalore,18200000,Plot,Palm Towers,Shefali Mehta
7249,2024-12-27,Facebook,Gurgaon,17200000,Plot,Palm Towers,Rohit Sharma
7250,2024-05-30,Google Ads,Gurgaon,4700000,Apartment,Green Valley,Shefali Mehta
7251,2024-12-09,99acres,Gurgaon,15700000,Villa,Elite Heights,Shefali Mehta
7252,2024-11-22,Facebook,Gurgaon,3200000,Villa,Urban Square,Neha Singh
7253,2024-01-09,Facebook,Noida,3600000,Apartment,Palm Towers,Shefali Mehta
7254,2024-09-25,Facebook,Noida,4800000,Apartment,Sky Residency,Ravi Mehta
7255,2024-04-07,99acres,Bangalore,18400000,Villa,Palm Towers,Sachin Tendulkar
7256,2024-04-24,Google Ads,Hyderabad,12700000,Plot,Green Valley,Priya Kapoor
7257,2024-05-19,Google Ads,Noida,9000000,Apartment,Elite Heights,Rohit Sharma
7258,2024-10-21,Channel Partner,Hyderabad,3700000,Apartment,Elite Heights,Aman Sharma
7259,2024-11-11,Google Ads,Bangalore,14800000,Apartment,Palm Towers,Viral Kohli
7260,2024-02-23,Google Ads,Bangalore,8300000,Plot,Palm Towers,Riya Kapoor
7261,2024-06-03,Google Ads,Pune,18900000,Apartment,Sky Residency,Riya Kapoor
7262,2024-10-24,Facebook,Mumbai,9600000,Plot,Urban Square,Viral Kohli
7263,2024-01-26,Housing,Noida,17500000,Plot,Sky Residency,Sachin Tendulkar
7264,2024-04-05,Channel Partner,Noida,15200000,Villa,Urban Square,Sachin Tendulkar
7265,2024-05-03,Google Ads,Noida,9100000,Apartment,Green Valley,Riya Kapoor
7266,2024-11-10,Facebook,Bangalore,3000000,Plot,Urban Square,Riya Kapoor
7267,2024-07-14,99acres,Bangalore,3700000,Villa,Palm Towers,Rohit Sharma
7268,2024-02-07,Facebook,Bangalore,9800000,Plot,Green Valley,Riya Kapoor
7269,2024-07-11,Google Ads,Hyderabad,18000000,Villa,Urban Square,Ravi Mehta
7270,2024-02-28,Google Ads,Bangalore,14400000,Apartment,Elite Heights,Sachin Tendulkar
7271,2024-03-09,Referral,Bangalore,10400000,Apartment,Sky Residency,Ravi Mehta
7272,2024-10-14,Google Ads,Gurgaon,3200000,Villa,Palm Towers,Viral Kohli
7273,2024-07-20,Facebook,Noida,7700000,Apartment,Palm Towers,Priya Kapoor
7274,2024-03-03,Google Ads,Gurgaon,15300000,Villa,Palm Towers,Rohit Sharma
7275,2024-06-16,Facebook,Pune,14200000,Plot,Palm Towers,Sachin Tendulkar
7276,2024-12-22,Google Ads,Noida,15200000,Villa,Sky Residency,Priya Kapoor
7277,2024-12-01,Google Ads,Gurgaon,8300000,Apartment,Sky Residency,Aman Sharma
7278,2024-09-26,Google Ads,Gurgaon,4400000,Plot,Palm Towers,Priya Kapoor
7279,2024-04-22,Google Ads,Bangalore,8800000,Apartment,Urban Square,Neha Singh
7280,2024-05-05,Google Ads,Mumbai,11000000,Apartment,Green Valley,Viral Kohli
7281,2024-03-22,Housing,Pune,14500000,Plot,Palm Towers,Praveen Tambe
7282,2024-04-10,Google Ads,Mumbai,9300000,Plot,Urban Square,Riya Kapoor
7283,2024-11-15,Housing,Noida,19300000,Villa,Palm Towers,Rohit Sharma
7284,2024-12-21,Referral,Pune,8200000,Plot,Elite Heights,Aman Sharma
7285,2024-02-10,Referral,Bangalore,13500000,Villa,Sky Residency,Ravi Mehta
7286,2024-10-08,Channel Partner,Mumbai,10100000,Villa,Sky Residency,Priya Kapoor
7287,2024-08-27,Housing,Mumbai,14100000,Villa,Green Valley,Praveen Tambe
7288,2024-02-17,Facebook,Noida,18400000,Apartment,Palm Towers,Priya Kapoor
7289,2024-04-03,Channel Partner,Noida,15900000,Plot,Sky Residency,Viral Kohli
7290,2024-07-09,Facebook,Hyderabad,5000000,Apartment,Green Valley,Aman Sharma
7291,2024-11-12,99acres,Gurgaon,11300000,Apartment,Urban Square,Riya Kapoor
7292,2024-09-22,Channel Partner,Bangalore,18300000,Villa,Elite Heights,Ravi Mehta
7293,2024-06-27,Google Ads,Bangalore,11400000,Villa,Green Valley,Riya Kapoor
7294,2024-01-29,Facebook,Mumbai,18500000,Plot,Green Valley,Sachin Tendulkar
7295,2024-06-17,Channel Partner,Hyderabad,14900000,Villa,Sky Residency,Neha Singh
7296,2024-05-04,Housing,Noida,16600000,Apartment,Sky Residency,Neha Singh
7297,2024-02-22,99acres,Noida,19300000,Plot,Green Valley,Aman Sharma
7298,2024-02-15,Google Ads,Gurgaon,19400000,Plot,Palm Towers,Rohit Sharma
7299,2024-01-04,Google Ads,Bangalore,4000000,Apartment,Elite Heights,Ravi Mehta
7300,2024-04-21,Google Ads,Hyderabad,6100000,Villa,Palm Towers,Neha Singh
7301,2024-09-19,Housing,Hyderabad,18900000,Apartment,Palm Towers,Aman Sharma
7302,2024-02-24,Google Ads,Pune,14000000,Apartment,Elite Heights,Shefali Mehta
7303,2024-05-23,Referral,Mumbai,7400000,Villa,Sky Residency,Riya Kapoor
7304,2024-12-10,Channel Partner,Mumbai,3600000,Villa,Sky Residency,Rohit Sharma
7305,2024-08-10,99acres,Hyderabad,19200000,Plot,Urban Square,Priya Kapoor
7306,2024-02-29,Walk-in,Bangalore,16600000,Villa,Palm Towers,Neha Singh
7307,2024-09-25,Google Ads,Mumbai,5200000,Plot,Urban Square,Praveen Tambe
7308,2024-03-02,Facebook,Noida,12200000,Apartment,Elite Heights,Shefali Mehta
7309,2024-12-17,Housing,Noida,18600000,Villa,Green Valley,Praveen Tambe
7310,2024-04-15,Referral,Gurgaon,3500000,Apartment,Urban Square,Priya Kapoor
7311,2024-09-18,Facebook,Bangalore,5700000,Apartment,Palm Towers,Priya Kapoor
7312,2024-05-17,Referral,Hyderabad,16100000,Apartment,Green Valley,Viral Kohli
7313,2024-06-14,Facebook,Bangalore,12400000,Apartment,Palm Towers,Viral Kohli
7314,2024-08-21,Google Ads,Hyderabad,9900000,Plot,Urban Square,Priya Kapoor
7315,2024-06-07,99acres,Mumbai,15300000,Plot,Palm Towers,Aman Sharma
7316,2024-03-28,Housing,Gurgaon,5000000,Plot,Palm Towers,Rohit Sharma
7317,2024-07-15,Facebook,Pune,13300000,Plot,Sky Residency,Neha Singh
7318,2024-06-03,Facebook,Gurgaon,15600000,Plot,Sky Residency,Rohit Sharma
7319,2024-02-25,Channel Partner,Gurgaon,10900000,Apartment,Sky Residency,Riya Kapoor
7320,2024-06-25,Google Ads,Gurgaon,8900000,Villa,Sky Residency,Riya Kapoor
7321,2024-11-16,Google Ads,Bangalore,17900000,Apartment,Sky Residency,Shefali Mehta
7322,2024-07-25,Walk-in,Noida,7700000,Plot,Sky Residency,Sachin Tendulkar
7323,2024-11-04,Facebook,Pune,5500000,Plot,Urban Square,Aman Sharma
7324,2024-07-02,Google Ads,Noida,19600000,Plot,Palm Towers,Neha Singh
7325,2024-11-17,Google Ads,Gurgaon,6300000,Villa,Palm Towers,Riya Kapoor
7326,2024-08-20,Google Ads,Gurgaon,18300000,Plot,Elite Heights,Praveen Tambe
7327,2024-04-07,Facebook,Noida,12100000,Apartment,Elite Heights,Riya Kapoor
7328,2024-03-17,Referral,Hyderabad,14700000,Plot,Sky Residency,Rohit Sharma
7329,2024-05-13,Walk-in,Mumbai,10500000,Plot,Elite Heights,Neha Singh
7330,2024-08-28,Google Ads,Noida,3800000,Villa,Elite Heights,Rohit Sharma
7331,2024-01-26,Google Ads,Gurgaon,9000000,Apartment,Urban Square,Rohit Sharma
7332,2024-03-05,99acres,Mumbai,6700000,Plot,Elite Heights,Rohit Sharma
7333,2024-06-30,99acres,Gurgaon,8600000,Plot,Sky Residency,Praveen Tambe
7334,2024-01-31,Channel Partner,Gurgaon,11300000,Plot,Palm Towers,Riya Kapoor
7335,2024-03-05,Google Ads,Pune,12100000,Apartment,Green Valley,Neha Singh
7336,2024-02-11,Google Ads,Pune,18400000,Plot,Elite Heights,Rohit Sharma
7337,2024-04-01,Google Ads,Bangalore,8900000,Apartment,Palm Towers,Rohit Sharma
7338,2024-05-04,Walk-in,Gurgaon,3600000,Plot,Green Valley,Ravi Mehta
7339,2024-08-10,Facebook,Mumbai,13000000,Apartment,Elite Heights,Praveen Tambe
7340,2024-03-30,Google Ads,Gurgaon,19200000,Villa,Green Valley,Ravi Mehta
7341,2024-05-03,Walk-in,Bangalore,14400000,Plot,Elite Heights,Aman Sharma
7342,2024-04-22,Google Ads,Bangalore,4400000,Villa,Elite Heights,Viral Kohli
7343,2024-10-10,Google Ads,Gurgaon,6700000,Plot,Elite Heights,Shefali Mehta
7344,2024-04-22,Google Ads,Pune,11400000,Apartment,Green Valley,Riya Kapoor
7345,2024-06-24,Channel Partner,Gurgaon,5900000,Apartment,Sky Residency,Aman Sharma
7346,2024-02-25,Facebook,Gurgaon,16800000,Villa,Palm Towers,Viral Kohli
7347,2024-06-05,Housing,Pune,5900000,Plot,Urban Square,Aman Sharma
7348,2024-10-11,99acres,Mumbai,3900000,Villa,Sky Residency,Praveen Tambe
7349,2024-06-09,Referral,Noida,16300000,Apartment,Urban Square,Shefali Mehta
7350,2024-02-04,Google Ads,Pune,9700000,Villa,Green Valley,Ravi Mehta
7351,2024-07-17,Google Ads,Mumbai,19400000,Apartment,Urban Square,Ravi Mehta
7352,2024-01-29,Walk-in,Noida,3500000,Apartment,Palm Towers,Rohit Sharma
7353,2024-06-13,Walk-in,Bangalore,16500000,Villa,Green Valley,Praveen Tambe
7354,2024-02-27,Facebook,Noida,11500000,Villa,Green Valley,Viral Kohli
7355,2024-02-23,Walk-in,Hyderabad,11600000,Plot,Elite Heights,Priya Kapoor
7356,2024-11-12,Channel Partner,Noida,19100000,Villa,Urban Square,Rohit Sharma
7357,2024-01-06,Facebook,Bangalore,3800000,Plot,Urban Square,Priya Kapoor
7358,2024-11-22,Channel Partner,Mumbai,18900000,Apartment,Urban Square,Neha Singh
7359,2024-02-05,Facebook,Gurgaon,18900000,Villa,Sky Residency,Praveen Tambe
7360,2024-11-06,Google Ads,Hyderabad,9900000,Villa,Palm Towers,Neha Singh
7361,2024-09-22,Google Ads,Pune,10400000,Plot,Sky Residency,Riya Kapoor
7362,2024-02-15,99acres,Noida,10000000,Villa,Sky Residency,Sachin Tendulkar
7363,2024-07-28,Housing,Noida,9800000,Villa,Palm Towers,Neha Singh
7364,2024-03-06,Google Ads,Mumbai,10100000,Villa,Elite Heights,Priya Kapoor
7365,2024-12-02,Google Ads,Gurgaon,8400000,Plot,Sky Residency,Rohit Sharma
7366,2024-12-30,Google Ads,Gurgaon,13100000,Plot,Palm Towers,Sachin Tendulkar
7367,2024-04-30,Google Ads,Mumbai,13800000,Plot,Green Valley,Neha Singh
7368,2024-09-04,Google Ads,Noida,15900000,Plot,Elite Heights,Shefali Mehta
7369,2024-01-26,Facebook,Gurgaon,19500000,Plot,Palm Towers,Riya Kapoor
7370,2024-11-11,Google Ads,Bangalore,3400000,Plot,Sky Residency,Priya Kapoor
7371,2024-12-06,Facebook,Mumbai,8800000,Plot,Palm Towers,Viral Kohli
7372,2024-02-27,99acres,Mumbai,10700000,Apartment,Urban Square,Priya Kapoor
7373,2024-11-27,Google Ads,Hyderabad,19700000,Villa,Elite Heights,Neha Singh
7374,2024-08-30,Housing,Mumbai,16400000,Apartment,Elite Heights,Priya Kapoor
7375,2024-02-27,Referral,Gurgaon,17400000,Apartment,Palm Towers,Aman Sharma
7376,2024-02-08,Google Ads,Bangalore,13700000,Apartment,Sky Residency,Neha Singh
7377,2024-10-16,Walk-in,Mumbai,3200000,Apartment,Elite Heights,Priya Kapoor
7378,2024-09-21,Google Ads,Gurgaon,11600000,Villa,Palm Towers,Ravi Mehta
7379,2024-07-07,Referral,Hyderabad,10800000,Villa,Urban Square,Rohit Sharma
7380,2024-12-25,Channel Partner,Gurgaon,15600000,Plot,Urban Square,Sachin Tendulkar
7381,2024-07-25,Channel Partner,Gurgaon,13000000,Apartment,Elite Heights,Ravi Mehta
7382,2024-01-31,Walk-in,Pune,11700000,Villa,Green Valley,Praveen Tambe
7383,2024-06-26,Google Ads,Bangalore,17500000,Plot,Urban Square,Riya Kapoor
7384,2024-02-27,99acres,Mumbai,3500000,Apartment,Elite Heights,Rohit Sharma
7385,2024-02-24,Google Ads,Noida,10900000,Villa,Palm Towers,Aman Sharma
7386,2024-09-12,Facebook,Gurgaon,15500000,Apartment,Elite Heights,Neha Singh
7387,2024-11-27,Channel Partner,Mumbai,11100000,Apartment,Palm Towers,Shefali Mehta
7388,2024-04-20,Walk-in,Hyderabad,16800000,Plot,Urban Square,Aman Sharma
7389,2024-04-03,Housing,Pune,6800000,Villa,Palm Towers,Shefali Mehta
7390,2024-10-27,Housing,Gurgaon,5800000,Apartment,Sky Residency,Sachin Tendulkar
7391,2024-10-01,Google Ads,Pune,8700000,Villa,Urban Square,Shefali Mehta
7392,2024-08-07,99acres,Pune,8500000,Villa,Urban Square,Ravi Mehta
7393,2024-11-22,Google Ads,Pune,3700000,Plot,Sky Residency,Ravi Mehta
7394,2024-10-16,Google Ads,Noida,17300000,Plot,Palm Towers,Viral Kohli
7395,2024-12-27,Facebook,Gurgaon,17800000,Plot,Green Valley,Priya Kapoor
7396,2024-01-24,99acres,Noida,7100000,Apartment,Green Valley,Shefali Mehta
7397,2024-10-31,99acres,Hyderabad,3400000,Plot,Palm Towers,Aman Sharma
7398,2024-02-11,Facebook,Gurgaon,13000000,Plot,Sky Residency,Priya Kapoor
7399,2024-01-19,Google Ads,Hyderabad,11100000,Apartment,Green Valley,Praveen Tambe
7400,2024-05-14,Google Ads,Pune,13600000,Apartment,Green Valley,Aman Sharma
7401,2024-03-21,Referral,Noida,12800000,Villa,Green Valley,Rohit Sharma
7402,2024-03-12,Google Ads,Gurgaon,10400000,Apartment,Elite Heights,Rohit Sharma
7403,2024-02-18,Google Ads,Gurgaon,5800000,Plot,Elite Heights,Viral Kohli
7404,2024-07-06,Google Ads,Gurgaon,12700000,Apartment,Elite Heights,Praveen Tambe
7405,2024-05-30,99acres,Pune,16200000,Apartment,Palm Towers,Rohit Sharma
7406,2024-11-18,Channel Partner,Mumbai,5400000,Villa,Elite Heights,Sachin Tendulkar
7407,2024-12-03,Channel Partner,Noida,11800000,Plot,Green Valley,Rohit Sharma
7408,2024-09-14,Referral,Noida,17800000,Villa,Green Valley,Priya Kapoor
7409,2024-11-22,Housing,Gurgaon,20000000,Villa,Urban Square,Aman Sharma
7410,2024-02-07,Walk-in,Gurgaon,19400000,Plot,Sky Residency,Priya Kapoor
7411,2024-11-18,Channel Partner,Mumbai,16600000,Apartment,Elite Heights,Shefali Mehta
7412,2024-02-04,Walk-in,Bangalore,11000000,Apartment,Green Valley,Sachin Tendulkar
7413,2024-10-02,Google Ads,Mumbai,16700000,Villa,Elite Heights,Shefali Mehta
7414,2024-12-24,Facebook,Gurgaon,4200000,Apartment,Urban Square,Ravi Mehta
7415,2024-09-05,Google Ads,Gurgaon,5600000,Villa,Urban Square,Aman Sharma
7416,2024-11-20,Google Ads,Mumbai,9800000,Apartment,Sky Residency,Sachin Tendulkar
7417,2024-11-07,Housing,Noida,15300000,Villa,Palm Towers,Sachin Tendulkar
7418,2024-10-26,Referral,Gurgaon,18700000,Villa,Elite Heights,Riya Kapoor
7419,2024-11-06,Referral,Hyderabad,5400000,Plot,Green Valley,Rohit Sharma
7420,2024-03-28,Google Ads,Noida,11900000,Apartment,Elite Heights,Shefali Mehta
7421,2024-08-13,Housing,Noida,8400000,Plot,Green Valley,Praveen Tambe
7422,2024-10-02,Housing,Noida,16100000,Villa,Elite Heights,Viral Kohli
7423,2024-04-27,Google Ads,Mumbai,13300000,Plot,Elite Heights,Praveen Tambe
7424,2024-08-20,99acres,Gurgaon,14200000,Villa,Urban Square,Ravi Mehta
7425,2024-09-29,Facebook,Hyderabad,3100000,Apartment,Green Valley,Rohit Sharma
7426,2024-05-13,Housing,Pune,8300000,Apartment,Green Valley,Priya Kapoor
7427,2024-06-28,99acres,Gurgaon,13000000,Apartment,Elite Heights,Viral Kohli
7428,2024-08-05,Google Ads,Gurgaon,18800000,Apartment,Urban Square,Praveen Tambe
7429,2024-02-09,Google Ads,Noida,14800000,Villa,Elite Heights,Aman Sharma
7430,2024-12-03,Channel Partner,Pune,10500000,Villa,Sky Residency,Shefali Mehta
7431,2024-05-13,Referral,Noida,3000000,Plot,Green Valley,Viral Kohli
7432,2024-09-13,Facebook,Pune,3500000,Villa,Elite Heights,Neha Singh
7433,2024-11-04,Google Ads,Pune,10500000,Apartment,Urban Square,Viral Kohli
7434,2024-03-26,Channel Partner,Gurgaon,13200000,Villa,Green Valley,Shefali Mehta
7435,2024-08-15,Facebook,Gurgaon,4800000,Villa,Elite Heights,Aman Sharma
7436,2024-06-11,Walk-in,Gurgaon,17900000,Apartment,Sky Residency,Viral Kohli
7437,2024-10-20,Google Ads,Bangalore,5700000,Plot,Green Valley,Riya Kapoor
7438,2024-10-15,Google Ads,Bangalore,6900000,Plot,Green Valley,Viral Kohli
7439,2024-12-15,99acres,Gurgaon,3800000,Villa,Elite Heights,Neha Singh
7440,2024-10-18,Channel Partner,Pune,8000000,Apartment,Sky Residency,Rohit Sharma
7441,2024-01-06,99acres,Hyderabad,9400000,Plot,Elite Heights,Ravi Mehta
7442,2024-04-05,Facebook,Gurgaon,6000000,Plot,Green Valley,Sachin Tendulkar
7443,2024-02-24,Google Ads,Bangalore,7300000,Villa,Elite Heights,Shefali Mehta
7444,2024-08-05,Referral,Hyderabad,3000000,Apartment,Sky Residency,Priya Kapoor
7445,2024-01-02,99acres,Mumbai,7000000,Villa,Palm Towers,Neha Singh
7446,2024-05-08,Housing,Noida,4100000,Apartment,Sky Residency,Viral Kohli
7447,2024-05-10,Referral,Pune,8800000,Apartment,Sky Residency,Viral Kohli
7448,2024-06-10,Walk-in,Mumbai,6900000,Plot,Palm Towers,Viral Kohli
7449,2024-11-19,Channel Partner,Noida,17500000,Plot,Palm Towers,Praveen Tambe
7450,2024-02-08,Referral,Hyderabad,3900000,Apartment,Elite Heights,Praveen Tambe
7451,2024-09-28,Referral,Gurgaon,3100000,Plot,Urban Square,Aman Sharma
7452,2024-09-22,Facebook,Bangalore,19600000,Villa,Sky Residency,Sachin Tendulkar
7453,2024-04-07,Facebook,Noida,10500000,Apartment,Palm Towers,Priya Kapoor
7454,2024-08-08,Facebook,Noida,14000000,Villa,Urban Square,Sachin Tendulkar
7455,2024-09-14,Google Ads,Mumbai,8700000,Villa,Elite Heights,Aman Sharma
7456,2024-11-10,Facebook,Pune,11500000,Apartment,Urban Square,Aman Sharma
7457,2024-10-15,Facebook,Noida,19800000,Apartment,Green Valley,Ravi Mehta
7458,2024-02-27,Referral,Noida,10400000,Apartment,Sky Residency,Riya Kapoor
7459,2024-12-12,Housing,Gurgaon,9800000,Apartment,Green Valley,Neha Singh
7460,2024-11-27,99acres,Mumbai,17100000,Villa,Urban Square,Praveen Tambe
7461,2024-12-05,Google Ads,Gurgaon,10300000,Apartment,Green Valley,Priya Kapoor
7462,2024-11-19,Referral,Noida,7200000,Apartment,Elite Heights,Rohit Sharma
7463,2024-04-23,99acres,Gurgaon,3400000,Plot,Elite Heights,Viral Kohli
7464,2024-12-23,Referral,Bangalore,6800000,Villa,Green Valley,Priya Kapoor
7465,2024-07-26,99acres,Pune,18400000,Plot,Sky Residency,Aman Sharma
7466,2024-03-05,Google Ads,Noida,19500000,Plot,Urban Square,Aman Sharma
7467,2024-09-24,Facebook,Bangalore,8500000,Villa,Green Valley,Neha Singh
7468,2024-01-29,Housing,Noida,16700000,Plot,Elite Heights,Riya Kapoor
7469,2024-12-08,Facebook,Noida,16100000,Apartment,Palm Towers,Viral Kohli
7470,2024-02-06,Google Ads,Pune,3800000,Plot,Palm Towers,Priya Kapoor
7471,2024-04-06,Referral,Gurgaon,9600000,Apartment,Urban Square,Aman Sharma
7472,2024-11-25,Google Ads,Gurgaon,5700000,Plot,Palm Towers,Neha Singh
7473,2024-12-17,99acres,Gurgaon,11600000,Villa,Elite Heights,Rohit Sharma
7474,2024-09-07,Facebook,Noida,10700000,Apartment,Urban Square,Riya Kapoor
7475,2024-04-06,Google Ads,Bangalore,12000000,Villa,Palm Towers,Sachin Tendulkar
7476,2024-10-21,Google Ads,Hyderabad,13800000,Villa,Elite Heights,Shefali Mehta
7477,2024-02-07,Housing,Noida,7800000,Plot,Elite Heights,Praveen Tambe
7478,2024-07-14,Housing,Noida,7200000,Apartment,Sky Residency,Neha Singh
7479,2024-01-07,Housing,Gurgaon,10400000,Plot,Palm Towers,Riya Kapoor
7480,2024-05-27,Google Ads,Noida,6000000,Plot,Palm Towers,Riya Kapoor
7481,2024-10-22,Google Ads,Gurgaon,13600000,Villa,Elite Heights,Shefali Mehta
7482,2024-04-14,Google Ads,Mumbai,16400000,Villa,Elite Heights,Shefali Mehta
7483,2024-08-20,Facebook,Noida,15500000,Villa,Palm Towers,Priya Kapoor
7484,2024-11-30,Referral,Hyderabad,18300000,Apartment,Palm Towers,Riya Kapoor
7485,2024-02-06,Facebook,Bangalore,9300000,Plot,Green Valley,Rohit Sharma
7486,2024-05-13,99acres,Gurgaon,6000000,Apartment,Sky Residency,Viral Kohli
7487,2024-03-17,Google Ads,Gurgaon,17200000,Apartment,Green Valley,Rohit Sharma
7488,2024-07-25,Google Ads,Bangalore,12100000,Plot,Urban Square,Praveen Tambe
7489,2024-02-22,Facebook,Pune,14300000,Plot,Green Valley,Sachin Tendulkar
7490,2024-05-16,Google Ads,Noida,7200000,Apartment,Elite Heights,Ravi Mehta
7491,2024-04-01,Google Ads,Noida,3700000,Villa,Urban Square,Neha Singh
7492,2024-08-13,Channel Partner,Mumbai,12400000,Apartment,Green Valley,Ravi Mehta
7493,2024-10-09,Facebook,Noida,14700000,Villa,Elite Heights,Priya Kapoor
7494,2024-02-20,99acres,Hyderabad,6400000,Villa,Palm Towers,Neha Singh
7495,2024-11-24,99acres,Noida,13800000,Plot,Urban Square,Neha Singh
7496,2024-05-12,Google Ads,Gurgaon,12700000,Apartment,Palm Towers,Neha Singh
7497,2024-04-08,Google Ads,Pune,7200000,Plot,Green Valley,Praveen Tambe
7498,2024-06-24,Walk-in,Noida,19500000,Apartment,Elite Heights,Priya Kapoor
7499,2024-09-23,Referral,Pune,4100000,Plot,Palm Towers,Priya Kapoor
7500,2024-09-20,Google Ads,Pune,15300000,Villa,Green Valley,Shefali Mehta
7501,2024-11-09,99acres,Pune,13800000,Villa,Sky Residency,Shefali Mehta
7502,2024-04-13,Facebook,Noida,6200000,Villa,Urban Square,Shefali Mehta
7503,2024-05-08,Google Ads,Noida,3900000,Apartment,Elite Heights,Neha Singh
7504,2024-05-21,99acres,Mumbai,5000000,Villa,Palm Towers,Priya Kapoor
7505,2024-12-19,Housing,Pune,7700000,Apartment,Green Valley,Viral Kohli
7506,2024-11-28,Google Ads,Mumbai,13800000,Villa,Palm Towers,Ravi Mehta
7507,2024-11-19,Facebook,Gurgaon,6500000,Villa,Urban Square,Neha Singh
7508,2024-09-24,Facebook,Bangalore,15200000,Plot,Urban Square,Riya Kapoor
7509,2024-09-15,Google Ads,Gurgaon,10200000,Villa,Green Valley,Sachin Tendulkar
7510,2024-09-19,Referral,Gurgaon,8200000,Villa,Palm Towers,Riya Kapoor
7511,2024-08-05,Housing,Mumbai,4200000,Villa,Elite Heights,Ravi Mehta
7512,2024-01-05,Facebook,Pune,9900000,Plot,Elite Heights,Sachin Tendulkar
7513,2024-11-02,Channel Partner,Hyderabad,4600000,Plot,Green Valley,Rohit Sharma
7514,2024-10-13,Referral,Mumbai,19300000,Apartment,Palm Towers,Riya Kapoor
7515,2024-03-15,Google Ads,Gurgaon,3700000,Plot,Elite Heights,Aman Sharma
7516,2024-05-12,Facebook,Hyderabad,5900000,Plot,Elite Heights,Riya Kapoor
7517,2024-12-05,Google Ads,Noida,13200000,Plot,Elite Heights,Riya Kapoor
7518,2024-10-01,99acres,Noida,9800000,Villa,Green Valley,Shefali Mehta
7519,2024-06-25,99acres,Gurgaon,11500000,Apartment,Palm Towers,Riya Kapoor
7520,2024-05-07,Referral,Pune,7400000,Villa,Green Valley,Shefali Mehta
7521,2024-03-27,99acres,Noida,18800000,Plot,Sky Residency,Priya Kapoor
7522,2024-07-26,Google Ads,Bangalore,19600000,Plot,Sky Residency,Neha Singh
7523,2024-02-28,Walk-in,Noida,3900000,Villa,Elite Heights,Viral Kohli
7524,2024-12-26,Facebook,Hyderabad,5100000,Villa,Urban Square,Ravi Mehta
7525,2024-04-13,Google Ads,Noida,4000000,Apartment,Elite Heights,Aman Sharma
7526,2024-03-09,Housing,Pune,3400000,Apartment,Urban Square,Viral Kohli
7527,2024-10-07,Referral,Noida,14100000,Plot,Elite Heights,Sachin Tendulkar
7528,2024-03-09,Facebook,Hyderabad,8300000,Apartment,Elite Heights,Aman Sharma
7529,2024-03-11,Housing,Mumbai,19800000,Villa,Elite Heights,Neha Singh
7530,2024-04-25,Facebook,Gurgaon,7200000,Apartment,Urban Square,Neha Singh
7531,2024-05-19,Facebook,Pune,13000000,Plot,Green Valley,Neha Singh
7532,2024-07-10,Walk-in,Hyderabad,7900000,Villa,Elite Heights,Riya Kapoor
7533,2024-01-11,Google Ads,Pune,13100000,Villa,Elite Heights,Shefali Mehta
7534,2024-02-27,Google Ads,Noida,17300000,Plot,Urban Square,Riya Kapoor
7535,2024-08-28,Google Ads,Pune,12100000,Villa,Sky Residency,Rohit Sharma
7536,2024-11-21,Google Ads,Gurgaon,8200000,Plot,Sky Residency,Praveen Tambe
7537,2024-10-10,99acres,Hyderabad,5400000,Plot,Palm Towers,Viral Kohli
7538,2024-11-10,Channel Partner,Bangalore,13700000,Plot,Palm Towers,Priya Kapoor
7539,2024-02-10,Facebook,Noida,7700000,Villa,Elite Heights,Praveen Tambe
7540,2024-05-27,Google Ads,Noida,17400000,Apartment,Green Valley,Rohit Sharma
7541,2024-04-01,Google Ads,Hyderabad,12700000,Villa,Urban Square,Viral Kohli
7542,2024-12-19,Channel Partner,Hyderabad,5100000,Villa,Urban Square,Ravi Mehta
7543,2024-02-22,Facebook,Pune,16100000,Apartment,Sky Residency,Neha Singh
7544,2024-08-15,Google Ads,Pune,8800000,Apartment,Palm Towers,Riya Kapoor
7545,2024-12-12,Housing,Pune,12400000,Villa,Elite Heights,Ravi Mehta
7546,2024-05-29,Facebook,Gurgaon,10200000,Villa,Urban Square,Rohit Sharma
7547,2024-03-29,Facebook,Mumbai,12300000,Plot,Sky Residency,Aman Sharma
7548,2024-03-04,99acres,Pune,9300000,Apartment,Urban Square,Ravi Mehta
7549,2024-07-21,Google Ads,Hyderabad,8900000,Villa,Elite Heights,Priya Kapoor
7550,2024-07-27,99acres,Gurgaon,19900000,Apartment,Sky Residency,Sachin Tendulkar
7551,2024-05-23,Google Ads,Pune,15200000,Plot,Sky Residency,Viral Kohli
7552,2024-08-31,Facebook,Noida,11700000,Apartment,Sky Residency,Praveen Tambe
7553,2024-06-19,Facebook,Noida,18800000,Villa,Urban Square,Sachin Tendulkar
7554,2024-03-25,Google Ads,Hyderabad,19400000,Apartment,Urban Square,Priya Kapoor
7555,2024-04-12,Google Ads,Mumbai,5200000,Apartment,Urban Square,Sachin Tendulkar
7556,2024-09-29,Referral,Mumbai,10100000,Plot,Elite Heights,Ravi Mehta
7557,2024-08-27,99acres,Pune,9900000,Apartment,Sky Residency,Viral Kohli
7558,2024-03-02,Walk-in,Noida,17900000,Plot,Elite Heights,Aman Sharma
7559,2024-01-14,Facebook,Pune,12300000,Plot,Green Valley,Viral Kohli
7560,2024-11-30,99acres,Mumbai,3100000,Villa,Urban Square,Sachin Tendulkar
7561,2024-07-04,Google Ads,Pune,15400000,Villa,Elite Heights,Neha Singh
7562,2024-02-28,Channel Partner,Gurgaon,14400000,Plot,Elite Heights,Ravi Mehta
7563,2024-10-13,Channel Partner,Gurgaon,14600000,Villa,Sky Residency,Neha Singh
7564,2024-03-04,Channel Partner,Bangalore,17900000,Villa,Elite Heights,Riya Kapoor
7565,2024-05-07,Housing,Bangalore,5600000,Plot,Green Valley,Praveen Tambe
7566,2024-06-26,Referral,Pune,3600000,Villa,Green Valley,Sachin Tendulkar
7567,2024-01-18,Housing,Gurgaon,4700000,Plot,Sky Residency,Shefali Mehta
7568,2024-10-22,Housing,Bangalore,17500000,Plot,Urban Square,Priya Kapoor
7569,2024-12-22,Facebook,Noida,17000000,Apartment,Sky Residency,Neha Singh
7570,2024-11-07,Walk-in,Mumbai,13900000,Plot,Sky Residency,Riya Kapoor
7571,2024-11-01,Google Ads,Bangalore,5800000,Plot,Elite Heights,Riya Kapoor
7572,2024-05-10,Housing,Pune,17700000,Villa,Palm Towers,Viral Kohli
7573,2024-03-10,Housing,Mumbai,10200000,Apartment,Palm Towers,Viral Kohli
7574,2024-05-04,99acres,Gurgaon,13800000,Plot,Green Valley,Rohit Sharma
7575,2024-05-01,Facebook,Mumbai,10300000,Plot,Urban Square,Neha Singh
7576,2024-02-23,Facebook,Bangalore,12900000,Plot,Elite Heights,Neha Singh
7577,2024-11-20,Google Ads,Pune,19300000,Villa,Sky Residency,Riya Kapoor
7578,2024-11-29,Google Ads,Gurgaon,4700000,Villa,Elite Heights,Aman Sharma
7579,2024-06-18,Facebook,Hyderabad,9900000,Villa,Urban Square,Ravi Mehta
7580,2024-02-13,Housing,Noida,8500000,Plot,Urban Square,Riya Kapoor
7581,2024-10-22,Referral,Hyderabad,3600000,Villa,Elite Heights,Praveen Tambe
7582,2024-09-09,Channel Partner,Noida,10800000,Apartment,Green Valley,Viral Kohli
7583,2024-08-16,Google Ads,Bangalore,12200000,Apartment,Green Valley,Ravi Mehta
7584,2024-02-10,Facebook,Gurgaon,14100000,Apartment,Palm Towers,Neha Singh
7585,2024-09-30,Google Ads,Hyderabad,4500000,Villa,Palm Towers,Shefali Mehta
7586,2024-07-22,Walk-in,Hyderabad,9200000,Plot,Urban Square,Sachin Tendulkar
7587,2024-11-21,Referral,Hyderabad,18900000,Apartment,Green Valley,Sachin Tendulkar
7588,2024-04-08,Google Ads,Bangalore,17400000,Apartment,Urban Square,Neha Singh
7589,2024-06-26,Referral,Noida,7700000,Apartment,Palm Towers,Shefali Mehta
7590,2024-02-18,Google Ads,Bangalore,12300000,Plot,Elite Heights,Riya Kapoor
7591,2024-10-16,Facebook,Bangalore,5800000,Villa,Urban Square,Priya Kapoor
7592,2024-11-02,Housing,Hyderabad,19300000,Villa,Green Valley,Priya Kapoor
7593,2024-03-16,99acres,Mumbai,4100000,Villa,Palm Towers,Praveen Tambe
7594,2024-12-02,Google Ads,Pune,6900000,Villa,Urban Square,Sachin Tendulkar
7595,2024-04-08,Walk-in,Pune,6400000,Villa,Elite Heights,Viral Kohli
7596,2024-12-12,Referral,Noida,10000000,Plot,Elite Heights,Neha Singh
7597,2024-05-02,Channel Partner,Mumbai,10900000,Villa,Elite Heights,Priya Kapoor
7598,2024-09-04,99acres,Hyderabad,15700000,Plot,Urban Square,Shefali Mehta
7599,2024-07-29,Facebook,Bangalore,18400000,Plot,Elite Heights,Shefali Mehta
7600,2024-08-31,Google Ads,Mumbai,17300000,Plot,Sky Residency,Ravi Mehta
7601,2024-10-13,Google Ads,Noida,5900000,Villa,Palm Towers,Neha Singh
7602,2024-03-26,Housing,Noida,11000000,Apartment,Sky Residency,Shefali Mehta
7603,2024-08-19,Google Ads,Mumbai,13300000,Apartment,Palm Towers,Rohit Sharma
7604,2024-11-08,Channel Partner,Gurgaon,19500000,Plot,Green Valley,Riya Kapoor
7605,2024-01-26,Google Ads,Mumbai,19300000,Plot,Palm Towers,Priya Kapoor
7606,2024-10-13,Facebook,Hyderabad,6700000,Apartment,Palm Towers,Viral Kohli
7607,2024-02-20,Referral,Hyderabad,18000000,Plot,Sky Residency,Viral Kohli
7608,2024-04-05,Housing,Gurgaon,7800000,Villa,Palm Towers,Neha Singh
7609,2024-09-21,Google Ads,Gurgaon,4500000,Villa,Sky Residency,Priya Kapoor
7610,2024-06-24,Google Ads,Gurgaon,12500000,Plot,Palm Towers,Ravi Mehta
7611,2024-04-24,Housing,Noida,15700000,Villa,Urban Square,Priya Kapoor
7612,2024-12-03,Walk-in,Gurgaon,7400000,Villa,Sky Residency,Praveen Tambe
7613,2024-04-25,Referral,Noida,15400000,Villa,Urban Square,Riya Kapoor
7614,2024-09-07,Google Ads,Gurgaon,5000000,Villa,Green Valley,Priya Kapoor
7615,2024-08-10,Referral,Bangalore,7400000,Villa,Urban Square,Aman Sharma
7616,2024-05-21,Referral,Gurgaon,6500000,Villa,Palm Towers,Praveen Tambe
7617,2024-01-06,Facebook,Noida,15000000,Apartment,Green Valley,Sachin Tendulkar
7618,2024-08-19,Channel Partner,Bangalore,4400000,Villa,Palm Towers,Viral Kohli
7619,2024-08-11,Facebook,Pune,14400000,Apartment,Urban Square,Priya Kapoor
7620,2024-01-08,Referral,Pune,19200000,Plot,Green Valley,Riya Kapoor
7621,2024-08-14,Housing,Mumbai,18200000,Apartment,Urban Square,Rohit Sharma
7622,2024-09-04,Housing,Noida,4200000,Villa,Palm Towers,Ravi Mehta
7623,2024-07-17,Google Ads,Pune,15400000,Villa,Sky Residency,Ravi Mehta
7624,2024-11-19,99acres,Pune,3100000,Villa,Green Valley,Shefali Mehta
7625,2024-03-19,Facebook,Bangalore,17800000,Villa,Sky Residency,Shefali Mehta
7626,2024-05-16,Google Ads,Noida,6900000,Apartment,Palm Towers,Shefali Mehta
7627,2024-11-16,Google Ads,Hyderabad,7800000,Apartment,Sky Residency,Rohit Sharma
7628,2024-07-05,Facebook,Gurgaon,15000000,Plot,Palm Towers,Rohit Sharma
7629,2024-07-11,Channel Partner,Noida,19200000,Villa,Elite Heights,Rohit Sharma
7630,2024-02-05,Walk-in,Hyderabad,10200000,Plot,Green Valley,Shefali Mehta
7631,2024-04-25,Google Ads,Bangalore,16100000,Plot,Green Valley,Praveen Tambe
7632,2024-11-19,Walk-in,Bangalore,5100000,Apartment,Sky Residency,Neha Singh
7633,2024-06-17,Referral,Bangalore,3100000,Apartment,Palm Towers,Rohit Sharma
7634,2024-07-25,Facebook,Mumbai,15200000,Plot,Urban Square,Sachin Tendulkar
7635,2024-05-09,Referral,Mumbai,13900000,Plot,Green Valley,Priya Kapoor
7636,2024-07-16,Facebook,Gurgaon,16700000,Apartment,Elite Heights,Riya Kapoor
7637,2024-12-06,99acres,Bangalore,7900000,Apartment,Elite Heights,Aman Sharma
7638,2024-12-10,Referral,Mumbai,5100000,Villa,Palm Towers,Shefali Mehta
7639,2024-02-11,Google Ads,Pune,10700000,Plot,Palm Towers,Riya Kapoor
7640,2024-07-24,Google Ads,Hyderabad,14100000,Villa,Elite Heights,Riya Kapoor
7641,2024-07-29,Facebook,Mumbai,3300000,Villa,Palm Towers,Neha Singh
7642,2024-04-28,Google Ads,Hyderabad,6400000,Villa,Sky Residency,Riya Kapoor
7643,2024-04-05,Google Ads,Gurgaon,5200000,Villa,Elite Heights,Sachin Tendulkar
7644,2024-09-19,99acres,Pune,6700000,Plot,Sky Residency,Priya Kapoor
7645,2024-08-10,Facebook,Bangalore,11900000,Villa,Sky Residency,Riya Kapoor
7646,2024-10-17,Facebook,Mumbai,16700000,Villa,Elite Heights,Riya Kapoor
7647,2024-01-29,Walk-in,Bangalore,9500000,Plot,Green Valley,Ravi Mehta
7648,2024-03-28,Referral,Pune,17700000,Villa,Sky Residency,Aman Sharma
7649,2024-12-23,Walk-in,Gurgaon,14300000,Apartment,Green Valley,Shefali Mehta
7650,2024-09-25,Housing,Bangalore,11100000,Apartment,Elite Heights,Shefali Mehta
7651,2024-12-26,Housing,Mumbai,3700000,Villa,Sky Residency,Aman Sharma
7652,2024-10-28,Facebook,Hyderabad,10700000,Apartment,Urban Square,Riya Kapoor
7653,2024-07-27,Google Ads,Bangalore,5100000,Villa,Green Valley,Viral Kohli
7654,2024-09-12,Google Ads,Pune,5300000,Villa,Sky Residency,Shefali Mehta
7655,2024-03-15,Referral,Hyderabad,10800000,Villa,Green Valley,Aman Sharma
7656,2024-09-14,Referral,Gurgaon,12900000,Villa,Urban Square,Aman Sharma
7657,2024-01-18,Channel Partner,Bangalore,12900000,Apartment,Palm Towers,Shefali Mehta
7658,2024-04-21,Referral,Gurgaon,5100000,Plot,Urban Square,Shefali Mehta
7659,2024-05-13,Referral,Bangalore,5000000,Plot,Green Valley,Priya Kapoor
7660,2024-02-16,Channel Partner,Gurgaon,19000000,Plot,Palm Towers,Praveen Tambe
7661,2024-10-13,Facebook,Noida,14600000,Apartment,Sky Residency,Shefali Mehta
7662,2024-08-11,Channel Partner,Pune,18000000,Villa,Elite Heights,Riya Kapoor
7663,2024-03-08,99acres,Hyderabad,17300000,Apartment,Green Valley,Sachin Tendulkar
7664,2024-06-23,Facebook,Hyderabad,17600000,Plot,Sky Residency,Rohit Sharma
7665,2024-02-08,Walk-in,Noida,18500000,Apartment,Palm Towers,Shefali Mehta
7666,2024-02-26,Facebook,Gurgaon,7100000,Apartment,Urban Square,Priya Kapoor
7667,2024-09-25,Facebook,Bangalore,4700000,Plot,Green Valley,Priya Kapoor
7668,2024-01-21,Facebook,Noida,12300000,Apartment,Urban Square,Viral Kohli
7669,2024-07-23,Facebook,Bangalore,4600000,Plot,Green Valley,Ravi Mehta
7670,2024-11-03,Facebook,Pune,6800000,Villa,Green Valley,Neha Singh
7671,2024-11-10,Walk-in,Noida,16200000,Villa,Urban Square,Aman Sharma
7672,2024-08-09,Google Ads,Noida,3300000,Villa,Palm Towers,Ravi Mehta
7673,2024-12-21,Facebook,Pune,16600000,Plot,Sky Residency,Sachin Tendulkar
7674,2024-01-25,Walk-in,Bangalore,11000000,Plot,Palm Towers,Shefali Mehta
7675,2024-11-22,Channel Partner,Mumbai,7700000,Apartment,Palm Towers,Shefali Mehta
7676,2024-09-04,Referral,Mumbai,13300000,Apartment,Urban Square,Neha Singh
7677,2024-02-24,Walk-in,Pune,3700000,Apartment,Green Valley,Viral Kohli
7678,2024-11-18,Walk-in,Hyderabad,4000000,Apartment,Green Valley,Viral Kohli
7679,2024-06-22,99acres,Gurgaon,13600000,Villa,Urban Square,Ravi Mehta
7680,2024-04-23,Housing,Bangalore,4400000,Apartment,Urban Square,Neha Singh
7681,2024-07-01,Google Ads,Hyderabad,18500000,Plot,Sky Residency,Riya Kapoor
7682,2024-03-25,Channel Partner,Bangalore,17700000,Villa,Sky Residency,Praveen Tambe
7683,2024-02-08,Housing,Noida,9900000,Plot,Elite Heights,Neha Singh
7684,2024-01-25,Google Ads,Bangalore,17600000,Apartment,Elite Heights,Priya Kapoor
7685,2024-04-18,Walk-in,Gurgaon,4700000,Plot,Elite Heights,Sachin Tendulkar
7686,2024-05-07,Google Ads,Noida,13800000,Villa,Green Valley,Aman Sharma
7687,2024-10-11,Channel Partner,Hyderabad,13900000,Plot,Sky Residency,Sachin Tendulkar
7688,2024-03-29,Channel Partner,Bangalore,3600000,Villa,Palm Towers,Riya Kapoor
7689,2024-07-03,Channel Partner,Gurgaon,7500000,Villa,Sky Residency,Neha Singh
7690,2024-12-26,Google Ads,Hyderabad,4200000,Villa,Sky Residency,Viral Kohli
7691,2024-01-17,Google Ads,Gurgaon,19200000,Apartment,Elite Heights,Riya Kapoor
7692,2024-07-17,Google Ads,Bangalore,13000000,Villa,Elite Heights,Shefali Mehta
7693,2024-10-23,Referral,Bangalore,13600000,Apartment,Green Valley,Praveen Tambe
7694,2024-07-19,Google Ads,Bangalore,15300000,Apartment,Sky Residency,Sachin Tendulkar
7695,2024-12-01,Channel Partner,Bangalore,8800000,Villa,Urban Square,Praveen Tambe
7696,2024-10-14,Facebook,Pune,14300000,Apartment,Urban Square,Rohit Sharma
7697,2024-11-18,Google Ads,Bangalore,8300000,Villa,Palm Towers,Shefali Mehta
7698,2024-09-27,Google Ads,Noida,10200000,Apartment,Urban Square,Sachin Tendulkar
7699,2024-12-01,99acres,Mumbai,11300000,Apartment,Sky Residency,Shefali Mehta
7700,2024-01-18,Google Ads,Noida,18900000,Apartment,Sky Residency,Praveen Tambe
7701,2024-03-02,Google Ads,Noida,4000000,Plot,Green Valley,Neha Singh
7702,2024-01-25,99acres,Pune,8400000,Apartment,Palm Towers,Ravi Mehta
7703,2024-03-09,99acres,Gurgaon,10400000,Plot,Palm Towers,Riya Kapoor
7704,2024-07-30,Facebook,Mumbai,3700000,Plot,Elite Heights,Riya Kapoor
7705,2024-07-03,Referral,Bangalore,3100000,Villa,Green Valley,Shefali Mehta
7706,2024-07-27,99acres,Noida,15900000,Apartment,Palm Towers,Shefali Mehta
7707,2024-08-04,Housing,Gurgaon,3400000,Apartment,Sky Residency,Priya Kapoor
7708,2024-05-17,Referral,Mumbai,5900000,Villa,Elite Heights,Riya Kapoor
7709,2024-04-18,Google Ads,Noida,16600000,Apartment,Green Valley,Ravi Mehta
7710,2024-12-02,Channel Partner,Hyderabad,13300000,Apartment,Sky Residency,Shefali Mehta
7711,2024-07-22,Facebook,Pune,12600000,Apartment,Sky Residency,Ravi Mehta
7712,2024-03-25,Google Ads,Gurgaon,13700000,Villa,Urban Square,Viral Kohli
7713,2024-02-27,Google Ads,Bangalore,15500000,Apartment,Urban Square,Viral Kohli
7714,2024-04-21,Google Ads,Pune,19900000,Apartment,Urban Square,Rohit Sharma
7715,2024-04-26,Walk-in,Noida,18300000,Villa,Sky Residency,Riya Kapoor
7716,2024-03-04,99acres,Bangalore,12600000,Apartment,Elite Heights,Praveen Tambe
7717,2024-03-30,Channel Partner,Noida,5100000,Apartment,Urban Square,Sachin Tendulkar
7718,2024-03-18,Facebook,Mumbai,16200000,Apartment,Palm Towers,Neha Singh
7719,2024-10-22,99acres,Noida,11400000,Apartment,Palm Towers,Priya Kapoor
7720,2024-03-03,Google Ads,Mumbai,15100000,Apartment,Green Valley,Ravi Mehta
7721,2024-09-20,Referral,Gurgaon,12800000,Apartment,Urban Square,Aman Sharma
7722,2024-09-17,Google Ads,Bangalore,11200000,Villa,Green Valley,Shefali Mehta
7723,2024-09-09,Channel Partner,Noida,18400000,Villa,Urban Square,Ravi Mehta
7724,2024-01-07,Walk-in,Noida,15600000,Apartment,Green Valley,Neha Singh
7725,2024-11-16,Google Ads,Gurgaon,4000000,Apartment,Palm Towers,Rohit Sharma
7726,2024-09-06,Google Ads,Hyderabad,13900000,Villa,Green Valley,Praveen Tambe
7727,2024-07-26,Housing,Pune,11500000,Villa,Urban Square,Shefali Mehta
7728,2024-05-06,Referral,Pune,10800000,Apartment,Green Valley,Aman Sharma
7729,2024-11-09,Referral,Mumbai,15000000,Apartment,Green Valley,Ravi Mehta
7730,2024-01-01,Channel Partner,Hyderabad,6100000,Villa,Sky Residency,Riya Kapoor
7731,2024-05-28,Google Ads,Hyderabad,12800000,Apartment,Sky Residency,Aman Sharma
7732,2024-07-31,Facebook,Pune,3200000,Apartment,Green Valley,Neha Singh
7733,2024-11-30,Walk-in,Noida,19500000,Plot,Elite Heights,Ravi Mehta
7734,2024-10-19,Channel Partner,Bangalore,5600000,Apartment,Sky Residency,Praveen Tambe
7735,2024-03-27,Housing,Noida,6800000,Plot,Sky Residency,Shefali Mehta
7736,2024-12-10,Facebook,Gurgaon,8900000,Apartment,Green Valley,Shefali Mehta
7737,2024-06-17,99acres,Pune,7300000,Villa,Sky Residency,Sachin Tendulkar
7738,2024-12-22,Google Ads,Noida,12500000,Apartment,Urban Square,Neha Singh
7739,2024-08-24,Facebook,Hyderabad,5300000,Plot,Urban Square,Priya Kapoor
7740,2024-08-22,Referral,Mumbai,14000000,Apartment,Elite Heights,Riya Kapoor
7741,2024-03-02,Google Ads,Hyderabad,17000000,Villa,Elite Heights,Sachin Tendulkar
7742,2024-06-10,Channel Partner,Pune,18600000,Apartment,Sky Residency,Praveen Tambe
7743,2024-09-14,Walk-in,Mumbai,3800000,Plot,Palm Towers,Praveen Tambe
7744,2024-09-15,Google Ads,Gurgaon,19900000,Plot,Sky Residency,Riya Kapoor
7745,2024-05-12,Facebook,Pune,3100000,Apartment,Sky Residency,Rohit Sharma
7746,2024-04-23,Google Ads,Mumbai,20000000,Villa,Elite Heights,Neha Singh
7747,2024-02-21,Walk-in,Noida,7500000,Plot,Green Valley,Priya Kapoor
7748,2024-03-21,99acres,Gurgaon,9100000,Villa,Palm Towers,Viral Kohli
7749,2024-06-30,99acres,Mumbai,15900000,Plot,Sky Residency,Praveen Tambe
7750,2024-10-26,Housing,Mumbai,14900000,Apartment,Sky Residency,Aman Sharma
7751,2024-06-17,Referral,Mumbai,11400000,Villa,Sky Residency,Priya Kapoor
7752,2024-10-20,Housing,Bangalore,17000000,Plot,Sky Residency,Shefali Mehta
7753,2024-08-12,Channel Partner,Mumbai,6800000,Apartment,Sky Residency,Rohit Sharma
7754,2024-01-17,Housing,Bangalore,8400000,Apartment,Green Valley,Neha Singh
7755,2024-07-10,Facebook,Pune,7200000,Plot,Palm Towers,Aman Sharma
7756,2024-02-07,Google Ads,Gurgaon,14600000,Apartment,Sky Residency,Rohit Sharma
7757,2024-06-05,Walk-in,Bangalore,8600000,Plot,Green Valley,Viral Kohli
7758,2024-05-03,99acres,Bangalore,7300000,Apartment,Elite Heights,Viral Kohli
7759,2024-01-14,Google Ads,Hyderabad,16500000,Plot,Urban Square,Viral Kohli
7760,2024-03-29,Google Ads,Pune,6400000,Plot,Sky Residency,Viral Kohli
7761,2024-11-25,Google Ads,Mumbai,7500000,Plot,Palm Towers,Rohit Sharma
7762,2024-07-25,Facebook,Pune,19300000,Apartment,Urban Square,Rohit Sharma
7763,2024-04-17,Google Ads,Bangalore,15600000,Plot,Sky Residency,Shefali Mehta
7764,2024-03-09,99acres,Gurgaon,9500000,Apartment,Green Valley,Priya Kapoor
7765,2024-05-09,Referral,Noida,18300000,Plot,Green Valley,Rohit Sharma
7766,2024-10-01,99acres,Bangalore,4600000,Apartment,Green Valley,Aman Sharma
7767,2024-05-19,Channel Partner,Noida,6300000,Plot,Sky Residency,Priya Kapoor
7768,2024-11-25,Channel Partner,Gurgaon,13200000,Villa,Urban Square,Priya Kapoor
7769,2024-02-25,Google Ads,Noida,9100000,Villa,Green Valley,Neha Singh
7770,2024-12-19,Channel Partner,Bangalore,5800000,Plot,Urban Square,Praveen Tambe
7771,2024-04-03,Housing,Noida,8600000,Plot,Green Valley,Priya Kapoor
7772,2024-05-06,Housing,Pune,7900000,Apartment,Sky Residency,Priya Kapoor
7773,2024-12-24,Channel Partner,Mumbai,8500000,Plot,Elite Heights,Shefali Mehta
7774,2024-12-06,99acres,Noida,4700000,Apartment,Urban Square,Shefali Mehta
7775,2024-12-03,Channel Partner,Mumbai,19200000,Apartment,Elite Heights,Sachin Tendulkar
7776,2024-02-26,Walk-in,Gurgaon,17400000,Villa,Palm Towers,Viral Kohli
7777,2024-10-25,Facebook,Gurgaon,6100000,Villa,Green Valley,Aman Sharma
7778,2024-11-15,Housing,Noida,3300000,Plot,Sky Residency,Neha Singh
7779,2024-01-01,Facebook,Noida,19100000,Apartment,Urban Square,Neha Singh
7780,2024-05-03,Channel Partner,Bangalore,8200000,Apartment,Sky Residency,Aman Sharma
7781,2024-05-25,Facebook,Pune,14600000,Apartment,Green Valley,Ravi Mehta
7782,2024-02-29,Referral,Noida,8600000,Apartment,Green Valley,Rohit Sharma
7783,2024-01-14,Google Ads,Hyderabad,17800000,Apartment,Green Valley,Ravi Mehta
7784,2024-05-24,Facebook,Gurgaon,13300000,Plot,Palm Towers,Praveen Tambe
7785,2024-01-30,99acres,Gurgaon,17400000,Villa,Urban Square,Shefali Mehta
7786,2024-06-01,Google Ads,Mumbai,7200000,Villa,Palm Towers,Rohit Sharma
7787,2024-01-23,Facebook,Hyderabad,10500000,Apartment,Green Valley,Neha Singh
7788,2024-03-17,Facebook,Hyderabad,16200000,Apartment,Urban Square,Neha Singh
7789,2024-03-04,Google Ads,Noida,13500000,Plot,Sky Residency,Neha Singh
7790,2024-03-09,Google Ads,Gurgaon,6300000,Plot,Palm Towers,Ravi Mehta
7791,2024-05-02,Walk-in,Gurgaon,6000000,Villa,Green Valley,Shefali Mehta
7792,2024-01-11,99acres,Pune,7600000,Apartment,Elite Heights,Shefali Mehta
7793,2024-07-29,Facebook,Noida,18700000,Villa,Palm Towers,Shefali Mehta
7794,2024-02-16,Facebook,Pune,15500000,Villa,Sky Residency,Sachin Tendulkar
7795,2024-12-08,Google Ads,Mumbai,16300000,Apartment,Urban Square,Ravi Mehta
7796,2024-04-09,Facebook,Pune,15900000,Apartment,Elite Heights,Shefali Mehta
7797,2024-02-15,Facebook,Gurgaon,7700000,Apartment,Urban Square,Viral Kohli
7798,2024-12-23,Facebook,Gurgaon,9300000,Apartment,Palm Towers,Praveen Tambe
7799,2024-08-09,Facebook,Hyderabad,4200000,Villa,Palm Towers,Sachin Tendulkar
7800,2024-11-04,Google Ads,Noida,12300000,Plot,Urban Square,Neha Singh
7801,2024-02-12,99acres,Pune,19700000,Villa,Elite Heights,Neha Singh
7802,2024-07-09,Facebook,Noida,12800000,Apartment,Elite Heights,Rohit Sharma
7803,2024-09-28,Facebook,Pune,8600000,Villa,Elite Heights,Ravi Mehta
7804,2024-05-16,Facebook,Hyderabad,3300000,Apartment,Green Valley,Praveen Tambe
7805,2024-02-18,Referral,Gurgaon,4900000,Villa,Palm Towers,Priya Kapoor
7806,2024-03-10,Referral,Mumbai,5000000,Villa,Palm Towers,Rohit Sharma
7807,2024-04-01,Facebook,Gurgaon,16000000,Plot,Green Valley,Riya Kapoor
7808,2024-04-21,99acres,Bangalore,11700000,Plot,Urban Square,Riya Kapoor
7809,2024-03-19,Facebook,Gurgaon,5700000,Villa,Green Valley,Shefali Mehta
7810,2024-05-06,Google Ads,Gurgaon,15900000,Apartment,Urban Square,Neha Singh
7811,2024-01-01,Referral,Noida,6800000,Villa,Elite Heights,Neha Singh
7812,2024-10-27,Channel Partner,Bangalore,16300000,Villa,Green Valley,Praveen Tambe
7813,2024-07-16,Channel Partner,Gurgaon,7300000,Apartment,Elite Heights,Viral Kohli
7814,2024-09-14,Channel Partner,Mumbai,6300000,Apartment,Palm Towers,Viral Kohli
7815,2024-05-30,Google Ads,Hyderabad,17000000,Apartment,Green Valley,Ravi Mehta
7816,2024-11-22,Google Ads,Mumbai,16000000,Villa,Elite Heights,Neha Singh
7817,2024-10-21,Walk-in,Mumbai,4100000,Plot,Urban Square,Aman Sharma
7818,2024-03-07,Google Ads,Gurgaon,7400000,Apartment,Green Valley,Neha Singh
7819,2024-04-25,Google Ads,Hyderabad,3700000,Plot,Palm Towers,Priya Kapoor
7820,2024-11-21,Google Ads,Bangalore,5300000,Plot,Urban Square,Sachin Tendulkar
7821,2024-12-16,99acres,Noida,18300000,Villa,Green Valley,Shefali Mehta
7822,2024-07-04,Google Ads,Noida,6200000,Plot,Palm Towers,Praveen Tambe
7823,2024-09-10,Referral,Hyderabad,13100000,Plot,Green Valley,Ravi Mehta
7824,2024-12-18,99acres,Gurgaon,18200000,Plot,Sky Residency,Neha Singh
7825,2024-01-22,Facebook,Pune,8700000,Plot,Elite Heights,Viral Kohli
7826,2024-04-21,Facebook,Bangalore,6500000,Apartment,Sky Residency,Priya Kapoor
7827,2024-04-14,99acres,Bangalore,19100000,Plot,Green Valley,Riya Kapoor
7828,2024-01-08,99acres,Noida,5500000,Apartment,Palm Towers,Rohit Sharma
7829,2024-10-18,Google Ads,Hyderabad,6500000,Villa,Elite Heights,Aman Sharma
7830,2024-10-11,Google Ads,Gurgaon,13000000,Apartment,Elite Heights,Ravi Mehta
7831,2024-11-01,Channel Partner,Mumbai,11600000,Apartment,Urban Square,Ravi Mehta
7832,2024-12-03,Google Ads,Noida,7500000,Apartment,Elite Heights,Ravi Mehta
7833,2024-06-12,Facebook,Mumbai,3700000,Villa,Urban Square,Praveen Tambe
7834,2024-04-13,99acres,Mumbai,14400000,Apartment,Green Valley,Neha Singh
7835,2024-11-23,Facebook,Gurgaon,8500000,Plot,Green Valley,Sachin Tendulkar
7836,2024-05-04,Google Ads,Bangalore,4600000,Villa,Urban Square,Priya Kapoor
7837,2024-02-03,Facebook,Gurgaon,17000000,Apartment,Urban Square,Riya Kapoor
7838,2024-06-16,Google Ads,Gurgaon,4600000,Villa,Urban Square,Rohit Sharma
7839,2024-04-06,Google Ads,Pune,10700000,Apartment,Palm Towers,Ravi Mehta
7840,2024-03-14,Google Ads,Noida,13700000,Apartment,Palm Towers,Viral Kohli
7841,2024-12-25,Channel Partner,Gurgaon,11900000,Apartment,Sky Residency,Sachin Tendulkar
7842,2024-08-14,99acres,Mumbai,15000000,Villa,Sky Residency,Sachin Tendulkar
7843,2024-11-12,Google Ads,Pune,16400000,Plot,Elite Heights,Neha Singh
7844,2024-10-24,Housing,Gurgaon,4900000,Villa,Green Valley,Aman Sharma
7845,2024-03-10,Referral,Noida,10800000,Plot,Sky Residency,Neha Singh
7846,2024-05-20,Google Ads,Noida,10800000,Villa,Urban Square,Shefali Mehta
7847,2024-09-02,Referral,Bangalore,10900000,Villa,Urban Square,Viral Kohli
7848,2024-09-09,Google Ads,Gurgaon,13100000,Apartment,Urban Square,Riya Kapoor
7849,2024-08-16,Google Ads,Bangalore,11200000,Villa,Palm Towers,Sachin Tendulkar
7850,2024-12-01,Google Ads,Noida,13800000,Apartment,Elite Heights,Ravi Mehta
7851,2024-06-09,Facebook,Hyderabad,17700000,Villa,Sky Residency,Ravi Mehta
7852,2024-03-14,Google Ads,Mumbai,10400000,Plot,Palm Towers,Viral Kohli
7853,2024-06-22,Channel Partner,Bangalore,15100000,Apartment,Sky Residency,Riya Kapoor
7854,2024-03-27,Facebook,Mumbai,4500000,Villa,Sky Residency,Neha Singh
7855,2024-04-18,Google Ads,Pune,8700000,Plot,Sky Residency,Aman Sharma
7856,2024-01-11,Housing,Gurgaon,7700000,Plot,Elite Heights,Riya Kapoor
7857,2024-06-13,Facebook,Gurgaon,6600000,Plot,Green Valley,Sachin Tendulkar
7858,2024-08-04,Google Ads,Bangalore,15000000,Villa,Elite Heights,Viral Kohli
7859,2024-11-06,Referral,Mumbai,11000000,Apartment,Urban Square,Riya Kapoor
7860,2024-08-11,Google Ads,Mumbai,12200000,Apartment,Elite Heights,Aman Sharma
7861,2024-08-29,Google Ads,Noida,6900000,Villa,Urban Square,Aman Sharma
7862,2024-09-16,Facebook,Hyderabad,19900000,Villa,Urban Square,Viral Kohli
7863,2024-01-07,Google Ads,Mumbai,14800000,Plot,Palm Towers,Ravi Mehta
7864,2024-04-13,Housing,Bangalore,4300000,Apartment,Sky Residency,Riya Kapoor
7865,2024-05-04,Google Ads,Mumbai,15100000,Plot,Green Valley,Rohit Sharma
7866,2024-09-12,Channel Partner,Gurgaon,12200000,Plot,Sky Residency,Rohit Sharma
7867,2024-04-27,99acres,Noida,13400000,Villa,Elite Heights,Aman Sharma
7868,2024-09-22,Google Ads,Noida,3600000,Apartment,Sky Residency,Sachin Tendulkar
7869,2024-01-02,Google Ads,Mumbai,13600000,Villa,Sky Residency,Praveen Tambe
7870,2024-01-20,99acres,Noida,18200000,Apartment,Urban Square,Praveen Tambe
7871,2024-09-04,99acres,Bangalore,18300000,Apartment,Palm Towers,Sachin Tendulkar
7872,2024-03-28,Facebook,Noida,3900000,Plot,Urban Square,Aman Sharma
7873,2024-09-24,Channel Partner,Hyderabad,9100000,Apartment,Green Valley,Shefali Mehta
7874,2024-04-28,Channel Partner,Pune,18400000,Villa,Urban Square,Ravi Mehta
7875,2024-08-16,Walk-in,Bangalore,18200000,Apartment,Elite Heights,Priya Kapoor
7876,2024-10-20,99acres,Noida,17800000,Villa,Elite Heights,Neha Singh
7877,2024-03-15,99acres,Gurgaon,8000000,Villa,Palm Towers,Sachin Tendulkar
7878,2024-11-17,Channel Partner,Gurgaon,12500000,Villa,Elite Heights,Praveen Tambe
7879,2024-09-06,Google Ads,Pune,12200000,Apartment,Sky Residency,Shefali Mehta
7880,2024-01-06,99acres,Noida,10600000,Apartment,Green Valley,Shefali Mehta
7881,2024-04-30,99acres,Gurgaon,18300000,Plot,Elite Heights,Praveen Tambe
7882,2024-03-06,Channel Partner,Hyderabad,6300000,Plot,Urban Square,Shefali Mehta
7883,2024-02-12,Google Ads,Bangalore,6200000,Plot,Elite Heights,Sachin Tendulkar
7884,2024-06-19,Channel Partner,Gurgaon,13000000,Plot,Green Valley,Praveen Tambe
7885,2024-12-08,Google Ads,Gurgaon,3100000,Apartment,Elite Heights,Aman Sharma
7886,2024-01-31,Referral,Pune,18700000,Villa,Green Valley,Rohit Sharma
7887,2024-12-31,Channel Partner,Gurgaon,19600000,Apartment,Green Valley,Riya Kapoor
7888,2024-10-08,Google Ads,Gurgaon,5200000,Apartment,Elite Heights,Neha Singh
7889,2024-03-16,Facebook,Bangalore,8200000,Apartment,Green Valley,Rohit Sharma
7890,2024-08-07,Housing,Gurgaon,17200000,Apartment,Green Valley,Praveen Tambe
7891,2024-03-07,Channel Partner,Pune,8500000,Villa,Palm Towers,Praveen Tambe
7892,2024-02-24,Channel Partner,Pune,4200000,Plot,Sky Residency,Sachin Tendulkar
7893,2024-10-04,Facebook,Noida,17200000,Apartment,Sky Residency,Aman Sharma
7894,2024-09-23,99acres,Mumbai,9800000,Apartment,Green Valley,Neha Singh
7895,2024-09-30,Google Ads,Pune,18000000,Apartment,Sky Residency,Rohit Sharma
7896,2024-09-26,Google Ads,Bangalore,6400000,Plot,Palm Towers,Priya Kapoor
7897,2024-09-04,Walk-in,Pune,16700000,Plot,Elite Heights,Ravi Mehta
7898,2024-11-16,99acres,Gurgaon,16900000,Plot,Urban Square,Ravi Mehta
7899,2024-08-25,Google Ads,Noida,7600000,Apartment,Elite Heights,Riya Kapoor
7900,2024-10-28,Housing,Bangalore,9800000,Plot,Sky Residency,Riya Kapoor
7901,2024-01-22,Referral,Pune,19200000,Villa,Urban Square,Ravi Mehta
7902,2024-05-19,Facebook,Gurgaon,3800000,Apartment,Green Valley,Sachin Tendulkar
7903,2024-04-05,99acres,Gurgaon,19600000,Villa,Sky Residency,Neha Singh
7904,2024-11-09,Facebook,Pune,10000000,Apartment,Sky Residency,Sachin Tendulkar
7905,2024-11-11,Referral,Noida,13300000,Villa,Sky Residency,Priya Kapoor
7906,2024-01-17,Google Ads,Mumbai,4100000,Plot,Urban Square,Aman Sharma
7907,2024-11-18,Facebook,Gurgaon,13800000,Plot,Sky Residency,Rohit Sharma
7908,2024-10-25,Facebook,Bangalore,7900000,Villa,Urban Square,Sachin Tendulkar
7909,2024-07-09,Housing,Hyderabad,3700000,Apartment,Urban Square,Riya Kapoor
7910,2024-01-24,Google Ads,Gurgaon,13900000,Villa,Urban Square,Shefali Mehta
7911,2024-10-02,Housing,Gurgaon,14800000,Villa,Elite Heights,Rohit Sharma
7912,2024-12-23,99acres,Pune,4200000,Villa,Sky Residency,Riya Kapoor
7913,2024-06-27,Google Ads,Bangalore,14200000,Villa,Palm Towers,Praveen Tambe
7914,2024-07-22,Housing,Gurgaon,10800000,Plot,Palm Towers,Riya Kapoor
7915,2024-08-24,Referral,Hyderabad,8600000,Plot,Sky Residency,Shefali Mehta
7916,2024-01-02,Channel Partner,Gurgaon,16600000,Plot,Green Valley,Shefali Mehta
7917,2024-07-25,Referral,Noida,4100000,Plot,Green Valley,Shefali Mehta
7918,2024-10-21,99acres,Gurgaon,14800000,Plot,Green Valley,Riya Kapoor
7919,2024-03-31,Google Ads,Pune,5300000,Villa,Elite Heights,Riya Kapoor
7920,2024-03-23,Facebook,Gurgaon,18700000,Apartment,Green Valley,Riya Kapoor
7921,2024-03-20,Housing,Pune,6700000,Plot,Sky Residency,Riya Kapoor
7922,2024-12-20,Facebook,Pune,8000000,Plot,Urban Square,Ravi Mehta
7923,2024-09-12,Channel Partner,Pune,10600000,Apartment,Sky Residency,Priya Kapoor
7924,2024-10-06,Referral,Noida,18300000,Plot,Palm Towers,Praveen Tambe
7925,2024-02-28,99acres,Bangalore,4600000,Villa,Urban Square,Neha Singh
7926,2024-11-17,99acres,Hyderabad,9000000,Plot,Elite Heights,Riya Kapoor
7927,2024-03-23,Google Ads,Pune,19900000,Plot,Elite Heights,Ravi Mehta
7928,2024-04-16,Google Ads,Hyderabad,3000000,Plot,Palm Towers,Sachin Tendulkar
7929,2024-09-10,Google Ads,Mumbai,7500000,Plot,Elite Heights,Sachin Tendulkar
7930,2024-12-27,Facebook,Mumbai,3000000,Plot,Palm Towers,Riya Kapoor
7931,2024-12-12,Referral,Hyderabad,8900000,Apartment,Palm Towers,Rohit Sharma
7932,2024-03-30,Housing,Noida,17800000,Villa,Elite Heights,Riya Kapoor
7933,2024-01-17,Google Ads,Hyderabad,10400000,Plot,Elite Heights,Shefali Mehta
7934,2024-04-16,Google Ads,Mumbai,15700000,Villa,Palm Towers,Aman Sharma
7935,2024-02-20,Google Ads,Gurgaon,11500000,Plot,Elite Heights,Neha Singh
7936,2024-02-06,Google Ads,Mumbai,11900000,Apartment,Palm Towers,Riya Kapoor
7937,2024-01-28,Google Ads,Pune,9400000,Apartment,Elite Heights,Shefali Mehta
7938,2024-10-01,Facebook,Pune,14200000,Apartment,Elite Heights,Shefali Mehta
7939,2024-09-27,Walk-in,Pune,14700000,Plot,Sky Residency,Priya Kapoor
7940,2024-12-02,Facebook,Gurgaon,7100000,Plot,Palm Towers,Riya Kapoor
7941,2024-11-16,Facebook,Gurgaon,7600000,Villa,Sky Residency,Praveen Tambe
7942,2024-01-11,Channel Partner,Hyderabad,11800000,Plot,Palm Towers,Aman Sharma
7943,2024-07-24,99acres,Noida,19900000,Plot,Green Valley,Ravi Mehta
7944,2024-08-07,Facebook,Mumbai,3800000,Villa,Elite Heights,Viral Kohli
7945,2024-06-14,Referral,Gurgaon,6500000,Villa,Elite Heights,Sachin Tendulkar
7946,2024-09-10,Google Ads,Pune,7300000,Villa,Urban Square,Neha Singh
7947,2024-10-11,Google Ads,Noida,4800000,Apartment,Palm Towers,Sachin Tendulkar
7948,2024-11-07,Facebook,Gurgaon,12000000,Plot,Sky Residency,Neha Singh
7949,2024-01-03,Facebook,Pune,4400000,Villa,Urban Square,Priya Kapoor
7950,2024-04-11,Facebook,Pune,17500000,Apartment,Palm Towers,Priya Kapoor
7951,2024-01-16,Facebook,Gurgaon,3700000,Plot,Palm Towers,Aman Sharma
7952,2024-03-12,99acres,Pune,14000000,Villa,Urban Square,Viral Kohli
7953,2024-02-04,Walk-in,Noida,4100000,Villa,Palm Towers,Riya Kapoor
7954,2024-02-19,Referral,Mumbai,4600000,Plot,Palm Towers,Praveen Tambe
7955,2024-07-16,99acres,Noida,7200000,Villa,Sky Residency,Riya Kapoor
7956,2024-01-03,Walk-in,Gurgaon,19500000,Apartment,Urban Square,Aman Sharma
7957,2024-05-04,Facebook,Bangalore,4000000,Plot,Green Valley,Priya Kapoor
7958,2024-01-21,Housing,Gurgaon,4200000,Apartment,Urban Square,Neha Singh
7959,2024-04-11,Facebook,Bangalore,7800000,Plot,Palm Towers,Shefali Mehta
7960,2024-10-28,Facebook,Noida,11400000,Apartment,Sky Residency,Ravi Mehta
7961,2024-12-09,Referral,Gurgaon,4500000,Villa,Elite Heights,Riya Kapoor
7962,2024-04-19,99acres,Bangalore,7000000,Villa,Urban Square,Sachin Tendulkar
7963,2024-12-14,Facebook,Gurgaon,7100000,Villa,Urban Square,Shefali Mehta
7964,2024-10-16,Channel Partner,Noida,7200000,Villa,Green Valley,Shefali Mehta
7965,2024-12-02,Referral,Gurgaon,6600000,Plot,Urban Square,Rohit Sharma
7966,2024-07-20,Channel Partner,Noida,17100000,Plot,Urban Square,Shefali Mehta
7967,2024-12-29,Google Ads,Noida,10600000,Apartment,Elite Heights,Praveen Tambe
7968,2024-08-30,Referral,Mumbai,9900000,Plot,Palm Towers,Rohit Sharma
7969,2024-01-23,Housing,Gurgaon,13300000,Plot,Sky Residency,Rohit Sharma
7970,2024-03-29,Google Ads,Hyderabad,10300000,Plot,Green Valley,Neha Singh
7971,2024-08-31,Facebook,Mumbai,11200000,Apartment,Urban Square,Rohit Sharma
7972,2024-02-26,Google Ads,Noida,4300000,Villa,Palm Towers,Priya Kapoor
7973,2024-02-29,Google Ads,Mumbai,14500000,Villa,Green Valley,Viral Kohli
7974,2024-04-28,Facebook,Gurgaon,13600000,Plot,Palm Towers,Sachin Tendulkar
7975,2024-07-23,Google Ads,Pune,19800000,Villa,Urban Square,Praveen Tambe
7976,2024-07-26,Google Ads,Noida,12000000,Apartment,Green Valley,Sachin Tendulkar
7977,2024-02-27,Google Ads,Hyderabad,11900000,Villa,Green Valley,Neha Singh
7978,2024-05-21,99acres,Gurgaon,16800000,Plot,Urban Square,Aman Sharma
7979,2024-11-08,Housing,Hyderabad,17300000,Apartment,Urban Square,Praveen Tambe
7980,2024-10-23,Walk-in,Noida,8300000,Villa,Sky Residency,Riya Kapoor
7981,2024-03-16,99acres,Noida,12400000,Plot,Urban Square,Rohit Sharma
7982,2024-04-23,Facebook,Bangalore,16200000,Apartment,Urban Square,Shefali Mehta
7983,2024-02-12,Google Ads,Noida,16300000,Apartment,Elite Heights,Viral Kohli
7984,2024-06-03,Facebook,Hyderabad,10800000,Apartment,Elite Heights,Shefali Mehta
7985,2024-05-11,Channel Partner,Bangalore,16700000,Villa,Elite Heights,Rohit Sharma
7986,2024-10-13,Channel Partner,Noida,6800000,Apartment,Elite Heights,Viral Kohli
7987,2024-01-12,Housing,Gurgaon,17100000,Plot,Sky Residency,Rohit Sharma
7988,2024-06-25,Google Ads,Noida,3600000,Apartment,Elite Heights,Priya Kapoor
7989,2024-11-20,Referral,Noida,17700000,Plot,Green Valley,Rohit Sharma
7990,2024-07-13,Referral,Mumbai,9700000,Plot,Green Valley,Rohit Sharma
7991,2024-03-29,Google Ads,Gurgaon,7800000,Villa,Elite Heights,Ravi Mehta
7992,2024-11-02,Walk-in,Hyderabad,9900000,Villa,Urban Square,Rohit Sharma
7993,2024-09-13,Facebook,Gurgaon,18100000,Villa,Elite Heights,Shefali Mehta
7994,2024-05-27,Facebook,Hyderabad,16800000,Villa,Palm Towers,Praveen Tambe
7995,2024-04-29,Channel Partner,Pune,18200000,Villa,Elite Heights,Sachin Tendulkar
7996,2024-09-20,Channel Partner,Hyderabad,15900000,Villa,Sky Residency,Rohit Sharma
7997,2024-03-16,Channel Partner,Noida,9900000,Apartment,Sky Residency,Aman Sharma
7998,2024-04-09,99acres,Noida,6300000,Plot,Green Valley,Riya Kapoor
7999,2024-08-08,Google Ads,Gurgaon,8600000,Plot,Green Valley,Viral Kohli
8000,2024-11-18,Housing,Mumbai,11700000,Villa,Urban Square,Aman Sharma
8001,2024-07-31,Housing,Gurgaon,13900000,Villa,Urban Square,Neha Singh
8002,2024-12-29,Channel Partner,Gurgaon,5200000,Apartment,Elite Heights,Rohit Sharma
8003,2024-04-15,Referral,Gurgaon,14400000,Apartment,Urban Square,Neha Singh
8004,2024-12-24,Google Ads,Bangalore,15800000,Plot,Elite Heights,Praveen Tambe
8005,2024-03-05,Google Ads,Noida,12900000,Villa,Sky Residency,Ravi Mehta
8006,2024-06-10,Housing,Gurgaon,6300000,Plot,Palm Towers,Sachin Tendulkar
8007,2024-11-11,99acres,Noida,3400000,Villa,Palm Towers,Neha Singh
8008,2024-04-05,Facebook,Mumbai,11800000,Plot,Elite Heights,Viral Kohli
8009,2024-11-12,Referral,Noida,17400000,Villa,Elite Heights,Aman Sharma
8010,2024-04-24,Facebook,Bangalore,10500000,Plot,Elite Heights,Ravi Mehta
8011,2024-04-16,Google Ads,Noida,6900000,Villa,Green Valley,Neha Singh
8012,2024-07-30,99acres,Gurgaon,3000000,Plot,Green Valley,Neha Singh
8013,2024-07-14,Walk-in,Noida,13800000,Apartment,Palm Towers,Riya Kapoor
8014,2024-07-15,99acres,Pune,3200000,Plot,Sky Residency,Shefali Mehta
8015,2024-12-29,Housing,Hyderabad,3000000,Villa,Green Valley,Rohit Sharma
8016,2024-07-22,Housing,Noida,15900000,Plot,Sky Residency,Praveen Tambe
8017,2024-11-29,Channel Partner,Mumbai,8800000,Plot,Elite Heights,Ravi Mehta
8018,2024-09-26,Facebook,Gurgaon,8800000,Plot,Urban Square,Priya Kapoor
8019,2024-08-14,Housing,Gurgaon,19000000,Apartment,Green Valley,Viral Kohli
8020,2024-04-04,Channel Partner,Noida,6800000,Villa,Green Valley,Ravi Mehta
8021,2024-10-23,Google Ads,Gurgaon,3700000,Apartment,Elite Heights,Priya Kapoor
8022,2024-01-22,Facebook,Noida,19300000,Villa,Urban Square,Ravi Mehta
8023,2024-08-28,Google Ads,Bangalore,15800000,Villa,Elite Heights,Praveen Tambe
8024,2024-05-23,Channel Partner,Gurgaon,10900000,Villa,Green Valley,Praveen Tambe
8025,2024-06-24,Google Ads,Gurgaon,9500000,Plot,Elite Heights,Rohit Sharma
8026,2024-04-30,Referral,Gurgaon,18400000,Plot,Urban Square,Ravi Mehta
8027,2024-09-01,Referral,Hyderabad,15800000,Plot,Palm Towers,Shefali Mehta
8028,2024-09-05,Housing,Mumbai,16500000,Plot,Palm Towers,Rohit Sharma
8029,2024-08-31,Google Ads,Gurgaon,16700000,Apartment,Elite Heights,Shefali Mehta
8030,2024-01-25,Referral,Pune,3100000,Villa,Urban Square,Sachin Tendulkar
8031,2024-06-20,Google Ads,Bangalore,16100000,Plot,Elite Heights,Rohit Sharma
8032,2024-04-15,Google Ads,Mumbai,18500000,Villa,Sky Residency,Praveen Tambe
8033,2024-06-09,Housing,Gurgaon,7600000,Plot,Sky Residency,Aman Sharma
8034,2024-05-28,Channel Partner,Gurgaon,12600000,Apartment,Green Valley,Praveen Tambe
8035,2024-09-25,Google Ads,Gurgaon,3400000,Plot,Urban Square,Priya Kapoor
8036,2024-03-22,Facebook,Hyderabad,14600000,Plot,Urban Square,Priya Kapoor
8037,2024-03-21,Facebook,Gurgaon,16000000,Apartment,Sky Residency,Ravi Mehta
8038,2024-07-21,Google Ads,Gurgaon,17200000,Villa,Elite Heights,Priya Kapoor
8039,2024-06-16,Google Ads,Hyderabad,11800000,Plot,Sky Residency,Shefali Mehta
8040,2024-02-18,Channel Partner,Gurgaon,14900000,Plot,Urban Square,Sachin Tendulkar
8041,2024-01-02,Channel Partner,Noida,12900000,Villa,Urban Square,Ravi Mehta
8042,2024-11-04,Google Ads,Noida,5400000,Villa,Green Valley,Praveen Tambe
8043,2024-07-18,Facebook,Noida,13200000,Apartment,Urban Square,Neha Singh
8044,2024-09-18,99acres,Noida,16900000,Plot,Urban Square,Priya Kapoor
8045,2024-07-04,99acres,Gurgaon,7300000,Villa,Elite Heights,Riya Kapoor
8046,2024-04-18,Housing,Mumbai,18200000,Villa,Sky Residency,Viral Kohli
8047,2024-06-21,Google Ads,Bangalore,12000000,Plot,Palm Towers,Priya Kapoor
8048,2024-12-24,Facebook,Bangalore,20000000,Villa,Green Valley,Rohit Sharma
8049,2024-06-19,Referral,Gurgaon,4800000,Villa,Sky Residency,Sachin Tendulkar
8050,2024-02-10,Google Ads,Mumbai,10300000,Plot,Sky Residency,Priya Kapoor
8051,2024-04-30,Referral,Hyderabad,9100000,Plot,Sky Residency,Neha Singh
8052,2024-04-07,Google Ads,Mumbai,19300000,Plot,Green Valley,Rohit Sharma
8053,2024-09-23,Google Ads,Bangalore,10100000,Villa,Green Valley,Aman Sharma
8054,2024-07-08,Google Ads,Gurgaon,12800000,Plot,Green Valley,Sachin Tendulkar
8055,2024-04-30,Channel Partner,Noida,14200000,Villa,Elite Heights,Priya Kapoor
8056,2024-08-14,Facebook,Bangalore,7900000,Villa,Sky Residency,Praveen Tambe
8057,2024-10-20,Facebook,Gurgaon,17400000,Apartment,Sky Residency,Neha Singh
8058,2024-08-17,Google Ads,Bangalore,19100000,Villa,Green Valley,Neha Singh
8059,2024-01-12,99acres,Hyderabad,11200000,Plot,Sky Residency,Priya Kapoor
8060,2024-03-03,Google Ads,Noida,19700000,Plot,Palm Towers,Shefali Mehta
8061,2024-10-18,Housing,Bangalore,13900000,Apartment,Urban Square,Praveen Tambe
8062,2024-09-09,Google Ads,Noida,17200000,Plot,Green Valley,Ravi Mehta
8063,2024-10-20,Walk-in,Noida,14400000,Plot,Green Valley,Aman Sharma
8064,2024-05-08,Walk-in,Noida,16900000,Villa,Sky Residency,Aman Sharma
8065,2024-05-29,Facebook,Bangalore,17000000,Apartment,Sky Residency,Viral Kohli
8066,2024-01-19,Google Ads,Noida,6700000,Apartment,Sky Residency,Riya Kapoor
8067,2024-04-22,Housing,Hyderabad,17000000,Villa,Palm Towers,Shefali Mehta
8068,2024-06-21,Referral,Pune,10700000,Plot,Green Valley,Sachin Tendulkar
8069,2024-03-15,Google Ads,Gurgaon,13200000,Villa,Sky Residency,Shefali Mehta
8070,2024-08-13,Housing,Bangalore,4400000,Apartment,Sky Residency,Aman Sharma
8071,2024-11-23,99acres,Noida,6300000,Villa,Sky Residency,Viral Kohli
8072,2024-04-18,Walk-in,Hyderabad,12200000,Apartment,Green Valley,Riya Kapoor
8073,2024-09-11,Walk-in,Hyderabad,19900000,Villa,Elite Heights,Shefali Mehta
8074,2024-12-01,Google Ads,Pune,12100000,Villa,Palm Towers,Praveen Tambe
8075,2024-02-10,Housing,Bangalore,7900000,Plot,Green Valley,Ravi Mehta
8076,2024-04-24,Referral,Gurgaon,11800000,Villa,Urban Square,Sachin Tendulkar
8077,2024-01-10,Google Ads,Bangalore,4400000,Plot,Elite Heights,Shefali Mehta
8078,2024-07-04,Google Ads,Hyderabad,7100000,Villa,Urban Square,Priya Kapoor
8079,2024-12-21,Google Ads,Bangalore,15800000,Plot,Urban Square,Riya Kapoor
8080,2024-01-25,Channel Partner,Noida,10900000,Apartment,Elite Heights,Neha Singh
8081,2024-06-13,Google Ads,Hyderabad,3400000,Apartment,Palm Towers,Shefali Mehta
8082,2024-04-03,Referral,Pune,17000000,Apartment,Urban Square,Praveen Tambe
8083,2024-09-26,Facebook,Noida,5500000,Villa,Sky Residency,Praveen Tambe
8084,2024-07-06,Google Ads,Gurgaon,5100000,Plot,Urban Square,Sachin Tendulkar
8085,2024-01-11,Housing,Mumbai,8500000,Apartment,Elite Heights,Viral Kohli
8086,2024-10-21,Housing,Pune,15800000,Apartment,Palm Towers,Viral Kohli
8087,2024-12-21,99acres,Gurgaon,9100000,Apartment,Elite Heights,Riya Kapoor
8088,2024-06-08,Google Ads,Gurgaon,16500000,Villa,Green Valley,Riya Kapoor
8089,2024-12-14,Facebook,Noida,19500000,Plot,Palm Towers,Neha Singh
8090,2024-11-10,Google Ads,Gurgaon,19800000,Apartment,Green Valley,Aman Sharma
8091,2024-06-19,Google Ads,Gurgaon,10000000,Plot,Urban Square,Neha Singh
8092,2024-01-21,99acres,Bangalore,5600000,Apartment,Green Valley,Sachin Tendulkar
8093,2024-01-30,99acres,Pune,14000000,Plot,Sky Residency,Aman Sharma
8094,2024-08-19,Referral,Noida,16800000,Apartment,Elite Heights,Praveen Tambe
8095,2024-03-29,Channel Partner,Hyderabad,13900000,Plot,Green Valley,Neha Singh
8096,2024-03-09,Housing,Bangalore,16000000,Villa,Green Valley,Rohit Sharma
8097,2024-04-21,Facebook,Noida,14900000,Apartment,Sky Residency,Praveen Tambe
8098,2024-01-10,99acres,Hyderabad,7400000,Villa,Green Valley,Riya Kapoor
8099,2024-04-01,Google Ads,Gurgaon,6800000,Villa,Palm Towers,Viral Kohli
8100,2024-09-24,Channel Partner,Pune,12000000,Plot,Palm Towers,Priya Kapoor
8101,2024-01-10,99acres,Pune,13200000,Apartment,Green Valley,Viral Kohli
8102,2024-09-19,99acres,Noida,13800000,Plot,Palm Towers,Sachin Tendulkar
8103,2024-08-23,Google Ads,Gurgaon,9200000,Apartment,Elite Heights,Neha Singh
8104,2024-10-28,Google Ads,Bangalore,11500000,Plot,Sky Residency,Aman Sharma
8105,2024-11-21,Referral,Bangalore,7800000,Plot,Palm Towers,Shefali Mehta
8106,2024-10-13,Channel Partner,Noida,7300000,Villa,Green Valley,Neha Singh
8107,2024-01-04,Housing,Gurgaon,13700000,Villa,Urban Square,Aman Sharma
8108,2024-12-05,Facebook,Bangalore,16800000,Plot,Green Valley,Riya Kapoor
8109,2024-11-16,99acres,Hyderabad,19600000,Apartment,Elite Heights,Viral Kohli
8110,2024-09-05,Google Ads,Mumbai,15400000,Plot,Urban Square,Viral Kohli
8111,2024-05-17,Housing,Gurgaon,12100000,Villa,Sky Residency,Shefali Mehta
8112,2024-05-23,99acres,Gurgaon,5200000,Plot,Green Valley,Aman Sharma
8113,2024-10-13,Walk-in,Mumbai,12500000,Apartment,Elite Heights,Viral Kohli
8114,2024-12-08,Google Ads,Noida,13800000,Apartment,Elite Heights,Viral Kohli
8115,2024-06-24,Facebook,Gurgaon,4500000,Villa,Sky Residency,Neha Singh
8116,2024-12-20,Facebook,Mumbai,17600000,Apartment,Green Valley,Ravi Mehta
8117,2024-08-06,Google Ads,Mumbai,11600000,Apartment,Palm Towers,Praveen Tambe
8118,2024-08-08,99acres,Pune,18800000,Apartment,Urban Square,Praveen Tambe
8119,2024-01-24,Housing,Pune,19600000,Villa,Palm Towers,Neha Singh
8120,2024-06-19,Facebook,Gurgaon,14200000,Apartment,Elite Heights,Ravi Mehta
8121,2024-06-12,Facebook,Pune,15000000,Plot,Palm Towers,Viral Kohli
8122,2024-04-30,Referral,Noida,11100000,Villa,Elite Heights,Praveen Tambe
8123,2024-01-31,Google Ads,Gurgaon,7600000,Villa,Elite Heights,Neha Singh
8124,2024-05-23,Housing,Bangalore,4200000,Plot,Urban Square,Aman Sharma
8125,2024-02-01,Google Ads,Noida,13900000,Apartment,Elite Heights,Rohit Sharma
8126,2024-05-05,Google Ads,Gurgaon,14800000,Plot,Urban Square,Viral Kohli
8127,2024-10-27,Google Ads,Pune,13100000,Plot,Sky Residency,Rohit Sharma
8128,2024-12-27,Walk-in,Bangalore,8600000,Plot,Sky Residency,Riya Kapoor
8129,2024-05-02,Facebook,Bangalore,13000000,Plot,Elite Heights,Aman Sharma
8130,2024-07-29,99acres,Pune,15000000,Villa,Urban Square,Ravi Mehta
8131,2024-07-01,Google Ads,Gurgaon,11300000,Apartment,Palm Towers,Sachin Tendulkar
8132,2024-05-10,Facebook,Noida,17500000,Villa,Elite Heights,Aman Sharma
8133,2024-09-06,Referral,Hyderabad,19400000,Plot,Palm Towers,Shefali Mehta
8134,2024-01-31,Referral,Noida,18600000,Plot,Elite Heights,Viral Kohli
8135,2024-03-26,Google Ads,Bangalore,6800000,Villa,Elite Heights,Rohit Sharma
8136,2024-11-29,Housing,Mumbai,3900000,Villa,Sky Residency,Neha Singh
8137,2024-07-26,99acres,Hyderabad,18100000,Villa,Urban Square,Neha Singh
8138,2024-01-10,Channel Partner,Gurgaon,7500000,Plot,Elite Heights,Viral Kohli
8139,2024-07-07,Facebook,Bangalore,5100000,Villa,Palm Towers,Ravi Mehta
8140,2024-01-21,Google Ads,Pune,6400000,Plot,Sky Residency,Sachin Tendulkar
8141,2024-06-01,Facebook,Bangalore,14000000,Plot,Elite Heights,Priya Kapoor
8142,2024-11-24,Channel Partner,Mumbai,12800000,Plot,Palm Towers,Priya Kapoor
8143,2024-02-21,Channel Partner,Noida,13500000,Apartment,Urban Square,Priya Kapoor
8144,2024-03-05,Channel Partner,Noida,3100000,Plot,Palm Towers,Priya Kapoor
8145,2024-02-20,Channel Partner,Pune,11600000,Apartment,Green Valley,Viral Kohli
8146,2024-11-29,Facebook,Mumbai,15900000,Apartment,Sky Residency,Riya Kapoor
8147,2024-12-31,Referral,Pune,10800000,Villa,Palm Towers,Praveen Tambe
8148,2024-04-10,Facebook,Gurgaon,18600000,Villa,Palm Towers,Rohit Sharma
8149,2024-06-24,99acres,Bangalore,10400000,Plot,Elite Heights,Ravi Mehta
8150,2024-12-06,Facebook,Pune,16800000,Apartment,Elite Heights,Viral Kohli
8151,2024-11-24,99acres,Noida,3000000,Plot,Urban Square,Aman Sharma
8152,2024-04-02,Walk-in,Bangalore,9100000,Apartment,Urban Square,Praveen Tambe
8153,2024-12-23,Housing,Gurgaon,5000000,Villa,Sky Residency,Ravi Mehta
8154,2024-05-31,Google Ads,Noida,6700000,Apartment,Green Valley,Rohit Sharma
8155,2024-11-15,99acres,Gurgaon,8500000,Villa,Urban Square,Rohit Sharma
8156,2024-07-23,99acres,Mumbai,8200000,Plot,Urban Square,Viral Kohli
8157,2024-07-29,Facebook,Noida,18400000,Villa,Palm Towers,Priya Kapoor
8158,2024-07-09,Facebook,Noida,18600000,Plot,Palm Towers,Ravi Mehta
8159,2024-12-17,Referral,Noida,11100000,Apartment,Green Valley,Rohit Sharma
8160,2024-05-03,Google Ads,Mumbai,10700000,Villa,Sky Residency,Sachin Tendulkar
8161,2024-02-24,Referral,Gurgaon,19800000,Apartment,Palm Towers,Sachin Tendulkar
8162,2024-07-03,Facebook,Gurgaon,18100000,Plot,Palm Towers,Aman Sharma
8163,2024-06-27,Facebook,Hyderabad,11600000,Plot,Elite Heights,Viral Kohli
8164,2024-10-30,Facebook,Noida,18700000,Plot,Urban Square,Viral Kohli
8165,2024-02-20,Channel Partner,Hyderabad,13400000,Plot,Green Valley,Priya Kapoor
8166,2024-12-28,Housing,Gurgaon,12500000,Apartment,Sky Residency,Ravi Mehta
8167,2024-04-08,Referral,Hyderabad,5100000,Plot,Green Valley,Riya Kapoor
8168,2024-11-17,Referral,Mumbai,10200000,Apartment,Green Valley,Rohit Sharma
8169,2024-10-26,Google Ads,Pune,3600000,Villa,Elite Heights,Praveen Tambe
8170,2024-11-11,Google Ads,Noida,12600000,Villa,Sky Residency,Neha Singh
8171,2024-12-04,99acres,Noida,12800000,Plot,Elite Heights,Praveen Tambe
8172,2024-09-22,Facebook,Bangalore,5700000,Apartment,Urban Square,Riya Kapoor
8173,2024-04-25,Channel Partner,Noida,16100000,Plot,Sky Residency,Aman Sharma
8174,2024-09-24,Google Ads,Pune,14400000,Apartment,Green Valley,Rohit Sharma
8175,2024-08-15,Google Ads,Gurgaon,8200000,Villa,Elite Heights,Neha Singh
8176,2024-12-12,Google Ads,Gurgaon,12600000,Villa,Urban Square,Praveen Tambe
8177,2024-04-02,Referral,Noida,17600000,Plot,Green Valley,Rohit Sharma
8178,2024-12-18,99acres,Hyderabad,5400000,Apartment,Palm Towers,Sachin Tendulkar
8179,2024-01-04,Walk-in,Hyderabad,14300000,Plot,Sky Residency,Shefali Mehta
8180,2024-07-19,99acres,Mumbai,17100000,Villa,Elite Heights,Praveen Tambe
8181,2024-07-02,Facebook,Mumbai,10300000,Plot,Urban Square,Riya Kapoor
8182,2024-01-21,99acres,Bangalore,14700000,Apartment,Elite Heights,Riya Kapoor
8183,2024-12-01,Housing,Noida,3000000,Villa,Elite Heights,Shefali Mehta
8184,2024-05-09,99acres,Gurgaon,6000000,Plot,Green Valley,Aman Sharma
8185,2024-07-12,Google Ads,Mumbai,11100000,Villa,Green Valley,Aman Sharma
8186,2024-08-27,Channel Partner,Hyderabad,4400000,Villa,Elite Heights,Ravi Mehta
8187,2024-04-06,Google Ads,Hyderabad,19500000,Plot,Elite Heights,Aman Sharma
8188,2024-08-06,99acres,Hyderabad,8900000,Apartment,Urban Square,Sachin Tendulkar
8189,2024-10-17,Housing,Gurgaon,15300000,Plot,Sky Residency,Sachin Tendulkar
8190,2024-02-12,Facebook,Noida,15900000,Villa,Green Valley,Neha Singh
8191,2024-07-28,Facebook,Noida,9500000,Villa,Elite Heights,Ravi Mehta
8192,2024-02-06,Referral,Mumbai,3000000,Plot,Urban Square,Riya Kapoor
8193,2024-06-17,Referral,Noida,6100000,Villa,Elite Heights,Priya Kapoor
8194,2024-10-07,Google Ads,Hyderabad,18900000,Apartment,Sky Residency,Praveen Tambe
8195,2024-09-13,99acres,Gurgaon,3400000,Apartment,Urban Square,Rohit Sharma
8196,2024-03-31,Facebook,Gurgaon,15800000,Apartment,Palm Towers,Viral Kohli
8197,2024-11-15,99acres,Gurgaon,18400000,Apartment,Palm Towers,Viral Kohli
8198,2024-12-01,Google Ads,Noida,16200000,Plot,Sky Residency,Sachin Tendulkar
8199,2024-06-29,Facebook,Noida,10200000,Plot,Green Valley,Priya Kapoor
8200,2024-11-30,99acres,Hyderabad,19900000,Villa,Sky Residency,Viral Kohli
8201,2024-05-27,Channel Partner,Noida,11600000,Apartment,Green Valley,Sachin Tendulkar
8202,2024-08-31,Google Ads,Gurgaon,3300000,Plot,Palm Towers,Neha Singh
8203,2024-04-24,Housing,Mumbai,15300000,Plot,Urban Square,Rohit Sharma
8204,2024-06-04,99acres,Hyderabad,17400000,Apartment,Sky Residency,Rohit Sharma
8205,2024-10-27,Google Ads,Noida,9400000,Plot,Sky Residency,Sachin Tendulkar
8206,2024-08-25,Housing,Mumbai,11800000,Villa,Urban Square,Riya Kapoor
8207,2024-06-17,99acres,Gurgaon,15900000,Apartment,Sky Residency,Rohit Sharma
8208,2024-06-25,Walk-in,Pune,12900000,Plot,Green Valley,Shefali Mehta
8209,2024-02-24,Google Ads,Mumbai,13700000,Apartment,Palm Towers,Praveen Tambe
8210,2024-08-11,Facebook,Mumbai,15500000,Plot,Palm Towers,Praveen Tambe
8211,2024-10-15,Channel Partner,Gurgaon,18000000,Apartment,Elite Heights,Priya Kapoor
8212,2024-04-18,99acres,Pune,13500000,Apartment,Urban Square,Sachin Tendulkar
8213,2024-11-20,Google Ads,Hyderabad,12900000,Villa,Green Valley,Neha Singh
8214,2024-11-03,Google Ads,Noida,13800000,Villa,Sky Residency,Neha Singh
8215,2024-07-04,Housing,Gurgaon,11200000,Plot,Palm Towers,Viral Kohli
8216,2024-01-21,Google Ads,Mumbai,11700000,Plot,Green Valley,Riya Kapoor
8217,2024-11-26,Google Ads,Gurgaon,19300000,Plot,Palm Towers,Viral Kohli
8218,2024-11-07,99acres,Gurgaon,18100000,Villa,Urban Square,Neha Singh
8219,2024-04-27,Referral,Bangalore,3000000,Plot,Sky Residency,Praveen Tambe
8220,2024-02-13,99acres,Pune,19100000,Villa,Green Valley,Rohit Sharma
8221,2024-09-15,Facebook,Gurgaon,5400000,Villa,Palm Towers,Aman Sharma
8222,2024-08-05,Google Ads,Gurgaon,19400000,Plot,Sky Residency,Shefali Mehta
8223,2024-12-29,Referral,Mumbai,3600000,Villa,Sky Residency,Aman Sharma
8224,2024-10-02,Housing,Hyderabad,8300000,Villa,Green Valley,Viral Kohli
8225,2024-12-01,Housing,Bangalore,10100000,Apartment,Green Valley,Ravi Mehta
8226,2024-08-29,Facebook,Mumbai,7600000,Villa,Green Valley,Priya Kapoor
8227,2024-02-27,Channel Partner,Mumbai,20000000,Apartment,Sky Residency,Ravi Mehta
8228,2024-09-26,Google Ads,Pune,3300000,Villa,Green Valley,Riya Kapoor
8229,2024-10-13,Facebook,Noida,11100000,Villa,Urban Square,Sachin Tendulkar
8230,2024-02-16,Google Ads,Bangalore,4800000,Villa,Urban Square,Aman Sharma
8231,2024-10-06,Google Ads,Gurgaon,15000000,Plot,Green Valley,Ravi Mehta
8232,2024-05-14,Channel Partner,Pune,16500000,Apartment,Palm Towers,Aman Sharma
8233,2024-04-02,Channel Partner,Pune,16200000,Apartment,Palm Towers,Riya Kapoor
8234,2024-01-13,Referral,Hyderabad,3800000,Plot,Elite Heights,Neha Singh
8235,2024-01-27,Housing,Bangalore,12300000,Villa,Elite Heights,Priya Kapoor
8236,2024-09-11,Facebook,Mumbai,17000000,Villa,Urban Square,Sachin Tendulkar
8237,2024-09-24,Google Ads,Gurgaon,6300000,Plot,Urban Square,Neha Singh
8238,2024-09-23,Channel Partner,Gurgaon,9600000,Villa,Palm Towers,Sachin Tendulkar
8239,2024-12-11,99acres,Noida,15900000,Plot,Palm Towers,Ravi Mehta
8240,2024-12-16,99acres,Pune,3500000,Plot,Sky Residency,Rohit Sharma
8241,2024-10-03,Referral,Gurgaon,3800000,Villa,Sky Residency,Neha Singh
8242,2024-01-23,Housing,Pune,9900000,Apartment,Green Valley,Ravi Mehta
8243,2024-06-24,Walk-in,Gurgaon,10200000,Villa,Sky Residency,Riya Kapoor
8244,2024-12-13,Google Ads,Bangalore,14200000,Apartment,Elite Heights,Neha Singh
8245,2024-11-23,Referral,Gurgaon,11300000,Plot,Green Valley,Sachin Tendulkar
8246,2024-01-23,Housing,Gurgaon,6000000,Plot,Sky Residency,Rohit Sharma
8247,2024-11-21,Facebook,Mumbai,16800000,Villa,Palm Towers,Viral Kohli
8248,2024-06-17,Google Ads,Mumbai,10700000,Plot,Palm Towers,Viral Kohli
8249,2024-06-26,Google Ads,Bangalore,7000000,Villa,Palm Towers,Riya Kapoor
8250,2024-07-16,Housing,Hyderabad,3900000,Villa,Sky Residency,Rohit Sharma
8251,2024-01-15,Housing,Gurgaon,8700000,Plot,Sky Residency,Rohit Sharma
8252,2024-11-02,Housing,Hyderabad,18900000,Apartment,Palm Towers,Riya Kapoor
8253,2024-09-24,Google Ads,Mumbai,9300000,Villa,Palm Towers,Viral Kohli
8254,2024-05-03,Google Ads,Mumbai,8200000,Villa,Sky Residency,Neha Singh
8255,2024-01-25,Walk-in,Gurgaon,4200000,Plot,Palm Towers,Rohit Sharma
8256,2024-09-12,Walk-in,Hyderabad,12200000,Apartment,Palm Towers,Ravi Mehta
8257,2024-10-27,Google Ads,Bangalore,4800000,Apartment,Green Valley,Viral Kohli
8258,2024-12-25,Referral,Noida,12300000,Villa,Elite Heights,Aman Sharma
8259,2024-01-27,Google Ads,Pune,4600000,Apartment,Urban Square,Priya Kapoor
8260,2024-09-04,Referral,Mumbai,18300000,Villa,Urban Square,Rohit Sharma
8261,2024-05-18,Google Ads,Gurgaon,8400000,Plot,Elite Heights,Ravi Mehta
8262,2024-09-17,Facebook,Pune,12100000,Plot,Elite Heights,Viral Kohli
8263,2024-09-14,99acres,Gurgaon,17200000,Villa,Sky Residency,Riya Kapoor
8264,2024-09-26,Referral,Bangalore,7400000,Villa,Palm Towers,Riya Kapoor
8265,2024-11-23,99acres,Mumbai,17600000,Villa,Urban Square,Viral Kohli
8266,2024-03-14,Walk-in,Hyderabad,3200000,Villa,Elite Heights,Praveen Tambe
8267,2024-10-06,Google Ads,Gurgaon,11700000,Apartment,Urban Square,Rohit Sharma
8268,2024-02-07,Walk-in,Gurgaon,16100000,Apartment,Sky Residency,Riya Kapoor
8269,2024-01-14,Housing,Gurgaon,5200000,Plot,Elite Heights,Rohit Sharma
8270,2024-10-21,Google Ads,Gurgaon,4100000,Apartment,Sky Residency,Sachin Tendulkar
8271,2024-07-23,Facebook,Bangalore,10200000,Plot,Elite Heights,Aman Sharma
8272,2024-07-28,Housing,Mumbai,12500000,Villa,Green Valley,Neha Singh
8273,2024-01-20,Housing,Noida,7300000,Apartment,Sky Residency,Rohit Sharma
8274,2024-04-05,Channel Partner,Bangalore,4900000,Plot,Sky Residency,Viral Kohli
8275,2024-02-14,Channel Partner,Mumbai,18000000,Plot,Elite Heights,Shefali Mehta
8276,2024-03-19,Housing,Bangalore,17000000,Plot,Elite Heights,Rohit Sharma
8277,2024-02-20,Facebook,Pune,6400000,Plot,Elite Heights,Riya Kapoor
8278,2024-06-15,Google Ads,Pune,6400000,Apartment,Green Valley,Ravi Mehta
8279,2024-12-02,Referral,Noida,13200000,Villa,Sky Residency,Praveen Tambe
8280,2024-06-23,Facebook,Pune,11700000,Plot,Urban Square,Ravi Mehta
8281,2024-12-14,99acres,Noida,4100000,Apartment,Sky Residency,Viral Kohli
8282,2024-02-23,Channel Partner,Mumbai,20000000,Apartment,Urban Square,Riya Kapoor
8283,2024-12-09,Google Ads,Noida,6700000,Villa,Urban Square,Ravi Mehta
8284,2024-10-16,Google Ads,Gurgaon,13700000,Villa,Green Valley,Priya Kapoor
8285,2024-11-11,Google Ads,Bangalore,10700000,Villa,Elite Heights,Rohit Sharma
8286,2024-06-28,Google Ads,Bangalore,18900000,Villa,Sky Residency,Neha Singh
8287,2024-06-10,Facebook,Mumbai,17700000,Plot,Green Valley,Praveen Tambe
8288,2024-11-03,Housing,Noida,18500000,Villa,Elite Heights,Neha Singh
8289,2024-11-18,99acres,Bangalore,11400000,Apartment,Sky Residency,Sachin Tendulkar
8290,2024-02-08,Google Ads,Pune,11900000,Villa,Sky Residency,Praveen Tambe
8291,2024-12-16,Housing,Hyderabad,8600000,Villa,Urban Square,Rohit Sharma
8292,2024-07-10,Facebook,Noida,6800000,Villa,Sky Residency,Viral Kohli
8293,2024-08-02,Referral,Mumbai,8200000,Apartment,Elite Heights,Shefali Mehta
8294,2024-09-09,Referral,Noida,18300000,Plot,Sky Residency,Ravi Mehta
8295,2024-04-25,Housing,Mumbai,5900000,Apartment,Green Valley,Shefali Mehta
8296,2024-03-21,99acres,Gurgaon,3300000,Apartment,Elite Heights,Riya Kapoor
8297,2024-04-11,Housing,Hyderabad,5300000,Plot,Urban Square,Riya Kapoor
8298,2024-07-25,Facebook,Pune,5000000,Plot,Elite Heights,Aman Sharma
8299,2024-10-30,Walk-in,Gurgaon,18800000,Apartment,Sky Residency,Aman Sharma
8300,2024-10-19,Channel Partner,Hyderabad,15900000,Apartment,Palm Towers,Riya Kapoor
8301,2024-12-24,Channel Partner,Gurgaon,9600000,Apartment,Palm Towers,Riya Kapoor
8302,2024-04-10,Channel Partner,Gurgaon,19500000,Apartment,Urban Square,Riya Kapoor
8303,2024-10-22,Housing,Gurgaon,8800000,Plot,Urban Square,Neha Singh
8304,2024-09-19,99acres,Noida,6800000,Apartment,Palm Towers,Priya Kapoor
8305,2024-05-03,99acres,Mumbai,15600000,Apartment,Green Valley,Ravi Mehta
8306,2024-04-03,Facebook,Noida,7100000,Plot,Elite Heights,Riya Kapoor
8307,2024-12-04,Referral,Bangalore,11600000,Plot,Sky Residency,Ravi Mehta
8308,2024-10-17,Referral,Noida,14600000,Apartment,Palm Towers,Praveen Tambe
8309,2024-10-03,Referral,Gurgaon,18300000,Villa,Elite Heights,Neha Singh
8310,2024-09-01,Channel Partner,Bangalore,15800000,Plot,Sky Residency,Priya Kapoor
8311,2024-01-27,99acres,Pune,4800000,Villa,Sky Residency,Sachin Tendulkar
8312,2024-03-18,Facebook,Bangalore,9800000,Plot,Elite Heights,Rohit Sharma
8313,2024-09-06,Referral,Noida,4900000,Apartment,Urban Square,Ravi Mehta
8314,2024-11-12,99acres,Mumbai,16200000,Plot,Green Valley,Praveen Tambe
8315,2024-06-07,Google Ads,Gurgaon,10700000,Apartment,Elite Heights,Rohit Sharma
8316,2024-07-26,Google Ads,Gurgaon,11200000,Villa,Green Valley,Rohit Sharma
8317,2024-03-04,Google Ads,Mumbai,10900000,Plot,Green Valley,Sachin Tendulkar
8318,2024-02-06,Google Ads,Mumbai,18700000,Apartment,Palm Towers,Praveen Tambe
8319,2024-04-11,99acres,Gurgaon,5600000,Villa,Elite Heights,Sachin Tendulkar
8320,2024-02-05,Housing,Pune,16400000,Apartment,Palm Towers,Praveen Tambe
8321,2024-02-25,Google Ads,Gurgaon,6100000,Plot,Elite Heights,Sachin Tendulkar
8322,2024-04-30,Housing,Bangalore,15600000,Plot,Urban Square,Riya Kapoor
8323,2024-04-16,Google Ads,Hyderabad,15000000,Plot,Palm Towers,Rohit Sharma
8324,2024-07-06,Facebook,Pune,10800000,Apartment,Elite Heights,Priya Kapoor
8325,2024-01-19,Channel Partner,Noida,7000000,Villa,Elite Heights,Neha Singh
8326,2024-07-24,Walk-in,Pune,10700000,Villa,Elite Heights,Rohit Sharma
8327,2024-07-31,Referral,Mumbai,11600000,Apartment,Urban Square,Ravi Mehta
8328,2024-12-03,Facebook,Noida,7500000,Villa,Palm Towers,Praveen Tambe
8329,2024-12-04,Referral,Bangalore,19800000,Villa,Urban Square,Shefali Mehta
8330,2024-02-10,Google Ads,Bangalore,8900000,Plot,Green Valley,Shefali Mehta
8331,2024-11-18,Housing,Mumbai,5900000,Apartment,Urban Square,Neha Singh
8332,2024-06-05,99acres,Mumbai,13100000,Plot,Elite Heights,Viral Kohli
8333,2024-12-13,Google Ads,Mumbai,8500000,Plot,Sky Residency,Praveen Tambe
8334,2024-06-23,99acres,Bangalore,19000000,Apartment,Palm Towers,Aman Sharma
8335,2024-08-14,99acres,Mumbai,12700000,Apartment,Palm Towers,Neha Singh
8336,2024-06-06,Channel Partner,Bangalore,3200000,Villa,Elite Heights,Praveen Tambe
8337,2024-03-12,99acres,Gurgaon,5700000,Plot,Palm Towers,Viral Kohli
8338,2024-10-12,Referral,Gurgaon,18900000,Villa,Green Valley,Shefali Mehta
8339,2024-08-28,Housing,Noida,18500000,Apartment,Sky Residency,Neha Singh
8340,2024-12-26,Google Ads,Noida,4400000,Plot,Urban Square,Rohit Sharma
8341,2024-04-21,Housing,Pune,18500000,Plot,Green Valley,Sachin Tendulkar
8342,2024-03-04,Housing,Gurgaon,13600000,Apartment,Green Valley,Ravi Mehta
8343,2024-10-30,99acres,Bangalore,8700000,Plot,Green Valley,Sachin Tendulkar
8344,2024-12-02,Facebook,Bangalore,6600000,Plot,Sky Residency,Rohit Sharma
8345,2024-04-14,Google Ads,Mumbai,10500000,Apartment,Elite Heights,Rohit Sharma
8346,2024-10-13,Referral,Gurgaon,16000000,Plot,Palm Towers,Riya Kapoor
8347,2024-03-28,99acres,Bangalore,10400000,Villa,Elite Heights,Sachin Tendulkar
8348,2024-05-20,Google Ads,Hyderabad,11300000,Apartment,Palm Towers,Shefali Mehta
8349,2024-08-05,Referral,Noida,17600000,Apartment,Elite Heights,Viral Kohli
8350,2024-04-16,Google Ads,Bangalore,4500000,Villa,Urban Square,Aman Sharma
8351,2024-05-05,99acres,Bangalore,19000000,Apartment,Urban Square,Riya Kapoor
8352,2024-08-07,Channel Partner,Noida,3700000,Apartment,Sky Residency,Riya Kapoor
8353,2024-02-28,Facebook,Gurgaon,17400000,Apartment,Sky Residency,Ravi Mehta
8354,2024-09-07,Facebook,Gurgaon,8200000,Plot,Palm Towers,Sachin Tendulkar
8355,2024-07-08,Channel Partner,Gurgaon,14400000,Plot,Sky Residency,Viral Kohli
8356,2024-09-02,Google Ads,Gurgaon,19900000,Villa,Green Valley,Rohit Sharma
8357,2024-08-06,Walk-in,Bangalore,14000000,Villa,Green Valley,Rohit Sharma
8358,2024-01-15,Google Ads,Pune,4800000,Plot,Urban Square,Shefali Mehta
8359,2024-11-08,Facebook,Noida,13900000,Villa,Green Valley,Neha Singh
8360,2024-04-05,99acres,Hyderabad,12400000,Plot,Palm Towers,Praveen Tambe
8361,2024-02-18,Google Ads,Bangalore,14500000,Apartment,Urban Square,Rohit Sharma
8362,2024-02-27,Referral,Mumbai,9300000,Villa,Sky Residency,Rohit Sharma
8363,2024-10-31,Google Ads,Mumbai,16200000,Apartment,Sky Residency,Sachin Tendulkar
8364,2024-07-17,Facebook,Gurgaon,19100000,Apartment,Sky Residency,Sachin Tendulkar
8365,2024-10-14,Facebook,Bangalore,4100000,Villa,Palm Towers,Viral Kohli
8366,2024-08-03,Housing,Gurgaon,4600000,Villa,Sky Residency,Viral Kohli
8367,2024-02-08,Channel Partner,Noida,5000000,Villa,Elite Heights,Aman Sharma
8368,2024-04-28,Google Ads,Noida,16500000,Villa,Urban Square,Praveen Tambe
8369,2024-05-30,Google Ads,Mumbai,5100000,Plot,Sky Residency,Neha Singh
8370,2024-12-25,99acres,Hyderabad,15900000,Plot,Palm Towers,Neha Singh
8371,2024-05-16,99acres,Gurgaon,15500000,Villa,Palm Towers,Riya Kapoor
8372,2024-12-17,Facebook,Bangalore,19700000,Villa,Elite Heights,Praveen Tambe
8373,2024-09-06,Facebook,Pune,7600000,Apartment,Sky Residency,Riya Kapoor
8374,2024-08-02,Google Ads,Gurgaon,17300000,Villa,Palm Towers,Ravi Mehta
8375,2024-12-31,99acres,Gurgaon,10000000,Villa,Palm Towers,Priya Kapoor
8376,2024-12-02,Channel Partner,Pune,9700000,Plot,Elite Heights,Praveen Tambe
8377,2024-07-24,Facebook,Gurgaon,7100000,Apartment,Urban Square,Rohit Sharma
8378,2024-10-22,Google Ads,Mumbai,9500000,Apartment,Urban Square,Riya Kapoor
8379,2024-04-25,Google Ads,Mumbai,3500000,Villa,Elite Heights,Ravi Mehta
8380,2024-07-15,Google Ads,Mumbai,18000000,Apartment,Green Valley,Praveen Tambe
8381,2024-12-27,Google Ads,Noida,8200000,Apartment,Palm Towers,Ravi Mehta
8382,2024-11-19,Walk-in,Pune,19200000,Plot,Sky Residency,Shefali Mehta
8383,2024-07-08,Facebook,Bangalore,12100000,Apartment,Elite Heights,Priya Kapoor
8384,2024-01-14,Referral,Noida,8700000,Villa,Green Valley,Neha Singh
8385,2024-11-07,Facebook,Gurgaon,18000000,Plot,Green Valley,Ravi Mehta
8386,2024-02-06,99acres,Noida,5400000,Villa,Sky Residency,Sachin Tendulkar
8387,2024-09-15,Facebook,Hyderabad,8400000,Plot,Green Valley,Viral Kohli
8388,2024-12-05,Referral,Gurgaon,4100000,Apartment,Palm Towers,Praveen Tambe
8389,2024-08-20,99acres,Pune,3900000,Plot,Sky Residency,Ravi Mehta
8390,2024-07-28,Referral,Mumbai,4400000,Apartment,Green Valley,Viral Kohli
8391,2024-12-25,Facebook,Gurgaon,8600000,Apartment,Green Valley,Shefali Mehta
8392,2024-12-05,Facebook,Gurgaon,8600000,Apartment,Green Valley,Viral Kohli
8393,2024-10-10,Facebook,Mumbai,7400000,Plot,Palm Towers,Sachin Tendulkar
8394,2024-03-11,Housing,Gurgaon,15900000,Apartment,Urban Square,Riya Kapoor
8395,2024-10-20,Google Ads,Mumbai,10100000,Plot,Urban Square,Rohit Sharma
8396,2024-10-24,Channel Partner,Pune,9500000,Plot,Palm Towers,Rohit Sharma
8397,2024-07-02,99acres,Noida,5600000,Plot,Palm Towers,Shefali Mehta
8398,2024-03-27,99acres,Bangalore,3400000,Apartment,Urban Square,Sachin Tendulkar
8399,2024-12-24,Google Ads,Noida,11100000,Villa,Palm Towers,Ravi Mehta
8400,2024-07-09,Facebook,Noida,19000000,Apartment,Green Valley,Riya Kapoor
8401,2024-04-13,Google Ads,Hyderabad,18700000,Apartment,Palm Towers,Rohit Sharma
8402,2024-12-26,Google Ads,Bangalore,16400000,Plot,Urban Square,Neha Singh
8403,2024-02-18,Facebook,Gurgaon,7000000,Villa,Sky Residency,Viral Kohli
8404,2024-11-25,Google Ads,Hyderabad,18600000,Villa,Sky Residency,Aman Sharma
8405,2024-02-01,Housing,Gurgaon,12500000,Apartment,Green Valley,Shefali Mehta
8406,2024-11-22,99acres,Noida,4300000,Villa,Elite Heights,Riya Kapoor
8407,2024-02-03,Referral,Noida,9800000,Apartment,Sky Residency,Priya Kapoor
8408,2024-03-29,Google Ads,Bangalore,4600000,Plot,Green Valley,Viral Kohli
8409,2024-07-12,Google Ads,Hyderabad,6500000,Apartment,Palm Towers,Praveen Tambe
8410,2024-01-29,Google Ads,Gurgaon,7700000,Plot,Palm Towers,Aman Sharma
8411,2024-08-13,Channel Partner,Noida,16200000,Villa,Palm Towers,Priya Kapoor
8412,2024-08-29,Google Ads,Pune,5700000,Villa,Sky Residency,Riya Kapoor
8413,2024-08-03,99acres,Mumbai,5600000,Plot,Urban Square,Priya Kapoor
8414,2024-04-25,Facebook,Gurgaon,19900000,Plot,Urban Square,Aman Sharma
8415,2024-03-07,Facebook,Mumbai,3700000,Plot,Palm Towers,Shefali Mehta
8416,2024-03-02,Housing,Gurgaon,17700000,Villa,Elite Heights,Viral Kohli
8417,2024-01-09,Google Ads,Noida,9800000,Villa,Elite Heights,Riya Kapoor
8418,2024-03-16,Facebook,Bangalore,16300000,Villa,Sky Residency,Rohit Sharma
8419,2024-04-10,Housing,Pune,6000000,Apartment,Elite Heights,Aman Sharma
8420,2024-09-20,Google Ads,Bangalore,7700000,Plot,Palm Towers,Riya Kapoor
8421,2024-01-24,Housing,Hyderabad,11300000,Apartment,Urban Square,Neha Singh
8422,2024-05-15,Facebook,Bangalore,17800000,Plot,Sky Residency,Viral Kohli
8423,2024-11-13,Google Ads,Gurgaon,14600000,Villa,Elite Heights,Praveen Tambe
8424,2024-04-26,Google Ads,Gurgaon,10300000,Villa,Elite Heights,Riya Kapoor
8425,2024-06-21,Referral,Pune,16500000,Plot,Palm Towers,Praveen Tambe
8426,2024-01-25,Referral,Noida,19200000,Villa,Elite Heights,Praveen Tambe
8427,2024-05-19,Walk-in,Bangalore,17500000,Apartment,Urban Square,Shefali Mehta
8428,2024-01-11,Facebook,Mumbai,10600000,Apartment,Green Valley,Aman Sharma
8429,2024-09-22,Referral,Hyderabad,7900000,Plot,Sky Residency,Praveen Tambe
8430,2024-11-09,Google Ads,Noida,9200000,Plot,Urban Square,Praveen Tambe
8431,2024-05-29,Facebook,Bangalore,7100000,Apartment,Urban Square,Shefali Mehta
8432,2024-09-02,Google Ads,Noida,17100000,Plot,Urban Square,Riya Kapoor
8433,2024-09-25,Facebook,Pune,9000000,Apartment,Urban Square,Viral Kohli
8434,2024-05-29,Channel Partner,Noida,16700000,Apartment,Palm Towers,Ravi Mehta
8435,2024-05-31,Facebook,Gurgaon,18400000,Villa,Palm Towers,Praveen Tambe
8436,2024-03-08,Housing,Pune,3500000,Apartment,Urban Square,Riya Kapoor
8437,2024-06-11,Channel Partner,Noida,3300000,Villa,Sky Residency,Rohit Sharma
8438,2024-05-05,Facebook,Bangalore,18800000,Apartment,Sky Residency,Neha Singh
8439,2024-11-05,Google Ads,Pune,18000000,Plot,Green Valley,Sachin Tendulkar
8440,2024-06-29,Facebook,Bangalore,13900000,Apartment,Sky Residency,Viral Kohli
8441,2024-06-11,Google Ads,Gurgaon,15200000,Apartment,Green Valley,Rohit Sharma
8442,2024-03-10,Facebook,Bangalore,15400000,Apartment,Green Valley,Viral Kohli
8443,2024-08-21,Facebook,Mumbai,11500000,Apartment,Elite Heights,Viral Kohli
8444,2024-04-14,Walk-in,Mumbai,18800000,Villa,Palm Towers,Praveen Tambe
8445,2024-04-23,99acres,Pune,6600000,Plot,Urban Square,Viral Kohli
8446,2024-02-20,Referral,Hyderabad,17900000,Villa,Sky Residency,Rohit Sharma
8447,2024-02-25,Facebook,Pune,13600000,Apartment,Sky Residency,Sachin Tendulkar
8448,2024-06-20,Facebook,Noida,13600000,Apartment,Urban Square,Praveen Tambe
8449,2024-06-15,Google Ads,Mumbai,8700000,Villa,Elite Heights,Praveen Tambe
8450,2024-01-03,Channel Partner,Gurgaon,14700000,Villa,Palm Towers,Priya Kapoor
8451,2024-10-15,Facebook,Noida,20000000,Plot,Sky Residency,Priya Kapoor
8452,2024-12-05,Google Ads,Noida,13100000,Villa,Elite Heights,Aman Sharma
8453,2024-08-03,Facebook,Mumbai,13400000,Plot,Urban Square,Priya Kapoor
8454,2024-02-12,Facebook,Gurgaon,8000000,Apartment,Urban Square,Sachin Tendulkar
8455,2024-06-26,Google Ads,Bangalore,17800000,Villa,Sky Residency,Rohit Sharma
8456,2024-03-19,Google Ads,Noida,18600000,Plot,Urban Square,Riya Kapoor
8457,2024-10-20,Google Ads,Gurgaon,9200000,Villa,Urban Square,Praveen Tambe
8458,2024-09-12,Google Ads,Bangalore,18400000,Apartment,Palm Towers,Ravi Mehta
8459,2024-03-16,Google Ads,Noida,19100000,Plot,Elite Heights,Aman Sharma
8460,2024-09-07,Referral,Hyderabad,14000000,Plot,Elite Heights,Shefali Mehta
8461,2024-05-25,Facebook,Pune,11500000,Apartment,Urban Square,Riya Kapoor
8462,2024-04-12,99acres,Gurgaon,8700000,Apartment,Palm Towers,Rohit Sharma
8463,2024-02-11,Referral,Bangalore,19100000,Villa,Green Valley,Priya Kapoor
8464,2024-06-01,Google Ads,Hyderabad,7800000,Plot,Elite Heights,Neha Singh
8465,2024-03-14,Google Ads,Bangalore,4400000,Plot,Sky Residency,Ravi Mehta
8466,2024-10-16,99acres,Pune,19100000,Plot,Urban Square,Rohit Sharma
8467,2024-09-07,Housing,Gurgaon,10300000,Apartment,Sky Residency,Riya Kapoor
8468,2024-05-19,Referral,Pune,7300000,Apartment,Sky Residency,Aman Sharma
8469,2024-09-23,Facebook,Noida,16600000,Villa,Green Valley,Neha Singh
8470,2024-12-01,Facebook,Pune,13200000,Plot,Elite Heights,Sachin Tendulkar
8471,2024-04-27,Google Ads,Gurgaon,19300000,Villa,Palm Towers,Shefali Mehta
8472,2024-01-05,Channel Partner,Mumbai,6800000,Apartment,Green Valley,Aman Sharma
8473,2024-04-21,Walk-in,Hyderabad,6700000,Plot,Sky Residency,Priya Kapoor
8474,2024-10-17,Housing,Gurgaon,10900000,Plot,Palm Towers,Priya Kapoor
8475,2024-06-25,Channel Partner,Bangalore,3900000,Villa,Urban Square,Priya Kapoor
8476,2024-10-31,99acres,Pune,3400000,Plot,Palm Towers,Riya Kapoor
8477,2024-04-07,Google Ads,Mumbai,11800000,Villa,Green Valley,Rohit Sharma
8478,2024-06-21,Channel Partner,Gurgaon,14700000,Apartment,Green Valley,Riya Kapoor
8479,2024-01-08,Housing,Bangalore,14300000,Plot,Urban Square,Riya Kapoor
8480,2024-08-09,Google Ads,Gurgaon,17400000,Apartment,Urban Square,Ravi Mehta
8481,2024-06-08,99acres,Bangalore,11400000,Villa,Palm Towers,Ravi Mehta
8482,2024-03-27,Facebook,Bangalore,9200000,Plot,Green Valley,Ravi Mehta
8483,2024-11-17,Facebook,Bangalore,16000000,Plot,Urban Square,Priya Kapoor
8484,2024-01-06,Google Ads,Noida,8400000,Plot,Urban Square,Riya Kapoor
8485,2024-04-30,Google Ads,Bangalore,7500000,Apartment,Urban Square,Ravi Mehta
8486,2024-01-06,Housing,Gurgaon,16100000,Villa,Green Valley,Neha Singh
8487,2024-11-09,99acres,Pune,13100000,Plot,Green Valley,Rohit Sharma
8488,2024-11-29,Referral,Gurgaon,18500000,Apartment,Green Valley,Praveen Tambe
8489,2024-10-03,99acres,Noida,4100000,Apartment,Elite Heights,Riya Kapoor
8490,2024-04-11,99acres,Gurgaon,15300000,Plot,Palm Towers,Aman Sharma
8491,2024-07-31,Walk-in,Gurgaon,8000000,Villa,Urban Square,Sachin Tendulkar
8492,2024-07-13,Walk-in,Gurgaon,11400000,Villa,Sky Residency,Neha Singh
8493,2024-07-17,Referral,Hyderabad,12300000,Plot,Elite Heights,Priya Kapoor
8494,2024-12-05,Facebook,Noida,3500000,Apartment,Elite Heights,Shefali Mehta
8495,2024-08-21,99acres,Bangalore,6300000,Apartment,Sky Residency,Praveen Tambe
8496,2024-09-30,Google Ads,Bangalore,19500000,Villa,Elite Heights,Rohit Sharma
8497,2024-06-18,Facebook,Gurgaon,10500000,Villa,Urban Square,Riya Kapoor
8498,2024-05-13,Google Ads,Noida,17900000,Plot,Green Valley,Viral Kohli
8499,2024-04-25,Facebook,Mumbai,19000000,Plot,Sky Residency,Sachin Tendulkar
8500,2024-11-10,99acres,Pune,8500000,Apartment,Palm Towers,Ravi Mehta
8501,2024-01-12,Google Ads,Pune,8000000,Apartment,Elite Heights,Rohit Sharma
8502,2024-07-15,Facebook,Pune,7400000,Plot,Sky Residency,Rohit Sharma
8503,2024-04-24,Google Ads,Pune,6100000,Apartment,Sky Residency,Sachin Tendulkar
8504,2024-02-07,Facebook,Noida,6600000,Villa,Sky Residency,Priya Kapoor
8505,2024-05-25,Google Ads,Pune,3000000,Plot,Green Valley,Ravi Mehta
8506,2024-07-18,Channel Partner,Bangalore,7200000,Apartment,Urban Square,Aman Sharma
8507,2024-09-25,99acres,Gurgaon,8100000,Villa,Palm Towers,Viral Kohli
8508,2024-10-26,99acres,Noida,16100000,Villa,Urban Square,Praveen Tambe
8509,2024-05-03,Housing,Mumbai,11700000,Plot,Palm Towers,Rohit Sharma
8510,2024-02-06,Referral,Mumbai,11400000,Apartment,Urban Square,Aman Sharma
8511,2024-03-05,Google Ads,Pune,17200000,Plot,Sky Residency,Viral Kohli
8512,2024-10-28,Facebook,Bangalore,7800000,Apartment,Green Valley,Neha Singh
8513,2024-04-28,Facebook,Gurgaon,18000000,Plot,Sky Residency,Sachin Tendulkar
8514,2024-10-18,Facebook,Noida,16900000,Plot,Sky Residency,Viral Kohli
8515,2024-07-20,Google Ads,Gurgaon,4200000,Plot,Palm Towers,Ravi Mehta
8516,2024-04-30,Housing,Pune,15700000,Villa,Elite Heights,Praveen Tambe
8517,2024-03-11,Google Ads,Gurgaon,10600000,Villa,Elite Heights,Aman Sharma
8518,2024-08-07,Referral,Gurgaon,4000000,Apartment,Palm Towers,Viral Kohli
8519,2024-04-29,Channel Partner,Gurgaon,13100000,Apartment,Sky Residency,Aman Sharma
8520,2024-07-30,Google Ads,Noida,19300000,Plot,Sky Residency,Ravi Mehta
8521,2024-03-21,Referral,Noida,19700000,Plot,Green Valley,Neha Singh
8522,2024-09-12,Facebook,Hyderabad,15400000,Villa,Urban Square,Shefali Mehta
8523,2024-01-17,99acres,Bangalore,17800000,Apartment,Palm Towers,Ravi Mehta
8524,2024-05-27,Referral,Gurgaon,8300000,Apartment,Elite Heights,Neha Singh
8525,2024-05-29,Channel Partner,Noida,11100000,Plot,Green Valley,Neha Singh
8526,2024-05-24,Walk-in,Hyderabad,19400000,Villa,Sky Residency,Neha Singh
8527,2024-03-06,Referral,Noida,6800000,Apartment,Sky Residency,Ravi Mehta
8528,2024-07-29,Channel Partner,Noida,10200000,Apartment,Green Valley,Priya Kapoor
8529,2024-06-07,99acres,Gurgaon,5600000,Apartment,Elite Heights,Praveen Tambe
8530,2024-03-18,Walk-in,Mumbai,5100000,Plot,Green Valley,Praveen Tambe
8531,2024-12-10,99acres,Hyderabad,12100000,Villa,Urban Square,Aman Sharma
8532,2024-12-14,99acres,Noida,12000000,Apartment,Green Valley,Riya Kapoor
8533,2024-06-17,Google Ads,Bangalore,7200000,Plot,Urban Square,Sachin Tendulkar
8534,2024-07-07,Google Ads,Pune,10200000,Villa,Green Valley,Riya Kapoor
8535,2024-07-12,99acres,Bangalore,15600000,Apartment,Green Valley,Praveen Tambe
8536,2024-05-14,99acres,Noida,17000000,Villa,Elite Heights,Shefali Mehta
8537,2024-01-13,Facebook,Gurgaon,4100000,Villa,Palm Towers,Priya Kapoor
8538,2024-11-16,Google Ads,Gurgaon,18700000,Apartment,Sky Residency,Praveen Tambe
8539,2024-03-08,Walk-in,Gurgaon,6700000,Plot,Green Valley,Shefali Mehta
8540,2024-01-20,Walk-in,Noida,18700000,Villa,Urban Square,Priya Kapoor
8541,2024-07-07,Google Ads,Noida,9000000,Plot,Palm Towers,Neha Singh
8542,2024-01-21,Google Ads,Mumbai,16300000,Apartment,Green Valley,Neha Singh
8543,2024-05-30,99acres,Gurgaon,3900000,Apartment,Palm Towers,Aman Sharma
8544,2024-05-21,Facebook,Pune,10100000,Plot,Urban Square,Ravi Mehta
8545,2024-08-08,Facebook,Gurgaon,3400000,Plot,Sky Residency,Rohit Sharma
8546,2024-07-27,Facebook,Noida,15300000,Villa,Green Valley,Ravi Mehta
8547,2024-06-16,Facebook,Hyderabad,4500000,Plot,Green Valley,Riya Kapoor
8548,2024-04-17,Google Ads,Mumbai,13200000,Apartment,Elite Heights,Shefali Mehta
8549,2024-02-23,Google Ads,Mumbai,9400000,Villa,Urban Square,Neha Singh
8550,2024-07-06,Facebook,Pune,10700000,Plot,Green Valley,Neha Singh
8551,2024-03-04,99acres,Bangalore,16600000,Apartment,Sky Residency,Ravi Mehta
8552,2024-08-12,99acres,Mumbai,12200000,Apartment,Palm Towers,Priya Kapoor
8553,2024-09-16,Referral,Mumbai,10200000,Villa,Urban Square,Ravi Mehta
8554,2024-08-28,Facebook,Noida,18700000,Plot,Green Valley,Riya Kapoor
8555,2024-07-08,99acres,Gurgaon,19100000,Villa,Elite Heights,Rohit Sharma
8556,2024-02-11,99acres,Pune,6600000,Apartment,Palm Towers,Neha Singh
8557,2024-08-24,Housing,Gurgaon,4100000,Plot,Palm Towers,Ravi Mehta
8558,2024-05-30,Housing,Gurgaon,5900000,Villa,Sky Residency,Rohit Sharma
8559,2024-11-28,Google Ads,Pune,3900000,Villa,Elite Heights,Neha Singh
8560,2024-09-03,Google Ads,Gurgaon,3100000,Villa,Urban Square,Aman Sharma
8561,2024-02-07,Channel Partner,Mumbai,8900000,Plot,Elite Heights,Sachin Tendulkar
8562,2024-02-03,Google Ads,Pune,13700000,Villa,Sky Residency,Aman Sharma
8563,2024-10-15,Google Ads,Gurgaon,6200000,Plot,Urban Square,Viral Kohli
8564,2024-04-03,Housing,Hyderabad,14200000,Plot,Elite Heights,Ravi Mehta
8565,2024-04-11,Walk-in,Gurgaon,15700000,Villa,Urban Square,Sachin Tendulkar
8566,2024-07-27,Facebook,Mumbai,17400000,Apartment,Green Valley,Riya Kapoor
8567,2024-05-20,Facebook,Bangalore,4800000,Apartment,Green Valley,Rohit Sharma
8568,2024-04-08,Google Ads,Noida,5400000,Villa,Green Valley,Riya Kapoor
8569,2024-01-15,Referral,Hyderabad,4100000,Villa,Sky Residency,Neha Singh
8570,2024-03-22,Housing,Gurgaon,19500000,Villa,Elite Heights,Priya Kapoor
8571,2024-04-14,Google Ads,Pune,15000000,Villa,Sky Residency,Aman Sharma
8572,2024-02-05,99acres,Pune,11300000,Plot,Palm Towers,Rohit Sharma
8573,2024-09-04,99acres,Mumbai,17900000,Apartment,Urban Square,Viral Kohli
8574,2024-02-15,Referral,Gurgaon,14100000,Apartment,Urban Square,Riya Kapoor
8575,2024-07-06,Housing,Pune,15500000,Apartment,Green Valley,Neha Singh
8576,2024-04-25,Facebook,Pune,3000000,Plot,Green Valley,Aman Sharma
8577,2024-01-28,Channel Partner,Mumbai,10600000,Villa,Green Valley,Riya Kapoor
8578,2024-04-18,Housing,Bangalore,5200000,Villa,Green Valley,Neha Singh
8579,2024-06-12,Google Ads,Mumbai,10100000,Apartment,Elite Heights,Rohit Sharma
8580,2024-12-12,Facebook,Mumbai,3100000,Plot,Sky Residency,Rohit Sharma
8581,2024-08-25,Facebook,Noida,19800000,Villa,Palm Towers,Ravi Mehta
8582,2024-01-05,Google Ads,Gurgaon,19200000,Plot,Green Valley,Priya Kapoor
8583,2024-12-22,Channel Partner,Bangalore,17700000,Apartment,Palm Towers,Neha Singh
8584,2024-08-11,99acres,Mumbai,9700000,Plot,Urban Square,Neha Singh
8585,2024-07-06,Google Ads,Pune,16800000,Villa,Sky Residency,Praveen Tambe
8586,2024-10-08,Referral,Bangalore,19300000,Apartment,Elite Heights,Viral Kohli
8587,2024-05-06,Walk-in,Hyderabad,10600000,Villa,Palm Towers,Sachin Tendulkar
8588,2024-11-04,Google Ads,Gurgaon,13800000,Plot,Urban Square,Rohit Sharma
8589,2024-10-22,99acres,Bangalore,14300000,Apartment,Sky Residency,Shefali Mehta
8590,2024-02-25,Google Ads,Gurgaon,8000000,Villa,Palm Towers,Aman Sharma
8591,2024-01-21,Walk-in,Gurgaon,12800000,Villa,Sky Residency,Viral Kohli
8592,2024-07-01,Facebook,Gurgaon,15700000,Apartment,Elite Heights,Aman Sharma
8593,2024-08-12,Facebook,Mumbai,18800000,Villa,Sky Residency,Shefali Mehta
8594,2024-06-24,Google Ads,Gurgaon,7100000,Villa,Elite Heights,Viral Kohli
8595,2024-01-01,99acres,Gurgaon,17900000,Villa,Green Valley,Rohit Sharma
8596,2024-05-04,Google Ads,Gurgaon,5600000,Plot,Urban Square,Rohit Sharma
8597,2024-10-08,99acres,Hyderabad,13300000,Villa,Green Valley,Ravi Mehta
8598,2024-05-17,Channel Partner,Hyderabad,17600000,Villa,Green Valley,Aman Sharma
8599,2024-12-22,Walk-in,Mumbai,4500000,Villa,Palm Towers,Rohit Sharma
8600,2024-10-27,Channel Partner,Gurgaon,11300000,Plot,Green Valley,Ravi Mehta
8601,2024-12-09,99acres,Pune,13400000,Plot,Green Valley,Viral Kohli
8602,2024-08-12,Walk-in,Hyderabad,3600000,Plot,Green Valley,Sachin Tendulkar
8603,2024-02-16,99acres,Bangalore,9800000,Villa,Sky Residency,Praveen Tambe
8604,2024-09-26,Channel Partner,Pune,5100000,Plot,Palm Towers,Rohit Sharma
8605,2024-05-28,Housing,Bangalore,17400000,Apartment,Urban Square,Riya Kapoor
8606,2024-07-07,Google Ads,Bangalore,4700000,Apartment,Sky Residency,Viral Kohli
8607,2024-12-08,Facebook,Pune,17800000,Apartment,Sky Residency,Sachin Tendulkar
8608,2024-09-10,99acres,Gurgaon,15700000,Plot,Elite Heights,Sachin Tendulkar
8609,2024-08-29,Housing,Pune,5100000,Villa,Palm Towers,Rohit Sharma
8610,2024-05-01,Channel Partner,Hyderabad,12000000,Villa,Palm Towers,Rohit Sharma
8611,2024-11-11,Walk-in,Noida,9200000,Villa,Sky Residency,Priya Kapoor
8612,2024-01-10,99acres,Hyderabad,14500000,Villa,Urban Square,Neha Singh
8613,2024-01-29,99acres,Gurgaon,6300000,Plot,Urban Square,Shefali Mehta
8614,2024-03-16,Google Ads,Gurgaon,13600000,Apartment,Urban Square,Ravi Mehta
8615,2024-03-15,Housing,Gurgaon,16300000,Plot,Palm Towers,Praveen Tambe
8616,2024-01-09,99acres,Pune,12500000,Plot,Urban Square,Ravi Mehta
8617,2024-04-30,Google Ads,Noida,11300000,Plot,Elite Heights,Neha Singh
8618,2024-01-12,Walk-in,Gurgaon,4200000,Plot,Sky Residency,Shefali Mehta
8619,2024-08-09,Housing,Pune,10200000,Villa,Sky Residency,Shefali Mehta
8620,2024-07-01,99acres,Gurgaon,11300000,Plot,Palm Towers,Neha Singh
8621,2024-12-11,Channel Partner,Bangalore,18100000,Villa,Green Valley,Sachin Tendulkar
8622,2024-07-10,Facebook,Gurgaon,11100000,Villa,Urban Square,Sachin Tendulkar
8623,2024-05-24,Google Ads,Bangalore,15300000,Villa,Urban Square,Aman Sharma
8624,2024-03-21,Facebook,Mumbai,15600000,Villa,Palm Towers,Neha Singh
8625,2024-09-06,99acres,Gurgaon,9500000,Plot,Elite Heights,Viral Kohli
8626,2024-08-14,99acres,Hyderabad,15100000,Villa,Elite Heights,Shefali Mehta
8627,2024-08-30,Referral,Bangalore,5500000,Villa,Palm Towers,Priya Kapoor
8628,2024-05-23,Facebook,Gurgaon,9700000,Plot,Elite Heights,Rohit Sharma
8629,2024-11-11,Channel Partner,Mumbai,15700000,Villa,Green Valley,Viral Kohli
8630,2024-08-28,Google Ads,Bangalore,13800000,Apartment,Sky Residency,Riya Kapoor
8631,2024-01-30,Google Ads,Gurgaon,7100000,Plot,Urban Square,Aman Sharma
8632,2024-02-25,Google Ads,Bangalore,3100000,Villa,Green Valley,Priya Kapoor
8633,2024-07-01,Google Ads,Bangalore,13100000,Apartment,Urban Square,Sachin Tendulkar
8634,2024-12-06,99acres,Gurgaon,15400000,Apartment,Palm Towers,Neha Singh
8635,2024-12-17,Google Ads,Bangalore,8600000,Apartment,Palm Towers,Neha Singh
8636,2024-11-14,Google Ads,Bangalore,8200000,Plot,Urban Square,Sachin Tendulkar
8637,2024-05-21,Google Ads,Noida,7700000,Villa,Urban Square,Ravi Mehta
8638,2024-10-17,Google Ads,Mumbai,19900000,Apartment,Green Valley,Riya Kapoor
8639,2024-02-07,Google Ads,Hyderabad,9600000,Apartment,Green Valley,Shefali Mehta
8640,2024-03-29,Facebook,Bangalore,18000000,Plot,Palm Towers,Neha Singh
8641,2024-09-26,Walk-in,Noida,11600000,Villa,Palm Towers,Rohit Sharma
8642,2024-10-10,Channel Partner,Noida,6100000,Apartment,Sky Residency,Priya Kapoor
8643,2024-05-04,Housing,Gurgaon,14100000,Villa,Elite Heights,Neha Singh
8644,2024-08-15,Housing,Gurgaon,16100000,Plot,Green Valley,Ravi Mehta
8645,2024-09-01,Facebook,Bangalore,17100000,Plot,Urban Square,Aman Sharma
8646,2024-11-18,Facebook,Gurgaon,10200000,Apartment,Green Valley,Priya Kapoor
8647,2024-04-06,Referral,Bangalore,18300000,Villa,Palm Towers,Shefali Mehta
8648,2024-11-17,Google Ads,Noida,16000000,Plot,Palm Towers,Shefali Mehta
8649,2024-03-14,Facebook,Pune,13400000,Villa,Palm Towers,Rohit Sharma
8650,2024-07-24,Google Ads,Pune,5700000,Apartment,Green Valley,Rohit Sharma
8651,2024-07-04,Channel Partner,Bangalore,16200000,Apartment,Palm Towers,Sachin Tendulkar
8652,2024-05-11,Referral,Noida,8200000,Plot,Elite Heights,Rohit Sharma
8653,2024-04-10,Google Ads,Noida,16000000,Plot,Elite Heights,Riya Kapoor
8654,2024-03-31,Google Ads,Noida,4200000,Apartment,Elite Heights,Sachin Tendulkar
8655,2024-12-24,Google Ads,Noida,6700000,Plot,Green Valley,Priya Kapoor
8656,2024-01-11,Google Ads,Mumbai,19100000,Apartment,Green Valley,Praveen Tambe
8657,2024-06-21,Housing,Pune,12400000,Apartment,Elite Heights,Aman Sharma
8658,2024-10-04,Facebook,Gurgaon,8200000,Villa,Elite Heights,Praveen Tambe
8659,2024-03-19,99acres,Mumbai,11300000,Villa,Sky Residency,Praveen Tambe
8660,2024-04-24,Google Ads,Gurgaon,10200000,Villa,Sky Residency,Viral Kohli
8661,2024-10-08,Housing,Mumbai,4400000,Plot,Palm Towers,Priya Kapoor
8662,2024-04-14,Housing,Bangalore,17000000,Villa,Palm Towers,Neha Singh
8663,2024-11-01,Google Ads,Bangalore,12500000,Plot,Green Valley,Neha Singh
8664,2024-10-22,99acres,Pune,6700000,Villa,Elite Heights,Riya Kapoor
8665,2024-02-12,Google Ads,Gurgaon,17700000,Apartment,Green Valley,Neha Singh
8666,2024-12-02,Referral,Hyderabad,14300000,Apartment,Green Valley,Shefali Mehta
8667,2024-07-17,99acres,Gurgaon,13100000,Villa,Sky Residency,Riya Kapoor
8668,2024-01-07,Referral,Pune,17600000,Plot,Green Valley,Ravi Mehta
8669,2024-12-13,Facebook,Noida,15300000,Plot,Palm Towers,Rohit Sharma
8670,2024-11-01,Google Ads,Mumbai,5900000,Villa,Elite Heights,Praveen Tambe
8671,2024-11-19,Google Ads,Noida,12200000,Plot,Elite Heights,Rohit Sharma
8672,2024-04-22,Google Ads,Mumbai,4200000,Plot,Green Valley,Ravi Mehta
8673,2024-01-21,Google Ads,Gurgaon,17100000,Plot,Urban Square,Neha Singh
8674,2024-06-09,Channel Partner,Pune,8600000,Plot,Green Valley,Praveen Tambe
8675,2024-01-03,Google Ads,Noida,15400000,Plot,Green Valley,Praveen Tambe
8676,2024-03-31,99acres,Noida,10000000,Villa,Palm Towers,Neha Singh
8677,2024-05-03,Google Ads,Gurgaon,9200000,Plot,Green Valley,Aman Sharma
8678,2024-12-16,Facebook,Noida,5600000,Apartment,Elite Heights,Ravi Mehta
8679,2024-01-21,Housing,Bangalore,6900000,Plot,Elite Heights,Riya Kapoor
8680,2024-10-05,99acres,Hyderabad,3900000,Plot,Elite Heights,Ravi Mehta
8681,2024-02-13,Channel Partner,Pune,7700000,Villa,Palm Towers,Priya Kapoor
8682,2024-08-23,99acres,Hyderabad,17300000,Villa,Elite Heights,Sachin Tendulkar
8683,2024-11-05,Facebook,Mumbai,15400000,Apartment,Green Valley,Rohit Sharma
8684,2024-10-21,Facebook,Gurgaon,12300000,Plot,Elite Heights,Ravi Mehta
8685,2024-01-19,99acres,Gurgaon,13600000,Villa,Urban Square,Riya Kapoor
8686,2024-12-26,Google Ads,Pune,17600000,Villa,Elite Heights,Praveen Tambe
8687,2024-02-21,Google Ads,Noida,14500000,Villa,Elite Heights,Ravi Mehta
8688,2024-10-31,Referral,Mumbai,8300000,Villa,Sky Residency,Praveen Tambe
8689,2024-08-30,Google Ads,Pune,16400000,Villa,Urban Square,Shefali Mehta
8690,2024-06-05,Google Ads,Mumbai,6100000,Apartment,Urban Square,Sachin Tendulkar
8691,2024-01-03,Google Ads,Bangalore,3400000,Plot,Elite Heights,Shefali Mehta
8692,2024-06-15,Referral,Bangalore,17200000,Villa,Elite Heights,Viral Kohli
8693,2024-03-22,Google Ads,Bangalore,11900000,Apartment,Sky Residency,Rohit Sharma
8694,2024-04-20,Google Ads,Noida,9200000,Villa,Urban Square,Neha Singh
8695,2024-07-06,99acres,Pune,18900000,Villa,Palm Towers,Sachin Tendulkar
8696,2024-05-29,Walk-in,Mumbai,3100000,Apartment,Urban Square,Aman Sharma
8697,2024-12-28,Housing,Hyderabad,5500000,Villa,Green Valley,Riya Kapoor
8698,2024-12-12,99acres,Hyderabad,15300000,Plot,Green Valley,Shefali Mehta
8699,2024-08-15,Walk-in,Pune,11600000,Apartment,Sky Residency,Viral Kohli
8700,2024-03-15,Facebook,Hyderabad,7500000,Villa,Urban Square,Riya Kapoor
8701,2024-08-12,Facebook,Gurgaon,9300000,Villa,Green Valley,Sachin Tendulkar
8702,2024-11-11,Facebook,Bangalore,13400000,Villa,Green Valley,Aman Sharma
8703,2024-05-01,Google Ads,Mumbai,6300000,Plot,Sky Residency,Praveen Tambe
8704,2024-12-15,Walk-in,Bangalore,17300000,Plot,Green Valley,Riya Kapoor
8705,2024-05-07,Google Ads,Noida,3800000,Plot,Palm Towers,Priya Kapoor
8706,2024-09-15,Google Ads,Bangalore,7200000,Villa,Palm Towers,Sachin Tendulkar
8707,2024-01-16,Google Ads,Hyderabad,16300000,Plot,Urban Square,Priya Kapoor
8708,2024-05-03,Google Ads,Noida,19400000,Plot,Elite Heights,Rohit Sharma
8709,2024-03-11,Walk-in,Mumbai,5600000,Apartment,Urban Square,Praveen Tambe
8710,2024-05-02,Facebook,Gurgaon,17300000,Plot,Palm Towers,Viral Kohli
8711,2024-09-26,99acres,Hyderabad,17100000,Plot,Urban Square,Priya Kapoor
8712,2024-09-27,Google Ads,Bangalore,18200000,Villa,Urban Square,Rohit Sharma
8713,2024-06-10,Referral,Bangalore,4600000,Plot,Elite Heights,Riya Kapoor
8714,2024-12-03,Facebook,Pune,17900000,Villa,Elite Heights,Aman Sharma
8715,2024-02-23,Housing,Mumbai,5000000,Villa,Palm Towers,Sachin Tendulkar
8716,2024-11-23,Housing,Gurgaon,10500000,Plot,Green Valley,Riya Kapoor
8717,2024-10-18,Walk-in,Gurgaon,14700000,Villa,Green Valley,Shefali Mehta
8718,2024-10-25,Walk-in,Noida,10000000,Plot,Sky Residency,Priya Kapoor
8719,2024-03-23,Housing,Gurgaon,5100000,Villa,Elite Heights,Viral Kohli
8720,2024-06-27,Referral,Mumbai,14600000,Plot,Sky Residency,Sachin Tendulkar
8721,2024-03-31,Facebook,Noida,11200000,Plot,Elite Heights,Riya Kapoor
8722,2024-01-21,Channel Partner,Gurgaon,6500000,Apartment,Green Valley,Shefali Mehta
8723,2024-11-23,Referral,Hyderabad,7600000,Apartment,Palm Towers,Praveen Tambe
8724,2024-04-12,Referral,Pune,3200000,Apartment,Green Valley,Priya Kapoor
8725,2024-06-04,Facebook,Hyderabad,12400000,Villa,Elite Heights,Shefali Mehta
8726,2024-12-23,Google Ads,Mumbai,17200000,Apartment,Palm Towers,Aman Sharma
8727,2024-05-18,Facebook,Pune,8100000,Villa,Elite Heights,Praveen Tambe
8728,2024-03-12,Google Ads,Pune,19700000,Plot,Palm Towers,Riya Kapoor
8729,2024-03-15,Google Ads,Noida,10000000,Villa,Urban Square,Ravi Mehta
8730,2024-08-20,Google Ads,Gurgaon,15500000,Villa,Palm Towers,Sachin Tendulkar
8731,2024-03-28,Facebook,Bangalore,5300000,Plot,Green Valley,Ravi Mehta
8732,2024-11-20,Housing,Bangalore,5300000,Villa,Elite Heights,Sachin Tendulkar
8733,2024-07-25,Housing,Bangalore,17900000,Apartment,Elite Heights,Shefali Mehta
8734,2024-12-18,Housing,Pune,9100000,Apartment,Sky Residency,Aman Sharma
8735,2024-07-01,Channel Partner,Gurgaon,19200000,Villa,Elite Heights,Riya Kapoor
8736,2024-08-14,Google Ads,Pune,11300000,Villa,Elite Heights,Rohit Sharma
8737,2024-02-16,Google Ads,Pune,3200000,Plot,Elite Heights,Priya Kapoor
8738,2024-07-26,Walk-in,Pune,3700000,Plot,Elite Heights,Riya Kapoor
8739,2024-06-18,99acres,Mumbai,8800000,Apartment,Green Valley,Sachin Tendulkar
8740,2024-11-23,99acres,Noida,13600000,Plot,Elite Heights,Priya Kapoor
8741,2024-11-10,Facebook,Noida,9200000,Villa,Sky Residency,Shefali Mehta
8742,2024-05-26,99acres,Noida,3700000,Villa,Sky Residency,Aman Sharma
8743,2024-03-28,Referral,Mumbai,15300000,Apartment,Elite Heights,Rohit Sharma
8744,2024-04-06,Channel Partner,Noida,17000000,Plot,Green Valley,Shefali Mehta
8745,2024-04-20,Facebook,Gurgaon,9800000,Apartment,Palm Towers,Shefali Mehta
8746,2024-06-28,99acres,Mumbai,9500000,Villa,Palm Towers,Ravi Mehta
8747,2024-05-10,Channel Partner,Mumbai,16400000,Apartment,Elite Heights,Priya Kapoor
8748,2024-04-14,Facebook,Noida,16400000,Villa,Urban Square,Rohit Sharma
8749,2024-07-23,Walk-in,Gurgaon,12600000,Plot,Palm Towers,Shefali Mehta
8750,2024-03-22,Housing,Gurgaon,9000000,Apartment,Urban Square,Praveen Tambe
8751,2024-12-15,Google Ads,Mumbai,13500000,Villa,Palm Towers,Praveen Tambe
8752,2024-11-18,Referral,Pune,12900000,Plot,Green Valley,Aman Sharma
8753,2024-08-27,Channel Partner,Hyderabad,3900000,Villa,Green Valley,Riya Kapoor
8754,2024-03-29,Facebook,Hyderabad,14200000,Villa,Palm Towers,Praveen Tambe
8755,2024-07-14,99acres,Hyderabad,13600000,Plot,Elite Heights,Viral Kohli
8756,2024-08-20,Google Ads,Bangalore,6000000,Villa,Sky Residency,Priya Kapoor
8757,2024-08-18,Google Ads,Noida,5400000,Villa,Green Valley,Viral Kohli
8758,2024-01-01,Referral,Gurgaon,15600000,Plot,Green Valley,Priya Kapoor
8759,2024-08-11,Google Ads,Noida,6700000,Plot,Palm Towers,Shefali Mehta
8760,2024-04-03,Referral,Noida,10700000,Villa,Urban Square,Viral Kohli
8761,2024-04-16,Facebook,Pune,19900000,Plot,Palm Towers,Viral Kohli
8762,2024-10-14,Facebook,Hyderabad,18000000,Plot,Green Valley,Riya Kapoor
8763,2024-07-17,Facebook,Hyderabad,11500000,Apartment,Green Valley,Sachin Tendulkar
8764,2024-10-21,Google Ads,Pune,5600000,Plot,Palm Towers,Rohit Sharma
8765,2024-08-09,Housing,Noida,3700000,Apartment,Elite Heights,Neha Singh
8766,2024-01-09,Google Ads,Pune,3600000,Villa,Palm Towers,Aman Sharma
8767,2024-07-20,Referral,Mumbai,5400000,Apartment,Urban Square,Neha Singh
8768,2024-09-28,Google Ads,Hyderabad,5100000,Apartment,Elite Heights,Shefali Mehta
8769,2024-01-02,Google Ads,Mumbai,13400000,Apartment,Palm Towers,Aman Sharma
8770,2024-12-19,Facebook,Hyderabad,16700000,Villa,Sky Residency,Riya Kapoor
8771,2024-04-13,Referral,Mumbai,4100000,Villa,Elite Heights,Priya Kapoor
8772,2024-09-23,Google Ads,Pune,6900000,Villa,Elite Heights,Aman Sharma
8773,2024-10-26,Google Ads,Noida,9300000,Plot,Green Valley,Priya Kapoor
8774,2024-08-10,Walk-in,Noida,7500000,Plot,Urban Square,Rohit Sharma
8775,2024-07-30,Referral,Bangalore,4800000,Villa,Palm Towers,Neha Singh
8776,2024-02-13,Referral,Gurgaon,10800000,Apartment,Urban Square,Praveen Tambe
8777,2024-05-02,Housing,Gurgaon,14300000,Villa,Urban Square,Sachin Tendulkar
8778,2024-11-04,Housing,Gurgaon,5400000,Villa,Palm Towers,Viral Kohli
8779,2024-06-24,Channel Partner,Noida,10700000,Apartment,Sky Residency,Priya Kapoor
8780,2024-11-12,Housing,Gurgaon,18800000,Villa,Sky Residency,Aman Sharma
8781,2024-12-17,Channel Partner,Mumbai,11700000,Apartment,Urban Square,Shefali Mehta
8782,2024-01-20,Channel Partner,Gurgaon,9200000,Plot,Sky Residency,Neha Singh
8783,2024-12-02,Google Ads,Bangalore,8400000,Apartment,Urban Square,Aman Sharma
8784,2024-07-06,Facebook,Noida,19600000,Apartment,Elite Heights,Viral Kohli
8785,2024-12-06,Google Ads,Bangalore,13600000,Villa,Green Valley,Riya Kapoor
8786,2024-05-30,Housing,Hyderabad,18100000,Villa,Elite Heights,Priya Kapoor
8787,2024-01-12,Channel Partner,Noida,7800000,Apartment,Elite Heights,Aman Sharma
8788,2024-10-04,Housing,Noida,4500000,Plot,Palm Towers,Shefali Mehta
8789,2024-11-01,99acres,Hyderabad,9000000,Plot,Urban Square,Viral Kohli
8790,2024-10-04,99acres,Pune,15800000,Villa,Palm Towers,Aman Sharma
8791,2024-06-20,Facebook,Gurgaon,14700000,Apartment,Elite Heights,Sachin Tendulkar
8792,2024-01-11,Google Ads,Bangalore,4000000,Plot,Green Valley,Sachin Tendulkar
8793,2024-06-11,99acres,Noida,14300000,Plot,Green Valley,Praveen Tambe
8794,2024-01-24,Channel Partner,Pune,16000000,Apartment,Urban Square,Shefali Mehta
8795,2024-01-02,Walk-in,Mumbai,5600000,Plot,Green Valley,Riya Kapoor
8796,2024-01-01,Referral,Pune,5000000,Apartment,Elite Heights,Priya Kapoor
8797,2024-06-11,Housing,Noida,3800000,Villa,Palm Towers,Sachin Tendulkar
8798,2024-02-24,Housing,Bangalore,9000000,Villa,Palm Towers,Riya Kapoor
8799,2024-11-23,Referral,Gurgaon,13300000,Villa,Palm Towers,Ravi Mehta
8800,2024-01-17,Referral,Gurgaon,13400000,Plot,Green Valley,Rohit Sharma
8801,2024-05-11,Facebook,Hyderabad,8500000,Apartment,Palm Towers,Praveen Tambe
8802,2024-07-01,Google Ads,Noida,15300000,Apartment,Elite Heights,Riya Kapoor
8803,2024-03-02,Google Ads,Noida,14600000,Plot,Elite Heights,Rohit Sharma
8804,2024-08-15,Channel Partner,Mumbai,11500000,Villa,Urban Square,Priya Kapoor
8805,2024-01-31,Housing,Bangalore,6800000,Apartment,Sky Residency,Shefali Mehta
8806,2024-03-06,Referral,Noida,14700000,Apartment,Urban Square,Ravi Mehta
8807,2024-01-23,Housing,Noida,7500000,Apartment,Palm Towers,Neha Singh
8808,2024-11-09,Channel Partner,Pune,3300000,Villa,Palm Towers,Sachin Tendulkar
8809,2024-03-11,Walk-in,Bangalore,11900000,Plot,Palm Towers,Shefali Mehta
8810,2024-09-13,Housing,Gurgaon,19100000,Villa,Sky Residency,Rohit Sharma
8811,2024-11-07,Google Ads,Noida,10700000,Apartment,Sky Residency,Aman Sharma
8812,2024-12-30,Google Ads,Mumbai,19900000,Apartment,Sky Residency,Shefali Mehta
8813,2024-04-05,Walk-in,Bangalore,18200000,Villa,Urban Square,Priya Kapoor
8814,2024-02-09,Google Ads,Gurgaon,19700000,Villa,Urban Square,Ravi Mehta
8815,2024-09-21,Google Ads,Hyderabad,9700000,Villa,Urban Square,Praveen Tambe
8816,2024-10-27,Channel Partner,Gurgaon,14400000,Plot,Urban Square,Shefali Mehta
8817,2024-01-08,Channel Partner,Bangalore,17200000,Villa,Elite Heights,Priya Kapoor
8818,2024-12-17,99acres,Mumbai,17600000,Plot,Sky Residency,Aman Sharma
8819,2024-04-01,Facebook,Mumbai,7500000,Villa,Urban Square,Praveen Tambe
8820,2024-07-26,Google Ads,Pune,15400000,Apartment,Palm Towers,Ravi Mehta
8821,2024-08-05,Facebook,Hyderabad,16300000,Villa,Green Valley,Ravi Mehta
8822,2024-04-28,Housing,Pune,18000000,Villa,Palm Towers,Neha Singh
8823,2024-12-13,Google Ads,Pune,8700000,Plot,Green Valley,Viral Kohli
8824,2024-03-31,Facebook,Gurgaon,13500000,Apartment,Green Valley,Rohit Sharma
8825,2024-07-23,Housing,Gurgaon,12300000,Apartment,Green Valley,Sachin Tendulkar
8826,2024-04-17,Google Ads,Bangalore,14900000,Plot,Urban Square,Rohit Sharma
8827,2024-03-04,Housing,Pune,7100000,Apartment,Palm Towers,Neha Singh
8828,2024-11-28,Google Ads,Pune,11400000,Apartment,Green Valley,Sachin Tendulkar
8829,2024-04-20,Google Ads,Gurgaon,8500000,Plot,Urban Square,Rohit Sharma
8830,2024-02-17,Facebook,Gurgaon,5200000,Villa,Elite Heights,Sachin Tendulkar
8831,2024-05-01,99acres,Hyderabad,14300000,Plot,Palm Towers,Priya Kapoor
8832,2024-09-12,Google Ads,Noida,11700000,Plot,Urban Square,Neha Singh
8833,2024-03-19,99acres,Noida,8100000,Apartment,Green Valley,Shefali Mehta
8834,2024-03-30,Housing,Gurgaon,6700000,Plot,Sky Residency,Aman Sharma
8835,2024-07-14,Google Ads,Bangalore,16000000,Plot,Sky Residency,Priya Kapoor
8836,2024-10-28,Housing,Pune,18700000,Plot,Palm Towers,Neha Singh
8837,2024-11-13,Walk-in,Bangalore,3600000,Villa,Urban Square,Shefali Mehta
8838,2024-05-27,99acres,Noida,9200000,Villa,Sky Residency,Ravi Mehta
8839,2024-03-07,Referral,Pune,13300000,Villa,Urban Square,Sachin Tendulkar
8840,2024-02-28,Facebook,Noida,17100000,Apartment,Green Valley,Sachin Tendulkar
8841,2024-09-12,Google Ads,Pune,4000000,Villa,Urban Square,Sachin Tendulkar
8842,2024-10-31,Facebook,Bangalore,12300000,Plot,Elite Heights,Ravi Mehta
8843,2024-06-20,Referral,Noida,10300000,Plot,Green Valley,Priya Kapoor
8844,2024-02-20,Housing,Gurgaon,4300000,Villa,Green Valley,Praveen Tambe
8845,2024-01-02,Google Ads,Pune,9300000,Villa,Elite Heights,Riya Kapoor
8846,2024-11-13,99acres,Gurgaon,13400000,Plot,Elite Heights,Aman Sharma
8847,2024-07-18,99acres,Pune,18400000,Apartment,Sky Residency,Riya Kapoor
8848,2024-07-17,Channel Partner,Noida,8000000,Villa,Sky Residency,Rohit Sharma
8849,2024-12-21,Google Ads,Gurgaon,6300000,Villa,Green Valley,Praveen Tambe
8850,2024-03-27,Referral,Gurgaon,15400000,Apartment,Sky Residency,Praveen Tambe
8851,2024-02-17,Facebook,Mumbai,11300000,Plot,Urban Square,Rohit Sharma
8852,2024-05-28,Facebook,Bangalore,8200000,Plot,Palm Towers,Priya Kapoor
8853,2024-02-12,99acres,Gurgaon,10000000,Villa,Green Valley,Rohit Sharma
8854,2024-07-08,Google Ads,Mumbai,5600000,Apartment,Green Valley,Viral Kohli
8855,2024-09-01,Google Ads,Hyderabad,18100000,Apartment,Sky Residency,Riya Kapoor
8856,2024-03-26,Channel Partner,Hyderabad,17900000,Villa,Palm Towers,Viral Kohli
8857,2024-08-31,99acres,Gurgaon,6100000,Villa,Palm Towers,Aman Sharma
8858,2024-12-21,Walk-in,Bangalore,3300000,Apartment,Palm Towers,Rohit Sharma
8859,2024-05-24,Google Ads,Pune,11700000,Plot,Urban Square,Shefali Mehta
8860,2024-11-07,Referral,Pune,12100000,Villa,Green Valley,Sachin Tendulkar
8861,2024-03-27,Google Ads,Bangalore,10800000,Villa,Green Valley,Shefali Mehta
8862,2024-04-12,Google Ads,Pune,20000000,Apartment,Elite Heights,Priya Kapoor
8863,2024-04-07,Channel Partner,Noida,17500000,Villa,Green Valley,Priya Kapoor
8864,2024-01-05,Google Ads,Noida,13700000,Plot,Green Valley,Aman Sharma
8865,2024-06-15,Facebook,Pune,13900000,Apartment,Urban Square,Aman Sharma
8866,2024-06-13,Housing,Noida,3100000,Apartment,Palm Towers,Shefali Mehta
8867,2024-04-23,Google Ads,Gurgaon,13200000,Apartment,Sky Residency,Aman Sharma
8868,2024-07-28,99acres,Mumbai,13100000,Apartment,Urban Square,Sachin Tendulkar
8869,2024-10-03,Google Ads,Hyderabad,12800000,Villa,Urban Square,Rohit Sharma
8870,2024-01-06,Housing,Pune,8400000,Villa,Elite Heights,Riya Kapoor
8871,2024-09-15,Housing,Mumbai,17100000,Villa,Sky Residency,Riya Kapoor
8872,2024-11-25,Housing,Noida,18100000,Villa,Palm Towers,Priya Kapoor
8873,2024-07-09,Google Ads,Gurgaon,12500000,Apartment,Green Valley,Ravi Mehta
8874,2024-02-06,Google Ads,Bangalore,4000000,Apartment,Green Valley,Priya Kapoor
8875,2024-08-30,Facebook,Hyderabad,3300000,Villa,Green Valley,Priya Kapoor
8876,2024-05-15,Facebook,Noida,14400000,Apartment,Palm Towers,Praveen Tambe
8877,2024-07-30,Referral,Pune,10700000,Plot,Palm Towers,Shefali Mehta
8878,2024-11-05,Facebook,Gurgaon,18000000,Apartment,Palm Towers,Aman Sharma
8879,2024-11-23,Google Ads,Noida,8400000,Villa,Palm Towers,Aman Sharma
8880,2024-11-01,Facebook,Gurgaon,12400000,Villa,Urban Square,Praveen Tambe
8881,2024-04-13,99acres,Noida,18100000,Apartment,Elite Heights,Priya Kapoor
8882,2024-06-28,99acres,Mumbai,7300000,Apartment,Green Valley,Sachin Tendulkar
8883,2024-10-25,Google Ads,Gurgaon,16400000,Plot,Palm Towers,Priya Kapoor
8884,2024-05-10,Google Ads,Noida,4400000,Apartment,Elite Heights,Priya Kapoor
8885,2024-01-10,Facebook,Gurgaon,17900000,Plot,Elite Heights,Rohit Sharma
8886,2024-06-22,Referral,Noida,19900000,Villa,Sky Residency,Viral Kohli
8887,2024-05-31,Google Ads,Bangalore,9800000,Apartment,Palm Towers,Sachin Tendulkar
8888,2024-01-10,99acres,Gurgaon,18200000,Villa,Green Valley,Sachin Tendulkar
8889,2024-01-27,Facebook,Hyderabad,4400000,Villa,Palm Towers,Ravi Mehta
8890,2024-11-01,Facebook,Gurgaon,10000000,Plot,Green Valley,Aman Sharma
8891,2024-12-22,Referral,Noida,16100000,Plot,Sky Residency,Neha Singh
8892,2024-12-30,Walk-in,Bangalore,7200000,Plot,Green Valley,Rohit Sharma
8893,2024-03-14,Channel Partner,Hyderabad,14900000,Apartment,Elite Heights,Viral Kohli
8894,2024-07-28,Facebook,Bangalore,9500000,Plot,Sky Residency,Priya Kapoor
8895,2024-04-01,Channel Partner,Gurgaon,7100000,Villa,Elite Heights,Sachin Tendulkar
8896,2024-12-05,Walk-in,Hyderabad,14900000,Apartment,Elite Heights,Riya Kapoor
8897,2024-02-12,Referral,Mumbai,3200000,Villa,Palm Towers,Ravi Mehta
8898,2024-10-01,Facebook,Noida,19200000,Plot,Urban Square,Praveen Tambe
8899,2024-05-04,Facebook,Gurgaon,9100000,Plot,Sky Residency,Viral Kohli
8900,2024-04-06,Google Ads,Hyderabad,8600000,Plot,Green Valley,Priya Kapoor
8901,2024-04-23,99acres,Noida,14100000,Villa,Green Valley,Viral Kohli
8902,2024-06-23,Referral,Noida,8800000,Apartment,Sky Residency,Riya Kapoor
8903,2024-07-16,Channel Partner,Pune,7500000,Villa,Elite Heights,Praveen Tambe
8904,2024-04-01,Facebook,Bangalore,17900000,Plot,Urban Square,Rohit Sharma
8905,2024-08-13,Referral,Gurgaon,10500000,Apartment,Urban Square,Praveen Tambe
8906,2024-04-29,Google Ads,Bangalore,19100000,Plot,Elite Heights,Neha Singh
8907,2024-09-06,Google Ads,Gurgaon,10900000,Apartment,Palm Towers,Sachin Tendulkar
8908,2024-09-23,Facebook,Gurgaon,11300000,Apartment,Green Valley,Shefali Mehta
8909,2024-07-02,Facebook,Noida,17100000,Villa,Urban Square,Praveen Tambe
8910,2024-12-17,Google Ads,Pune,6800000,Plot,Urban Square,Ravi Mehta
8911,2024-06-29,Google Ads,Noida,18900000,Apartment,Urban Square,Viral Kohli
8912,2024-06-09,Facebook,Noida,13400000,Apartment,Palm Towers,Shefali Mehta
8913,2024-05-04,Referral,Mumbai,12500000,Villa,Urban Square,Rohit Sharma
8914,2024-11-17,99acres,Gurgaon,6800000,Apartment,Green Valley,Aman Sharma
8915,2024-04-02,Facebook,Bangalore,15600000,Plot,Sky Residency,Shefali Mehta
8916,2024-09-12,Facebook,Bangalore,18700000,Plot,Elite Heights,Shefali Mehta
8917,2024-05-09,Channel Partner,Bangalore,18400000,Plot,Urban Square,Neha Singh
8918,2024-11-16,Google Ads,Gurgaon,16800000,Apartment,Palm Towers,Rohit Sharma
8919,2024-09-30,Google Ads,Gurgaon,4700000,Apartment,Sky Residency,Viral Kohli
8920,2024-11-30,Referral,Pune,3800000,Apartment,Sky Residency,Priya Kapoor
8921,2024-12-17,Referral,Bangalore,18900000,Plot,Green Valley,Sachin Tendulkar
8922,2024-01-20,Channel Partner,Mumbai,11000000,Apartment,Sky Residency,Ravi Mehta
8923,2024-07-06,Facebook,Gurgaon,5000000,Plot,Green Valley,Aman Sharma
8924,2024-07-11,99acres,Gurgaon,15800000,Apartment,Palm Towers,Viral Kohli
8925,2024-09-09,99acres,Bangalore,16700000,Apartment,Palm Towers,Aman Sharma
8926,2024-09-24,99acres,Mumbai,9000000,Villa,Sky Residency,Aman Sharma
8927,2024-09-19,Google Ads,Noida,9900000,Villa,Palm Towers,Shefali Mehta
8928,2024-07-17,Walk-in,Gurgaon,16300000,Plot,Urban Square,Neha Singh
8929,2024-12-07,Google Ads,Hyderabad,15500000,Plot,Urban Square,Praveen Tambe
8930,2024-03-04,Channel Partner,Hyderabad,9500000,Villa,Sky Residency,Praveen Tambe
8931,2024-10-31,99acres,Noida,12400000,Plot,Palm Towers,Rohit Sharma
8932,2024-08-05,Channel Partner,Noida,18700000,Apartment,Urban Square,Priya Kapoor
8933,2024-03-17,Referral,Gurgaon,6600000,Apartment,Green Valley,Riya Kapoor
8934,2024-02-28,Referral,Gurgaon,17600000,Plot,Elite Heights,Sachin Tendulkar
8935,2024-08-21,Facebook,Bangalore,8300000,Villa,Green Valley,Viral Kohli
8936,2024-07-21,Facebook,Gurgaon,6800000,Apartment,Green Valley,Rohit Sharma
8937,2024-05-06,Channel Partner,Mumbai,8200000,Apartment,Sky Residency,Aman Sharma
8938,2024-12-20,Facebook,Mumbai,12600000,Apartment,Palm Towers,Priya Kapoor
8939,2024-04-13,Channel Partner,Gurgaon,13400000,Villa,Green Valley,Riya Kapoor
8940,2024-03-02,Facebook,Noida,17500000,Apartment,Urban Square,Neha Singh
8941,2024-03-22,Facebook,Hyderabad,12600000,Apartment,Sky Residency,Aman Sharma
8942,2024-08-02,Facebook,Bangalore,3300000,Apartment,Palm Towers,Shefali Mehta
8943,2024-05-24,Facebook,Pune,4000000,Plot,Palm Towers,Shefali Mehta
8944,2024-06-13,Facebook,Mumbai,14700000,Plot,Green Valley,Viral Kohli
8945,2024-06-12,Channel Partner,Hyderabad,18400000,Apartment,Green Valley,Rohit Sharma
8946,2024-02-05,Facebook,Gurgaon,10000000,Apartment,Urban Square,Riya Kapoor
8947,2024-04-24,99acres,Noida,3500000,Villa,Elite Heights,Sachin Tendulkar
8948,2024-09-05,Housing,Gurgaon,11700000,Apartment,Green Valley,Neha Singh
8949,2024-11-16,Housing,Noida,19700000,Villa,Urban Square,Shefali Mehta
8950,2024-02-05,Google Ads,Gurgaon,15400000,Villa,Urban Square,Priya Kapoor
8951,2024-10-22,Channel Partner,Gurgaon,8000000,Plot,Green Valley,Sachin Tendulkar
8952,2024-09-09,Walk-in,Gurgaon,13800000,Villa,Elite Heights,Neha Singh
8953,2024-08-06,Google Ads,Noida,14600000,Villa,Green Valley,Praveen Tambe
8954,2024-05-26,Walk-in,Gurgaon,7300000,Apartment,Palm Towers,Shefali Mehta
8955,2024-01-04,Google Ads,Pune,16400000,Villa,Sky Residency,Viral Kohli
8956,2024-09-28,Google Ads,Hyderabad,3200000,Villa,Green Valley,Neha Singh
8957,2024-06-30,Google Ads,Noida,11600000,Plot,Palm Towers,Aman Sharma
8958,2024-12-11,Housing,Gurgaon,19800000,Villa,Urban Square,Shefali Mehta
8959,2024-03-22,Google Ads,Noida,14900000,Plot,Sky Residency,Riya Kapoor
8960,2024-01-01,Referral,Bangalore,8500000,Villa,Sky Residency,Rohit Sharma
8961,2024-04-28,Channel Partner,Noida,4800000,Apartment,Palm Towers,Sachin Tendulkar
8962,2024-11-07,Facebook,Pune,11900000,Plot,Green Valley,Aman Sharma
8963,2024-06-14,Google Ads,Noida,12200000,Apartment,Green Valley,Viral Kohli
8964,2024-10-11,Referral,Bangalore,11800000,Apartment,Urban Square,Ravi Mehta
8965,2024-06-17,Referral,Gurgaon,19400000,Villa,Sky Residency,Shefali Mehta
8966,2024-05-11,Facebook,Gurgaon,19200000,Villa,Green Valley,Sachin Tendulkar
8967,2024-08-01,99acres,Hyderabad,4000000,Villa,Green Valley,Riya Kapoor
8968,2024-07-08,Referral,Gurgaon,19400000,Apartment,Palm Towers,Rohit Sharma
8969,2024-06-06,Facebook,Bangalore,11000000,Apartment,Urban Square,Praveen Tambe
8970,2024-06-10,Channel Partner,Hyderabad,7300000,Villa,Elite Heights,Shefali Mehta
8971,2024-11-06,Facebook,Gurgaon,10000000,Villa,Sky Residency,Sachin Tendulkar
8972,2024-02-23,Facebook,Bangalore,17900000,Plot,Green Valley,Viral Kohli
8973,2024-10-16,99acres,Gurgaon,6500000,Plot,Elite Heights,Shefali Mehta
8974,2024-04-27,Google Ads,Gurgaon,14400000,Apartment,Sky Residency,Rohit Sharma
8975,2024-02-15,Housing,Gurgaon,6000000,Villa,Urban Square,Riya Kapoor
8976,2024-09-23,99acres,Mumbai,3100000,Plot,Sky Residency,Viral Kohli
8977,2024-09-13,Google Ads,Hyderabad,8700000,Apartment,Urban Square,Rohit Sharma
8978,2024-09-27,Google Ads,Bangalore,19700000,Villa,Sky Residency,Ravi Mehta
8979,2024-11-22,99acres,Gurgaon,14400000,Apartment,Urban Square,Priya Kapoor
8980,2024-09-22,99acres,Noida,15600000,Apartment,Green Valley,Riya Kapoor
8981,2024-03-17,99acres,Bangalore,16300000,Apartment,Sky Residency,Viral Kohli
8982,2024-11-14,Walk-in,Bangalore,13700000,Apartment,Palm Towers,Rohit Sharma
8983,2024-04-22,Google Ads,Noida,11000000,Apartment,Sky Residency,Praveen Tambe
8984,2024-01-19,Google Ads,Bangalore,12200000,Plot,Green Valley,Neha Singh
8985,2024-11-28,Google Ads,Pune,16100000,Plot,Sky Residency,Shefali Mehta
8986,2024-05-15,99acres,Mumbai,19300000,Plot,Sky Residency,Priya Kapoor
8987,2024-10-01,Google Ads,Gurgaon,6600000,Plot,Green Valley,Praveen Tambe
8988,2024-11-08,Google Ads,Bangalore,3800000,Apartment,Elite Heights,Neha Singh
8989,2024-05-04,99acres,Noida,8900000,Villa,Green Valley,Praveen Tambe
8990,2024-06-25,Facebook,Bangalore,7000000,Apartment,Green Valley,Viral Kohli
8991,2024-01-26,Referral,Bangalore,5900000,Apartment,Elite Heights,Priya Kapoor
8992,2024-11-26,Referral,Bangalore,13200000,Villa,Green Valley,Viral Kohli
8993,2024-03-31,Google Ads,Gurgaon,3000000,Plot,Palm Towers,Priya Kapoor
8994,2024-11-04,Google Ads,Gurgaon,5700000,Apartment,Urban Square,Priya Kapoor
8995,2024-01-25,Google Ads,Bangalore,11100000,Apartment,Elite Heights,Rohit Sharma
8996,2024-07-14,Facebook,Gurgaon,15400000,Plot,Green Valley,Praveen Tambe
8997,2024-03-30,Referral,Gurgaon,4100000,Apartment,Palm Towers,Priya Kapoor
8998,2024-10-04,Facebook,Pune,13200000,Villa,Urban Square,Neha Singh
8999,2024-09-14,Facebook,Mumbai,18300000,Villa,Urban Square,Aman Sharma
9000,2024-04-23,Google Ads,Pune,16200000,Plot,Sky Residency,Sachin Tendulkar
9001,2024-08-07,Facebook,Gurgaon,10400000,Plot,Urban Square,Riya Kapoor
9002,2024-03-26,Google Ads,Mumbai,6000000,Apartment,Urban Square,Sachin Tendulkar
9003,2024-11-07,Google Ads,Mumbai,4900000,Plot,Urban Square,Rohit Sharma
9004,2024-07-11,Facebook,Gurgaon,6600000,Apartment,Elite Heights,Ravi Mehta
9005,2024-02-02,Referral,Noida,14700000,Apartment,Urban Square,Neha Singh
9006,2024-08-16,Facebook,Mumbai,19700000,Apartment,Urban Square,Neha Singh
9007,2024-03-05,Google Ads,Mumbai,4000000,Villa,Palm Towers,Riya Kapoor
9008,2024-10-24,Channel Partner,Bangalore,19400000,Apartment,Sky Residency,Rohit Sharma
9009,2024-04-17,Google Ads,Hyderabad,11000000,Villa,Green Valley,Viral Kohli
9010,2024-12-24,Facebook,Mumbai,5100000,Villa,Palm Towers,Rohit Sharma
9011,2024-10-11,Housing,Gurgaon,17500000,Apartment,Palm Towers,Priya Kapoor
9012,2024-05-03,Channel Partner,Noida,10900000,Villa,Sky Residency,Aman Sharma
9013,2024-02-09,Walk-in,Mumbai,8300000,Apartment,Elite Heights,Neha Singh
9014,2024-03-23,99acres,Gurgaon,6800000,Villa,Sky Residency,Viral Kohli
9015,2024-10-11,99acres,Hyderabad,9400000,Plot,Palm Towers,Rohit Sharma
9016,2024-06-24,Facebook,Gurgaon,18200000,Plot,Palm Towers,Praveen Tambe
9017,2024-03-18,Facebook,Mumbai,5300000,Villa,Elite Heights,Shefali Mehta
9018,2024-10-13,Housing,Noida,10700000,Apartment,Palm Towers,Neha Singh
9019,2024-04-15,Facebook,Gurgaon,5000000,Plot,Green Valley,Rohit Sharma
9020,2024-08-30,Google Ads,Noida,17000000,Apartment,Green Valley,Sachin Tendulkar
9021,2024-03-28,Channel Partner,Mumbai,11700000,Apartment,Palm Towers,Neha Singh
9022,2024-01-11,Google Ads,Hyderabad,13200000,Villa,Sky Residency,Aman Sharma
9023,2024-01-14,Facebook,Gurgaon,4200000,Villa,Green Valley,Rohit Sharma
9024,2024-11-28,99acres,Bangalore,15900000,Plot,Urban Square,Viral Kohli
9025,2024-07-24,Facebook,Gurgaon,10600000,Plot,Urban Square,Shefali Mehta
9026,2024-08-31,Walk-in,Bangalore,5000000,Apartment,Sky Residency,Aman Sharma
9027,2024-08-03,99acres,Gurgaon,19100000,Villa,Green Valley,Priya Kapoor
9028,2024-11-22,Google Ads,Hyderabad,18100000,Villa,Sky Residency,Aman Sharma
9029,2024-05-01,Channel Partner,Noida,5200000,Plot,Sky Residency,Sachin Tendulkar
9030,2024-02-27,Channel Partner,Pune,8900000,Villa,Urban Square,Riya Kapoor
9031,2024-12-13,Google Ads,Pune,10100000,Apartment,Palm Towers,Priya Kapoor
9032,2024-12-06,Referral,Noida,5700000,Villa,Elite Heights,Praveen Tambe
9033,2024-04-11,Facebook,Gurgaon,6600000,Villa,Palm Towers,Sachin Tendulkar
9034,2024-09-27,Facebook,Noida,8700000,Apartment,Elite Heights,Riya Kapoor
9035,2024-09-07,Google Ads,Bangalore,3800000,Plot,Green Valley,Rohit Sharma
9036,2024-05-12,Google Ads,Pune,14200000,Plot,Urban Square,Rohit Sharma
9037,2024-03-20,Channel Partner,Mumbai,10200000,Villa,Sky Residency,Viral Kohli
9038,2024-06-25,Referral,Gurgaon,18600000,Plot,Sky Residency,Riya Kapoor
9039,2024-06-29,Walk-in,Hyderabad,18600000,Villa,Sky Residency,Viral Kohli
9040,2024-10-06,Walk-in,Gurgaon,14000000,Apartment,Palm Towers,Rohit Sharma
9041,2024-12-10,Housing,Pune,4300000,Plot,Sky Residency,Praveen Tambe
9042,2024-12-23,Google Ads,Mumbai,6400000,Plot,Green Valley,Shefali Mehta
9043,2024-11-05,Walk-in,Noida,14100000,Apartment,Elite Heights,Aman Sharma
9044,2024-07-05,Google Ads,Gurgaon,19400000,Plot,Elite Heights,Rohit Sharma
9045,2024-02-25,Facebook,Gurgaon,5500000,Apartment,Palm Towers,Praveen Tambe
9046,2024-05-26,Housing,Gurgaon,13800000,Plot,Elite Heights,Ravi Mehta
9047,2024-05-29,Channel Partner,Gurgaon,8000000,Villa,Green Valley,Viral Kohli
9048,2024-08-17,Housing,Pune,4100000,Villa,Urban Square,Shefali Mehta
9049,2024-02-12,Facebook,Gurgaon,16000000,Apartment,Sky Residency,Viral Kohli
9050,2024-03-14,Google Ads,Gurgaon,13300000,Villa,Elite Heights,Viral Kohli
9051,2024-09-18,99acres,Noida,11500000,Apartment,Sky Residency,Viral Kohli
9052,2024-12-08,Google Ads,Gurgaon,19100000,Villa,Palm Towers,Viral Kohli
9053,2024-05-19,Walk-in,Mumbai,18500000,Plot,Sky Residency,Neha Singh
9054,2024-07-28,Walk-in,Bangalore,17200000,Apartment,Urban Square,Rohit Sharma
9055,2024-09-05,Google Ads,Mumbai,10700000,Villa,Elite Heights,Viral Kohli
9056,2024-12-18,Channel Partner,Bangalore,17300000,Plot,Urban Square,Ravi Mehta
9057,2024-10-13,Referral,Pune,16800000,Villa,Palm Towers,Aman Sharma
9058,2024-06-19,Referral,Mumbai,14700000,Apartment,Palm Towers,Rohit Sharma
9059,2024-05-21,99acres,Pune,18900000,Apartment,Urban Square,Neha Singh
9060,2024-08-31,Google Ads,Gurgaon,8300000,Apartment,Sky Residency,Priya Kapoor
9061,2024-09-17,99acres,Pune,7600000,Apartment,Urban Square,Riya Kapoor
9062,2024-03-07,Facebook,Bangalore,13400000,Plot,Green Valley,Ravi Mehta
9063,2024-10-25,Google Ads,Mumbai,10000000,Plot,Urban Square,Neha Singh
9064,2024-12-24,Referral,Mumbai,6500000,Villa,Elite Heights,Praveen Tambe
9065,2024-08-22,Facebook,Noida,11700000,Villa,Palm Towers,Aman Sharma
9066,2024-06-26,99acres,Gurgaon,13000000,Villa,Green Valley,Ravi Mehta
9067,2024-09-13,Google Ads,Noida,7300000,Apartment,Elite Heights,Riya Kapoor
9068,2024-04-06,Channel Partner,Hyderabad,14500000,Plot,Sky Residency,Riya Kapoor
9069,2024-01-21,Facebook,Pune,8900000,Plot,Sky Residency,Praveen Tambe
9070,2024-05-23,Referral,Bangalore,10900000,Plot,Palm Towers,Rohit Sharma
9071,2024-06-19,Channel Partner,Pune,11400000,Plot,Urban Square,Aman Sharma
9072,2024-03-28,Google Ads,Pune,9200000,Plot,Green Valley,Ravi Mehta
9073,2024-10-26,Google Ads,Hyderabad,9500000,Villa,Urban Square,Neha Singh
9074,2024-08-28,Facebook,Noida,7200000,Apartment,Elite Heights,Priya Kapoor
9075,2024-08-14,99acres,Pune,12400000,Plot,Palm Towers,Rohit Sharma
9076,2024-04-20,Google Ads,Gurgaon,10200000,Plot,Urban Square,Rohit Sharma
9077,2024-04-17,Facebook,Pune,7500000,Villa,Elite Heights,Priya Kapoor
9078,2024-03-04,Google Ads,Gurgaon,16000000,Apartment,Green Valley,Riya Kapoor
9079,2024-11-25,Google Ads,Noida,12000000,Plot,Urban Square,Aman Sharma
9080,2024-07-03,Channel Partner,Gurgaon,5700000,Plot,Sky Residency,Priya Kapoor
9081,2024-09-19,Facebook,Hyderabad,18300000,Villa,Palm Towers,Shefali Mehta
9082,2024-06-16,Google Ads,Bangalore,15100000,Apartment,Sky Residency,Riya Kapoor
9083,2024-12-22,Walk-in,Hyderabad,14700000,Apartment,Elite Heights,Praveen Tambe
9084,2024-04-29,Facebook,Mumbai,7300000,Villa,Elite Heights,Ravi Mehta
9085,2024-04-15,Google Ads,Pune,17200000,Plot,Green Valley,Shefali Mehta
9086,2024-08-03,Google Ads,Pune,3700000,Apartment,Green Valley,Priya Kapoor
9087,2024-02-17,Google Ads,Pune,3400000,Plot,Green Valley,Sachin Tendulkar
9088,2024-11-15,99acres,Hyderabad,10200000,Apartment,Sky Residency,Rohit Sharma
9089,2024-08-18,Housing,Hyderabad,4100000,Plot,Urban Square,Viral Kohli
9090,2024-04-12,Housing,Mumbai,19000000,Apartment,Elite Heights,Priya Kapoor
9091,2024-04-27,Facebook,Mumbai,11500000,Villa,Palm Towers,Shefali Mehta
9092,2024-07-14,Channel Partner,Noida,17400000,Plot,Urban Square,Riya Kapoor
9093,2024-01-31,Facebook,Noida,18700000,Plot,Palm Towers,Aman Sharma
9094,2024-12-04,Google Ads,Pune,13900000,Plot,Urban Square,Rohit Sharma
9095,2024-06-30,Referral,Hyderabad,7800000,Apartment,Palm Towers,Praveen Tambe
9096,2024-03-13,99acres,Noida,13400000,Villa,Urban Square,Aman Sharma
9097,2024-05-28,Google Ads,Noida,16800000,Villa,Green Valley,Viral Kohli
9098,2024-02-03,Facebook,Hyderabad,3400000,Plot,Green Valley,Priya Kapoor
9099,2024-05-18,Channel Partner,Gurgaon,7400000,Apartment,Elite Heights,Priya Kapoor
9100,2024-08-02,Google Ads,Gurgaon,15600000,Villa,Elite Heights,Neha Singh
9101,2024-12-21,Facebook,Pune,4900000,Apartment,Green Valley,Viral Kohli
9102,2024-09-22,Facebook,Pune,4200000,Plot,Urban Square,Ravi Mehta
9103,2024-11-09,Facebook,Bangalore,3800000,Villa,Elite Heights,Rohit Sharma
9104,2024-03-13,Facebook,Noida,11000000,Apartment,Elite Heights,Aman Sharma
9105,2024-07-31,Facebook,Gurgaon,18100000,Plot,Palm Towers,Praveen Tambe
9106,2024-03-15,Google Ads,Pune,6900000,Villa,Sky Residency,Priya Kapoor
9107,2024-05-24,Google Ads,Mumbai,3200000,Villa,Urban Square,Sachin Tendulkar
9108,2024-04-19,Housing,Mumbai,16600000,Villa,Palm Towers,Neha Singh
9109,2024-02-03,Facebook,Gurgaon,11600000,Apartment,Sky Residency,Praveen Tambe
9110,2024-03-11,Referral,Hyderabad,17500000,Plot,Elite Heights,Riya Kapoor
9111,2024-06-23,99acres,Gurgaon,6600000,Plot,Green Valley,Ravi Mehta
9112,2024-02-26,Channel Partner,Noida,16800000,Villa,Green Valley,Riya Kapoor
9113,2024-09-14,99acres,Mumbai,17400000,Villa,Green Valley,Shefali Mehta
9114,2024-10-01,Housing,Gurgaon,3100000,Plot,Green Valley,Priya Kapoor
9115,2024-12-20,Google Ads,Noida,5400000,Plot,Green Valley,Shefali Mehta
9116,2024-02-08,Facebook,Hyderabad,6300000,Plot,Elite Heights,Rohit Sharma
9117,2024-11-18,Google Ads,Gurgaon,12700000,Apartment,Urban Square,Aman Sharma
9118,2024-02-18,Google Ads,Hyderabad,13900000,Apartment,Green Valley,Riya Kapoor
9119,2024-10-23,Google Ads,Noida,12000000,Apartment,Green Valley,Sachin Tendulkar
9120,2024-11-14,Google Ads,Bangalore,15100000,Plot,Urban Square,Riya Kapoor
9121,2024-01-17,99acres,Pune,5100000,Apartment,Urban Square,Viral Kohli
9122,2024-04-27,Facebook,Hyderabad,4100000,Plot,Urban Square,Riya Kapoor
9123,2024-11-24,Housing,Bangalore,12400000,Plot,Urban Square,Priya Kapoor
9124,2024-09-15,Google Ads,Mumbai,4200000,Plot,Elite Heights,Ravi Mehta
9125,2024-02-21,Google Ads,Pune,8000000,Apartment,Sky Residency,Sachin Tendulkar
9126,2024-05-23,Google Ads,Gurgaon,14700000,Plot,Urban Square,Sachin Tendulkar
9127,2024-02-13,99acres,Gurgaon,9700000,Apartment,Urban Square,Aman Sharma
9128,2024-07-09,99acres,Mumbai,19700000,Plot,Elite Heights,Priya Kapoor
9129,2024-01-31,Facebook,Noida,10000000,Villa,Palm Towers,Aman Sharma
9130,2024-03-08,Housing,Pune,11500000,Plot,Palm Towers,Praveen Tambe
9131,2024-09-17,Referral,Hyderabad,16900000,Plot,Sky Residency,Viral Kohli
9132,2024-02-01,Housing,Gurgaon,15000000,Plot,Palm Towers,Aman Sharma
9133,2024-02-04,Referral,Gurgaon,16300000,Apartment,Green Valley,Priya Kapoor
9134,2024-07-22,Google Ads,Mumbai,9800000,Apartment,Urban Square,Praveen Tambe
9135,2024-07-13,Channel Partner,Bangalore,14600000,Apartment,Urban Square,Riya Kapoor
9136,2024-01-16,Google Ads,Mumbai,4600000,Apartment,Elite Heights,Ravi Mehta
9137,2024-11-08,Channel Partner,Mumbai,16400000,Apartment,Elite Heights,Shefali Mehta
9138,2024-10-24,99acres,Gurgaon,4100000,Apartment,Palm Towers,Neha Singh
9139,2024-08-25,Channel Partner,Pune,17900000,Villa,Urban Square,Ravi Mehta
9140,2024-07-28,99acres,Mumbai,11100000,Plot,Green Valley,Rohit Sharma
9141,2024-01-01,Facebook,Gurgaon,7200000,Villa,Green Valley,Praveen Tambe
9142,2024-06-16,Housing,Noida,11700000,Plot,Sky Residency,Riya Kapoor
9143,2024-10-24,Google Ads,Hyderabad,7300000,Apartment,Palm Towers,Viral Kohli
9144,2024-06-19,Facebook,Pune,5500000,Apartment,Green Valley,Shefali Mehta
9145,2024-07-17,Housing,Mumbai,6800000,Villa,Urban Square,Ravi Mehta
9146,2024-03-26,Google Ads,Gurgaon,7600000,Plot,Palm Towers,Praveen Tambe
9147,2024-07-13,Housing,Gurgaon,6800000,Plot,Green Valley,Sachin Tendulkar
9148,2024-10-14,Facebook,Mumbai,16400000,Apartment,Palm Towers,Riya Kapoor
9149,2024-11-20,Facebook,Gurgaon,10300000,Villa,Green Valley,Praveen Tambe
9150,2024-10-31,Google Ads,Pune,6700000,Villa,Urban Square,Neha Singh
9151,2024-05-15,Housing,Pune,16700000,Plot,Sky Residency,Shefali Mehta
9152,2024-06-11,Google Ads,Noida,11000000,Villa,Green Valley,Rohit Sharma
9153,2024-01-20,Referral,Hyderabad,6400000,Plot,Palm Towers,Praveen Tambe
9154,2024-06-28,Facebook,Gurgaon,5300000,Plot,Urban Square,Aman Sharma
9155,2024-10-15,Facebook,Pune,19800000,Villa,Elite Heights,Viral Kohli
9156,2024-12-07,Facebook,Pune,17400000,Villa,Sky Residency,Priya Kapoor
9157,2024-11-03,99acres,Gurgaon,7300000,Plot,Green Valley,Sachin Tendulkar
9158,2024-06-22,Housing,Noida,7500000,Plot,Urban Square,Sachin Tendulkar
9159,2024-09-23,Referral,Gurgaon,6300000,Apartment,Palm Towers,Sachin Tendulkar
9160,2024-01-31,Google Ads,Pune,14400000,Plot,Green Valley,Sachin Tendulkar
9161,2024-01-30,99acres,Gurgaon,11400000,Villa,Palm Towers,Neha Singh
9162,2024-01-05,Google Ads,Bangalore,11200000,Villa,Urban Square,Priya Kapoor
9163,2024-04-02,Walk-in,Mumbai,15200000,Plot,Elite Heights,Viral Kohli
9164,2024-09-01,Facebook,Gurgaon,5900000,Villa,Palm Towers,Shefali Mehta
9165,2024-05-29,Channel Partner,Bangalore,17800000,Plot,Sky Residency,Ravi Mehta
9166,2024-03-27,99acres,Noida,5700000,Plot,Sky Residency,Aman Sharma
9167,2024-09-13,Google Ads,Pune,7500000,Plot,Green Valley,Rohit Sharma
9168,2024-10-27,Referral,Gurgaon,11100000,Villa,Elite Heights,Neha Singh
9169,2024-03-08,Housing,Noida,12700000,Plot,Elite Heights,Riya Kapoor
9170,2024-01-17,Facebook,Gurgaon,13700000,Villa,Urban Square,Viral Kohli
9171,2024-07-14,Channel Partner,Mumbai,13000000,Plot,Elite Heights,Priya Kapoor
9172,2024-12-09,99acres,Pune,15800000,Apartment,Green Valley,Riya Kapoor
9173,2024-02-04,Referral,Noida,13400000,Apartment,Palm Towers,Rohit Sharma
9174,2024-11-19,Google Ads,Gurgaon,4300000,Apartment,Palm Towers,Aman Sharma
9175,2024-03-18,Channel Partner,Gurgaon,8000000,Apartment,Palm Towers,Sachin Tendulkar
9176,2024-01-21,Facebook,Noida,7200000,Plot,Palm Towers,Rohit Sharma
9177,2024-02-18,Facebook,Gurgaon,14700000,Villa,Sky Residency,Neha Singh
9178,2024-12-16,99acres,Noida,7500000,Villa,Elite Heights,Neha Singh
9179,2024-01-19,Facebook,Gurgaon,11000000,Apartment,Palm Towers,Rohit Sharma
9180,2024-02-16,Google Ads,Mumbai,4100000,Plot,Urban Square,Priya Kapoor
9181,2024-08-30,Referral,Gurgaon,17500000,Plot,Sky Residency,Aman Sharma
9182,2024-09-20,Walk-in,Pune,4500000,Villa,Sky Residency,Praveen Tambe
9183,2024-05-28,Google Ads,Bangalore,12000000,Villa,Sky Residency,Aman Sharma
9184,2024-03-25,Google Ads,Pune,12300000,Plot,Sky Residency,Rohit Sharma
9185,2024-09-08,Google Ads,Gurgaon,14100000,Plot,Urban Square,Aman Sharma
9186,2024-08-14,Housing,Hyderabad,11700000,Villa,Elite Heights,Praveen Tambe
9187,2024-10-21,Google Ads,Pune,8700000,Apartment,Sky Residency,Rohit Sharma
9188,2024-04-17,99acres,Gurgaon,8700000,Apartment,Elite Heights,Neha Singh
9189,2024-03-20,Housing,Gurgaon,11700000,Villa,Urban Square,Sachin Tendulkar
9190,2024-03-06,99acres,Gurgaon,12700000,Villa,Elite Heights,Praveen Tambe
9191,2024-04-05,Channel Partner,Gurgaon,5600000,Villa,Elite Heights,Shefali Mehta
9192,2024-07-18,Google Ads,Bangalore,19100000,Villa,Green Valley,Neha Singh
9193,2024-09-29,Channel Partner,Pune,9200000,Apartment,Urban Square,Aman Sharma
9194,2024-03-22,Google Ads,Bangalore,3300000,Apartment,Palm Towers,Priya Kapoor
9195,2024-11-19,Google Ads,Mumbai,4100000,Villa,Elite Heights,Ravi Mehta
9196,2024-01-09,Facebook,Pune,5000000,Plot,Urban Square,Sachin Tendulkar
9197,2024-08-02,Google Ads,Mumbai,3100000,Plot,Urban Square,Neha Singh
9198,2024-04-13,Facebook,Bangalore,4700000,Apartment,Sky Residency,Ravi Mehta
9199,2024-11-29,Housing,Mumbai,12000000,Apartment,Palm Towers,Sachin Tendulkar
9200,2024-11-13,Facebook,Pune,11200000,Plot,Sky Residency,Rohit Sharma
9201,2024-06-12,Channel Partner,Pune,8900000,Villa,Sky Residency,Priya Kapoor
9202,2024-05-04,99acres,Hyderabad,15400000,Villa,Green Valley,Rohit Sharma
9203,2024-06-16,Facebook,Bangalore,12600000,Apartment,Palm Towers,Praveen Tambe
9204,2024-04-30,Google Ads,Mumbai,4000000,Apartment,Urban Square,Praveen Tambe
9205,2024-06-02,Google Ads,Hyderabad,6500000,Villa,Elite Heights,Aman Sharma
9206,2024-08-13,Referral,Gurgaon,3400000,Villa,Sky Residency,Praveen Tambe
9207,2024-10-20,Facebook,Gurgaon,17000000,Plot,Elite Heights,Viral Kohli
9208,2024-05-11,Google Ads,Bangalore,10200000,Plot,Sky Residency,Riya Kapoor
9209,2024-07-28,Channel Partner,Bangalore,13900000,Plot,Green Valley,Rohit Sharma
9210,2024-04-12,Channel Partner,Mumbai,10100000,Plot,Elite Heights,Riya Kapoor
9211,2024-07-17,Referral,Gurgaon,18600000,Villa,Sky Residency,Sachin Tendulkar
9212,2024-05-05,Google Ads,Noida,13400000,Plot,Green Valley,Priya Kapoor
9213,2024-05-06,99acres,Hyderabad,8300000,Villa,Palm Towers,Ravi Mehta
9214,2024-11-29,Google Ads,Pune,10500000,Plot,Urban Square,Neha Singh
9215,2024-06-28,99acres,Bangalore,11700000,Plot,Elite Heights,Ravi Mehta
9216,2024-12-06,Google Ads,Gurgaon,15600000,Villa,Palm Towers,Riya Kapoor
9217,2024-08-10,99acres,Mumbai,11300000,Apartment,Urban Square,Riya Kapoor
9218,2024-05-18,Google Ads,Mumbai,6600000,Apartment,Sky Residency,Praveen Tambe
9219,2024-05-18,Google Ads,Gurgaon,11400000,Plot,Green Valley,Rohit Sharma
9220,2024-09-19,Google Ads,Mumbai,9500000,Apartment,Urban Square,Praveen Tambe
9221,2024-03-31,Google Ads,Pune,10300000,Villa,Sky Residency,Rohit Sharma
9222,2024-06-19,Google Ads,Gurgaon,14900000,Villa,Elite Heights,Shefali Mehta
9223,2024-07-18,Channel Partner,Gurgaon,7000000,Villa,Sky Residency,Praveen Tambe
9224,2024-05-14,Google Ads,Mumbai,20000000,Plot,Green Valley,Sachin Tendulkar
9225,2024-03-03,Walk-in,Gurgaon,3900000,Apartment,Palm Towers,Viral Kohli
9226,2024-08-14,Google Ads,Mumbai,5400000,Apartment,Palm Towers,Aman Sharma
9227,2024-02-13,Referral,Hyderabad,13400000,Apartment,Green Valley,Praveen Tambe
9228,2024-04-23,Housing,Gurgaon,10600000,Plot,Sky Residency,Riya Kapoor
9229,2024-08-23,Facebook,Gurgaon,13600000,Villa,Urban Square,Aman Sharma
9230,2024-08-23,Google Ads,Mumbai,11500000,Plot,Green Valley,Neha Singh
9231,2024-12-28,99acres,Mumbai,17100000,Villa,Palm Towers,Viral Kohli
9232,2024-12-21,Facebook,Bangalore,15000000,Villa,Urban Square,Shefali Mehta
9233,2024-10-28,Walk-in,Pune,18600000,Plot,Elite Heights,Aman Sharma
9234,2024-04-02,Google Ads,Mumbai,13000000,Apartment,Urban Square,Shefali Mehta
9235,2024-01-30,Referral,Mumbai,5100000,Villa,Palm Towers,Neha Singh
9236,2024-07-12,Referral,Mumbai,16300000,Villa,Palm Towers,Aman Sharma
9237,2024-11-05,Google Ads,Bangalore,15000000,Apartment,Green Valley,Riya Kapoor
9238,2024-05-19,Facebook,Noida,4600000,Apartment,Sky Residency,Sachin Tendulkar
9239,2024-01-08,Referral,Gurgaon,4000000,Plot,Elite Heights,Aman Sharma
9240,2024-10-16,Facebook,Mumbai,18100000,Apartment,Sky Residency,Rohit Sharma
9241,2024-09-29,Housing,Mumbai,10400000,Plot,Urban Square,Rohit Sharma
9242,2024-04-09,Facebook,Hyderabad,3500000,Apartment,Sky Residency,Rohit Sharma
9243,2024-08-04,Facebook,Noida,6200000,Plot,Elite Heights,Sachin Tendulkar
9244,2024-10-12,99acres,Noida,10400000,Apartment,Urban Square,Sachin Tendulkar
9245,2024-08-10,Google Ads,Bangalore,15300000,Plot,Sky Residency,Priya Kapoor
9246,2024-08-13,Facebook,Hyderabad,6900000,Villa,Urban Square,Aman Sharma
9247,2024-04-06,Channel Partner,Pune,13100000,Plot,Palm Towers,Aman Sharma
9248,2024-09-18,99acres,Bangalore,10500000,Villa,Urban Square,Rohit Sharma
9249,2024-03-03,99acres,Pune,7500000,Plot,Elite Heights,Aman Sharma
9250,2024-01-23,99acres,Noida,14100000,Apartment,Green Valley,Ravi Mehta
9251,2024-06-26,Google Ads,Hyderabad,18200000,Apartment,Urban Square,Sachin Tendulkar
9252,2024-11-21,Referral,Noida,7300000,Plot,Green Valley,Shefali Mehta
9253,2024-02-29,Google Ads,Pune,16500000,Villa,Sky Residency,Priya Kapoor
9254,2024-08-08,Google Ads,Pune,15500000,Apartment,Sky Residency,Shefali Mehta
9255,2024-10-15,99acres,Pune,15900000,Villa,Elite Heights,Priya Kapoor
9256,2024-09-14,Google Ads,Pune,6500000,Apartment,Urban Square,Shefali Mehta
9257,2024-12-03,Google Ads,Bangalore,4400000,Villa,Sky Residency,Riya Kapoor
9258,2024-12-27,99acres,Mumbai,10100000,Plot,Sky Residency,Sachin Tendulkar
9259,2024-03-23,Google Ads,Gurgaon,14400000,Apartment,Green Valley,Shefali Mehta
9260,2024-07-03,Google Ads,Mumbai,14300000,Plot,Palm Towers,Praveen Tambe
9261,2024-04-07,99acres,Gurgaon,8800000,Plot,Palm Towers,Rohit Sharma
9262,2024-03-25,Google Ads,Mumbai,18000000,Apartment,Sky Residency,Praveen Tambe
9263,2024-03-08,99acres,Noida,16300000,Plot,Elite Heights,Rohit Sharma
9264,2024-04-21,Housing,Gurgaon,5700000,Apartment,Sky Residency,Riya Kapoor
9265,2024-11-12,99acres,Noida,16800000,Apartment,Sky Residency,Rohit Sharma
9266,2024-11-21,99acres,Noida,16000000,Plot,Elite Heights,Shefali Mehta
9267,2024-06-18,Facebook,Bangalore,11900000,Apartment,Green Valley,Ravi Mehta
9268,2024-02-19,Walk-in,Noida,10200000,Plot,Palm Towers,Praveen Tambe
9269,2024-06-06,Google Ads,Bangalore,7300000,Plot,Elite Heights,Priya Kapoor
9270,2024-07-01,Housing,Bangalore,11500000,Apartment,Green Valley,Praveen Tambe
9271,2024-11-07,Referral,Gurgaon,4500000,Villa,Sky Residency,Priya Kapoor
9272,2024-04-17,Google Ads,Bangalore,13200000,Villa,Sky Residency,Rohit Sharma
9273,2024-02-28,99acres,Bangalore,5600000,Apartment,Sky Residency,Ravi Mehta
9274,2024-07-28,Facebook,Noida,16600000,Villa,Sky Residency,Riya Kapoor
9275,2024-02-01,Facebook,Mumbai,13100000,Apartment,Elite Heights,Neha Singh
9276,2024-07-02,99acres,Pune,6100000,Plot,Urban Square,Praveen Tambe
9277,2024-11-27,Channel Partner,Noida,8600000,Apartment,Green Valley,Sachin Tendulkar
9278,2024-12-30,Facebook,Hyderabad,16900000,Plot,Palm Towers,Shefali Mehta
9279,2024-09-23,Facebook,Noida,12100000,Apartment,Green Valley,Praveen Tambe
9280,2024-09-17,99acres,Pune,4700000,Plot,Palm Towers,Rohit Sharma
9281,2024-09-13,Housing,Mumbai,4700000,Plot,Palm Towers,Neha Singh
9282,2024-09-21,Facebook,Mumbai,7200000,Villa,Elite Heights,Neha Singh
9283,2024-05-12,Housing,Noida,11000000,Plot,Elite Heights,Viral Kohli
9284,2024-03-22,Facebook,Bangalore,4300000,Plot,Urban Square,Priya Kapoor
9285,2024-08-08,Walk-in,Mumbai,5500000,Plot,Green Valley,Riya Kapoor
9286,2024-06-29,Walk-in,Bangalore,10500000,Plot,Sky Residency,Shefali Mehta
9287,2024-11-12,Google Ads,Bangalore,6200000,Plot,Urban Square,Sachin Tendulkar
9288,2024-04-29,Google Ads,Noida,14200000,Apartment,Palm Towers,Aman Sharma
9289,2024-01-12,Facebook,Hyderabad,4800000,Villa,Urban Square,Praveen Tambe
9290,2024-08-04,Channel Partner,Bangalore,15000000,Apartment,Palm Towers,Shefali Mehta
9291,2024-10-10,Facebook,Pune,5700000,Apartment,Green Valley,Sachin Tendulkar
9292,2024-12-05,99acres,Pune,3100000,Apartment,Elite Heights,Viral Kohli
9293,2024-08-28,Google Ads,Mumbai,18800000,Villa,Green Valley,Priya Kapoor
9294,2024-03-21,Google Ads,Noida,11000000,Apartment,Green Valley,Riya Kapoor
9295,2024-05-26,Referral,Hyderabad,12800000,Apartment,Green Valley,Riya Kapoor
9296,2024-11-20,99acres,Bangalore,3400000,Villa,Palm Towers,Priya Kapoor
9297,2024-02-27,99acres,Mumbai,20000000,Plot,Sky Residency,Sachin Tendulkar
9298,2024-11-04,Google Ads,Noida,6900000,Apartment,Green Valley,Neha Singh
9299,2024-12-30,Housing,Noida,15900000,Villa,Palm Towers,Praveen Tambe
9300,2024-12-19,Google Ads,Noida,5400000,Plot,Elite Heights,Riya Kapoor
9301,2024-01-05,Google Ads,Pune,9100000,Apartment,Sky Residency,Riya Kapoor
9302,2024-01-12,Referral,Noida,16700000,Plot,Elite Heights,Shefali Mehta
9303,2024-09-14,Google Ads,Noida,13600000,Apartment,Palm Towers,Priya Kapoor
9304,2024-02-15,Facebook,Noida,19000000,Plot,Palm Towers,Ravi Mehta
9305,2024-03-07,Google Ads,Pune,11300000,Villa,Urban Square,Viral Kohli
9306,2024-03-19,Google Ads,Gurgaon,3700000,Apartment,Palm Towers,Aman Sharma
9307,2024-07-22,99acres,Noida,15700000,Villa,Sky Residency,Sachin Tendulkar
9308,2024-09-13,Facebook,Pune,7600000,Villa,Elite Heights,Viral Kohli
9309,2024-04-08,Facebook,Mumbai,4600000,Villa,Green Valley,Shefali Mehta
9310,2024-10-10,Google Ads,Noida,10000000,Villa,Palm Towers,Shefali Mehta
9311,2024-06-27,99acres,Noida,15700000,Apartment,Elite Heights,Ravi Mehta
9312,2024-06-13,Referral,Pune,8100000,Apartment,Urban Square,Shefali Mehta
9313,2024-01-21,Google Ads,Pune,11900000,Plot,Urban Square,Shefali Mehta
9314,2024-11-07,99acres,Bangalore,20000000,Plot,Green Valley,Riya Kapoor
9315,2024-03-09,Google Ads,Gurgaon,20000000,Villa,Urban Square,Praveen Tambe
9316,2024-12-26,Facebook,Noida,12200000,Plot,Urban Square,Praveen Tambe
9317,2024-01-22,Facebook,Gurgaon,12600000,Villa,Green Valley,Aman Sharma
9318,2024-03-20,99acres,Hyderabad,12800000,Plot,Elite Heights,Praveen Tambe
9319,2024-08-02,Google Ads,Gurgaon,7700000,Apartment,Sky Residency,Viral Kohli
9320,2024-04-14,Facebook,Gurgaon,11200000,Plot,Elite Heights,Viral Kohli
9321,2024-12-08,Housing,Hyderabad,6500000,Villa,Green Valley,Sachin Tendulkar
9322,2024-09-24,Facebook,Bangalore,4700000,Apartment,Urban Square,Rohit Sharma
9323,2024-01-05,Referral,Pune,19600000,Villa,Elite Heights,Ravi Mehta
9324,2024-11-08,99acres,Mumbai,17700000,Plot,Urban Square,Praveen Tambe
9325,2024-02-18,Google Ads,Hyderabad,15000000,Villa,Urban Square,Ravi Mehta
9326,2024-03-23,Google Ads,Mumbai,7000000,Villa,Green Valley,Ravi Mehta
9327,2024-01-05,Facebook,Bangalore,11100000,Plot,Urban Square,Ravi Mehta
9328,2024-02-29,Housing,Pune,9400000,Apartment,Sky Residency,Sachin Tendulkar
9329,2024-01-02,Housing,Pune,6600000,Villa,Green Valley,Neha Singh
9330,2024-07-03,99acres,Bangalore,9800000,Apartment,Green Valley,Riya Kapoor
9331,2024-09-25,Housing,Pune,17000000,Villa,Sky Residency,Sachin Tendulkar
9332,2024-08-20,99acres,Bangalore,8900000,Plot,Green Valley,Rohit Sharma
9333,2024-07-11,Walk-in,Pune,9100000,Apartment,Sky Residency,Sachin Tendulkar
9334,2024-01-09,Facebook,Bangalore,20000000,Apartment,Sky Residency,Rohit Sharma
9335,2024-09-17,Referral,Hyderabad,9700000,Apartment,Palm Towers,Neha Singh
9336,2024-07-28,Google Ads,Bangalore,5800000,Villa,Urban Square,Rohit Sharma
9337,2024-07-16,Walk-in,Noida,10500000,Plot,Elite Heights,Priya Kapoor
9338,2024-06-28,99acres,Noida,3600000,Apartment,Urban Square,Aman Sharma
9339,2024-02-27,Referral,Hyderabad,8600000,Apartment,Palm Towers,Viral Kohli
9340,2024-03-12,Referral,Noida,11500000,Plot,Palm Towers,Aman Sharma
9341,2024-05-10,99acres,Noida,7400000,Plot,Palm Towers,Neha Singh
9342,2024-10-09,Google Ads,Noida,12900000,Villa,Sky Residency,Ravi Mehta
9343,2024-02-04,Housing,Noida,13300000,Apartment,Elite Heights,Shefali Mehta
9344,2024-03-11,Walk-in,Mumbai,18200000,Apartment,Elite Heights,Ravi Mehta
9345,2024-12-25,Facebook,Pune,5100000,Plot,Palm Towers,Riya Kapoor
9346,2024-08-20,Facebook,Bangalore,11400000,Plot,Urban Square,Rohit Sharma
9347,2024-02-29,Housing,Hyderabad,7500000,Villa,Urban Square,Sachin Tendulkar
9348,2024-09-02,Google Ads,Noida,17000000,Plot,Elite Heights,Shefali Mehta
9349,2024-01-30,Channel Partner,Noida,17200000,Apartment,Green Valley,Neha Singh
9350,2024-11-15,99acres,Noida,15400000,Plot,Sky Residency,Praveen Tambe
9351,2024-02-21,Google Ads,Gurgaon,7600000,Plot,Palm Towers,Ravi Mehta
9352,2024-04-17,Housing,Gurgaon,11100000,Apartment,Elite Heights,Aman Sharma
9353,2024-10-29,Google Ads,Noida,13400000,Villa,Palm Towers,Riya Kapoor
9354,2024-04-01,Housing,Hyderabad,7600000,Plot,Urban Square,Ravi Mehta
9355,2024-03-13,Walk-in,Gurgaon,17100000,Apartment,Green Valley,Sachin Tendulkar
9356,2024-12-15,Facebook,Noida,14700000,Villa,Urban Square,Aman Sharma
9357,2024-08-09,Walk-in,Mumbai,10100000,Plot,Palm Towers,Neha Singh
9358,2024-06-05,Housing,Hyderabad,12400000,Plot,Green Valley,Rohit Sharma
9359,2024-12-25,99acres,Noida,9500000,Plot,Elite Heights,Shefali Mehta
9360,2024-11-22,Housing,Gurgaon,19200000,Plot,Green Valley,Shefali Mehta
9361,2024-12-24,Walk-in,Pune,13000000,Plot,Sky Residency,Priya Kapoor
9362,2024-07-08,Housing,Mumbai,8600000,Plot,Sky Residency,Ravi Mehta
9363,2024-08-31,Channel Partner,Mumbai,12900000,Apartment,Green Valley,Shefali Mehta
9364,2024-08-20,Housing,Noida,18900000,Apartment,Elite Heights,Sachin Tendulkar
9365,2024-01-17,99acres,Bangalore,7500000,Villa,Sky Residency,Riya Kapoor
9366,2024-05-21,Google Ads,Hyderabad,13800000,Villa,Palm Towers,Aman Sharma
9367,2024-05-11,Google Ads,Bangalore,6400000,Villa,Elite Heights,Ravi Mehta
9368,2024-05-08,Facebook,Bangalore,14200000,Villa,Green Valley,Aman Sharma
9369,2024-06-01,Google Ads,Gurgaon,7900000,Plot,Elite Heights,Rohit Sharma
9370,2024-08-08,99acres,Noida,9000000,Villa,Sky Residency,Priya Kapoor
9371,2024-09-19,Walk-in,Hyderabad,16400000,Apartment,Urban Square,Neha Singh
9372,2024-07-22,Google Ads,Bangalore,18000000,Apartment,Palm Towers,Rohit Sharma
9373,2024-01-17,Referral,Pune,19500000,Apartment,Palm Towers,Sachin Tendulkar
9374,2024-02-19,Google Ads,Gurgaon,6900000,Plot,Green Valley,Shefali Mehta
9375,2024-05-30,Google Ads,Bangalore,11000000,Plot,Sky Residency,Viral Kohli
9376,2024-11-24,Google Ads,Mumbai,13800000,Plot,Green Valley,Viral Kohli
9377,2024-07-21,99acres,Bangalore,14200000,Plot,Urban Square,Shefali Mehta
9378,2024-08-20,99acres,Noida,16300000,Plot,Sky Residency,Ravi Mehta
9379,2024-02-18,99acres,Noida,7100000,Apartment,Palm Towers,Viral Kohli
9380,2024-07-05,99acres,Gurgaon,5800000,Plot,Elite Heights,Neha Singh
9381,2024-05-01,Facebook,Bangalore,19600000,Villa,Palm Towers,Aman Sharma
9382,2024-03-09,Facebook,Pune,9100000,Plot,Urban Square,Viral Kohli
9383,2024-10-01,Channel Partner,Mumbai,9300000,Villa,Green Valley,Riya Kapoor
9384,2024-06-21,Google Ads,Bangalore,17300000,Apartment,Green Valley,Shefali Mehta
9385,2024-03-20,Facebook,Gurgaon,17100000,Plot,Elite Heights,Priya Kapoor
9386,2024-08-23,Facebook,Bangalore,18400000,Plot,Green Valley,Viral Kohli
9387,2024-02-04,Facebook,Pune,19700000,Apartment,Sky Residency,Riya Kapoor
9388,2024-12-06,Facebook,Bangalore,8100000,Plot,Green Valley,Riya Kapoor
9389,2024-03-21,Google Ads,Bangalore,11800000,Villa,Elite Heights,Neha Singh
9390,2024-08-25,Walk-in,Pune,6000000,Apartment,Elite Heights,Praveen Tambe
9391,2024-11-04,Google Ads,Bangalore,5800000,Apartment,Green Valley,Riya Kapoor
9392,2024-02-03,Facebook,Noida,15500000,Villa,Sky Residency,Sachin Tendulkar
9393,2024-09-02,Facebook,Mumbai,10400000,Apartment,Sky Residency,Praveen Tambe
9394,2024-10-05,Google Ads,Mumbai,12400000,Villa,Sky Residency,Riya Kapoor
9395,2024-01-08,Walk-in,Gurgaon,5400000,Apartment,Palm Towers,Sachin Tendulkar
9396,2024-03-23,Google Ads,Hyderabad,7900000,Plot,Urban Square,Sachin Tendulkar
9397,2024-06-13,Walk-in,Mumbai,3700000,Villa,Sky Residency,Riya Kapoor
9398,2024-04-18,Facebook,Mumbai,12600000,Villa,Green Valley,Riya Kapoor
9399,2024-11-28,Facebook,Pune,14400000,Plot,Elite Heights,Rohit Sharma
9400,2024-12-24,Housing,Noida,16000000,Villa,Sky Residency,Rohit Sharma
9401,2024-09-01,Facebook,Gurgaon,11300000,Villa,Sky Residency,Praveen Tambe
9402,2024-09-28,99acres,Pune,13100000,Plot,Urban Square,Neha Singh
9403,2024-01-22,Channel Partner,Hyderabad,13400000,Apartment,Elite Heights,Praveen Tambe
9404,2024-10-20,Facebook,Noida,19700000,Plot,Palm Towers,Ravi Mehta
9405,2024-05-11,Housing,Noida,11700000,Plot,Palm Towers,Ravi Mehta
9406,2024-07-05,Facebook,Noida,19300000,Apartment,Palm Towers,Sachin Tendulkar
9407,2024-12-02,99acres,Mumbai,5800000,Plot,Sky Residency,Sachin Tendulkar
9408,2024-02-10,Google Ads,Noida,6600000,Plot,Sky Residency,Sachin Tendulkar
9409,2024-05-22,99acres,Pune,14900000,Villa,Urban Square,Shefali Mehta
9410,2024-03-12,Walk-in,Bangalore,3200000,Villa,Green Valley,Neha Singh
9411,2024-01-17,Housing,Bangalore,15500000,Apartment,Urban Square,Neha Singh
9412,2024-05-23,Channel Partner,Gurgaon,17400000,Apartment,Sky Residency,Praveen Tambe
9413,2024-11-15,Google Ads,Gurgaon,12000000,Apartment,Sky Residency,Shefali Mehta
9414,2024-10-01,Walk-in,Gurgaon,15700000,Villa,Sky Residency,Shefali Mehta
9415,2024-09-09,Channel Partner,Bangalore,13200000,Plot,Green Valley,Aman Sharma
9416,2024-10-13,Channel Partner,Noida,12800000,Villa,Urban Square,Viral Kohli
9417,2024-01-18,Google Ads,Bangalore,19500000,Apartment,Sky Residency,Priya Kapoor
9418,2024-12-28,Facebook,Pune,6100000,Villa,Green Valley,Shefali Mehta
9419,2024-05-09,Google Ads,Noida,12600000,Apartment,Elite Heights,Aman Sharma
9420,2024-01-05,Facebook,Gurgaon,6100000,Villa,Elite Heights,Priya Kapoor
9421,2024-05-31,Referral,Pune,3300000,Apartment,Green Valley,Riya Kapoor
9422,2024-02-16,Facebook,Hyderabad,4900000,Plot,Sky Residency,Riya Kapoor
9423,2024-03-13,Referral,Bangalore,7000000,Apartment,Green Valley,Ravi Mehta
9424,2024-08-17,Google Ads,Bangalore,15700000,Apartment,Elite Heights,Ravi Mehta
9425,2024-02-12,Google Ads,Bangalore,11800000,Plot,Elite Heights,Ravi Mehta
9426,2024-08-31,Google Ads,Noida,11400000,Villa,Urban Square,Riya Kapoor
9427,2024-11-04,Google Ads,Hyderabad,7800000,Villa,Elite Heights,Priya Kapoor
9428,2024-03-21,Housing,Gurgaon,9900000,Plot,Palm Towers,Aman Sharma
9429,2024-03-24,Google Ads,Bangalore,19400000,Villa,Elite Heights,Viral Kohli
9430,2024-07-16,Housing,Noida,14000000,Apartment,Elite Heights,Riya Kapoor
9431,2024-02-09,Facebook,Bangalore,12200000,Plot,Elite Heights,Praveen Tambe
9432,2024-03-05,Facebook,Gurgaon,16300000,Apartment,Urban Square,Neha Singh
9433,2024-01-04,Google Ads,Bangalore,4900000,Plot,Urban Square,Viral Kohli
9434,2024-04-28,Walk-in,Pune,14000000,Villa,Urban Square,Ravi Mehta
9435,2024-06-24,Referral,Bangalore,5900000,Plot,Green Valley,Priya Kapoor
9436,2024-05-25,99acres,Pune,16000000,Plot,Sky Residency,Priya Kapoor
9437,2024-08-05,Google Ads,Pune,6200000,Apartment,Green Valley,Rohit Sharma
9438,2024-12-01,Facebook,Pune,13400000,Apartment,Green Valley,Praveen Tambe
9439,2024-11-21,Facebook,Pune,11200000,Plot,Green Valley,Riya Kapoor
9440,2024-07-20,Facebook,Noida,15400000,Villa,Elite Heights,Viral Kohli
9441,2024-01-11,Referral,Bangalore,9800000,Apartment,Sky Residency,Viral Kohli
9442,2024-01-14,Google Ads,Bangalore,12300000,Villa,Green Valley,Rohit Sharma
9443,2024-03-06,Google Ads,Noida,8200000,Apartment,Sky Residency,Praveen Tambe
9444,2024-01-31,Google Ads,Bangalore,18100000,Villa,Elite Heights,Riya Kapoor
9445,2024-04-11,Housing,Gurgaon,13600000,Villa,Elite Heights,Shefali Mehta
9446,2024-05-09,Google Ads,Bangalore,7600000,Plot,Green Valley,Rohit Sharma
9447,2024-02-22,Google Ads,Pune,8000000,Villa,Palm Towers,Ravi Mehta
9448,2024-11-18,Google Ads,Bangalore,18600000,Plot,Sky Residency,Priya Kapoor
9449,2024-11-30,Referral,Pune,9700000,Villa,Palm Towers,Viral Kohli
9450,2024-03-22,Channel Partner,Pune,13500000,Apartment,Green Valley,Riya Kapoor
9451,2024-09-10,Facebook,Gurgaon,7600000,Villa,Palm Towers,Sachin Tendulkar
9452,2024-11-12,Referral,Mumbai,16100000,Plot,Green Valley,Riya Kapoor
9453,2024-07-30,Housing,Bangalore,19300000,Villa,Palm Towers,Aman Sharma
9454,2024-08-03,99acres,Noida,20000000,Plot,Sky Residency,Shefali Mehta
9455,2024-01-19,Google Ads,Gurgaon,15100000,Villa,Sky Residency,Aman Sharma
9456,2024-03-18,Google Ads,Gurgaon,17700000,Plot,Green Valley,Shefali Mehta
9457,2024-02-07,99acres,Gurgaon,6500000,Plot,Urban Square,Aman Sharma
9458,2024-12-26,99acres,Bangalore,13800000,Apartment,Elite Heights,Ravi Mehta
9459,2024-02-25,Google Ads,Hyderabad,8300000,Villa,Palm Towers,Priya Kapoor
9460,2024-01-13,Google Ads,Gurgaon,10800000,Villa,Urban Square,Ravi Mehta
9461,2024-12-15,99acres,Gurgaon,14000000,Villa,Sky Residency,Neha Singh
9462,2024-10-25,Facebook,Bangalore,14200000,Apartment,Sky Residency,Neha Singh
9463,2024-12-27,99acres,Pune,18800000,Apartment,Palm Towers,Riya Kapoor
9464,2024-11-29,99acres,Noida,13600000,Apartment,Green Valley,Neha Singh
9465,2024-10-20,Google Ads,Pune,13200000,Apartment,Sky Residency,Rohit Sharma
9466,2024-02-18,Channel Partner,Mumbai,15000000,Plot,Sky Residency,Aman Sharma
9467,2024-03-17,Referral,Mumbai,7400000,Plot,Palm Towers,Sachin Tendulkar
9468,2024-01-03,99acres,Bangalore,9600000,Plot,Urban Square,Praveen Tambe
9469,2024-11-19,Housing,Noida,6300000,Villa,Elite Heights,Riya Kapoor
9470,2024-07-01,Housing,Hyderabad,6700000,Plot,Elite Heights,Viral Kohli
9471,2024-06-25,Google Ads,Mumbai,11700000,Plot,Elite Heights,Rohit Sharma
9472,2024-11-12,Referral,Noida,12900000,Apartment,Elite Heights,Neha Singh
9473,2024-08-18,Facebook,Gurgaon,7200000,Villa,Sky Residency,Rohit Sharma
9474,2024-07-12,99acres,Noida,12900000,Plot,Sky Residency,Viral Kohli
9475,2024-12-22,Housing,Pune,15600000,Plot,Sky Residency,Riya Kapoor
9476,2024-12-24,Google Ads,Bangalore,10100000,Apartment,Palm Towers,Shefali Mehta
9477,2024-08-06,Facebook,Noida,11200000,Villa,Sky Residency,Priya Kapoor
9478,2024-08-23,Facebook,Noida,16300000,Plot,Palm Towers,Priya Kapoor
9479,2024-05-30,99acres,Noida,4600000,Apartment,Sky Residency,Praveen Tambe
9480,2024-08-13,Google Ads,Mumbai,5400000,Plot,Elite Heights,Praveen Tambe
9481,2024-05-27,Facebook,Gurgaon,13400000,Villa,Urban Square,Riya Kapoor
9482,2024-01-13,Referral,Gurgaon,17700000,Villa,Urban Square,Aman Sharma
9483,2024-07-31,99acres,Pune,9100000,Apartment,Urban Square,Shefali Mehta
9484,2024-08-04,Referral,Mumbai,10700000,Plot,Sky Residency,Sachin Tendulkar
9485,2024-01-22,Google Ads,Gurgaon,7000000,Apartment,Palm Towers,Praveen Tambe
9486,2024-12-25,Facebook,Mumbai,4400000,Plot,Sky Residency,Praveen Tambe
9487,2024-04-01,99acres,Bangalore,4300000,Villa,Palm Towers,Viral Kohli
9488,2024-03-02,Google Ads,Noida,19300000,Apartment,Palm Towers,Riya Kapoor
9489,2024-08-08,99acres,Pune,11400000,Plot,Palm Towers,Priya Kapoor
9490,2024-04-27,Referral,Noida,14600000,Apartment,Urban Square,Sachin Tendulkar
9491,2024-06-12,Channel Partner,Pune,10900000,Apartment,Sky Residency,Riya Kapoor
9492,2024-12-05,Channel Partner,Gurgaon,14900000,Apartment,Palm Towers,Priya Kapoor
9493,2024-10-02,Google Ads,Bangalore,11400000,Villa,Green Valley,Shefali Mehta
9494,2024-07-12,99acres,Hyderabad,3300000,Apartment,Elite Heights,Sachin Tendulkar
9495,2024-11-10,Housing,Bangalore,8400000,Plot,Palm Towers,Priya Kapoor
9496,2024-03-20,Google Ads,Gurgaon,16100000,Plot,Sky Residency,Riya Kapoor
9497,2024-10-22,Channel Partner,Pune,10000000,Apartment,Green Valley,Riya Kapoor
9498,2024-10-31,Housing,Bangalore,9300000,Apartment,Elite Heights,Aman Sharma
9499,2024-01-27,Facebook,Bangalore,6600000,Plot,Green Valley,Rohit Sharma
9500,2024-03-28,99acres,Bangalore,9800000,Plot,Sky Residency,Ravi Mehta
9501,2024-09-26,Google Ads,Mumbai,7900000,Plot,Sky Residency,Viral Kohli
9502,2024-05-24,Channel Partner,Gurgaon,13600000,Plot,Urban Square,Riya Kapoor
9503,2024-07-23,Facebook,Gurgaon,14900000,Villa,Urban Square,Viral Kohli
9504,2024-05-31,Google Ads,Gurgaon,13700000,Plot,Palm Towers,Viral Kohli
9505,2024-05-31,99acres,Pune,8100000,Villa,Urban Square,Sachin Tendulkar
9506,2024-02-21,Facebook,Noida,14700000,Plot,Urban Square,Shefali Mehta
9507,2024-04-13,Housing,Mumbai,9900000,Villa,Urban Square,Rohit Sharma
9508,2024-04-15,Google Ads,Hyderabad,5800000,Villa,Green Valley,Praveen Tambe
9509,2024-05-15,Channel Partner,Noida,14700000,Plot,Palm Towers,Neha Singh
9510,2024-09-22,Walk-in,Noida,16000000,Plot,Green Valley,Sachin Tendulkar
9511,2024-02-03,Facebook,Mumbai,4100000,Apartment,Palm Towers,Viral Kohli
9512,2024-12-29,Google Ads,Bangalore,17500000,Apartment,Urban Square,Riya Kapoor
9513,2024-11-04,Housing,Pune,18700000,Villa,Green Valley,Neha Singh
9514,2024-12-06,Google Ads,Noida,19300000,Plot,Palm Towers,Shefali Mehta
9515,2024-06-01,Facebook,Gurgaon,10200000,Apartment,Elite Heights,Priya Kapoor
9516,2024-01-10,Google Ads,Mumbai,10300000,Apartment,Palm Towers,Viral Kohli
9517,2024-08-06,Referral,Mumbai,11400000,Apartment,Urban Square,Rohit Sharma
9518,2024-11-28,Google Ads,Noida,8400000,Apartment,Elite Heights,Praveen Tambe
9519,2024-09-22,Facebook,Bangalore,15700000,Plot,Palm Towers,Viral Kohli
9520,2024-02-03,Google Ads,Hyderabad,7600000,Plot,Palm Towers,Aman Sharma
9521,2024-11-14,Referral,Bangalore,9800000,Apartment,Urban Square,Sachin Tendulkar
9522,2024-04-27,Walk-in,Gurgaon,13400000,Apartment,Elite Heights,Ravi Mehta
9523,2024-03-17,Walk-in,Bangalore,15900000,Apartment,Urban Square,Neha Singh
9524,2024-04-14,Channel Partner,Noida,15800000,Apartment,Green Valley,Priya Kapoor
9525,2024-10-28,Facebook,Noida,9600000,Villa,Palm Towers,Ravi Mehta
9526,2024-02-22,Facebook,Gurgaon,18700000,Apartment,Green Valley,Aman Sharma
9527,2024-12-27,Referral,Bangalore,14100000,Villa,Urban Square,Praveen Tambe
9528,2024-09-24,99acres,Noida,15100000,Plot,Green Valley,Riya Kapoor
9529,2024-01-29,Facebook,Gurgaon,14300000,Villa,Green Valley,Rohit Sharma
9530,2024-06-03,Channel Partner,Hyderabad,14300000,Plot,Elite Heights,Neha Singh
9531,2024-05-05,Google Ads,Gurgaon,6300000,Plot,Green Valley,Sachin Tendulkar
9532,2024-09-13,Google Ads,Mumbai,6700000,Villa,Urban Square,Shefali Mehta
9533,2024-04-17,Referral,Pune,8400000,Villa,Sky Residency,Viral Kohli
9534,2024-01-05,Facebook,Pune,8100000,Apartment,Urban Square,Sachin Tendulkar
9535,2024-06-25,Google Ads,Gurgaon,4600000,Plot,Palm Towers,Ravi Mehta
9536,2024-07-08,Housing,Pune,8100000,Villa,Sky Residency,Aman Sharma
9537,2024-01-03,Housing,Mumbai,8800000,Villa,Sky Residency,Ravi Mehta
9538,2024-09-22,Google Ads,Hyderabad,14200000,Villa,Urban Square,Aman Sharma
9539,2024-12-17,99acres,Hyderabad,15200000,Apartment,Sky Residency,Neha Singh
9540,2024-04-07,Facebook,Bangalore,4400000,Villa,Palm Towers,Praveen Tambe
9541,2024-09-18,Walk-in,Pune,11600000,Villa,Palm Towers,Sachin Tendulkar
9542,2024-02-11,99acres,Gurgaon,3500000,Plot,Urban Square,Shefali Mehta
9543,2024-04-30,Google Ads,Gurgaon,15300000,Apartment,Green Valley,Shefali Mehta
9544,2024-09-10,Facebook,Bangalore,15600000,Apartment,Palm Towers,Priya Kapoor
9545,2024-07-13,Google Ads,Noida,15000000,Plot,Urban Square,Riya Kapoor
9546,2024-05-25,Facebook,Mumbai,15600000,Plot,Elite Heights,Neha Singh
9547,2024-07-20,Referral,Pune,8400000,Apartment,Palm Towers,Ravi Mehta
9548,2024-04-09,Google Ads,Gurgaon,4700000,Plot,Elite Heights,Ravi Mehta
9549,2024-10-11,Facebook,Noida,18300000,Plot,Urban Square,Sachin Tendulkar
9550,2024-12-19,Walk-in,Pune,13000000,Plot,Urban Square,Sachin Tendulkar
9551,2024-03-27,Channel Partner,Gurgaon,18400000,Apartment,Urban Square,Riya Kapoor
9552,2024-01-04,Facebook,Pune,9800000,Plot,Urban Square,Priya Kapoor
9553,2024-09-05,Channel Partner,Gurgaon,14600000,Apartment,Urban Square,Shefali Mehta
9554,2024-06-19,99acres,Bangalore,6700000,Plot,Green Valley,Ravi Mehta
9555,2024-12-10,Google Ads,Noida,11500000,Villa,Urban Square,Viral Kohli
9556,2024-11-18,Walk-in,Gurgaon,9600000,Villa,Palm Towers,Priya Kapoor
9557,2024-08-10,99acres,Gurgaon,8300000,Plot,Green Valley,Sachin Tendulkar
9558,2024-05-10,Google Ads,Gurgaon,8500000,Apartment,Green Valley,Priya Kapoor
9559,2024-02-03,99acres,Noida,3900000,Plot,Sky Residency,Sachin Tendulkar
9560,2024-01-17,Google Ads,Bangalore,4800000,Villa,Palm Towers,Riya Kapoor
9561,2024-01-15,Facebook,Bangalore,12100000,Villa,Palm Towers,Praveen Tambe
9562,2024-07-12,Walk-in,Noida,19300000,Plot,Sky Residency,Ravi Mehta
9563,2024-08-07,99acres,Mumbai,10900000,Apartment,Elite Heights,Shefali Mehta
9564,2024-07-25,Facebook,Pune,13100000,Apartment,Palm Towers,Riya Kapoor
9565,2024-07-25,Facebook,Noida,20000000,Villa,Urban Square,Praveen Tambe
9566,2024-09-08,99acres,Bangalore,18800000,Apartment,Urban Square,Aman Sharma
9567,2024-10-15,Channel Partner,Hyderabad,4400000,Villa,Green Valley,Neha Singh
9568,2024-09-14,Facebook,Mumbai,9800000,Plot,Green Valley,Priya Kapoor
9569,2024-08-11,Google Ads,Gurgaon,20000000,Plot,Green Valley,Shefali Mehta
9570,2024-08-15,Facebook,Mumbai,10200000,Villa,Green Valley,Sachin Tendulkar
9571,2024-08-08,Google Ads,Noida,19600000,Apartment,Sky Residency,Shefali Mehta
9572,2024-01-09,Housing,Pune,3700000,Villa,Elite Heights,Praveen Tambe
9573,2024-12-18,Walk-in,Mumbai,18900000,Villa,Urban Square,Neha Singh
9574,2024-09-03,Google Ads,Mumbai,14600000,Villa,Palm Towers,Aman Sharma
9575,2024-10-12,Facebook,Gurgaon,3200000,Apartment,Urban Square,Shefali Mehta
9576,2024-07-17,Referral,Hyderabad,5600000,Plot,Palm Towers,Riya Kapoor
9577,2024-07-18,Google Ads,Noida,17000000,Apartment,Green Valley,Priya Kapoor
9578,2024-03-26,Housing,Gurgaon,13100000,Villa,Sky Residency,Riya Kapoor
9579,2024-10-29,Google Ads,Noida,13600000,Plot,Sky Residency,Sachin Tendulkar
9580,2024-06-07,Google Ads,Gurgaon,9300000,Villa,Sky Residency,Shefali Mehta
9581,2024-02-08,Channel Partner,Pune,16700000,Apartment,Palm Towers,Neha Singh
9582,2024-10-04,Google Ads,Noida,17700000,Apartment,Palm Towers,Priya Kapoor
9583,2024-12-25,Referral,Bangalore,4300000,Plot,Elite Heights,Shefali Mehta
9584,2024-08-31,Channel Partner,Mumbai,15500000,Villa,Sky Residency,Praveen Tambe
9585,2024-07-05,99acres,Noida,6600000,Plot,Elite Heights,Praveen Tambe
9586,2024-11-04,Referral,Noida,3900000,Plot,Urban Square,Neha Singh
9587,2024-12-26,Facebook,Hyderabad,11800000,Apartment,Urban Square,Aman Sharma
9588,2024-04-10,Google Ads,Noida,3400000,Villa,Urban Square,Aman Sharma
9589,2024-08-04,Facebook,Gurgaon,16300000,Apartment,Elite Heights,Aman Sharma
9590,2024-01-12,Google Ads,Noida,5300000,Apartment,Palm Towers,Sachin Tendulkar
9591,2024-09-07,Facebook,Mumbai,6400000,Apartment,Sky Residency,Rohit Sharma
9592,2024-11-29,Google Ads,Bangalore,14200000,Plot,Urban Square,Sachin Tendulkar
9593,2024-06-15,99acres,Noida,13900000,Plot,Palm Towers,Rohit Sharma
9594,2024-11-29,Facebook,Bangalore,5700000,Plot,Sky Residency,Rohit Sharma
9595,2024-05-07,Referral,Mumbai,14200000,Apartment,Sky Residency,Aman Sharma
9596,2024-02-14,Facebook,Hyderabad,9300000,Apartment,Elite Heights,Ravi Mehta
9597,2024-04-29,Facebook,Hyderabad,3200000,Villa,Green Valley,Priya Kapoor
9598,2024-05-23,Google Ads,Pune,6200000,Plot,Sky Residency,Neha Singh
9599,2024-08-28,Facebook,Pune,12800000,Plot,Green Valley,Praveen Tambe
9600,2024-02-25,Google Ads,Pune,16200000,Plot,Urban Square,Riya Kapoor
9601,2024-12-19,Housing,Noida,6500000,Apartment,Green Valley,Ravi Mehta
9602,2024-03-31,99acres,Hyderabad,10300000,Villa,Elite Heights,Viral Kohli
9603,2024-09-06,Google Ads,Pune,3800000,Villa,Elite Heights,Ravi Mehta
9604,2024-01-16,Google Ads,Hyderabad,6100000,Apartment,Palm Towers,Ravi Mehta
9605,2024-11-30,99acres,Mumbai,3400000,Villa,Green Valley,Shefali Mehta
9606,2024-03-03,Housing,Bangalore,10900000,Villa,Palm Towers,Neha Singh
9607,2024-09-23,99acres,Mumbai,13000000,Plot,Urban Square,Aman Sharma
9608,2024-10-26,Housing,Pune,7900000,Apartment,Sky Residency,Ravi Mehta
9609,2024-11-12,Facebook,Mumbai,11700000,Plot,Sky Residency,Praveen Tambe
9610,2024-07-30,Referral,Pune,16400000,Apartment,Green Valley,Rohit Sharma
9611,2024-05-06,99acres,Mumbai,5100000,Apartment,Palm Towers,Priya Kapoor
9612,2024-08-15,99acres,Gurgaon,6700000,Plot,Urban Square,Priya Kapoor
9613,2024-05-29,99acres,Noida,13300000,Apartment,Urban Square,Viral Kohli
9614,2024-05-30,Google Ads,Gurgaon,11000000,Villa,Sky Residency,Rohit Sharma
9615,2024-09-19,Housing,Gurgaon,6400000,Villa,Green Valley,Sachin Tendulkar
9616,2024-01-05,Google Ads,Bangalore,5500000,Villa,Elite Heights,Rohit Sharma
9617,2024-07-27,Facebook,Bangalore,9100000,Apartment,Elite Heights,Aman Sharma
9618,2024-07-04,Google Ads,Pune,19400000,Apartment,Green Valley,Aman Sharma
9619,2024-03-29,Facebook,Mumbai,17000000,Apartment,Elite Heights,Shefali Mehta
9620,2024-02-09,Facebook,Pune,11500000,Villa,Elite Heights,Priya Kapoor
9621,2024-02-25,Referral,Noida,17400000,Plot,Urban Square,Aman Sharma
9622,2024-08-12,Facebook,Mumbai,5700000,Villa,Sky Residency,Shefali Mehta
9623,2024-05-14,Facebook,Gurgaon,3100000,Plot,Sky Residency,Praveen Tambe
9624,2024-07-27,Channel Partner,Mumbai,12900000,Villa,Green Valley,Viral Kohli
9625,2024-07-10,Channel Partner,Noida,18300000,Plot,Sky Residency,Rohit Sharma
9626,2024-04-02,Facebook,Hyderabad,8600000,Apartment,Elite Heights,Ravi Mehta
9627,2024-06-28,Google Ads,Gurgaon,16300000,Apartment,Urban Square,Aman Sharma
9628,2024-06-02,Google Ads,Noida,14800000,Apartment,Green Valley,Aman Sharma
9629,2024-09-04,Google Ads,Pune,14400000,Apartment,Elite Heights,Viral Kohli
9630,2024-12-20,Housing,Noida,3700000,Plot,Sky Residency,Aman Sharma
9631,2024-10-18,Referral,Gurgaon,9500000,Villa,Sky Residency,Ravi Mehta
9632,2024-09-15,Facebook,Hyderabad,18400000,Villa,Urban Square,Neha Singh
9633,2024-09-11,Google Ads,Bangalore,5700000,Plot,Sky Residency,Priya Kapoor
9634,2024-04-01,Walk-in,Noida,17300000,Plot,Palm Towers,Sachin Tendulkar
9635,2024-02-25,99acres,Pune,14100000,Plot,Urban Square,Viral Kohli
9636,2024-01-31,Google Ads,Noida,3900000,Villa,Urban Square,Shefali Mehta
9637,2024-03-02,Walk-in,Gurgaon,13500000,Plot,Palm Towers,Shefali Mehta
9638,2024-05-28,Google Ads,Bangalore,13900000,Villa,Elite Heights,Viral Kohli
9639,2024-04-12,Google Ads,Hyderabad,17200000,Plot,Urban Square,Shefali Mehta
9640,2024-01-11,Google Ads,Pune,19400000,Plot,Elite Heights,Priya Kapoor
9641,2024-03-13,Google Ads,Bangalore,9300000,Apartment,Palm Towers,Shefali Mehta
9642,2024-08-03,Google Ads,Gurgaon,8700000,Plot,Green Valley,Sachin Tendulkar
9643,2024-11-05,99acres,Gurgaon,3900000,Villa,Urban Square,Riya Kapoor
9644,2024-11-01,Referral,Gurgaon,11000000,Plot,Sky Residency,Praveen Tambe
9645,2024-04-03,Google Ads,Hyderabad,13200000,Villa,Palm Towers,Rohit Sharma
9646,2024-09-11,Google Ads,Gurgaon,4600000,Apartment,Sky Residency,Riya Kapoor
9647,2024-02-18,99acres,Bangalore,9800000,Villa,Sky Residency,Shefali Mehta
9648,2024-08-29,99acres,Bangalore,15600000,Apartment,Urban Square,Viral Kohli
9649,2024-05-13,Facebook,Noida,14600000,Villa,Palm Towers,Ravi Mehta
9650,2024-07-09,Housing,Gurgaon,10800000,Apartment,Elite Heights,Ravi Mehta
9651,2024-10-23,Google Ads,Hyderabad,13000000,Plot,Palm Towers,Priya Kapoor
9652,2024-09-16,Channel Partner,Hyderabad,8800000,Apartment,Green Valley,Riya Kapoor
9653,2024-08-28,Housing,Noida,15300000,Villa,Urban Square,Viral Kohli
9654,2024-10-06,Google Ads,Pune,13200000,Plot,Urban Square,Rohit Sharma
9655,2024-10-15,Google Ads,Pune,7000000,Plot,Elite Heights,Riya Kapoor
9656,2024-07-02,Facebook,Pune,17100000,Apartment,Sky Residency,Praveen Tambe
9657,2024-02-21,Google Ads,Gurgaon,15600000,Plot,Elite Heights,Rohit Sharma
9658,2024-05-20,Channel Partner,Bangalore,13000000,Villa,Palm Towers,Ravi Mehta
9659,2024-01-13,Google Ads,Noida,14600000,Apartment,Elite Heights,Sachin Tendulkar
9660,2024-04-11,Facebook,Pune,4200000,Villa,Urban Square,Praveen Tambe
9661,2024-05-19,Facebook,Hyderabad,19100000,Villa,Elite Heights,Praveen Tambe
9662,2024-12-28,Google Ads,Gurgaon,5000000,Villa,Palm Towers,Ravi Mehta
9663,2024-08-28,Walk-in,Gurgaon,10800000,Villa,Elite Heights,Rohit Sharma
9664,2024-07-05,Facebook,Mumbai,6500000,Plot,Palm Towers,Praveen Tambe
9665,2024-10-14,Housing,Bangalore,11300000,Apartment,Palm Towers,Shefali Mehta
9666,2024-02-18,99acres,Mumbai,3900000,Apartment,Elite Heights,Rohit Sharma
9667,2024-07-17,Facebook,Gurgaon,6100000,Apartment,Urban Square,Ravi Mehta
9668,2024-05-28,Channel Partner,Mumbai,15900000,Apartment,Urban Square,Ravi Mehta
9669,2024-08-20,Google Ads,Noida,6400000,Apartment,Sky Residency,Ravi Mehta
9670,2024-09-04,Facebook,Mumbai,13300000,Villa,Urban Square,Praveen Tambe
9671,2024-06-01,Google Ads,Mumbai,10400000,Plot,Green Valley,Priya Kapoor
9672,2024-11-27,99acres,Bangalore,13900000,Plot,Urban Square,Sachin Tendulkar
9673,2024-01-10,Referral,Noida,12400000,Villa,Green Valley,Aman Sharma
9674,2024-12-29,Google Ads,Noida,19000000,Plot,Palm Towers,Ravi Mehta
9675,2024-04-26,Google Ads,Mumbai,10800000,Villa,Urban Square,Neha Singh
9676,2024-07-08,Channel Partner,Mumbai,8400000,Villa,Palm Towers,Aman Sharma
9677,2024-09-14,Housing,Mumbai,3800000,Apartment,Urban Square,Viral Kohli
9678,2024-04-02,Housing,Gurgaon,4400000,Apartment,Elite Heights,Riya Kapoor
9679,2024-07-06,99acres,Noida,18000000,Villa,Palm Towers,Neha Singh
9680,2024-12-20,Google Ads,Mumbai,7100000,Plot,Green Valley,Riya Kapoor
9681,2024-09-07,Google Ads,Gurgaon,18600000,Apartment,Urban Square,Sachin Tendulkar
9682,2024-10-29,Channel Partner,Mumbai,15100000,Plot,Sky Residency,Praveen Tambe
9683,2024-05-28,Channel Partner,Pune,6900000,Plot,Green Valley,Aman Sharma
9684,2024-07-26,99acres,Noida,8100000,Apartment,Palm Towers,Neha Singh
9685,2024-02-17,Facebook,Mumbai,7700000,Villa,Elite Heights,Viral Kohli
9686,2024-08-27,Referral,Gurgaon,4800000,Apartment,Elite Heights,Sachin Tendulkar
9687,2024-08-18,Google Ads,Gurgaon,15500000,Apartment,Sky Residency,Priya Kapoor
9688,2024-06-13,Facebook,Mumbai,13600000,Apartment,Elite Heights,Viral Kohli
9689,2024-05-30,Referral,Gurgaon,4000000,Villa,Green Valley,Viral Kohli
9690,2024-04-24,Google Ads,Bangalore,17300000,Villa,Urban Square,Neha Singh
9691,2024-11-30,Channel Partner,Gurgaon,4800000,Plot,Elite Heights,Rohit Sharma
9692,2024-04-23,Google Ads,Bangalore,4500000,Plot,Palm Towers,Neha Singh
9693,2024-10-12,Facebook,Pune,9900000,Villa,Palm Towers,Riya Kapoor
9694,2024-05-28,Google Ads,Gurgaon,7400000,Apartment,Green Valley,Ravi Mehta
9695,2024-09-25,Google Ads,Mumbai,13600000,Villa,Palm Towers,Rohit Sharma
9696,2024-02-11,99acres,Mumbai,14500000,Villa,Sky Residency,Sachin Tendulkar
9697,2024-01-31,99acres,Gurgaon,14500000,Villa,Elite Heights,Ravi Mehta
9698,2024-08-31,Google Ads,Mumbai,3300000,Villa,Palm Towers,Neha Singh
9699,2024-06-18,Facebook,Bangalore,9300000,Villa,Palm Towers,Shefali Mehta
9700,2024-10-29,Facebook,Pune,10900000,Villa,Urban Square,Ravi Mehta
9701,2024-07-19,Facebook,Hyderabad,14700000,Plot,Green Valley,Shefali Mehta
9702,2024-10-21,99acres,Hyderabad,5400000,Plot,Palm Towers,Ravi Mehta
9703,2024-08-16,Google Ads,Noida,9600000,Plot,Green Valley,Ravi Mehta
9704,2024-05-21,Housing,Gurgaon,16400000,Plot,Elite Heights,Riya Kapoor
9705,2024-06-18,Facebook,Noida,12700000,Plot,Urban Square,Sachin Tendulkar
9706,2024-05-01,99acres,Hyderabad,6800000,Villa,Urban Square,Ravi Mehta
9707,2024-01-17,Google Ads,Pune,10500000,Villa,Green Valley,Riya Kapoor
9708,2024-09-24,Google Ads,Hyderabad,12600000,Apartment,Elite Heights,Rohit Sharma
9709,2024-12-01,Channel Partner,Gurgaon,11800000,Villa,Elite Heights,Priya Kapoor
9710,2024-07-27,Referral,Bangalore,20000000,Plot,Urban Square,Viral Kohli
9711,2024-06-29,Google Ads,Pune,5100000,Apartment,Elite Heights,Viral Kohli
9712,2024-06-06,Referral,Mumbai,15200000,Apartment,Elite Heights,Viral Kohli
9713,2024-01-19,Housing,Mumbai,13600000,Apartment,Green Valley,Sachin Tendulkar
9714,2024-06-17,Facebook,Mumbai,16400000,Apartment,Palm Towers,Priya Kapoor
9715,2024-02-19,Google Ads,Bangalore,15900000,Plot,Urban Square,Aman Sharma
9716,2024-05-10,Walk-in,Noida,12900000,Apartment,Palm Towers,Ravi Mehta
9717,2024-06-06,Google Ads,Gurgaon,6900000,Apartment,Elite Heights,Rohit Sharma
9718,2024-02-03,Channel Partner,Pune,4700000,Villa,Sky Residency,Shefali Mehta
9719,2024-10-23,Google Ads,Noida,7300000,Apartment,Sky Residency,Ravi Mehta
9720,2024-07-04,Channel Partner,Bangalore,4200000,Plot,Green Valley,Priya Kapoor
9721,2024-10-08,Referral,Gurgaon,4600000,Plot,Sky Residency,Rohit Sharma
9722,2024-02-06,Google Ads,Hyderabad,15100000,Apartment,Palm Towers,Aman Sharma
9723,2024-03-29,Housing,Pune,19800000,Apartment,Sky Residency,Aman Sharma
9724,2024-10-21,Google Ads,Gurgaon,12000000,Plot,Palm Towers,Rohit Sharma
9725,2024-06-06,Google Ads,Gurgaon,8300000,Plot,Palm Towers,Sachin Tendulkar
9726,2024-05-25,Channel Partner,Pune,3400000,Plot,Sky Residency,Riya Kapoor
9727,2024-11-08,Facebook,Pune,17800000,Villa,Sky Residency,Rohit Sharma
9728,2024-05-03,Facebook,Hyderabad,6200000,Apartment,Elite Heights,Rohit Sharma
9729,2024-01-02,Google Ads,Noida,17500000,Villa,Urban Square,Sachin Tendulkar
9730,2024-02-03,Facebook,Gurgaon,8600000,Plot,Sky Residency,Priya Kapoor
9731,2024-07-27,Channel Partner,Bangalore,19700000,Villa,Palm Towers,Shefali Mehta
9732,2024-08-09,Google Ads,Gurgaon,15800000,Apartment,Urban Square,Priya Kapoor
9733,2024-11-07,Facebook,Mumbai,18800000,Apartment,Urban Square,Neha Singh
9734,2024-06-17,Google Ads,Mumbai,8600000,Plot,Elite Heights,Aman Sharma
9735,2024-11-19,Walk-in,Gurgaon,4700000,Villa,Palm Towers,Neha Singh
9736,2024-01-09,Channel Partner,Pune,12000000,Plot,Green Valley,Riya Kapoor
9737,2024-03-30,Facebook,Noida,10600000,Apartment,Green Valley,Priya Kapoor
9738,2024-04-06,Google Ads,Bangalore,11800000,Apartment,Sky Residency,Praveen Tambe
9739,2024-12-17,Google Ads,Pune,10000000,Villa,Urban Square,Neha Singh
9740,2024-04-03,Housing,Gurgaon,13400000,Villa,Palm Towers,Neha Singh
9741,2024-07-02,Channel Partner,Pune,20000000,Apartment,Urban Square,Praveen Tambe
9742,2024-01-05,Walk-in,Gurgaon,6100000,Plot,Green Valley,Aman Sharma
9743,2024-09-16,Housing,Noida,7600000,Apartment,Elite Heights,Riya Kapoor
9744,2024-02-26,Facebook,Pune,3100000,Apartment,Urban Square,Praveen Tambe
9745,2024-02-29,Google Ads,Gurgaon,16200000,Plot,Sky Residency,Riya Kapoor
9746,2024-01-21,Facebook,Mumbai,19000000,Apartment,Urban Square,Priya Kapoor
9747,2024-03-31,Google Ads,Noida,16400000,Apartment,Elite Heights,Praveen Tambe
9748,2024-10-16,Google Ads,Mumbai,12600000,Apartment,Elite Heights,Praveen Tambe
9749,2024-01-20,99acres,Pune,18400000,Villa,Elite Heights,Ravi Mehta
9750,2024-11-08,Channel Partner,Pune,19400000,Villa,Green Valley,Ravi Mehta
9751,2024-01-15,Channel Partner,Gurgaon,16700000,Plot,Urban Square,Neha Singh
9752,2024-06-21,Facebook,Gurgaon,17600000,Apartment,Urban Square,Praveen Tambe
9753,2024-03-22,Referral,Gurgaon,6700000,Villa,Green Valley,Aman Sharma
9754,2024-03-22,Channel Partner,Bangalore,4300000,Plot,Elite Heights,Rohit Sharma
9755,2024-10-19,Google Ads,Mumbai,13400000,Villa,Elite Heights,Priya Kapoor
9756,2024-06-22,Housing,Bangalore,17100000,Apartment,Sky Residency,Shefali Mehta
9757,2024-12-17,Channel Partner,Gurgaon,8900000,Plot,Sky Residency,Rohit Sharma
9758,2024-06-03,Housing,Noida,14900000,Plot,Sky Residency,Shefali Mehta
9759,2024-06-07,Google Ads,Gurgaon,10900000,Villa,Elite Heights,Neha Singh
9760,2024-06-13,Walk-in,Pune,8400000,Plot,Palm Towers,Rohit Sharma
9761,2024-09-09,Facebook,Mumbai,15200000,Plot,Sky Residency,Priya Kapoor
9762,2024-07-02,99acres,Hyderabad,18400000,Apartment,Palm Towers,Viral Kohli
9763,2024-10-01,Google Ads,Noida,12200000,Plot,Urban Square,Priya Kapoor
9764,2024-02-01,99acres,Pune,3800000,Apartment,Green Valley,Neha Singh
9765,2024-04-11,Referral,Gurgaon,16300000,Plot,Sky Residency,Priya Kapoor
9766,2024-12-10,Referral,Bangalore,4000000,Villa,Green Valley,Shefali Mehta
9767,2024-05-24,Facebook,Noida,13100000,Apartment,Palm Towers,Neha Singh
9768,2024-04-13,Google Ads,Noida,8700000,Villa,Palm Towers,Aman Sharma
9769,2024-08-30,Referral,Noida,8400000,Plot,Sky Residency,Rohit Sharma
9770,2024-10-29,99acres,Bangalore,12300000,Plot,Sky Residency,Viral Kohli
9771,2024-12-12,Channel Partner,Noida,10800000,Plot,Sky Residency,Riya Kapoor
9772,2024-06-28,Google Ads,Noida,8400000,Plot,Urban Square,Rohit Sharma
9773,2024-10-01,Facebook,Gurgaon,10900000,Apartment,Elite Heights,Neha Singh
9774,2024-10-25,Facebook,Noida,13000000,Plot,Urban Square,Aman Sharma
9775,2024-12-14,Referral,Gurgaon,17500000,Apartment,Elite Heights,Rohit Sharma
9776,2024-03-11,Google Ads,Bangalore,19000000,Apartment,Elite Heights,Aman Sharma
9777,2024-08-25,Google Ads,Bangalore,20000000,Plot,Urban Square,Ravi Mehta
9778,2024-01-24,Referral,Hyderabad,8800000,Villa,Palm Towers,Riya Kapoor
9779,2024-05-31,Housing,Noida,18800000,Plot,Sky Residency,Viral Kohli
9780,2024-12-22,Housing,Mumbai,13200000,Apartment,Green Valley,Rohit Sharma
9781,2024-11-16,Google Ads,Gurgaon,16200000,Plot,Sky Residency,Neha Singh
9782,2024-07-12,Google Ads,Bangalore,8900000,Apartment,Green Valley,Riya Kapoor
9783,2024-03-29,Google Ads,Gurgaon,11200000,Apartment,Elite Heights,Priya Kapoor
9784,2024-03-27,Facebook,Pune,19000000,Plot,Sky Residency,Riya Kapoor
9785,2024-07-21,Google Ads,Noida,5100000,Villa,Palm Towers,Priya Kapoor
9786,2024-01-26,Google Ads,Noida,17500000,Apartment,Green Valley,Sachin Tendulkar
9787,2024-05-15,Facebook,Gurgaon,8200000,Apartment,Green Valley,Ravi Mehta
9788,2024-11-10,Facebook,Gurgaon,18900000,Plot,Sky Residency,Priya Kapoor
9789,2024-10-04,Housing,Mumbai,13300000,Plot,Urban Square,Shefali Mehta
9790,2024-05-02,99acres,Hyderabad,12700000,Plot,Sky Residency,Riya Kapoor
9791,2024-11-27,Facebook,Gurgaon,4100000,Apartment,Elite Heights,Priya Kapoor
9792,2024-10-10,Channel Partner,Hyderabad,8800000,Plot,Sky Residency,Praveen Tambe
9793,2024-11-07,Walk-in,Pune,16000000,Villa,Green Valley,Priya Kapoor
9794,2024-10-22,Google Ads,Gurgaon,3000000,Apartment,Elite Heights,Sachin Tendulkar
9795,2024-06-09,Walk-in,Mumbai,17000000,Plot,Urban Square,Viral Kohli
9796,2024-03-15,Google Ads,Pune,15500000,Apartment,Elite Heights,Priya Kapoor
9797,2024-08-27,Google Ads,Bangalore,16700000,Villa,Green Valley,Priya Kapoor
9798,2024-08-22,Google Ads,Mumbai,17900000,Apartment,Sky Residency,Shefali Mehta
9799,2024-02-13,Google Ads,Hyderabad,5500000,Apartment,Elite Heights,Ravi Mehta
9800,2024-03-11,Channel Partner,Hyderabad,14000000,Villa,Elite Heights,Praveen Tambe
9801,2024-08-19,Google Ads,Bangalore,5500000,Plot,Sky Residency,Rohit Sharma
9802,2024-09-13,Google Ads,Mumbai,15900000,Plot,Urban Square,Ravi Mehta
9803,2024-02-12,Referral,Hyderabad,5500000,Villa,Urban Square,Shefali Mehta
9804,2024-06-12,Facebook,Bangalore,13600000,Villa,Urban Square,Aman Sharma
9805,2024-01-01,Referral,Gurgaon,14500000,Plot,Green Valley,Viral Kohli
9806,2024-12-15,99acres,Noida,5700000,Villa,Urban Square,Rohit Sharma
9807,2024-05-20,Google Ads,Noida,11900000,Apartment,Palm Towers,Shefali Mehta
9808,2024-02-17,Google Ads,Noida,11600000,Plot,Sky Residency,Riya Kapoor
9809,2024-10-07,Referral,Gurgaon,11900000,Villa,Green Valley,Aman Sharma
9810,2024-07-09,Google Ads,Mumbai,9500000,Plot,Sky Residency,Rohit Sharma
9811,2024-01-07,Google Ads,Gurgaon,6100000,Plot,Palm Towers,Viral Kohli
9812,2024-03-25,Facebook,Bangalore,13800000,Apartment,Sky Residency,Neha Singh
9813,2024-12-09,Channel Partner,Hyderabad,13400000,Plot,Elite Heights,Praveen Tambe
9814,2024-11-19,Housing,Pune,3500000,Villa,Palm Towers,Neha Singh
9815,2024-02-01,Walk-in,Noida,18100000,Apartment,Urban Square,Viral Kohli
9816,2024-08-28,Google Ads,Hyderabad,16200000,Plot,Palm Towers,Praveen Tambe
9817,2024-09-15,Google Ads,Mumbai,17100000,Plot,Palm Towers,Sachin Tendulkar
9818,2024-06-05,Facebook,Pune,3600000,Villa,Urban Square,Riya Kapoor
9819,2024-07-20,Channel Partner,Noida,16500000,Villa,Green Valley,Praveen Tambe
9820,2024-08-18,Walk-in,Hyderabad,11500000,Villa,Green Valley,Aman Sharma
9821,2024-09-30,Facebook,Pune,4000000,Villa,Urban Square,Riya Kapoor
9822,2024-12-09,Google Ads,Gurgaon,5800000,Apartment,Green Valley,Rohit Sharma
9823,2024-05-26,Facebook,Hyderabad,4400000,Apartment,Elite Heights,Riya Kapoor
9824,2024-03-03,Referral,Pune,4200000,Apartment,Urban Square,Praveen Tambe
9825,2024-11-26,Walk-in,Mumbai,13300000,Villa,Palm Towers,Praveen Tambe
9826,2024-04-29,Google Ads,Bangalore,16000000,Plot,Palm Towers,Sachin Tendulkar
9827,2024-07-15,99acres,Hyderabad,11900000,Plot,Sky Residency,Priya Kapoor
9828,2024-01-15,Google Ads,Bangalore,16700000,Apartment,Urban Square,Aman Sharma
9829,2024-06-27,Walk-in,Noida,8800000,Apartment,Urban Square,Praveen Tambe
9830,2024-05-17,Google Ads,Noida,4100000,Villa,Elite Heights,Priya Kapoor
9831,2024-04-21,Facebook,Noida,18400000,Villa,Elite Heights,Ravi Mehta
9832,2024-10-23,Referral,Bangalore,10300000,Villa,Palm Towers,Sachin Tendulkar
9833,2024-10-26,Google Ads,Mumbai,7700000,Plot,Green Valley,Viral Kohli
9834,2024-12-19,Housing,Bangalore,14900000,Plot,Palm Towers,Aman Sharma
9835,2024-05-30,Referral,Noida,11600000,Apartment,Palm Towers,Ravi Mehta
9836,2024-02-01,Facebook,Mumbai,15600000,Plot,Palm Towers,Neha Singh
9837,2024-03-26,Facebook,Mumbai,15800000,Plot,Urban Square,Viral Kohli
9838,2024-12-05,99acres,Gurgaon,18800000,Villa,Sky Residency,Sachin Tendulkar
9839,2024-07-06,Google Ads,Noida,3600000,Villa,Urban Square,Shefali Mehta
9840,2024-02-26,Google Ads,Pune,7300000,Apartment,Green Valley,Shefali Mehta
9841,2024-12-31,Facebook,Pune,12300000,Apartment,Sky Residency,Ravi Mehta
9842,2024-10-22,Facebook,Noida,14200000,Villa,Elite Heights,Riya Kapoor
9843,2024-03-19,99acres,Hyderabad,3300000,Apartment,Elite Heights,Riya Kapoor
9844,2024-01-03,Facebook,Mumbai,6600000,Plot,Elite Heights,Riya Kapoor
9845,2024-06-30,Google Ads,Pune,13500000,Apartment,Elite Heights,Sachin Tendulkar
9846,2024-07-19,Google Ads,Mumbai,19200000,Plot,Urban Square,Neha Singh
9847,2024-10-10,Google Ads,Bangalore,17100000,Villa,Elite Heights,Sachin Tendulkar
9848,2024-06-08,Google Ads,Bangalore,19600000,Plot,Palm Towers,Neha Singh
9849,2024-01-08,Housing,Bangalore,3700000,Villa,Sky Residency,Viral Kohli
9850,2024-02-01,Referral,Mumbai,14700000,Apartment,Sky Residency,Aman Sharma
9851,2024-02-20,99acres,Bangalore,19500000,Plot,Palm Towers,Priya Kapoor
9852,2024-06-16,Channel Partner,Noida,15400000,Villa,Palm Towers,Shefali Mehta
9853,2024-08-05,Channel Partner,Mumbai,15400000,Apartment,Elite Heights,Praveen Tambe
9854,2024-03-24,99acres,Gurgaon,8700000,Plot,Sky Residency,Priya Kapoor
9855,2024-05-08,Walk-in,Gurgaon,20000000,Plot,Green Valley,Aman Sharma
9856,2024-08-04,Facebook,Noida,11900000,Apartment,Green Valley,Aman Sharma
9857,2024-10-10,Facebook,Gurgaon,11800000,Apartment,Sky Residency,Praveen Tambe
9858,2024-09-05,Channel Partner,Noida,9900000,Plot,Sky Residency,Riya Kapoor
9859,2024-03-18,Facebook,Noida,9100000,Apartment,Urban Square,Priya Kapoor
9860,2024-01-03,99acres,Gurgaon,15900000,Apartment,Green Valley,Aman Sharma
9861,2024-07-22,Housing,Gurgaon,6300000,Plot,Elite Heights,Rohit Sharma
9862,2024-04-08,Housing,Mumbai,8100000,Villa,Elite Heights,Shefali Mehta
9863,2024-02-13,99acres,Mumbai,11200000,Villa,Sky Residency,Shefali Mehta
9864,2024-09-12,Referral,Gurgaon,11700000,Apartment,Urban Square,Praveen Tambe
9865,2024-02-17,Facebook,Mumbai,8000000,Plot,Green Valley,Priya Kapoor
9866,2024-04-04,Channel Partner,Noida,18500000,Villa,Urban Square,Priya Kapoor
9867,2024-10-26,Google Ads,Pune,4400000,Villa,Sky Residency,Priya Kapoor
9868,2024-06-08,Facebook,Bangalore,16900000,Villa,Palm Towers,Neha Singh
9869,2024-05-30,Channel Partner,Noida,9100000,Apartment,Elite Heights,Ravi Mehta
9870,2024-12-17,Walk-in,Gurgaon,12600000,Plot,Sky Residency,Ravi Mehta
9871,2024-01-03,Referral,Bangalore,8400000,Villa,Sky Residency,Rohit Sharma
9872,2024-11-23,Channel Partner,Gurgaon,16300000,Villa,Sky Residency,Aman Sharma
9873,2024-08-06,Google Ads,Mumbai,3400000,Plot,Elite Heights,Praveen Tambe
9874,2024-03-17,Google Ads,Gurgaon,9900000,Plot,Urban Square,Priya Kapoor
9875,2024-07-26,Facebook,Gurgaon,5100000,Plot,Green Valley,Ravi Mehta
9876,2024-07-10,Housing,Bangalore,15800000,Apartment,Palm Towers,Ravi Mehta
9877,2024-01-06,Google Ads,Pune,11500000,Villa,Palm Towers,Shefali Mehta
9878,2024-07-15,Referral,Mumbai,18200000,Plot,Green Valley,Sachin Tendulkar
9879,2024-08-16,Facebook,Bangalore,15400000,Apartment,Elite Heights,Neha Singh
9880,2024-11-20,Housing,Bangalore,5900000,Apartment,Sky Residency,Neha Singh
9881,2024-05-09,99acres,Pune,11500000,Plot,Urban Square,Praveen Tambe
9882,2024-02-05,Walk-in,Gurgaon,7500000,Plot,Elite Heights,Rohit Sharma
9883,2024-12-06,99acres,Gurgaon,19800000,Apartment,Urban Square,Viral Kohli
9884,2024-08-22,Facebook,Gurgaon,7800000,Plot,Green Valley,Ravi Mehta
9885,2024-09-08,99acres,Noida,19900000,Villa,Green Valley,Priya Kapoor
9886,2024-12-27,Google Ads,Noida,15300000,Villa,Urban Square,Riya Kapoor
9887,2024-02-06,Walk-in,Gurgaon,18700000,Villa,Urban Square,Rohit Sharma
9888,2024-06-22,Facebook,Noida,18400000,Plot,Urban Square,Neha Singh
9889,2024-02-25,Housing,Hyderabad,5400000,Apartment,Green Valley,Ravi Mehta
9890,2024-08-07,Facebook,Hyderabad,7200000,Apartment,Sky Residency,Viral Kohli
9891,2024-10-04,Google Ads,Noida,4700000,Plot,Palm Towers,Shefali Mehta
9892,2024-06-16,99acres,Noida,7500000,Villa,Elite Heights,Sachin Tendulkar
9893,2024-09-24,Referral,Gurgaon,10500000,Apartment,Green Valley,Shefali Mehta
9894,2024-07-08,99acres,Gurgaon,12500000,Villa,Green Valley,Priya Kapoor
9895,2024-09-24,99acres,Noida,6500000,Villa,Sky Residency,Viral Kohli
9896,2024-01-24,Facebook,Mumbai,7300000,Apartment,Palm Towers,Praveen Tambe
9897,2024-11-23,Google Ads,Hyderabad,16900000,Apartment,Urban Square,Neha Singh
9898,2024-07-09,Channel Partner,Gurgaon,15100000,Plot,Palm Towers,Neha Singh
9899,2024-03-28,Walk-in,Hyderabad,4700000,Villa,Green Valley,Praveen Tambe
9900,2024-12-05,Housing,Pune,17800000,Apartment,Green Valley,Neha Singh
9901,2024-02-12,Google Ads,Bangalore,5500000,Villa,Green Valley,Praveen Tambe
9902,2024-07-03,Walk-in,Hyderabad,16500000,Apartment,Palm Towers,Ravi Mehta
9903,2024-04-16,Referral,Noida,5400000,Villa,Palm Towers,Priya Kapoor
9904,2024-11-03,Referral,Gurgaon,10300000,Apartment,Urban Square,Shefali Mehta
9905,2024-03-12,Facebook,Gurgaon,15700000,Apartment,Palm Towers,Priya Kapoor
9906,2024-03-28,Housing,Mumbai,5600000,Apartment,Palm Towers,Sachin Tendulkar
9907,2024-11-03,Google Ads,Bangalore,13500000,Plot,Elite Heights,Sachin Tendulkar
9908,2024-12-21,Google Ads,Bangalore,20000000,Apartment,Sky Residency,Ravi Mehta
9909,2024-05-21,Google Ads,Pune,8500000,Plot,Green Valley,Viral Kohli
9910,2024-04-09,Google Ads,Mumbai,18300000,Apartment,Palm Towers,Ravi Mehta
9911,2024-10-26,99acres,Hyderabad,4100000,Villa,Urban Square,Neha Singh
9912,2024-05-26,Referral,Noida,13100000,Villa,Elite Heights,Priya Kapoor
9913,2024-08-22,Channel Partner,Pune,12000000,Plot,Palm Towers,Viral Kohli
9914,2024-09-19,Walk-in,Gurgaon,3900000,Apartment,Urban Square,Neha Singh
9915,2024-07-21,Facebook,Gurgaon,5400000,Plot,Elite Heights,Riya Kapoor
9916,2024-05-04,Housing,Noida,17500000,Apartment,Urban Square,Shefali Mehta
9917,2024-09-02,Google Ads,Gurgaon,9200000,Villa,Sky Residency,Viral Kohli
9918,2024-03-05,99acres,Bangalore,9000000,Villa,Sky Residency,Ravi Mehta
9919,2024-03-13,Housing,Hyderabad,9700000,Apartment,Urban Square,Viral Kohli
9920,2024-01-31,Facebook,Gurgaon,18000000,Villa,Palm Towers,Riya Kapoor
9921,2024-02-22,Facebook,Gurgaon,9500000,Villa,Elite Heights,Ravi Mehta
9922,2024-08-28,Google Ads,Gurgaon,6400000,Villa,Urban Square,Riya Kapoor
9923,2024-12-12,Facebook,Hyderabad,16200000,Plot,Elite Heights,Sachin Tendulkar
9924,2024-10-15,Google Ads,Gurgaon,11100000,Villa,Urban Square,Aman Sharma
9925,2024-03-03,99acres,Bangalore,7600000,Apartment,Elite Heights,Sachin Tendulkar
9926,2024-09-17,Google Ads,Hyderabad,13900000,Villa,Sky Residency,Riya Kapoor
9927,2024-02-02,Facebook,Pune,11600000,Villa,Palm Towers,Neha Singh
9928,2024-03-01,Channel Partner,Gurgaon,7900000,Villa,Palm Towers,Ravi Mehta
9929,2024-05-13,Referral,Hyderabad,3000000,Villa,Palm Towers,Ravi Mehta
9930,2024-09-03,Facebook,Bangalore,4700000,Plot,Sky Residency,Rohit Sharma
9931,2024-04-13,Google Ads,Bangalore,9400000,Villa,Palm Towers,Sachin Tendulkar
9932,2024-09-15,Google Ads,Gurgaon,9400000,Apartment,Sky Residency,Praveen Tambe
9933,2024-10-24,99acres,Noida,10300000,Apartment,Sky Residency,Ravi Mehta
9934,2024-08-23,Google Ads,Gurgaon,8200000,Villa,Elite Heights,Priya Kapoor
9935,2024-12-11,Facebook,Bangalore,8500000,Apartment,Green Valley,Aman Sharma
9936,2024-11-28,Google Ads,Hyderabad,7300000,Villa,Green Valley,Sachin Tendulkar
9937,2024-03-26,Facebook,Noida,15900000,Villa,Palm Towers,Aman Sharma
9938,2024-02-18,Google Ads,Noida,18100000,Villa,Palm Towers,Ravi Mehta
9939,2024-03-30,99acres,Gurgaon,8300000,Apartment,Sky Residency,Praveen Tambe
9940,2024-04-10,Google Ads,Hyderabad,18500000,Villa,Sky Residency,Priya Kapoor
9941,2024-01-02,Referral,Gurgaon,15000000,Plot,Sky Residency,Sachin Tendulkar
9942,2024-05-12,99acres,Gurgaon,4200000,Villa,Urban Square,Sachin Tendulkar
9943,2024-01-26,Housing,Noida,17000000,Villa,Elite Heights,Rohit Sharma
9944,2024-09-02,99acres,Mumbai,6200000,Plot,Palm Towers,Neha Singh
9945,2024-05-08,99acres,Mumbai,18300000,Villa,Urban Square,Rohit Sharma
9946,2024-02-17,Google Ads,Gurgaon,10100000,Plot,Elite Heights,Aman Sharma
9947,2024-02-25,99acres,Bangalore,13600000,Plot,Sky Residency,Shefali Mehta
9948,2024-12-12,Housing,Mumbai,19800000,Plot,Sky Residency,Ravi Mehta
9949,2024-02-04,Facebook,Hyderabad,8800000,Plot,Green Valley,Rohit Sharma
9950,2024-12-04,Google Ads,Pune,6400000,Plot,Elite Heights,Praveen Tambe
9951,2024-09-09,99acres,Noida,15100000,Apartment,Elite Heights,Aman Sharma
9952,2024-01-11,99acres,Pune,18600000,Apartment,Sky Residency,Viral Kohli
9953,2024-02-29,99acres,Gurgaon,6200000,Plot,Elite Heights,Sachin Tendulkar
9954,2024-07-09,Channel Partner,Mumbai,10700000,Plot,Urban Square,Priya Kapoor
9955,2024-01-03,Walk-in,Gurgaon,3500000,Villa,Green Valley,Riya Kapoor
9956,2024-08-01,Google Ads,Pune,14000000,Plot,Elite Heights,Priya Kapoor
9957,2024-07-04,Google Ads,Mumbai,9100000,Villa,Elite Heights,Ravi Mehta
9958,2024-07-27,Google Ads,Bangalore,9900000,Plot,Urban Square,Sachin Tendulkar
9959,2024-03-23,99acres,Hyderabad,15000000,Apartment,Palm Towers,Rohit Sharma
9960,2024-03-26,Facebook,Mumbai,18300000,Villa,Palm Towers,Rohit Sharma
9961,2024-02-07,Google Ads,Mumbai,12300000,Apartment,Urban Square,Riya Kapoor
9962,2024-08-14,99acres,Bangalore,12600000,Apartment,Sky Residency,Shefali Mehta
9963,2024-07-29,Google Ads,Pune,10600000,Plot,Urban Square,Priya Kapoor
9964,2024-04-27,Google Ads,Mumbai,6200000,Plot,Green Valley,Riya Kapoor
9965,2024-11-22,99acres,Mumbai,18700000,Apartment,Green Valley,Sachin Tendulkar
9966,2024-10-15,99acres,Pune,15500000,Villa,Sky Residency,Priya Kapoor
9967,2024-02-18,Facebook,Mumbai,6100000,Plot,Elite Heights,Rohit Sharma
9968,2024-10-12,99acres,Gurgaon,5000000,Villa,Urban Square,Riya Kapoor
9969,2024-01-27,99acres,Noida,6500000,Villa,Palm Towers,Ravi Mehta
9970,2024-04-04,99acres,Gurgaon,8000000,Apartment,Palm Towers,Aman Sharma
9971,2024-01-30,Facebook,Hyderabad,3200000,Villa,Palm Towers,Viral Kohli
9972,2024-09-18,Channel Partner,Mumbai,16800000,Villa,Sky Residency,Ravi Mehta
9973,2024-12-25,99acres,Noida,6400000,Plot,Green Valley,Riya Kapoor
9974,2024-02-02,Housing,Hyderabad,13500000,Villa,Elite Heights,Praveen Tambe
9975,2024-06-04,Referral,Gurgaon,13700000,Apartment,Elite Heights,Ravi Mehta
9976,2024-10-12,Facebook,Pune,13300000,Villa,Green Valley,Priya Kapoor
9977,2024-05-31,Walk-in,Bangalore,5000000,Villa,Palm Towers,Ravi Mehta
9978,2024-12-11,99acres,Pune,14600000,Apartment,Palm Towers,Aman Sharma
9979,2024-04-20,Housing,Pune,13000000,Plot,Palm Towers,Aman Sharma
9980,2024-02-19,Google Ads,Gurgaon,4400000,Apartment,Green Valley,Riya Kapoor
9981,2024-03-25,99acres,Gurgaon,3300000,Villa,Elite Heights,Shefali Mehta
9982,2024-03-19,Facebook,Noida,6500000,Plot,Green Valley,Neha Singh
9983,2024-08-05,Referral,Pune,5000000,Villa,Elite Heights,Riya Kapoor
9984,2024-03-15,Referral,Bangalore,4200000,Apartment,Palm Towers,Viral Kohli
9985,2024-08-20,Facebook,Noida,18900000,Plot,Urban Square,Sachin Tendulkar
9986,2024-03-10,Google Ads,Hyderabad,20000000,Plot,Elite Heights,Neha Singh
9987,2024-10-30,Google Ads,Noida,13000000,Villa,Urban Square,Priya Kapoor
9988,2024-11-21,Google Ads,Hyderabad,11300000,Villa,Palm Towers,Praveen Tambe
9989,2024-07-09,99acres,Hyderabad,11800000,Apartment,Palm Towers,Ravi Mehta
9990,2024-09-15,99acres,Bangalore,5500000,Plot,Palm Towers,Neha Singh
9991,2024-09-06,Channel Partner,Noida,10900000,Plot,Sky Residency,Ravi Mehta
9992,2024-02-22,Facebook,Pune,9200000,Villa,Elite Heights,Rohit Sharma
9993,2024-12-13,Walk-in,Bangalore,8900000,Villa,Elite Heights,Riya Kapoor
9994,2024-09-19,99acres,Bangalore,11700000,Villa,Urban Square,Priya Kapoor
9995,2024-09-07,99acres,Pune,11000000,Apartment,Urban Square,Riya Kapoor
9996,2024-11-28,Facebook,Noida,13900000,Apartment,Palm Towers,Aman Sharma
9997,2024-02-23,Google Ads,Bangalore,16600000,Plot,Urban Square,Viral Kohli
9998,2024-01-18,Facebook,Mumbai,13100000,Villa,Elite Heights,Aman Sharma
9999,2024-10-10,Google Ads,Bangalore,10700000,Villa,Elite Heights,Ravi Mehta
10000,2024-07-05,Referral,Bangalore,10100000,Plot,Sky Residency,Praveen Tambe
